[{"id": 21586, "name": "Alpha Labz", "symbol": "$ALPHA", "category": "token", "description": "Alpha Labz ($ALPHA) is a cryptocurrency and operates on the BNB Smart Chain (BEP20) platform. Alpha Labz has a current supply of 250,000,000 with 0 in circulation. The last known price of Alpha Labz is 0.0005095 USD and is up 4.04 over the last 24 hours. It is currently trading on 2 active market(s) with $17,762.88 traded over the last 24 hours. More information can be found at https://alphalabz.net/.", "slug": "alpha-labz", "logo": "https://s2.coinmarketcap.com/static/img/coins/64x64/21586.png", "subreddit": "", "notice": "Smart contract of the following asset can be modified by the contract creator (for example: disable selling, change fees, mint new tokens, or transfer tokens). Please exercise caution before taking any action and DYOR.", "tags": null, "tag-names": null, "tag-groups": null, "urls": {"website": ["https://alphalabz.net/"], "twitter": ["https://twitter.com/@AlphaLabzBSC"], "message_board": ["https://www.instagram.com/alphalabzbsc/"], "chat": [], "facebook": [], "explorer": ["https://bscscan.com/token/0xA40bF32b1BCDeE1b62A1b75a6d84d0ec9D1Db88b"], "reddit": [], "technical_doc": [], "source_code": ["https://github.com/AlphaLabzBSC"], "announcement": []}, "platform": {"id": "1839", "name": "BNB", "slug": "bnb", "symbol": "BNB", "token_address": "0xa40bf32b1bcdee1b62a1b75a6d84d0ec9d1db88b"}, "date_added": "2022-08-26T09:17:55.000Z", "twitter_username": "@AlphaLabzBSC", "is_hidden": 0, "date_launched": null, "contract_address": [{"contract_address": "0xa40bf32b1bcdee1b62a1b75a6d84d0ec9d1db88b", "platform": {"name": "BNB Smart Chain (BEP20)", "coin": {"id": "1839", "name": "BNB", "symbol": "BNB", "slug": "bnb"}}}], "self_reported_circulating_supply": null, "self_reported_tags": null, "self_reported_market_cap": null}, {"id": 22893, "name": "Alpha Shares (New)", "symbol": "$ALPHA", "category": "token", "description": "Alpha Shares (New) ($ALPHA) is a cryptocurrency launched in 2022and operates on the Avalanche C-Chain platform. Alpha Shares (New) has a current supply of 1,000,000 with 0 in circulation. The last known price of Alpha Shares (New) is 0.33275768 USD and is down -0.95 over the last 24 hours. It is currently trading on 2 active market(s) with $389.09 traded over the last 24 hours. More information can be found at https://alphashares.io.", "slug": "alpha-shares", "logo": "https://s2.coinmarketcap.com/static/img/coins/64x64/22893.png", "subreddit": "AlphaShares", "notice": "Alpha Shares contract has been migrated from [V1](https://snowtrace.io/token/0x325a98F258a5732c7b06555603F6aF5BC1C17F0a) to [V2](https://snowtrace.io/token/0x9c3254bb4F7f6A05A4Aaf2Cadce592C848d043c1).", "tags": null, "tag-names": null, "tag-groups": null, "urls": {"website": ["https://alphashares.io"], "twitter": ["https://twitter.com/alphashares"], "message_board": ["https://alphashares.medium.com"], "chat": ["https://discord.gg/alphashares", "https://t.me/alphashares"], "facebook": [], "explorer": ["https://snowtrace.io/token/0x9c3254bb4F7f6A05A4Aaf2Cadce592C848d043c1"], "reddit": ["https://reddit.com/r/AlphaShares"], "technical_doc": ["https://docs.alphashares.io"], "source_code": [], "announcement": []}, "platform": {"id": "5805", "name": "Avalanche", "slug": "avalanche", "symbol": "AVAX", "token_address": "0x9c3254bb4F7f6A05A4Aaf2Cadce592C848d043c1"}, "date_added": "2022-02-23T07:08:16.000Z", "twitter_username": "alphashares", "is_hidden": 0, "date_launched": "2022-02-18T00:00:00.000Z", "contract_address": [{"contract_address": "0x9c3254bb4F7f6A05A4Aaf2Cadce592C848d043c1", "platform": {"name": "Avalanche C-Chain", "coin": {"id": "5805", "name": "Avalanche", "symbol": "AVAX", "slug": "avalanche"}}}], "self_reported_circulating_supply": null, "self_reported_tags": null, "self_reported_market_cap": null}, {"id": 18300, "name": "Alpha Shares(Old)", "symbol": "$ALPHA", "category": "token", "description": "Alpha Shares(Old) ($ALPHA) is a cryptocurrency launched in 2022and operates on the Avalanche C-Chain platform. Alpha Shares(Old) has a current supply of 1,000,000,000,000,000 with 0 in circulation. The last known price of Alpha Shares(Old) is 0 USD and is up 0.00 over the last 24 hours. More information can be found at https://alphashares.io.", "slug": "alpha-nodes", "logo": "https://s2.coinmarketcap.com/static/img/coins/64x64/18300.png", "subreddit": "AlphaShares", "notice": "Alpha Shares contract has been migrated from [V1](https://snowtrace.io/token/0x325a98F258a5732c7b06555603F6aF5BC1C17F0a) to [V2](https://snowtrace.io/token/0x9c3254bb4F7f6A05A4Aaf2Cadce592C848d043c1). Please refer to the new Alpha Shares page [here](https://coinmarketcap.com/currencies/alpha-shares/).", "tags": ["avalanche-ecosystem"], "tag-names": ["Avalanche Ecosystem"], "tag-groups": ["PLATFORM"], "urls": {"website": ["https://alphashares.io"], "twitter": ["https://twitter.com/alphashares"], "message_board": ["https://alphashares.medium.com"], "chat": ["https://discord.gg/alphashares", "https://t.me/alphashares"], "facebook": [], "explorer": ["https://snowtrace.io/token/0x325a98F258a5732c7b06555603F6aF5BC1C17F0a"], "reddit": ["https://reddit.com/r/AlphaShares"], "technical_doc": ["https://docs.alphashares.io"], "source_code": ["https://snowtrace.io/address/0x325a98F258a5732c7b06555603F6aF5BC1C17F0a#code"], "announcement": []}, "platform": {"id": "5805", "name": "Avalanche", "slug": "avalanche", "symbol": "AVAX", "token_address": "0x325a98F258a5732c7b06555603F6aF5BC1C17F0a"}, "date_added": "2022-02-23T07:08:16.000Z", "twitter_username": "alphashares", "is_hidden": 0, "date_launched": "2022-02-18T00:00:00.000Z", "contract_address": [{"contract_address": "0x325a98F258a5732c7b06555603F6aF5BC1C17F0a", "platform": {"name": "Avalanche C-Chain", "coin": {"id": "5805", "name": "Avalanche", "symbol": "AVAX", "slug": "avalanche"}}}], "self_reported_circulating_supply": null, "self_reported_tags": null, "self_reported_market_cap": null}]