[{"id": 8057, "name": "AnRKey X", "symbol": "$ANRX", "category": "token", "description": "AnRKey X ($ANRX) is a cryptocurrency and operates on the Ethereum platform. AnRKey X has a current supply of 200,000,000 with 197,268,165.0006288 in circulation. The last known price of AnRKey X is 0.0010849 USD and is up 5.23 over the last 24 hours. It is currently trading on 10 active market(s) with $2,929.41 traded over the last 24 hours. More information can be found at https://anrkeyx.io/.", "slug": "anrkey-x", "logo": "https://s2.coinmarketcap.com/static/img/coins/64x64/8057.png", "subreddit": "", "notice": "", "tags": ["collectibles-nfts", "gaming", "dao-maker", "exnetwork-capital-portfolio", "polygon-ecosystem", "bnb-chain"], "tag-names": ["Collectibles & NFTs", "Gaming", "DAO Maker", "Exnetwork Capital Portfolio", "Polygon Ecosystem", "BNB Chain"], "tag-groups": ["CATEGORY", "INDUSTRY", "CATEGORY", "CATEGORY", "PLATFORM", "PLATFORM"], "urls": {"website": ["https://anrkeyx.io/"], "twitter": ["https://twitter.com/anrkeyx"], "message_board": ["https://anrkeyx.medium.com/"], "chat": ["https://t.me/anrkeyxofficial"], "facebook": [], "explorer": ["https://etherscan.io/token/0xcae72a7a0fd9046cf6b165ca54c9e3a3872109e0", "https://bscscan.com/token/0xE2e7329499E8DDb1f2b04EE4B35a8d7f6881e4ea", "https://polygonscan.com/token/0x554f074d9cCda8F483d1812d4874cBebD682644E"], "reddit": [], "technical_doc": [], "source_code": [], "announcement": []}, "platform": {"id": "1027", "name": "Ethereum", "slug": "ethereum", "symbol": "ETH", "token_address": "0xcae72a7a0fd9046cf6b165ca54c9e3a3872109e0"}, "date_added": "2020-12-19T00:00:00.000Z", "twitter_username": "anrkeyx", "is_hidden": 0, "date_launched": null, "contract_address": [{"contract_address": "0xcae72a7a0fd9046cf6b165ca54c9e3a3872109e0", "platform": {"name": "Ethereum", "coin": {"id": "1027", "name": "Ethereum", "symbol": "ETH", "slug": "ethereum"}}}, {"contract_address": "0xE2e7329499E8DDb1f2b04EE4B35a8d7f6881e4ea", "platform": {"name": "BNB Smart Chain (BEP20)", "coin": {"id": "1839", "name": "BNB", "symbol": "BNB", "slug": "bnb"}}}, {"contract_address": "0x554f074d9cCda8F483d1812d4874cBebD682644E", "platform": {"name": "Polygon", "coin": {"id": "3890", "name": "Polygon", "symbol": "MATIC", "slug": "polygon"}}}], "self_reported_circulating_supply": null, "self_reported_tags": null, "self_reported_market_cap": null}]