[{"id": 10914, "name": "BABY DOGE INU", "symbol": "$BABYDOGEINU", "category": "token", "description": "BABY DOGE INU ($BABYDOGEINU) is a cryptocurrency launched in 2021and operates on the BNB Smart Chain (BEP20) platform. BABY DOGE INU has a current supply of 0. The last known price of BABY DOGE INU is 0 USD and is down -3.22 over the last 24 hours. It is currently trading on 2 active market(s) with $381.09 traded over the last 24 hours. More information can be found at http://www.babydogeinu.io/.", "slug": "baby-doge-inu", "logo": "https://s2.coinmarketcap.com/static/img/coins/64x64/10914.png", "subreddit": "", "notice": "", "tags": ["doggone-doggerel", "bnb-chain"], "tag-names": ["Doggone Doggerel", "BNB Chain"], "tag-groups": ["CATEGORY", "PLATFORM"], "urls": {"website": ["http://www.babydogeinu.io/"], "twitter": ["https://twitter.com/Babydoge_Inu"], "message_board": [], "chat": ["https://t.me/baby_doge_inu", "https://t.me/baby_doge_inu"], "facebook": [], "explorer": ["https://bscscan.com/address/0x5e5c9001aa81332d405d993ffd1468751d659d1e", "https://bscscan.com/address/0x5e5c9001aa81332d405d993ffd1468751d659d1e"], "reddit": [], "technical_doc": [], "source_code": [], "announcement": []}, "platform": {"id": "1839", "name": "BNB", "slug": "bnb", "symbol": "BNB", "token_address": "0x5e5c9001aa81332d405d993ffd1468751d659d1e"}, "date_added": "2021-07-15T00:00:00.000Z", "twitter_username": "Babydoge_Inu", "is_hidden": 0, "date_launched": "2021-07-09T00:00:00.000Z", "contract_address": [{"contract_address": "0x5e5c9001aa81332d405d993ffd1468751d659d1e", "platform": {"name": "BNB Smart Chain (BEP20)", "coin": {"id": "1839", "name": "BNB", "symbol": "BNB", "slug": "bnb"}}}], "self_reported_circulating_supply": null, "self_reported_tags": null, "self_reported_market_cap": null}]