[{"id": 11195, "name": "Baby shiba rocket", "symbol": "$BSHIBR", "category": "token", "description": "Baby shiba rocket ($BSHIBR) is a cryptocurrency launched in 2021and operates on the BNB Smart Chain (BEP20) platform. Baby shiba rocket has a current supply of 0. The last known price of Baby shiba rocket is 0 USD and is up 2.96 over the last 24 hours. More information can be found at https://www.babyshibarocket.com.", "slug": "baby-shiba-rocket", "logo": "https://s2.coinmarketcap.com/static/img/coins/64x64/11195.png", "subreddit": "", "notice": "", "tags": ["doggone-doggerel", "bnb-chain"], "tag-names": ["Doggone Doggerel", "BNB Chain"], "tag-groups": ["CATEGORY", "PLATFORM"], "urls": {"website": ["https://www.babyshibarocket.com"], "twitter": ["https://twitter.com/BabyShibaRocket"], "message_board": [], "chat": ["https://t.me/babyshibarocketcoin"], "facebook": [], "explorer": ["https://bscscan.com/token/0xe26df510e872174c00967e7936bbf93e33963f20"], "reddit": [], "technical_doc": [], "source_code": [], "announcement": []}, "platform": {"id": "1839", "name": "BNB", "slug": "bnb", "symbol": "BNB", "token_address": "0xe26df510e872174c00967e7936bbf93e33963f20"}, "date_added": "2021-08-09T00:00:00.000Z", "twitter_username": "BabyShibaRocket", "is_hidden": 0, "date_launched": "2021-08-01T00:00:00.000Z", "contract_address": [{"contract_address": "0xe26df510e872174c00967e7936bbf93e33963f20", "platform": {"name": "BNB Smart Chain (BEP20)", "coin": {"id": "1839", "name": "BNB", "symbol": "BNB", "slug": "bnb"}}}], "self_reported_circulating_supply": null, "self_reported_tags": null, "self_reported_market_cap": null}]