[{"id": 17343, "name": "Bullieverse", "symbol": "$BULL", "category": "token", "description": "Bullieverse ($BULL) is a cryptocurrency launched in 2022and operates on the Polygon platform. Bullieverse has a current supply of 1,000,000,000 with 0 in circulation. The last known price of Bullieverse is 0.00326422 USD and is down -5.65 over the last 24 hours. It is currently trading on 6 active market(s) with $714,337.19 traded over the last 24 hours. More information can be found at https://bullieverse.com/.", "slug": "bullieverse", "logo": "https://s2.coinmarketcap.com/static/img/coins/64x64/17343.png", "subreddit": "", "notice": "", "tags": ["polygon-ecosystem", "okex-blockdream-ventures-portfolio"], "tag-names": ["Polygon Ecosystem", "OKEx Blockdream Ventures Portfolio"], "tag-groups": ["PLATFORM", "CATEGORY"], "urls": {"website": ["https://bullieverse.com/"], "twitter": ["https://twitter.com/bullieverse"], "message_board": ["https://medium.com/bullieverse", "https://www.instagram.com/bullieverse"], "chat": ["https://discord.com/invite/bullieverse", "https://t.me/Bullieverse"], "facebook": [], "explorer": ["https://polygonscan.com/token/0x9f95e17b2668afe01f8fbd157068b0a4405cc08d"], "reddit": [], "technical_doc": ["https://docs.bullieverse.com/white-paper/foreward/the-rise-of-metaverse"], "source_code": [], "announcement": ["https://t.me/BullieverseAnnouncements"]}, "platform": {"id": "3890", "name": "Polygon", "slug": "polygon", "symbol": "MATIC", "token_address": "0x9f95e17b2668afe01f8fbd157068b0a4405cc08d"}, "date_added": "2022-01-15T23:42:53.000Z", "twitter_username": "bullieverse", "is_hidden": 0, "date_launched": "2022-02-08T00:00:00.000Z", "contract_address": [{"contract_address": "0x9f95e17b2668afe01f8fbd157068b0a4405cc08d", "platform": {"name": "Polygon", "coin": {"id": "3890", "name": "Polygon", "symbol": "MATIC", "slug": "polygon"}}}], "self_reported_circulating_supply": 311777491.57160485, "self_reported_tags": null, "self_reported_market_cap": 1019425.4398158678}]