[{"id": 7796, "name": "COIN", "symbol": "$COIN", "category": "token", "description": "COIN ($COIN) is a cryptocurrency launched in 2020and operates on the Ethereum platform. COIN has a current supply of 100,000,000 with 0 in circulation. The last known price of COIN is 0.1025068 USD and is up 0.00 over the last 24 hours. More information can be found at https://coindefi.org/.", "slug": "coin-defi", "logo": "https://s2.coinmarketcap.com/static/img/coins/64x64/7796.png", "subreddit": "", "notice": "", "tags": ["trustswap-launchpad"], "tag-names": ["Trustswap Launchpad"], "tag-groups": ["CATEGORY"], "urls": {"website": ["https://coindefi.org/"], "twitter": ["https://twitter.com/coindefi"], "message_board": ["https://medium.com/@coindefi"], "chat": ["http://t.me/coindefi", "https://www.facebook.com/coindefi"], "facebook": [], "explorer": ["https://etherscan.io/token/0xe61fdaf474fac07063f2234fb9e60c1163cfa850"], "reddit": [], "technical_doc": ["https://docs.google.com/document/d/1UKTPKsTWc05z_P4Hw4QOn_fSJvfLilsD_FXCYVQ4keY/edit"], "source_code": ["http://github.com/coindefi"], "announcement": ["http://youtube.com/c/coindefi"]}, "platform": {"id": "1027", "name": "Ethereum", "slug": "ethereum", "symbol": "ETH", "token_address": "0xe61fdaf474fac07063f2234fb9e60c1163cfa850"}, "date_added": "2020-11-27T00:00:00.000Z", "twitter_username": "coindefi", "is_hidden": 0, "date_launched": "2020-11-19T00:00:00.000Z", "contract_address": [{"contract_address": "0xe61fdaf474fac07063f2234fb9e60c1163cfa850", "platform": {"name": "Ethereum", "coin": {"id": "1027", "name": "Ethereum", "symbol": "ETH", "slug": "ethereum"}}}], "self_reported_circulating_supply": 31343638, "self_reported_tags": ["Store Of Value", "Atomic Swaps", "Decentralized Exchange (DEX) Token", "DeFi", "Privacy", "Interoperability", "Staking", "Wallet"], "self_reported_market_cap": 3212936.1816520733}]