[{"id": 21449, "name": "Doge Cheems", "symbol": "$DHEEMS", "category": "token", "description": "Doge Cheems ($DHEEMS) is a cryptocurrency and operates on the Dogechain platform. Doge Cheems has a current supply of 1,000,000,000,000 with 0 in circulation. The last known price of Doge Cheems is 0.00000001 USD and is up 0.00 over the last 24 hours. More information can be found at https://doge-cheems.com/.", "slug": "doge-cheems", "logo": "https://s2.coinmarketcap.com/static/img/coins/64x64/21449.png", "subreddit": "", "notice": "", "tags": ["doge-chain-ecosystem"], "tag-names": ["Doge Chain Ecosystem"], "tag-groups": ["CATEGORY"], "urls": {"website": ["https://doge-cheems.com/"], "twitter": ["https://twitter.com/DogeCheemsDC"], "message_board": [], "chat": ["https://t.me/DogeCheemsDC"], "facebook": [], "explorer": ["https://explorer.dogechain.dog/token/0xF72978ef1c5f91D3A85D0d17c887DE53C1A136cb"], "reddit": [], "technical_doc": [], "source_code": [], "announcement": []}, "platform": {"id": "74", "name": "Dogecoin", "slug": "dogecoin", "symbol": "DOGE", "token_address": "0xf72978ef1c5f91d3a85d0d17c887de53c1a136cb"}, "date_added": "2022-08-18T15:41:12.000Z", "twitter_username": "DogeCheemsDC", "is_hidden": 0, "date_launched": null, "contract_address": [{"contract_address": "0xf72978ef1c5f91d3a85d0d17c887de53c1a136cb", "platform": {"name": "Dogechain", "coin": {"id": "74", "name": "Dogecoin", "symbol": "DOGE", "slug": "dogecoin"}}}], "self_reported_circulating_supply": null, "self_reported_tags": null, "self_reported_market_cap": null}]