[{"id": 14655, "name": "Phantasia Sports", "symbol": "$FANT", "category": "token", "description": "Phantasia Sports ($FANT) is a cryptocurrency launched in 2021and operates on the Solana platform. Phantasia Sports has a current supply of 250,000,000 with 0 in circulation. The last known price of Phantasia Sports is 0.00320012 USD and is up 0.00 over the last 24 hours. More information can be found at https://phantasia.app/.", "slug": "phantasia", "logo": "https://s2.coinmarketcap.com/static/img/coins/64x64/14655.png", "subreddit": "", "notice": "", "tags": ["sports", "collectibles-nfts", "solana-ecosystem", "cms-holdings-portfolio", "alameda-research-portfolio", "play-to-earn"], "tag-names": ["Sports", "Collectibles & NFTs", "Solana Ecosystem", "CMS Holdings Portfolio", "Alameda Research Portfolio", "Play To Earn"], "tag-groups": ["INDUSTRY", "CATEGORY", "PLATFORM", "CATEGORY", "CATEGORY", "CATEGORY"], "urls": {"website": ["https://phantasia.app/"], "twitter": ["https://twitter.com/PhantasiaSports"], "message_board": ["https://medium.com/@phantasia_sports"], "chat": ["https://t.co/SZotPX8SnH?amp=1"], "facebook": [], "explorer": ["https://solscan.io/token/FANTafPFBAt93BNJVpdu25pGPmca3RfwdsDsRrT3LX1r#markets"], "reddit": [], "technical_doc": [], "source_code": [], "announcement": []}, "platform": {"id": "5426", "name": "Solana", "slug": "solana", "symbol": "SOL", "token_address": "FANTafPFBAt93BNJVpdu25pGPmca3RfwdsDsRrT3LX1r"}, "date_added": "2021-11-17T02:04:20.000Z", "twitter_username": "PhantasiaSports", "is_hidden": 0, "date_launched": "2021-12-15T00:00:00.000Z", "contract_address": [{"contract_address": "FANTafPFBAt93BNJVpdu25pGPmca3RfwdsDsRrT3LX1r", "platform": {"name": "Solana", "coin": {"id": "5426", "name": "Solana", "symbol": "SOL", "slug": "solana"}}}], "self_reported_circulating_supply": null, "self_reported_tags": null, "self_reported_market_cap": null}]