[{"id": 18528, "name": "Mundo", "symbol": "$MUNDO", "category": "token", "description": "Mundo ($MUNDO) is a cryptocurrency and operates on the BNB Smart Chain (BEP20) platform. Mundo has a current supply of 0. The last known price of Mundo is 0.00126069 USD and is down -0.01 over the last 24 hours. It is currently trading on 1 active market(s) with $1.32 traded over the last 24 hours. More information can be found at https://www.mundo.gg/.", "slug": "mundo", "logo": "https://s2.coinmarketcap.com/static/img/coins/64x64/18528.png", "subreddit": "", "notice": "", "tags": ["collectibles-nfts", "gaming", "trustswap-launchpad", "play-to-earn", "bullperks-launchpad"], "tag-names": ["Collectibles & NFTs", "Gaming", "Trustswap Launchpad", "Play To Earn", "BullPerks Launchpad"], "tag-groups": ["CATEGORY", "INDUSTRY", "CATEGORY", "CATEGORY", "CATEGORY"], "urls": {"website": ["https://www.mundo.gg/"], "twitter": ["https://twitter.com/mundo_mmorpg"], "message_board": ["https://medium.com/@MundoMMORPGOfficial"], "chat": ["https://t.me/mundo_mmorpg", "https://discord.com/invite/9v8ETTT7ZJ"], "facebook": [], "explorer": ["https://bscscan.com/token/0x44757fa720548d472b5a87a119401627f935a6a2"], "reddit": [], "technical_doc": ["https://mundo.gitbook.io/mundommorpg/"], "source_code": [], "announcement": ["https://t.me/MundoAnnouncements"]}, "platform": {"id": "1839", "name": "BNB", "slug": "bnb", "symbol": "BNB", "token_address": "0x44757fa720548d472b5a87a119401627f935a6a2"}, "date_added": "2022-03-03T05:58:41.000Z", "twitter_username": "mundo_mmorpg", "is_hidden": 0, "date_launched": null, "contract_address": [{"contract_address": "0x44757fa720548d472b5a87a119401627f935a6a2", "platform": {"name": "BNB Smart Chain (BEP20)", "coin": {"id": "1839", "name": "BNB", "symbol": "BNB", "slug": "bnb"}}}], "self_reported_circulating_supply": null, "self_reported_tags": null, "self_reported_market_cap": null}]