[{"id": 2837, "name": "0xBitcoin", "symbol": "0xBTC", "category": "token", "description": "0xBitcoin (0xBTC) is a cryptocurrency and operates on the Ethereum platform. Users are able to generate 0xBTC through the process of mining. 0xBitcoin has a current supply of 9,706,750. The last known price of 0xBitcoin is 0.17029059 USD and is up 3.44 over the last 24 hours. It is currently trading on 29 active market(s) with $76,748.17 traded over the last 24 hours. More information can be found at https://0xbitcoin.org/.", "slug": "0xbtc", "logo": "https://s2.coinmarketcap.com/static/img/coins/64x64/2837.png", "subreddit": "0xbitcoin", "notice": "", "tags": ["mineable", "arbitrum-ecosytem"], "tag-names": ["Mineable", "Arbitrum Ecosystem"], "tag-groups": ["OTHERS", "PLATFORM"], "urls": {"website": ["https://0xbitcoin.org/"], "twitter": ["https://twitter.com/0xBTCFoundation"], "message_board": ["https://medium.com/@0xBitcoin"], "chat": ["https://discord.gg/xNGQThV"], "facebook": [], "explorer": ["https://etherscan.io/token/0xb6ed7644c69416d67b522e20bc294a9a9b405b31", "https://ethplorer.io/address/0xb6ed7644c69416d67b522e20bc294a9a9b405b31"], "reddit": ["https://reddit.com/r/0xbitcoin"], "technical_doc": [], "source_code": ["https://github.com/0xbitcoin/0xbitcoin-token"], "announcement": []}, "platform": {"id": "1027", "name": "Ethereum", "slug": "ethereum", "symbol": "ETH", "token_address": "0xb6ed7644c69416d67b522e20bc294a9a9b405b31"}, "date_added": "2018-06-04T00:00:00.000Z", "twitter_username": "0xBTCFoundation", "is_hidden": 0, "date_launched": null, "contract_address": [{"contract_address": "0xb6ed7644c69416d67b522e20bc294a9a9b405b31", "platform": {"name": "Ethereum", "coin": {"id": "1027", "name": "Ethereum", "symbol": "ETH", "slug": "ethereum"}}}, {"contract_address": "0x71b821aa52a49f32eed535fca6eb5aa130085978", "platform": {"name": "Polygon", "coin": {"id": "3890", "name": "Polygon", "symbol": "MATIC", "slug": "polygon"}}}], "self_reported_circulating_supply": 8183550, "self_reported_tags": null, "self_reported_market_cap": 1393516.370056423}]