[{"id": 16846, "name": "0xPAD", "symbol": "0XPAD", "category": "token", "description": "0xPAD (0XPAD) is a cryptocurrency launched in 2021and operates on the BNB Smart Chain (BEP20) platform. 0xPAD has a current supply of 100,000,000 with 0 in circulation. The last known price of 0xPAD is 0.01139802 USD and is up 0.00 over the last 24 hours. More information can be found at https://0xpad.io/.", "slug": "0xpad", "logo": "https://s2.coinmarketcap.com/static/img/coins/64x64/16846.png", "subreddit": "", "notice": "", "tags": ["staking", "yield-farming", "binance-chain", "launchpad", "launchzone"], "tag-names": ["Staking", "Yield Farming", "Binance Chain", "Launchpad", "LaunchZone"], "tag-groups": ["CATEGORY", "CATEGORY", "PLATFORM", "CATEGORY", "CATEGORY"], "urls": {"website": ["https://0xpad.io/", "https://sales.0xpad.io/"], "twitter": ["https://twitter.com/0xpad"], "message_board": ["https://0xpad.medium.com/"], "chat": ["https://t.me/zeroXpad", "https://t.me/zeroXpadANN"], "facebook": [], "explorer": ["https://bscscan.com/token/0x94733910a43d412ddad505a8772839aa77ac1b6d"], "reddit": [], "technical_doc": ["https://doc.0xpad.io/"], "source_code": ["https://github.com/0xpad"], "announcement": []}, "platform": {"id": "1839", "name": "BNB", "slug": "bnb", "symbol": "BNB", "token_address": "0x94733910a43D412DDaD505a8772839AA77aC1b6d"}, "date_added": "2022-01-04T19:31:15.000Z", "twitter_username": "0xpad", "is_hidden": 0, "date_launched": "2021-12-05T00:00:00.000Z", "contract_address": [{"contract_address": "0x94733910a43D412DDaD505a8772839AA77aC1b6d", "platform": {"name": "BNB Smart Chain (BEP20)", "coin": {"id": "1839", "name": "BNB", "symbol": "BNB", "slug": "bnb"}}}], "self_reported_circulating_supply": null, "self_reported_tags": ["Staking", "Yield Farming", "Binance Chain", "Launchpad", "LaunchZone"], "self_reported_market_cap": null}]