[{"id": 12929, "name": "OneArt", "symbol": "1ART", "category": "token", "description": "OneArt (1ART) is a cryptocurrency launched in 2021and operates on the Ethereum platform. OneArt has a current supply of 304,418,262.65308416 with 143,416,035.166615 in circulation. The last known price of OneArt is 0.0114879 USD and is down -0.65 over the last 24 hours. It is currently trading on 26 active market(s) with $75,774.01 traded over the last 24 hours. More information can be found at https://oneart.digital.", "slug": "artwallet", "logo": "https://s2.coinmarketcap.com/static/img/coins/64x64/12929.png", "subreddit": "Art_Wallet", "notice": "", "tags": ["collectibles-nfts", "wallet", "hacken-foundation", "fantom-ecosystem", "nftb-launchpad", "bnb-chain"], "tag-names": ["Collectibles & NFTs", "Wallet", "Hacken Foundation", "Fantom Ecosystem", "NFTb Launchpad", "BNB Chain"], "tag-groups": ["CATEGORY", "CATEGORY", "CATEGORY", "PLATFORM", "CATEGORY", "PLATFORM"], "urls": {"website": ["https://oneart.digital"], "twitter": ["https://twitter.com/art_wallet?lang=en"], "message_board": ["https://medium.com/art-wallet/"], "chat": ["https://t.me/art_wallet"], "facebook": [], "explorer": ["https://ftmscan.com/address/0xd3c325848d7c6e29b574cb0789998b2ff901f17e", "https://bscscan.com/address/0xd3c325848d7c6e29b574cb0789998b2ff901f17e", "https://etherscan.io/address/0xd3c325848d7c6e29b574cb0789998b2ff901f17e"], "reddit": ["https://reddit.com/r/Art_Wallet"], "technical_doc": [], "source_code": [], "announcement": ["https://t.me/artwallet_official"]}, "platform": {"id": "1027", "name": "Ethereum", "slug": "ethereum", "symbol": "ETH", "token_address": "0xD3c325848D7c6E29b574Cb0789998b2ff901f17E"}, "date_added": "2021-10-20T10:21:33.000Z", "twitter_username": "art_wallet?lang=en", "is_hidden": 0, "date_launched": "2021-10-26T00:00:00.000Z", "contract_address": [{"contract_address": "0xD3c325848D7c6E29b574Cb0789998b2ff901f17E", "platform": {"name": "Ethereum", "coin": {"id": "1027", "name": "Ethereum", "symbol": "ETH", "slug": "ethereum"}}}, {"contract_address": "0xD3c325848D7c6E29b574Cb0789998b2ff901f17E", "platform": {"name": "BNB Smart Chain (BEP20)", "coin": {"id": "1839", "name": "BNB", "symbol": "BNB", "slug": "bnb"}}}, {"contract_address": "0xD3c325848D7c6E29b574Cb0789998b2ff901f17E", "platform": {"name": "Fantom", "coin": {"id": "3513", "name": "Fantom", "symbol": "FTM", "slug": "fantom"}}}, {"contract_address": "0xD3c325848D7c6E29b574Cb0789998b2ff901f17E", "platform": {"name": "Polygon", "coin": {"id": "3890", "name": "Polygon", "symbol": "MATIC", "slug": "polygon"}}}], "self_reported_circulating_supply": 145073254.89571655, "self_reported_tags": ["Art", "Marketplace", "Platform", "Collectibles & NFTs", "Mobile", "Wallet", "Ethereum Ecosystem", "Binance Chain", "Launchpad", "Metaverse", "Hacken Foundation", "Web3"], "self_reported_market_cap": 1663132.245816507}]