[{"id": 11377, "name": "1Doge", "symbol": "1DOGE", "category": "token", "description": "1Doge (1DOGE) is a cryptocurrency and operates on the BNB Smart Chain (BEP20) platform. 1Doge has a current supply of 0. The last known price of 1Doge is 0.00011297 USD and is up 0.00 over the last 24 hours. It is currently trading on 2 active market(s) with $0.00 traded over the last 24 hours. More information can be found at https://1doge.io/.", "slug": "1doge", "logo": "https://s2.coinmarketcap.com/static/img/coins/64x64/11377.png", "subreddit": "", "notice": "", "tags": ["oxbull"], "tag-names": ["Oxbull"], "tag-groups": ["CATEGORY"], "urls": {"website": ["https://1doge.io/"], "twitter": ["https://twitter.com/1dogeBSC"], "message_board": ["https://onedogefinance.medium.com/"], "chat": ["https://t.me/OneDogeGroup", "https://www.facebook.com/1dogebsc"], "facebook": [], "explorer": ["https://bscscan.com/token/0x40619dc9F00ea34e51D96b6EC5d8a6aD75457434"], "reddit": [], "technical_doc": [], "source_code": ["https://github.com/MiniPadLaunchpad/1doge.git"], "announcement": []}, "platform": {"id": "1839", "name": "BNB", "slug": "bnb", "symbol": "BNB", "token_address": "0x40619dc9F00ea34e51D96b6EC5d8a6aD75457434"}, "date_added": "2021-08-24T00:00:00.000Z", "twitter_username": "1dogeBSC", "is_hidden": 0, "date_launched": null, "contract_address": [{"contract_address": "0x40619dc9F00ea34e51D96b6EC5d8a6aD75457434", "platform": {"name": "BNB Smart Chain (BEP20)", "coin": {"id": "1839", "name": "BNB", "symbol": "BNB", "slug": "bnb"}}}], "self_reported_circulating_supply": null, "self_reported_tags": null, "self_reported_market_cap": null}]