[{"id": 8104, "name": "1inch Network", "symbol": "1INCH", "category": "token", "description": "1inch Network (1INCH) is a cryptocurrency launched in 2020and operates on the Ethereum platform. 1inch Network has a current supply of 1,500,000,000 with 780,886,281.7267473 in circulation. The last known price of 1inch Network is 0.37575967 USD and is down -2.17 over the last 24 hours. It is currently trading on 301 active market(s) with $14,966,925.93 traded over the last 24 hours. More information can be found at https://1inch.io/.", "slug": "1inch", "logo": "https://s2.coinmarketcap.com/static/img/coins/64x64/8104.png", "subreddit": "1inch", "notice": "Let's Learn About [\"1inch\"](https://coinmarketcap.com/earn/project/1inch) on the Learn & Earn Page!", "tags": ["decentralized-exchange-dex-token", "defi", "amm", "binance-labs-portfolio", "blockchain-capital-portfolio", "dragonfly-capital-portfolio", "fabric-ventures-portfolio", "alameda-research-portfolio", "parafi-capital", "spartan-group", "bnb-chain"], "tag-names": ["Decentralized Exchange (DEX) Token", "DeFi", "AMM", "Binance Labs Portfolio", "Blockchain Capital Portfolio", "DragonFly Capital Portfolio", "Fabric Ventures Portfolio", "Alameda Research Portfolio", "ParaFi Capital", "Spartan Group", "BNB Chain"], "tag-groups": ["CATEGORY", "CATEGORY", "CATEGORY", "CATEGORY", "CATEGORY", "CATEGORY", "CATEGORY", "CATEGORY", "CATEGORY", "CATEGORY", "PLATFORM"], "urls": {"website": ["https://1inch.io/"], "twitter": ["https://twitter.com/1inch"], "message_board": ["https://blog.1inch.io/"], "chat": ["https://t.me/OneInchNetwork", "https://discord.com/invite/1inch"], "facebook": ["https://www.facebook.com/1inchNetwork"], "explorer": ["https://etherscan.io/token/0x111111111117dc0aa78b770fa6a738034120c302", "https://ethplorer.io/address/0x111111111117dc0aa78b770fa6a738034120c302", "https://blockscout.com/xdai/mainnet/tokens/0x7f7440C5098462f833E123B44B8A03E1d9785BAb/token-transfers", "https://bscscan.com/token/0x111111111117dc0aa78b770fa6a738034120c302", "https://avascan.info/blockchain/c/token/0xd501281565bf7789224523144Fe5D98e8B28f267"], "reddit": ["https://reddit.com/r/1inch"], "technical_doc": ["https://docs.1inch.io/"], "source_code": ["https://github.com/1inch"], "announcement": []}, "platform": {"id": "1027", "name": "Ethereum", "slug": "ethereum", "symbol": "ETH", "token_address": "0x111111111117dc0aa78b770fa6a738034120c302"}, "date_added": "2020-12-25T00:00:00.000Z", "twitter_username": "1inch", "is_hidden": 0, "date_launched": "2020-12-25T00:00:00.000Z", "contract_address": [{"contract_address": "0x111111111117dc0aa78b770fa6a738034120c302", "platform": {"name": "Ethereum", "coin": {"id": "1027", "name": "Ethereum", "symbol": "ETH", "slug": "ethereum"}}}, {"contract_address": "0x111111111117dc0aa78b770fa6a738034120c302", "platform": {"name": "BNB Smart Chain (BEP20)", "coin": {"id": "1839", "name": "BNB", "symbol": "BNB", "slug": "bnb"}}}, {"contract_address": "AjkPkq3nsyDe1yKcbyZT7N4aK4Evv9om9tzhQD3wsRC", "platform": {"name": "Solana", "coin": {"id": "5426", "name": "Solana", "symbol": "SOL", "slug": "solana"}}}, {"contract_address": "0x7f7440C5098462f833E123B44B8A03E1d9785BAb", "platform": {"name": "Gnosis Chain", "coin": {"id": "1659", "name": "Gnosis", "symbol": "GNO", "slug": "gnosis-gno"}}}, {"contract_address": "0xd501281565bf7789224523144Fe5D98e8B28f267", "platform": {"name": "Avalanche C-Chain", "coin": {"id": "5805", "name": "Avalanche", "symbol": "AVAX", "slug": "avalanche"}}}], "self_reported_circulating_supply": 780886281.7267473, "self_reported_tags": null, "self_reported_market_cap": 293711852.6666407}]