[{"id": 9344, "name": "1MillionNFTs", "symbol": "1MIL", "category": "token", "description": "1MillionNFTs (1MIL) is a cryptocurrency launched in 2021and operates on the Ethereum platform. 1MillionNFTs has a current supply of 1,000,000 with 120,000 in circulation. The last known price of 1MillionNFTs is 0.09589185 USD and is down -17.10 over the last 24 hours. It is currently trading on 3 active market(s) with $42,977.13 traded over the last 24 hours. More information can be found at https://1mlnnfts.com/.", "slug": "1millionnfts", "logo": "https://s2.coinmarketcap.com/static/img/coins/64x64/9344.png", "subreddit": "", "notice": "", "tags": ["collectibles-nfts", "poolz-finance-portfolio"], "tag-names": ["Collectibles & NFTs", "Poolz Finance Portfolio"], "tag-groups": ["CATEGORY", "CATEGORY"], "urls": {"website": ["https://1mlnnfts.com/"], "twitter": ["https://twitter.com/1millionnft"], "message_board": ["https://1millionnfts.medium.com/", "https://1millionnfts.medium.com/"], "chat": ["https://t.me/OneMlnNFT_community", "https://t.me/OneMillionNFTs"], "facebook": [], "explorer": ["https://etherscan.io/token/0xa4ef4b0b23c1fc81d3f9ecf93510e64f58a4a016", "https://bscscan.com/token/0xa4eF4b0B23C1fc81d3f9ecF93510e64f58A4A016"], "reddit": [], "technical_doc": ["https://1mlnnfts.com/deck"], "source_code": [], "announcement": []}, "platform": {"id": "1027", "name": "Ethereum", "slug": "ethereum", "symbol": "ETH", "token_address": "0xa4ef4b0b23c1fc81d3f9ecf93510e64f58a4a016"}, "date_added": "2021-04-20T00:00:00.000Z", "twitter_username": "1millionnft", "is_hidden": 0, "date_launched": "2021-03-30T00:00:00.000Z", "contract_address": [{"contract_address": "0xa4ef4b0b23c1fc81d3f9ecf93510e64f58a4a016", "platform": {"name": "Ethereum", "coin": {"id": "1027", "name": "Ethereum", "symbol": "ETH", "slug": "ethereum"}}}, {"contract_address": "a4ef4b0b23c1fc81d3f9ecf93510e64f58a4a016.factory.bridge.near", "platform": {"name": "Near", "coin": {"id": "6535", "name": "NEAR Protocol", "symbol": "NEAR", "slug": "near-protocol"}}}], "self_reported_circulating_supply": null, "self_reported_tags": null, "self_reported_market_cap": null}]