[{"id": 15814, "name": "Parrot Egg", "symbol": "1PEGG", "category": "token", "description": "Parrot Egg (1PEGG) is a cryptocurrency launched in 2021and operates on the Harmony platform. Parrot Egg has a current supply of 80,000 with 0 in circulation. The last known price of Parrot Egg is 0.00012403 USD and is up 0.00 over the last 24 hours. More information can be found at https://harmony.parrotdefi.com/.", "slug": "parrot-egg-harmony", "logo": "https://s2.coinmarketcap.com/static/img/coins/64x64/15814.png", "subreddit": "", "notice": "", "tags": ["harmony-ecosystem"], "tag-names": ["Harmony Ecosystem"], "tag-groups": ["CATEGORY"], "urls": {"website": ["https://harmony.parrotdefi.com/", "https://parrotdefi.com/"], "twitter": ["https://twitter.com/parrotdefinews"], "message_board": ["https://medium.com/@parrotdefi"], "chat": ["https://t.me/parrotdefiofficial"], "facebook": [], "explorer": ["https://explorer.harmony.one/address/0xC36769DFcDF05B2949F206FC34C8870707D33C89"], "reddit": [], "technical_doc": ["https://parrotdefi.notion.site/"], "source_code": [], "announcement": ["https://t.me/parrotdefinews"]}, "platform": {"id": "3945", "name": "Harmony", "slug": "harmony", "symbol": "ONE", "token_address": "0xC36769DFcDF05B2949F206FC34C8870707D33C89"}, "date_added": "2021-12-08T11:00:06.000Z", "twitter_username": "parrotdefinews", "is_hidden": 0, "date_launched": "2021-11-29T00:00:00.000Z", "contract_address": [{"contract_address": "0xC36769DFcDF05B2949F206FC34C8870707D33C89", "platform": {"name": "Harmony", "coin": {"id": "3945", "name": "Harmony", "symbol": "ONE", "slug": "harmony"}}}], "self_reported_circulating_supply": 40000, "self_reported_tags": null, "self_reported_market_cap": 4.961265326196488}]