[{"id": 1403, "name": "FirstBlood", "symbol": "1ST", "category": "token", "description": "FirstBlood (1ST) is a cryptocurrency and operates on the Ethereum platform. FirstBlood has a current supply of 93,468,691 with 0 in circulation. The last known price of FirstBlood is 2.9159275 USD and is up 10.67 over the last 24 hours. More information can be found at https://firstblood.io/.", "slug": "firstblood", "logo": "https://s2.coinmarketcap.com/static/img/coins/64x64/1403.png", "subreddit": "", "notice": "1ST is being migrated to DAWN at a rate of 1:1. To swap your legacy 1ST tokens, visit [https://claim.dawn.org](https://claim.dawn.org) . For more information, read [Dawn's swap FAQ](https://dawn.org/post/dawn-token-swap-faq)", "tags": ["media", "loyalty", "gaming", "kenetic-capital-portfolio"], "tag-names": ["Media", "Loyalty", "Gaming", "Kenetic Capital Portfolio"], "tag-groups": ["INDUSTRY", "INDUSTRY", "INDUSTRY", "CATEGORY"], "urls": {"website": ["https://firstblood.io/"], "twitter": ["https://twitter.com/firstbloodio"], "message_board": [], "chat": [], "facebook": [], "explorer": ["https://etherscan.io/token/FirstBlood"], "reddit": [], "technical_doc": [], "source_code": [], "announcement": ["https://bitcointalk.org/index.php?topic=1543891.0"]}, "platform": {"id": "1027", "name": "Ethereum", "slug": "ethereum", "symbol": "ETH", "token_address": "0xaf30d2a7e90d7dc361c8c4585e9bb7d2f6f15bc7"}, "date_added": "2016-09-28T00:00:00.000Z", "twitter_username": "firstbloodio", "is_hidden": 0, "date_launched": null, "contract_address": [{"contract_address": "0xaf30d2a7e90d7dc361c8c4585e9bb7d2f6f15bc7", "platform": {"name": "Ethereum", "coin": {"id": "1027", "name": "Ethereum", "symbol": "ETH", "slug": "ethereum"}}}], "self_reported_circulating_supply": null, "self_reported_tags": null, "self_reported_market_cap": null}]