[{"id": 5587, "name": "2key.network", "symbol": "2KEY", "category": "token", "description": "2key.network (2KEY) is a cryptocurrency launched in 2017and operates on the Ethereum platform. 2key.network has a current supply of 599,020,418.7745987 with 78,369,696.861171 in circulation. The last known price of 2key.network is 0.00599788 USD and is down -0.01 over the last 24 hours. It is currently trading on 6 active market(s) with $0.00 traded over the last 24 hours. More information can be found at https://2key.network.", "slug": "2key-network", "logo": "https://s2.coinmarketcap.com/static/img/coins/64x64/5587.png", "subreddit": "", "notice": "", "tags": ["dao-maker"], "tag-names": ["DAO Maker"], "tag-groups": ["CATEGORY"], "urls": {"website": ["https://2key.network", "https://2key.network"], "twitter": ["https://twitter.com/2keyNetwork"], "message_board": ["https://medium.com/2key", "https://www.2key.network/bloghttps://t.me/Two_key"], "chat": ["https://t.me/twokey_official", "https://t.me/twokey_vn"], "facebook": [], "explorer": ["https://etherscan.io/token/0xe48972fcd82a274411c01834e2f031d4377fa2c0", "https://ethplorer.io/address/0xe48972fcd82a274411c01834e2f031d4377fa2c0"], "reddit": [], "technical_doc": ["http://bit.ly/2key-WP-Nov19"], "source_code": ["https://github.com/2key"], "announcement": ["https://www.2key.network/blog-posts/announcing-2key-token-initial-listing"]}, "platform": {"id": "1027", "name": "Ethereum", "slug": "ethereum", "symbol": "ETH", "token_address": "0xe48972fcd82a274411c01834e2f031d4377fa2c0"}, "date_added": "2020-05-14T00:00:00.000Z", "twitter_username": "2keyNetwork", "is_hidden": 0, "date_launched": "2017-06-07T00:00:00.000Z", "contract_address": [{"contract_address": "0xe48972fcd82a274411c01834e2f031d4377fa2c0", "platform": {"name": "Ethereum", "coin": {"id": "1027", "name": "Ethereum", "symbol": "ETH", "slug": "ethereum"}}}], "self_reported_circulating_supply": null, "self_reported_tags": null, "self_reported_market_cap": null}]