[{"id": 16936, "name": "2omb Finance", "symbol": "2OMB", "category": "token", "description": "2omb Finance (2OMB) is a cryptocurrency and operates on the Fantom platform. 2omb Finance has a current supply of 169,179 with 0 in circulation. The last known price of 2omb Finance is 0.00712566 USD and is down -1.05 over the last 24 hours. It is currently trading on 17 active market(s) with $161.65 traded over the last 24 hours. More information can be found at https://2omb.finance.", "slug": "2omb-finance", "logo": "https://s2.coinmarketcap.com/static/img/coins/64x64/16936.png", "subreddit": "", "notice": "", "tags": ["fantom-ecosystem"], "tag-names": ["Fantom Ecosystem"], "tag-groups": ["PLATFORM"], "urls": {"website": ["https://2omb.finance"], "twitter": ["https://twitter.com/2ombfinance"], "message_board": [], "chat": ["https://discord.gg/sTXFJ82HcP"], "facebook": [], "explorer": ["https://ftmscan.com/token/0x7a6e4e3cc2ac9924605dca4ba31d1831c84b44ae"], "reddit": [], "technical_doc": [], "source_code": [], "announcement": []}, "platform": {"id": "3513", "name": "Fantom", "slug": "fantom", "symbol": "FTM", "token_address": "0x7a6e4e3cc2ac9924605dca4ba31d1831c84b44ae"}, "date_added": "2022-01-06T07:50:02.000Z", "twitter_username": "2ombfinance", "is_hidden": 0, "date_launched": null, "contract_address": [{"contract_address": "0x7a6e4e3cc2ac9924605dca4ba31d1831c84b44ae", "platform": {"name": "Fantom", "coin": {"id": "3513", "name": "Fantom", "symbol": "FTM", "slug": "fantom"}}}], "self_reported_circulating_supply": null, "self_reported_tags": null, "self_reported_market_cap": null}]