[{"id": 16937, "name": "2SHARE", "symbol": "2SHARES", "category": "token", "description": "2SHARE (2SHARES) is a cryptocurrency and operates on the Fantom platform. 2SHARE has a current supply of 65,065 with 0 in circulation. The last known price of 2SHARE is 1.60040515 USD and is down -11.36 over the last 24 hours. It is currently trading on 14 active market(s) with $48.06 traded over the last 24 hours. More information can be found at https://2omb.finance.", "slug": "2share", "logo": "https://s2.coinmarketcap.com/static/img/coins/64x64/16937.png", "subreddit": "", "notice": "", "tags": ["fantom-ecosystem"], "tag-names": ["Fantom Ecosystem"], "tag-groups": ["PLATFORM"], "urls": {"website": ["https://2omb.finance"], "twitter": ["https://twitter.com/2ombfinance"], "message_board": [], "chat": ["https://discord.gg/sTXFJ82HcP"], "facebook": [], "explorer": ["https://ftmscan.com/token/0xc54a1684fd1bef1f077a336e6be4bd9a3096a6ca"], "reddit": [], "technical_doc": [], "source_code": [], "announcement": []}, "platform": {"id": "3513", "name": "Fantom", "slug": "fantom", "symbol": "FTM", "token_address": "0xc54a1684fd1bef1f077a336e6be4bd9a3096a6ca"}, "date_added": "2022-01-06T07:51:56.000Z", "twitter_username": "2ombfinance", "is_hidden": 0, "date_launched": null, "contract_address": [{"contract_address": "0xc54a1684fd1bef1f077a336e6be4bd9a3096a6ca", "platform": {"name": "Fantom", "coin": {"id": "3513", "name": "Fantom", "symbol": "FTM", "slug": "fantom"}}}], "self_reported_circulating_supply": null, "self_reported_tags": null, "self_reported_market_cap": null}]