[{"id": 15249, "name": "Cerberus", "symbol": "3DOG", "category": "token", "description": "Cerberus (3DOG) is a cryptocurrency and operates on the Ethereum platform. Cerberus has a current supply of 104,975,866 with 0 in circulation. The last known price of Cerberus is 0.0046848 USD and is up 0.00 over the last 24 hours. More information can be found at https://cerberusdao.finance.", "slug": "cerburus", "logo": "https://s2.coinmarketcap.com/static/img/coins/64x64/15249.png", "subreddit": "", "notice": "", "tags": ["ethereum-ecosystem", "defi-2"], "tag-names": ["Ethereum Ecosystem", "DeFi 2.0"], "tag-groups": ["PLATFORM", "CATEGORY"], "urls": {"website": ["https://cerberusdao.finance"], "twitter": ["https://twitter.com/DaoCerberus"], "message_board": ["https://medium.com/@cerberusdao/"], "chat": ["https://t.me/daocerberus", "https://discord.gg/3dog"], "facebook": [], "explorer": ["https://etherscan.io/token/0x8a14897ea5f668f36671678593fae44ae23b39fb", "https://ethplorer.io/address/0x8a14897ea5f668f36671678593fae44ae23b39fb"], "reddit": [], "technical_doc": [], "source_code": [], "announcement": []}, "platform": {"id": "1027", "name": "Ethereum", "slug": "ethereum", "symbol": "ETH", "token_address": "0x8a14897ea5f668f36671678593fae44ae23b39fb"}, "date_added": "2021-11-29T01:32:28.000Z", "twitter_username": "DaoCerberus", "is_hidden": 0, "date_launched": null, "contract_address": [{"contract_address": "0x8a14897ea5f668f36671678593fae44ae23b39fb", "platform": {"name": "Ethereum", "coin": {"id": "1027", "name": "Ethereum", "symbol": "ETH", "slug": "ethereum"}}}], "self_reported_circulating_supply": null, "self_reported_tags": null, "self_reported_market_cap": null}]