[{"id": 9046, "name": "8PAY", "symbol": "8PAY", "category": "token", "description": "8PAY (8PAY) is a cryptocurrency launched in 2021and operates on the Ethereum platform. 8PAY has a current supply of 88,888,888 with 60,010,875 in circulation. The last known price of 8PAY is 0.01839867 USD and is down -3.01 over the last 24 hours. It is currently trading on 26 active market(s) with $18,250.61 traded over the last 24 hours. More information can be found at https://8pay.network/.", "slug": "8pay", "logo": "https://s2.coinmarketcap.com/static/img/coins/64x64/9046.png", "subreddit": "", "notice": "", "tags": ["ethereum-ecosystem", "bnb-chain"], "tag-names": ["Ethereum Ecosystem", "BNB Chain"], "tag-groups": ["PLATFORM", "PLATFORM"], "urls": {"website": ["https://8pay.network/"], "twitter": ["https://twitter.com/8Pay_network"], "message_board": ["https://8pay.medium.com/"], "chat": ["https://t.me/official_8pay"], "facebook": [], "explorer": ["https://etherscan.io/token/0xfeea0bdd3d07eb6fe305938878c0cadbfa169042", "https://bscscan.com/token/0xFeea0bDd3D07eb6FE305938878C0caDBFa169042", "https://polygonscan.com/token/0x3bd9856BF578910b55261d45d9148d61C177B092"], "reddit": [], "technical_doc": ["https://docs.8pay.network/"], "source_code": ["https://github.com/8pay"], "announcement": ["https://t.me/ann_8PAY"]}, "platform": {"id": "1027", "name": "Ethereum", "slug": "ethereum", "symbol": "ETH", "token_address": "0xFeea0bDd3D07eb6FE305938878C0caDBFa169042"}, "date_added": "2021-04-05T00:00:00.000Z", "twitter_username": "8Pay_network", "is_hidden": 0, "date_launched": "2021-04-05T00:00:00.000Z", "contract_address": [{"contract_address": "0xFeea0bDd3D07eb6FE305938878C0caDBFa169042", "platform": {"name": "Ethereum", "coin": {"id": "1027", "name": "Ethereum", "symbol": "ETH", "slug": "ethereum"}}}, {"contract_address": "0xFeea0bDd3D07eb6FE305938878C0caDBFa169042", "platform": {"name": "BNB Smart Chain (BEP20)", "coin": {"id": "1839", "name": "BNB", "symbol": "BNB", "slug": "bnb"}}}, {"contract_address": "0x3bd9856BF578910b55261d45d9148d61C177B092", "platform": {"name": "Polygon", "coin": {"id": "3890", "name": "Polygon", "symbol": "MATIC", "slug": "polygon"}}}], "self_reported_circulating_supply": null, "self_reported_tags": ["Ethereum Ecosystem", "Binance Chain", "BNB Smart Chain", "Polygon Ecosystem", "BNB Chain"], "self_reported_market_cap": null}]