[{"id": 9171, "name": "AMPnet Asset Platform and Exchange", "symbol": "AAPX", "category": "token", "description": "AMPnet Asset Platform and Exchange (AAPX) is a cryptocurrency launched in 2019and operates on the Ethereum platform. AMPnet Asset Platform and Exchange has a current supply of 0. The last known price of AMPnet Asset Platform and Exchange is 0.05344143 USD and is up 0.00 over the last 24 hours. More information can be found at https://ampnet.io.", "slug": "ampnet-asset-platform-and-exchange", "logo": "https://s2.coinmarketcap.com/static/img/coins/64x64/9171.png", "subreddit": "ampnet", "notice": "", "tags": ["duckstarter"], "tag-names": ["DuckSTARTER"], "tag-groups": ["CATEGORY"], "urls": {"website": ["https://ampnet.io", "https://ampnet.io/apx"], "twitter": ["https://twitter.com/ampnetio"], "message_board": ["https://ampnet.medium.com"], "chat": ["https://t.me/ampnetapxchat", "https://t.me/aapxtrading"], "facebook": [], "explorer": ["https://etherscan.io/token/0xbfd815347d024f449886c171f78fa5b8e6790811"], "reddit": ["https://reddit.com/r/ampnet"], "technical_doc": ["https://drive.google.com/file/d/1xNucfkpolkEVePigUp0Rq_pMD-gyfdm1/view"], "source_code": ["https://github.com/ampnet"], "announcement": []}, "platform": {"id": "1027", "name": "Ethereum", "slug": "ethereum", "symbol": "ETH", "token_address": "0xbfd815347d024f449886c171f78fa5b8e6790811"}, "date_added": "2021-04-08T00:00:00.000Z", "twitter_username": "ampnetio", "is_hidden": 0, "date_launched": "2019-10-09T00:00:00.000Z", "contract_address": [{"contract_address": "0xbfd815347d024f449886c171f78fa5b8e6790811", "platform": {"name": "Ethereum", "coin": {"id": "1027", "name": "Ethereum", "symbol": "ETH", "slug": "ethereum"}}}], "self_reported_circulating_supply": null, "self_reported_tags": null, "self_reported_market_cap": null}]