[{"id": 7278, "name": "Aave", "symbol": "AAVE", "category": "token", "description": "Aave (AAVE) is a cryptocurrency and operates on the Ethereum platform. Aave has a current supply of 16,000,000 with 14,093,192.58056459 in circulation. The last known price of Aave is 53.92795898 USD and is down -0.97 over the last 24 hours. It is currently trading on 481 active market(s) with $38,188,762.75 traded over the last 24 hours. More information can be found at https://aave.com/.", "slug": "aave", "logo": "https://s2.coinmarketcap.com/static/img/coins/64x64/7278.png", "subreddit": "Aave_Official", "notice": "", "tags": ["defi", "dao", "yield-farming", "three-arrows-capital-portfolio", "governance", "lending-borowing", "blockchain-capital-portfolio", "defiance-capital-portfolio", "framework-ventures-portfolio", "alameda-research-portfolio", "pantera-capital-portfolio", "parafi-capital", "polygon-ecosystem", "fantom-ecosystem"], "tag-names": ["DeFi", "DAO", "Yield Farming", "Three Arrows Capital Portfolio", "Governance", "Lending & Borrowing", "Blockchain Capital Portfolio", "DeFiance Capital Portfolio", "Framework Ventures Portfolio", "Alameda Research Portfolio", "Pantera Capital Portfolio", "ParaFi Capital", "Polygon Ecosystem", "Fantom Ecosystem"], "tag-groups": ["CATEGORY", "CATEGORY", "CATEGORY", "CATEGORY", "CATEGORY", "CATEGORY", "CATEGORY", "CATEGORY", "CATEGORY", "CATEGORY", "CATEGORY", "CATEGORY", "PLATFORM", "PLATFORM"], "urls": {"website": ["https://aave.com/", "https://ethlend.io"], "twitter": ["https://twitter.com/AaveAave"], "message_board": ["https://medium.com/aave"], "chat": ["https://aave.com/discord", "https://t.me/Aavesome"], "facebook": [], "explorer": ["https://etherscan.io/token/0x7fc66500c84a76ad7e9c93437bfc5ac33e2ddae9", "https://explorer-mainnet.maticvigil.com/tokens/0xd6df932a45c0f255f85145f286ea0b292b21c90b/token-transfers", "https://scan.hecochain.com/address/0x202b4936fe1a82a4965220860ae46d7d3939bb25", "https://ftmscan.com/token/0x6a07A792ab2965C72a5B8088d3a069A7aC3a993B", "https://blockscout.com/xdai/mainnet/tokens/0xDF613aF6B44a31299E48131e9347F034347E2F00/token-transfers"], "reddit": ["https://reddit.com/r/Aave_Official"], "technical_doc": ["https://github.com/aave/aave-protocol/blob/master/docs/Aave_Protocol_Whitepaper_v1_0.pdf"], "source_code": ["https://github.com/aave"], "announcement": ["https://bitcointalk.org/index.php?topic=2090735.0"]}, "platform": {"id": "1027", "name": "Ethereum", "slug": "ethereum", "symbol": "ETH", "token_address": "0x7Fc66500c84A76Ad7e9c93437bFc5Ac33E2DDaE9"}, "date_added": "2020-10-02T00:00:00.000Z", "twitter_username": "AaveAave", "is_hidden": 0, "date_launched": null, "contract_address": [{"contract_address": "0x7Fc66500c84A76Ad7e9c93437bFc5Ac33E2DDaE9", "platform": {"name": "Ethereum", "coin": {"id": "1027", "name": "Ethereum", "symbol": "ETH", "slug": "ethereum"}}}, {"contract_address": "0x202b4936fe1a82a4965220860ae46d7d3939bb25", "platform": {"name": "HECO", "coin": {"id": "2502", "name": "Huobi Token", "symbol": "HT", "slug": "huobi-token"}}}, {"contract_address": "0xDF613aF6B44a31299E48131e9347F034347E2F00", "platform": {"name": "Gnosis Chain", "coin": {"id": "1659", "name": "Gnosis", "symbol": "GNO", "slug": "gnosis-gno"}}}, {"contract_address": "0x6a07A792ab2965C72a5B8088d3a069A7aC3a993B", "platform": {"name": "Fantom", "coin": {"id": "3513", "name": "Fantom", "symbol": "FTM", "slug": "fantom"}}}, {"contract_address": "0x8ce2dee54bb9921a2ae0a63dbb2df8ed88b91dd9", "platform": {"name": "Avalanche C-Chain", "coin": {"id": "5805", "name": "Avalanche", "symbol": "AVAX", "slug": "avalanche"}}}, {"contract_address": "0xd6df932a45c0f255f85145f286ea0b292b21c90b", "platform": {"name": "Polygon", "coin": {"id": "3890", "name": "Polygon", "symbol": "MATIC", "slug": "polygon"}}}, {"contract_address": "0xfb6115445bff7b52feb98650c87f44907e58f802", "platform": {"name": "BNB Smart Chain (BEP20)", "coin": {"id": "1839", "name": "BNB", "symbol": "BNB", "slug": "bnb"}}}, {"contract_address": "0x0091bd8d8295b25cab5a7b8b0e44498e678cfc15d872ede3215f7d4c7635ba36", "platform": {"name": "Sora", "coin": {"id": "5802", "name": "SORA", "symbol": "XOR", "slug": "sora"}}}, {"contract_address": "3vAs4D1WE6Na4tCgt4BApgFfENbm8WY7q4cSPD1yM4Cg", "platform": {"name": "Solana", "coin": {"id": "5426", "name": "Solana", "symbol": "SOL", "slug": "solana"}}}], "self_reported_circulating_supply": null, "self_reported_tags": null, "self_reported_market_cap": null}]