[{"id": 5754, "name": "Aave BAT", "symbol": "ABAT", "category": "token", "description": "Aave BAT (ABAT) is a cryptocurrency and operates on the Ethereum platform. Aave BAT has a current supply of 2,435,591 with 0 in circulation. The last known price of Aave BAT is 0.16216529 USD and is down -3.18 over the last 24 hours. It is currently trading on 1 active market(s) with $0.00 traded over the last 24 hours. More information can be found at https://aave.com/.", "slug": "aave-bat", "logo": "https://s2.coinmarketcap.com/static/img/coins/64x64/5754.png", "subreddit": "Aave_Official", "notice": "", "tags": ["defi", "aave-tokens"], "tag-names": ["DeFi", "Aave Tokens"], "tag-groups": ["CATEGORY", "CATEGORY"], "urls": {"website": ["https://aave.com/", "https://ethlend.io"], "twitter": ["https://twitter.com/AaveAave"], "message_board": ["https://medium.com/aave"], "chat": ["https://aave.com/discord"], "facebook": [], "explorer": ["https://etherscan.io/token/0xe1ba0fb44ccb0d11b80f92f4f8ed94ca3ff51d00", "https://ethplorer.io/address/0xe1ba0fb44ccb0d11b80f92f4f8ed94ca3ff51d00"], "reddit": ["https://reddit.com/r/Aave_Official"], "technical_doc": ["https://github.com/aave/aave-protocol/blob/master/docs/Aave_Protocol_Whitepaper_v1_0.pdf"], "source_code": ["https://github.com/aave"], "announcement": ["https://bitcointalk.org/index.php?topic=2090735.0"]}, "platform": {"id": "1027", "name": "Ethereum", "slug": "ethereum", "symbol": "ETH", "token_address": "0xe1ba0fb44ccb0d11b80f92f4f8ed94ca3ff51d00"}, "date_added": "2020-06-28T00:00:00.000Z", "twitter_username": "AaveAave", "is_hidden": 0, "date_launched": null, "contract_address": [{"contract_address": "0xe1ba0fb44ccb0d11b80f92f4f8ed94ca3ff51d00", "platform": {"name": "Ethereum", "coin": {"id": "1027", "name": "Ethereum", "symbol": "ETH", "slug": "ethereum"}}}], "self_reported_circulating_supply": null, "self_reported_tags": null, "self_reported_market_cap": null}]