[{"id": 12212, "name": "Allbridge", "symbol": "ABR", "category": "token", "description": "Allbridge (ABR) is a cryptocurrency launched in 2021and operates on the Ethereum platform. Allbridge has a current supply of 96,780,127 with 0 in circulation. The last known price of Allbridge is 0.23105408 USD and is down -2.34 over the last 24 hours. It is currently trading on 33 active market(s) with $5,335.75 traded over the last 24 hours. More information can be found at https://allbridge.io/.", "slug": "allbridge", "logo": "https://s2.coinmarketcap.com/static/img/coins/64x64/12212.png", "subreddit": "allbridge", "notice": "", "tags": ["ethereum-ecosystem", "heco-ecosystem", "avalanche-ecosystem", "solana-ecosystem", "polygon-ecosystem", "fantom-ecosystem", "terra-ecosystem", "celo-ecosystem", "bnb-chain"], "tag-names": ["Ethereum Ecosystem", "HECO Ecosystem", "Avalanche Ecosystem", "Solana Ecosystem", "Polygon Ecosystem", "Fantom Ecosystem", "Terra Ecosystem", "Celo Ecosystem", "BNB Chain"], "tag-groups": ["PLATFORM", "PLATFORM", "PLATFORM", "PLATFORM", "PLATFORM", "PLATFORM", "CATEGORY", "CATEGORY", "PLATFORM"], "urls": {"website": ["https://allbridge.io/"], "twitter": ["https://twitter.com/Allbridge_io"], "message_board": ["https://allbridge.medium.com/"], "chat": ["https://t.me/allbridge_announcements", "https://t.me/allbridge_official"], "facebook": [], "explorer": ["https://etherscan.io/token/0xa11bd36801d8fa4448f0ac4ea7a62e3634ce8c7c", "https://explorer.solana.com/address/a11bdAAuV8iB2fu7X6AxAvDTo1QZ8FXB3kk5eecdasp", "https://polygonscan.com/token/0x04429fbb948bbd09327763214b45e505a5293346", "https://bscscan.com/token/0x68784ffaa6Ff05E3e04575DF77960DC1D9F42b4a", "https://ftmscan.com/token/0x543Acd673960041eEe1305500893260F1887B679"], "reddit": ["https://reddit.com/r/allbridge"], "technical_doc": ["https://docs.allbridge.io/"], "source_code": ["https://github.com/allbridge-io"], "announcement": []}, "platform": {"id": "1027", "name": "Ethereum", "slug": "ethereum", "symbol": "ETH", "token_address": "0xa11bd36801d8fa4448f0ac4ea7a62e3634ce8c7c"}, "date_added": "2021-09-30T07:31:04.000Z", "twitter_username": "Allbridge_io", "is_hidden": 0, "date_launched": "2021-09-28T00:00:00.000Z", "contract_address": [{"contract_address": "0xa11bd36801d8fa4448f0ac4ea7a62e3634ce8c7c", "platform": {"name": "Ethereum", "coin": {"id": "1027", "name": "Ethereum", "symbol": "ETH", "slug": "ethereum"}}}, {"contract_address": "0x68784ffaa6Ff05E3e04575DF77960DC1D9F42b4a", "platform": {"name": "BNB Smart Chain (BEP20)", "coin": {"id": "1839", "name": "BNB", "symbol": "BNB", "slug": "bnb"}}}, {"contract_address": "a11bdAAuV8iB2fu7X6AxAvDTo1QZ8FXB3kk5eecdasp", "platform": {"name": "Solana", "coin": {"id": "5426", "name": "Solana", "symbol": "SOL", "slug": "solana"}}}, {"contract_address": "0x2D7E64def6c3311A75c2F6eB45E835CD58e52CDE", "platform": {"name": "HECO", "coin": {"id": "2502", "name": "Huobi Token", "symbol": "HT", "slug": "huobi-token"}}}, {"contract_address": "terra1a7ye2splpfzyenu0yrdu8t83uzgusx2malkc7u", "platform": {"name": "Terra Classic", "coin": {"id": "4172", "name": "Terra Classic", "symbol": "LUNC", "slug": "terra-luna"}}}, {"contract_address": "0x543Acd673960041eEe1305500893260F1887B679", "platform": {"name": "Fantom", "coin": {"id": "3513", "name": "Fantom", "symbol": "FTM", "slug": "fantom"}}}, {"contract_address": "0x04429fbb948bbd09327763214b45e505a5293346", "platform": {"name": "Polygon", "coin": {"id": "3890", "name": "Polygon", "symbol": "MATIC", "slug": "polygon"}}}, {"contract_address": "0xaFc43610C7840b20b90CAaF93759bE5b54B291c9", "platform": {"name": "Avalanche C-Chain", "coin": {"id": "5805", "name": "Avalanche", "symbol": "AVAX", "slug": "avalanche"}}}, {"contract_address": "0x6e512BFC33be36F2666754E996ff103AD1680Cc9", "platform": {"name": "Celo", "coin": {"id": "5567", "name": "Celo", "symbol": "CELO", "slug": "celo"}}}, {"contract_address": "abr.a11bd.near", "platform": {"name": "Near", "coin": {"id": "6535", "name": "NEAR Protocol", "symbol": "NEAR", "slug": "near-protocol"}}}, {"contract_address": "0x2BAe00C8BC1868a5F7a216E881Bae9e662630111", "platform": {"name": "Aurora", "coin": {"id": "14803", "name": "Aurora", "symbol": "AURORA", "slug": "aurora-near"}}}], "self_reported_circulating_supply": 4273917, "self_reported_tags": null, "self_reported_market_cap": 987619.5538846765}, {"id": 21101, "name": "AIBRA", "symbol": "ABR", "category": "token", "description": "What is AIBRA?\r\n\r\nAIBRA is an AI and blockchain based Recruitment Tool that decentralizes the typical recruitment paradigm creating an ecosystem where recruiters, job seekers and recruitment agencies are united thereby providing more value for the future of recruitment and Decentralised finance,through utilities of staking, and  other Defi products.\r\n\r\nAIBRA token was launched on the 3rd of July 2022 with 1billion Aibra token created at genesis. 45% of Aibra total token will be burn with (5% monthly vested).\r\n \r\nAibra tools Include\r\n* A Recruitment tool built on Bitgert Blockchain.\r\n* Dapp tracker for tracking dapp listed on bitgert Blockchain\r\n* Standalone wallet use for receiving and sending payment tokens.", "slug": "aibra", "logo": "https://s2.coinmarketcap.com/static/img/coins/64x64/21101.png", "subreddit": "", "notice": "", "tags": null, "tag-names": null, "tag-groups": null, "urls": {"website": ["https://aibra.io/"], "twitter": ["https://twitter.com/AIBRA_OFFICIAL"], "message_board": ["https://medium.com/@AibraOfficial1"], "chat": ["https://t.me/aibra_official", "https://discord.gg/jQaKYx8HgU"], "facebook": [], "explorer": ["https://brisescan.com/token/0x9F7Bb6E8386ac9ad5e944d66fBa80F3F7231FA94"], "reddit": [], "technical_doc": ["https://aibra.io/static/main/assets/img/Aibra%20Whitepaper%20V1.2.pdf"], "source_code": [], "announcement": []}, "platform": {"id": "11079", "name": "Bitgert", "slug": "bitrise-token", "symbol": "BRISE", "token_address": "0x9F7Bb6E8386ac9ad5e944d66fBa80F3F7231FA94"}, "date_added": "2022-07-24T18:37:23.000Z", "twitter_username": "AIBRA_OFFICIAL", "is_hidden": 0, "date_launched": "2022-07-02T00:00:00.000Z", "contract_address": [{"contract_address": "0x9F7Bb6E8386ac9ad5e944d66fBa80F3F7231FA94", "platform": {"name": "Bitgert", "coin": {"id": "11079", "name": "Bitgert", "symbol": "BRISE", "slug": "bitrise-token"}}}], "self_reported_circulating_supply": 250000000, "self_reported_tags": null, "self_reported_market_cap": 0.0}]