[{"id": 5755, "name": "Aave BUSD", "symbol": "ABUSD", "category": "token", "description": "Aave BUSD (ABUSD) is a cryptocurrency . Aave BUSD has a current supply of 284,509 with 0 in circulation. The last known price of Aave BUSD is 1.00009765 USD and is up -0.00 over the last 24 hours. It is currently trading on 1 active market(s) with $0.00 traded over the last 24 hours. More information can be found at https://aave.com/.", "slug": "aave-busd", "logo": "https://s2.coinmarketcap.com/static/img/coins/64x64/5755.png", "subreddit": "Aave_Official", "notice": "", "tags": ["defi", "aave-tokens"], "tag-names": ["DeFi", "Aave Tokens"], "tag-groups": ["CATEGORY", "CATEGORY"], "urls": {"website": ["https://aave.com/", "https://ethlend.io"], "twitter": ["https://twitter.com/AaveAave"], "message_board": ["https://medium.com/aave"], "chat": ["https://aave.com/discord"], "facebook": [], "explorer": ["https://etherscan.io/address/0x6Ee0f7BB50a54AB5253dA0667B0Dc2ee526C30a8", "https://ethplorer.io/address/0x6ee0f7bb50a54ab5253da0667b0dc2ee526c30a8"], "reddit": ["https://reddit.com/r/Aave_Official"], "technical_doc": ["https://github.com/aave/aave-protocol/blob/master/docs/Aave_Protocol_Whitepaper_v1_0.pdf"], "source_code": ["https://github.com/aave"], "announcement": ["https://bitcointalk.org/index.php?topic=2090735.0"]}, "platform": null, "date_added": "2020-06-28T00:00:00.000Z", "twitter_username": "AaveAave", "is_hidden": 0, "date_launched": null, "contract_address": [], "self_reported_circulating_supply": null, "self_reported_tags": null, "self_reported_market_cap": null}]