[{"id": 6756, "name": "Acala Token", "symbol": "ACA", "category": "coin", "description": "Acala Token (ACA) is a cryptocurrency . Acala Token has a current supply of 1,000,000,000 with 571,172,222 in circulation. The last known price of Acala Token is 0.11546472 USD and is down -1.65 over the last 24 hours. It is currently trading on 39 active market(s) with $821,095.06 traded over the last 24 hours. More information can be found at https://acala.network/.", "slug": "acala", "logo": "https://s2.coinmarketcap.com/static/img/coins/64x64/6756.png", "subreddit": "acalanetwork", "notice": "", "tags": ["defi", "substrate", "polkadot", "arrington-xrp-capital-portfolio", "spartan-group", "injective-ecosystem"], "tag-names": ["DeFi", "Substrate", "Polkadot", "Arrington XRP Capital Portfolio", "Spartan Group", "Injective Ecosystem"], "tag-groups": ["CATEGORY", "CATEGORY", "PLATFORM", "CATEGORY", "CATEGORY", "PLATFORM"], "urls": {"website": ["https://acala.network/"], "twitter": ["https://twitter.com/AcalaNetwork"], "message_board": ["https://medium.com/acalanetwork", "https://app.subsocial.network/@Acala"], "chat": ["https://t.me/acalaofficial", "https://discord.com/invite/6QHVY4X"], "facebook": [], "explorer": ["https://acala.subscan.io/"], "reddit": ["https://reddit.com/r/acalanetwork"], "technical_doc": [], "source_code": ["https://github.com/AcalaNetwork"], "announcement": []}, "platform": null, "date_added": "2020-08-28T00:00:00.000Z", "twitter_username": "AcalaNetwork", "is_hidden": 0, "date_launched": null, "contract_address": [], "self_reported_circulating_supply": NaN, "self_reported_tags": null, "self_reported_market_cap": NaN}, {"id": 13626, "name": "ACA Token", "symbol": "ACA", "category": "token", "description": "ACA Token (ACA) is a cryptocurrency launched in 2021and operates on the BNB Smart Chain (BEP20) platform. ACA Token has a current supply of 100,000,000 with 51,717,929.44911561 in circulation. The last known price of ACA Token is 0.00024906 USD and is up 0.00 over the last 24 hours. It is currently trading on 1 active market(s) with $0.00 traded over the last 24 hours. More information can be found at https://acatoken.io/.", "slug": "aca-token", "logo": "https://s2.coinmarketcap.com/static/img/coins/64x64/13626.png", "subreddit": "", "notice": "", "tags": null, "tag-names": null, "tag-groups": null, "urls": {"website": ["https://acatoken.io/"], "twitter": ["https://twitter.com/acatoken_io"], "message_board": [], "chat": ["https://t.me/officialACAToken"], "facebook": [], "explorer": ["https://bscscan.com/token/0x9eb6935aea6afb5bc6d1a74be0c2f78280ab6448", "https://bscscan.com/token/0x9eb6935aea6afb5bc6d1a74be0c2f78280ab6448"], "reddit": [], "technical_doc": ["https://acatoken.io/whitepaper.pdf"], "source_code": [], "announcement": []}, "platform": {"id": "1839", "name": "BNB", "slug": "bnb", "symbol": "BNB", "token_address": "0x9eb6935aea6afb5bc6d1a74be0c2f78280ab6448"}, "date_added": "2021-11-01T06:57:00.000Z", "twitter_username": "acatoken_io", "is_hidden": 0, "date_launched": "2021-09-30T00:00:00.000Z", "contract_address": [{"contract_address": "0x9eb6935aea6afb5bc6d1a74be0c2f78280ab6448", "platform": {"name": "BNB Smart Chain (BEP20)", "coin": {"id": "1839", "name": "BNB", "symbol": "BNB", "slug": "bnb"}}}], "self_reported_circulating_supply": 100000000.0, "self_reported_tags": null, "self_reported_market_cap": 24906.105674185488}, {"id": 4598, "name": "Acash Coin", "symbol": "ACA", "category": "token", "description": "Acash Coin (ACA) is a cryptocurrency launched in 2019and operates on the Ethereum platform. Acash Coin has a current supply of 45,000,000,000 with 7,003,331,813.52 in circulation. The last known price of Acash Coin is 0.07890436 USD and is up 0.00 over the last 24 hours. More information can be found at https://www.acashcorp.com.", "slug": "acash-coin", "logo": "https://s2.coinmarketcap.com/static/img/coins/64x64/4598.png", "subreddit": "acashCoin", "notice": "", "tags": null, "tag-names": null, "tag-groups": null, "urls": {"website": ["https://www.acashcorp.com"], "twitter": ["https://twitter.com/acashCoin"], "message_board": [], "chat": ["https://app.slack.com/client/TMECFV0RK/CMDU0R0MS", "https://t.me/AcashCoinGroup"], "facebook": [], "explorer": ["https://etherscan.io/token/0x63d958d765f5bd88efdbd8afd32445393b24907f", "https://ethplorer.io/address/0x63d958d765f5bd88efdbd8afd32445393b24907f"], "reddit": ["https://reddit.com/r/acashCoin"], "technical_doc": ["https://res.cloudinary.com/dkvu9g31q/image/upload/v1568904340/d7oli9sbqo6wnbeqroqs.pdf"], "source_code": [], "announcement": ["https://bitcoingarden.org/forum/index.php?topic=79911"]}, "platform": {"id": "1027", "name": "Ethereum", "slug": "ethereum", "symbol": "ETH", "token_address": "0x63d958d765f5bd88efdbd8afd32445393b24907f"}, "date_added": "2019-12-04T00:00:00.000Z", "twitter_username": "acashCoin", "is_hidden": 0, "date_launched": "2019-08-29T00:00:00.000Z", "contract_address": [{"contract_address": "0x63d958d765f5bd88efdbd8afd32445393b24907f", "platform": {"name": "Ethereum", "coin": {"id": "1027", "name": "Ethereum", "symbol": "ETH", "slug": "ethereum"}}}], "self_reported_circulating_supply": NaN, "self_reported_tags": null, "self_reported_market_cap": NaN}]