[{"id": 9792, "name": "ACENT", "symbol": "ACE", "category": "token", "description": "ACENT (ACE) is a cryptocurrency launched in 2020and operates on the Ethereum platform. ACENT has a current supply of 2,000,000,000 with 148,985,251.294709 in circulation. The last known price of ACENT is 0.00611243 USD and is up 3.31 over the last 24 hours. It is currently trading on 4 active market(s) with $513,760.89 traded over the last 24 hours. More information can be found at https://acent.tech/.", "slug": "acent", "logo": "https://s2.coinmarketcap.com/static/img/coins/64x64/9792.png", "subreddit": "", "notice": "", "tags": ["web3"], "tag-names": ["Web3"], "tag-groups": ["INDUSTRY"], "urls": {"website": ["https://acent.tech/", "https://yourearth.io"], "twitter": ["https://twitter.com/Acent_tech"], "message_board": ["https://medium.com/acent-tech", "https://doc.yourearth.io/news"], "chat": ["https://discord.com/invite/et2fZJWGge", "https://t.me/AcentOfficialChat"], "facebook": ["https://www.facebook.com/FBACENT/"], "explorer": ["https://etherscan.io/token/0xec5483804e637d45cde22fa0869656b64b5ab1ab", "https://ethplorer.io/address/0xec5483804e637d45cde22fa0869656b64b5ab1ab"], "reddit": [], "technical_doc": ["https://doc.acent.tech/whitepaper/"], "source_code": [], "announcement": []}, "platform": {"id": "1027", "name": "Ethereum", "slug": "ethereum", "symbol": "ETH", "token_address": "0xec5483804e637d45cde22fa0869656b64b5ab1ab"}, "date_added": "2021-05-13T00:00:00.000Z", "twitter_username": "Acent_tech", "is_hidden": 0, "date_launched": "2020-11-17T00:00:00.000Z", "contract_address": [{"contract_address": "0xec5483804e637d45cde22fa0869656b64b5ab1ab", "platform": {"name": "Ethereum", "coin": {"id": "1027", "name": "Ethereum", "symbol": "ETH", "slug": "ethereum"}}}], "self_reported_circulating_supply": 87007137.0, "self_reported_tags": ["Platform", "DAO", "DApp", "Governance", "Metaverse", "Web3"], "self_reported_market_cap": 531825.2809113712}, {"id": 22307, "name": "ACEToken", "symbol": "ACE", "category": "token", "description": "ACEToken (ACE) is a cryptocurrency and operates on the BNB Smart Chain (BEP20) platform. ACEToken has a current supply of 0. The last known price of ACEToken is 0.000001 USD and is down -1.33 over the last 24 hours. It is currently trading on 9 active market(s) with $259.30 traded over the last 24 hours. More information can be found at https://aceholdingsinc.com/.", "slug": "acetoken", "logo": "https://s2.coinmarketcap.com/static/img/coins/64x64/22307.png", "subreddit": "", "notice": "", "tags": null, "tag-names": null, "tag-groups": null, "urls": {"website": ["https://aceholdingsinc.com/"], "twitter": ["https://twitter.com/acedefiorg"], "message_board": ["https://www.linkedin.com/in/anthony-bachan-43462316a/"], "chat": ["https://discord.gg/dZ7XE6ZB"], "facebook": [], "explorer": ["https://bscscan.com/token/0xFAaA87943bFca6D97434bE3d26C589647FEA4375"], "reddit": [], "technical_doc": [], "source_code": ["https://github.com/AHG2022"], "announcement": []}, "platform": {"id": "1839", "name": "BNB", "slug": "bnb", "symbol": "BNB", "token_address": "0xfaaa87943bfca6d97434be3d26c589647fea4375"}, "date_added": "2022-10-20T04:42:45.000Z", "twitter_username": "acedefiorg", "is_hidden": 0, "date_launched": null, "contract_address": [{"contract_address": "0xfaaa87943bfca6d97434be3d26c589647fea4375", "platform": {"name": "BNB Smart Chain (BEP20)", "coin": {"id": "1839", "name": "BNB", "symbol": "BNB", "slug": "bnb"}}}], "self_reported_circulating_supply": NaN, "self_reported_tags": null, "self_reported_market_cap": NaN}, {"id": 2311, "name": "ACE (TokenStars)", "symbol": "ACE", "category": "token", "description": "ACE (TokenStars) (ACE) is a cryptocurrency and operates on the Ethereum platform. ACE (TokenStars) has a current supply of 14,476,036 with 12,095,419 in circulation. The last known price of ACE (TokenStars) is 0.00550654 USD and is up 7.25 over the last 24 hours. More information can be found at https://tokenstars.com/en/ace.", "slug": "ace", "logo": "https://s2.coinmarketcap.com/static/img/coins/64x64/2311.png", "subreddit": "TokenStars", "notice": "", "tags": ["marketing", "sports"], "tag-names": ["Marketing", "Sports"], "tag-groups": ["INDUSTRY", "INDUSTRY"], "urls": {"website": ["https://tokenstars.com/en/ace"], "twitter": ["https://twitter.com/TokenStars"], "message_board": [], "chat": ["https://t.me/TokenStars_en"], "facebook": [], "explorer": ["https://etherscan.io/token/0x06147110022b768ba8f99a8f385df11a151a9cc8", "https://ethplorer.io/address/0x06147110022b768ba8f99a8f385df11a151a9cc8"], "reddit": ["https://reddit.com/r/TokenStars"], "technical_doc": ["https://tokenstars.com/upload/files/ace_by_tokenstars_whitepaper.pdf"], "source_code": ["https://github.com/token-stars/ace-token"], "announcement": ["https://bitcointalk.org/index.php?topic=2043613.0"]}, "platform": {"id": "1027", "name": "Ethereum", "slug": "ethereum", "symbol": "ETH", "token_address": "0x06147110022b768ba8f99a8f385df11a151a9cc8"}, "date_added": "2017-12-26T00:00:00.000Z", "twitter_username": "TokenStars", "is_hidden": 0, "date_launched": null, "contract_address": [{"contract_address": "0x06147110022b768ba8f99a8f385df11a151a9cc8", "platform": {"name": "Ethereum", "coin": {"id": "1027", "name": "Ethereum", "symbol": "ETH", "slug": "ethereum"}}}], "self_reported_circulating_supply": NaN, "self_reported_tags": null, "self_reported_market_cap": NaN}, {"id": 5717, "name": "ACE", "symbol": "ACE", "category": "token", "description": "ACE (ACE) is a cryptocurrency launched in 2019and operates on the EOS platform. ACE has a current supply of 2,000,000,000 with 0 in circulation. The last known price of ACE is 0.00280119 USD and is up 0.00 over the last 24 hours. More information can be found at https://www.aceentertainment.io.", "slug": "ace-entertainment", "logo": "https://s2.coinmarketcap.com/static/img/coins/64x64/5717.png", "subreddit": "", "notice": "", "tags": null, "tag-names": null, "tag-groups": null, "urls": {"website": ["https://www.aceentertainment.io", "https://www.ace-coin.io"], "twitter": [], "message_board": ["http://news.aceentertainment.io/"], "chat": ["https://web.telegram.org/#/im?p=@ACEEntertainment", "https://open.kakao.com/o/gbO2frbc"], "facebook": [], "explorer": ["https://eosflare.io/account/acedeveloper"], "reddit": [], "technical_doc": ["https://aceentertainment.io/_data/ACE_Whitepaper_EN.pdf"], "source_code": ["https://github.com/EOSIO/eos"], "announcement": []}, "platform": {"id": "1765", "name": "EOS", "slug": "eos", "symbol": "EOS", "token_address": "acedeveloper"}, "date_added": "2020-06-22T00:00:00.000Z", "twitter_username": "", "is_hidden": 0, "date_launched": "2019-04-05T00:00:00.000Z", "contract_address": [{"contract_address": "acedeveloper", "platform": {"name": "EOS", "coin": {"id": "1765", "name": "EOS", "symbol": "EOS", "slug": "eos"}}}], "self_reported_circulating_supply": NaN, "self_reported_tags": null, "self_reported_market_cap": NaN}, {"id": 11481, "name": "BURNACE", "symbol": "ACE", "category": "token", "description": "BURNACE (ACE) is a cryptocurrency launched in 2021and operates on the BNB Smart Chain (BEP20) platform. BURNACE has a current supply of 487,569,378.033669 with 0 in circulation. The last known price of BURNACE is 0.00097352 USD and is up 0.26 over the last 24 hours. More information can be found at https://burnace.io.", "slug": "burnace", "logo": "https://s2.coinmarketcap.com/static/img/coins/64x64/11481.png", "subreddit": "burnace", "notice": "", "tags": null, "tag-names": null, "tag-groups": null, "urls": {"website": ["https://burnace.io"], "twitter": ["https://twitter.com/burnace_io"], "message_board": ["https://burnace.medium.com", "https://burnace.medium.com"], "chat": ["https://t.me/burnace", "https://t.me/burnacenews"], "facebook": [], "explorer": ["https://bscscan.com/token/0x96d67a9c5329f57384c7e7bbb082a81475d2952f"], "reddit": ["https://reddit.com/r/burnace"], "technical_doc": ["https://docs.burnace.io"], "source_code": ["https://github.com/burnace/burnace"], "announcement": ["https://twitter.com/burnace_io/status/1432785129504653319"]}, "platform": {"id": "1839", "name": "BNB", "slug": "bnb", "symbol": "BNB", "token_address": "0x96d67a9c5329f57384c7e7bbb082a81475d2952f"}, "date_added": "2021-08-30T08:01:36.000Z", "twitter_username": "burnace_io", "is_hidden": 0, "date_launched": "2021-08-03T00:00:00.000Z", "contract_address": [{"contract_address": "0x96d67a9c5329f57384c7e7bbb082a81475d2952f", "platform": {"name": "BNB Smart Chain (BEP20)", "coin": {"id": "1839", "name": "BNB", "symbol": "BNB", "slug": "bnb"}}}], "self_reported_circulating_supply": NaN, "self_reported_tags": null, "self_reported_market_cap": NaN}, {"id": 17177, "name": "Ascend", "symbol": "ACE", "category": "token", "description": "Ascend (ACE) is a cryptocurrency and operates on the Ethereum platform. Ascend has a current supply of 100,000,000,000,000 with 0 in circulation. The last known price of Ascend is 0.00000001 USD and is up 0.00 over the last 24 hours. More information can be found at https://ascendtokens.io/.", "slug": "ascend", "logo": "https://s2.coinmarketcap.com/static/img/coins/64x64/17177.png", "subreddit": "", "notice": "", "tags": null, "tag-names": null, "tag-groups": null, "urls": {"website": ["https://ascendtokens.io/"], "twitter": ["https://twitter.com/AscendToken_"], "message_board": [], "chat": ["https://t.me/AscendTokenportal"], "facebook": [], "explorer": ["https://etherscan.io/token/0xcbd0595113c173ab7746347d0600d390a85a7eea", "https://ethplorer.io/address/0xcbd0595113c173ab7746347d0600d390a85a7eea"], "reddit": [], "technical_doc": [], "source_code": [], "announcement": []}, "platform": {"id": "1027", "name": "Ethereum", "slug": "ethereum", "symbol": "ETH", "token_address": "0xcbd0595113c173ab7746347d0600d390a85a7eea"}, "date_added": "2022-01-12T05:58:21.000Z", "twitter_username": "AscendToken_", "is_hidden": 0, "date_launched": null, "contract_address": [{"contract_address": "0xcbd0595113c173ab7746347d0600d390a85a7eea", "platform": {"name": "Ethereum", "coin": {"id": "1027", "name": "Ethereum", "symbol": "ETH", "slug": "ethereum"}}}], "self_reported_circulating_supply": NaN, "self_reported_tags": null, "self_reported_market_cap": NaN}]