[{"id": 11913, "name": "AcknoLedger", "symbol": "ACK", "category": "token", "description": "AcknoLedger (ACK) is a cryptocurrency launched in 2021and operates on the BNB Smart Chain (BEP20) platform. AcknoLedger has a current supply of 117,718,487 with 68,875,136.03336264 in circulation. The last known price of AcknoLedger is 0.01299807 USD and is up -0.00 over the last 24 hours. It is currently trading on 9 active market(s) with $11.20 traded over the last 24 hours. More information can be found at https://acknoledger.com/.", "slug": "acknoledger", "logo": "https://s2.coinmarketcap.com/static/img/coins/64x64/11913.png", "subreddit": "", "notice": "", "tags": ["collectibles-nfts", "metaverse", "genpad"], "tag-names": ["Collectibles & NFTs", "Metaverse", "Genpad"], "tag-groups": ["CATEGORY", "CATEGORY", "CATEGORY"], "urls": {"website": ["https://acknoledger.com/"], "twitter": ["https://twitter.com/acknoledger"], "message_board": ["https://acknoledger.medium.com/"], "chat": ["https://t.me/acknoledgercommunity", "http://t.me/acknoledger"], "facebook": [], "explorer": ["https://bscscan.com/token/0xf7b5fb4607abfe0ecf332c23cbdcc9e425b443a8"], "reddit": [], "technical_doc": ["https://docsend.com/view/gjrc6g4ux8jwtd8e"], "source_code": [], "announcement": ["https://twitter.com/acknoledger"]}, "platform": {"id": "1839", "name": "BNB", "slug": "bnb", "symbol": "BNB", "token_address": "0xf7b5fb4607abfe0ecf332c23cbdcc9e425b443a8"}, "date_added": "2021-10-28T12:39:28.000Z", "twitter_username": "acknoledger", "is_hidden": 0, "date_launched": "2021-09-14T00:00:00.000Z", "contract_address": [{"contract_address": "0xf7b5fb4607abfe0ecf332c23cbdcc9e425b443a8", "platform": {"name": "BNB Smart Chain (BEP20)", "coin": {"id": "1839", "name": "BNB", "symbol": "BNB", "slug": "bnb"}}}], "self_reported_circulating_supply": 5576000, "self_reported_tags": ["Marketing", "Art", "Events", "Marketplace", "Medium of Exchange", "Platform", "Services", "Store Of Value", "VR/AR", "Enterprise Solutions", "Collectibles & NFTs", "E-commerce", "Gaming", "Entertainment", "Identity", "Search Engine", "BNB Smart Chain", "Metaverse", "Genpad", "Polygon Ecosystem", "Web3", "Token", "Gains Associates", "Magnus Capital Portfolio"], "self_reported_market_cap": 72473.76671733543}, {"id": 20518, "name": "Arcade Kingdoms", "symbol": "ACK", "category": "token", "description": "Arcade Kingdoms (ACK) is a cryptocurrency launched in 2022and operates on the BNB Smart Chain (BEP20) platform. Arcade Kingdoms has a current supply of 100,000,000 with 0 in circulation. The last known price of Arcade Kingdoms is 0.00147902 USD and is down -3.51 over the last 24 hours. It is currently trading on 3 active market(s) with $98,952.23 traded over the last 24 hours. More information can be found at https://arcadekingdoms.com.", "slug": "arcade-kingdoms", "logo": "https://s2.coinmarketcap.com/static/img/coins/64x64/20518.png", "subreddit": "", "notice": "", "tags": null, "tag-names": null, "tag-groups": null, "urls": {"website": ["https://arcadekingdoms.com"], "twitter": ["https://twitter.com/ArcadeKingdoms"], "message_board": [], "chat": ["https://t.me/arcadekingdoms"], "facebook": [], "explorer": ["https://bscscan.com/token/0x52ec25e58a9e144ff002625bb2aa58cc6da24cb2"], "reddit": [], "technical_doc": [], "source_code": [], "announcement": []}, "platform": {"id": "1839", "name": "BNB", "slug": "bnb", "symbol": "BNB", "token_address": "0x52ec25e58a9e144ff002625bb2aa58cc6da24cb2"}, "date_added": "2022-06-08T23:56:59.000Z", "twitter_username": "ArcadeKingdoms", "is_hidden": 0, "date_launched": "2022-05-17T00:00:00.000Z", "contract_address": [{"contract_address": "0x52ec25e58a9e144ff002625bb2aa58cc6da24cb2", "platform": {"name": "BNB Smart Chain (BEP20)", "coin": {"id": "1839", "name": "BNB", "symbol": "BNB", "slug": "bnb"}}}], "self_reported_circulating_supply": 100000000, "self_reported_tags": null, "self_reported_market_cap": 147232.40527563338}]