[{"id": 8538, "name": "AC Milan Fan Token", "symbol": "ACM", "category": "token", "description": "AC Milan Fan Token (ACM) is a cryptocurrency and operates on the Chiliz platform. AC Milan Fan Token has a current supply of 20,000,000 with 4,147,212 in circulation. The last known price of AC Milan Fan Token is 2.29218985 USD and is down -0.48 over the last 24 hours. It is currently trading on 25 active market(s) with $852,951.97 traded over the last 24 hours. More information can be found at https://www.socios.com/.", "slug": "ac-milan-fan-token", "logo": "https://s2.coinmarketcap.com/static/img/coins/64x64/8538.png", "subreddit": "", "notice": "", "tags": ["sports", "fan-token", "binance-launchpad", "soccer"], "tag-names": ["Sports", "Fan Token", "Binance Launchpad", "Soccer"], "tag-groups": ["INDUSTRY", "CATEGORY", "CATEGORY", "CATEGORY"], "urls": {"website": ["https://www.socios.com/"], "twitter": ["https://twitter.com/Chiliz"], "message_board": ["https://medium.com/socios/tagged/ac-milan"], "chat": ["https://t.me/chiliz_io"], "facebook": [], "explorer": ["https://explorer.chiliz.com/tokens/0xea6a3e367e96521fd9e8296425a44efa6aee82da/token_transfers"], "reddit": [], "technical_doc": [], "source_code": [], "announcement": []}, "platform": {"id": "4066", "name": "Chiliz", "slug": "chiliz", "symbol": "CHZ", "token_address": "0xEA6A3E367e96521fD9E8296425a44EFa6aee82da"}, "date_added": "2021-02-22T00:00:00.000Z", "twitter_username": "Chiliz", "is_hidden": 0, "date_launched": null, "contract_address": [{"contract_address": "0xEA6A3E367e96521fD9E8296425a44EFa6aee82da", "platform": {"name": "Chiliz", "coin": {"id": "4066", "name": "Chiliz", "symbol": "CHZ", "slug": "chiliz"}}}], "self_reported_circulating_supply": 4162380.0, "self_reported_tags": null, "self_reported_market_cap": 9560898.241474684}, {"id": 3386, "name": "Actinium", "symbol": "ACM", "category": "coin", "description": "Actinium (ACM) is a cryptocurrency . Users are able to generate ACM through the process of mining. Actinium has a current supply of 44,667,375. The last known price of Actinium is 0.0024776 USD and is down -6.51 over the last 24 hours. It is currently trading on 4 active market(s) with $42.18 traded over the last 24 hours. More information can be found at https://actinium.org.", "slug": "actinium", "logo": "https://s2.coinmarketcap.com/static/img/coins/64x64/3386.png", "subreddit": "ActiniumCrypto", "notice": "", "tags": ["mineable"], "tag-names": ["Mineable"], "tag-groups": ["OTHERS"], "urls": {"website": ["https://actinium.org"], "twitter": ["https://twitter.com/actiniumcrypto"], "message_board": [], "chat": ["https://discord.actinium.org"], "facebook": [], "explorer": ["https://altexplorer.co/coin/acm/", "https://explorer.actinium.org", "https://explorer2.actinium.org"], "reddit": ["https://reddit.com/r/ActiniumCrypto"], "technical_doc": [], "source_code": ["https://github.com/Actinium-project"], "announcement": ["https://bitcointalk.org/index.php?topic=4300440"]}, "platform": null, "date_added": "2018-10-04T00:00:00.000Z", "twitter_username": "actiniumcrypto", "is_hidden": 0, "date_launched": null, "contract_address": [], "self_reported_circulating_supply": NaN, "self_reported_tags": null, "self_reported_market_cap": NaN}, {"id": 17791, "name": "Acumen", "symbol": "ACM", "category": "token", "description": "Acumen (ACM) is a cryptocurrency and operates on the Solana platform. Acumen has a current supply of 19,000,000 with 0 in circulation. The last known price of Acumen is 0.19314548 USD and is up 0.00 over the last 24 hours. More information can be found at https://acumen.network.", "slug": "aucume", "logo": "https://s2.coinmarketcap.com/static/img/coins/64x64/17791.png", "subreddit": "", "notice": "", "tags": null, "tag-names": null, "tag-groups": null, "urls": {"website": ["https://acumen.network"], "twitter": ["https://twitter.com/acumenofficial"], "message_board": [], "chat": ["https://discord.gg/UXDnngxRmn"], "facebook": [], "explorer": ["https://solscan.io/token/ACUMENkbnxQPAsN8XrNA11sY3NmXDNKVCqS82EiDqMYB"], "reddit": [], "technical_doc": [], "source_code": ["https://github.com/AcumenProtocol"], "announcement": ["https://acumenofficial.medium.com/"]}, "platform": {"id": "5426", "name": "Solana", "slug": "solana", "symbol": "SOL", "token_address": "ACUMENkbnxQPAsN8XrNA11sY3NmXDNKVCqS82EiDqMYB"}, "date_added": "2022-02-01T13:10:12.000Z", "twitter_username": "acumenofficial", "is_hidden": 0, "date_launched": null, "contract_address": [{"contract_address": "ACUMENkbnxQPAsN8XrNA11sY3NmXDNKVCqS82EiDqMYB", "platform": {"name": "Solana", "coin": {"id": "5426", "name": "Solana", "symbol": "SOL", "slug": "solana"}}}], "self_reported_circulating_supply": NaN, "self_reported_tags": null, "self_reported_market_cap": NaN}]