[{"id": 15442, "name": "All Coins Yield Capital", "symbol": "ACYC", "category": "token", "description": "All Coins Yield Capital (ACYC) is a cryptocurrency and operates on the Ethereum platform. All Coins Yield Capital has a current supply of 0. The last known price of All Coins Yield Capital is 0.00000027 USD and is down -0.48 over the last 24 hours. It is currently trading on 5 active market(s) with $53,441.71 traded over the last 24 hours. More information can be found at https://acy.capital/.", "slug": "all-coins-yield-capital", "logo": "https://s2.coinmarketcap.com/static/img/coins/64x64/15442.png", "subreddit": "", "notice": "", "tags": ["farming-as-a-service"], "tag-names": ["Farming as a Service (FaaS)"], "tag-groups": ["CATEGORY"], "urls": {"website": ["https://acy.capital/"], "twitter": ["https://twitter.com/ACYCapital"], "message_board": ["https://acycapital.medium.com/"], "chat": ["https://t.me/ACYCapital"], "facebook": [], "explorer": ["https://etherscan.io/token/0xb56a1f3310578f23120182fb2e58c087efe6e147", "https://ethplorer.io/address/0xb56a1f3310578f23120182fb2e58c087efe6e147"], "reddit": [], "technical_doc": [], "source_code": [], "announcement": []}, "platform": {"id": "1027", "name": "Ethereum", "slug": "ethereum", "symbol": "ETH", "token_address": "0xb56a1f3310578f23120182fb2e58c087efe6e147"}, "date_added": "2021-12-01T06:24:24.000Z", "twitter_username": "ACYCapital", "is_hidden": 0, "date_launched": null, "contract_address": [{"contract_address": "0xb56a1f3310578f23120182fb2e58c087efe6e147", "platform": {"name": "Ethereum", "coin": {"id": "1027", "name": "Ethereum", "symbol": "ETH", "slug": "ethereum"}}}], "self_reported_circulating_supply": null, "self_reported_tags": null, "self_reported_market_cap": null}]