[{"id": 2010, "name": "Cardano", "symbol": "ADA", "category": "coin", "description": "Cardano (ADA) is a cryptocurrency launched in 2017. Cardano has a current supply of 35,303,937,971.934 with 34,513,553,899.234 in circulation. The last known price of Cardano is 0.2419821 USD and is down -1.41 over the last 24 hours. It is currently trading on 624 active market(s) with $184,562,485.61 traded over the last 24 hours. More information can be found at https://www.cardano.org.", "slug": "cardano", "logo": "https://s2.coinmarketcap.com/static/img/coins/64x64/2010.png", "subreddit": "cardano", "notice": "", "tags": ["dpos", "pos", "platform", "research", "smart-contracts", "staking", "cardano-ecosystem", "cardano"], "tag-names": ["DPoS", "PoS", "Platform", "Research", "Smart Contracts", "Staking", "Cardano Ecosystem", "Cardano"], "tag-groups": ["ALGORITHM", "ALGORITHM", "CATEGORY", "INDUSTRY", "CATEGORY", "CATEGORY", "CATEGORY", "PLATFORM"], "urls": {"website": ["https://www.cardano.org"], "twitter": ["https://twitter.com/cardano"], "message_board": ["https://medium.com/feed/cardanorss", "https://forum.cardano.org/"], "chat": ["https://t.me/Cardano"], "facebook": [], "explorer": ["https://explorer.cardano.org", "https://cardanoscan.io/", "https://blockchair.com/cardano", "https://bscscan.com/token/0x3ee2200efb3400fabb9aacf31297cbdd1d435d47", "https://ada.tokenview.com/en"], "reddit": ["https://reddit.com/r/cardano"], "technical_doc": ["https://docs.cardano.org/en/latest/"], "source_code": ["https://cardanoupdates.com/"], "announcement": ["https://t.me/CardanoAnnouncements"]}, "platform": null, "date_added": "2017-10-01T00:00:00.000Z", "twitter_username": "cardano", "is_hidden": 0, "date_launched": "2017-09-01T00:00:00.000Z", "contract_address": [{"contract_address": "0x3ee2200efb3400fabb9aacf31297cbdd1d435d47", "platform": {"name": "BNB Smart Chain (BEP20)", "coin": {"id": "1839", "name": "BNB", "symbol": "BNB", "slug": "bnb"}}}, {"contract_address": "lovelace", "platform": {"name": "Cardano", "coin": {"id": "2010", "name": "Cardano", "symbol": "ADA", "slug": "cardano"}}}], "self_reported_circulating_supply": null, "self_reported_tags": ["Communications & Social Media"], "self_reported_market_cap": null}]