[{"id": 5763, "name": "Aave DAI", "symbol": "ADAI", "category": "token", "description": "Aave DAI (ADAI) is a cryptocurrency and operates on the Ethereum platform. Aave DAI has a current supply of 5,440,464.2 with 0 in circulation. The last known price of Aave DAI is 0.99954772 USD and is down -0.03 over the last 24 hours. It is currently trading on 2 active market(s) with $0.00 traded over the last 24 hours. More information can be found at https://aave.com/.", "slug": "aave-dai", "logo": "https://s2.coinmarketcap.com/static/img/coins/64x64/5763.png", "subreddit": "Aave_Official", "notice": "", "tags": ["defi", "aave-tokens", "arbitrum-ecosytem"], "tag-names": ["DeFi", "Aave Tokens", "Arbitrum Ecosystem"], "tag-groups": ["CATEGORY", "CATEGORY", "PLATFORM"], "urls": {"website": ["https://aave.com/", "https://ethlend.io"], "twitter": ["https://twitter.com/AaveAave"], "message_board": ["https://medium.com/aave"], "chat": ["https://aave.com/discord"], "facebook": [], "explorer": ["https://etherscan.io/token/0xfC1E690f61EFd961294b3e1Ce3313fBD8aa4f85d", "https://ethplorer.io/address/0xfC1E690f61EFd961294b3e1Ce3313fBD8aa4f85d", "https://blockscout.com/xdai/mainnet/tokens/0xbcfB2B889F7bAa29Dd7A7B447b6C87Aca572F4f4/token-transfers"], "reddit": ["https://reddit.com/r/Aave_Official"], "technical_doc": ["https://github.com/aave/aave-protocol/blob/master/docs/Aave_Protocol_Whitepaper_v1_0.pdf"], "source_code": ["https://github.com/aave"], "announcement": ["https://bitcointalk.org/index.php?topic=2090735.0"]}, "platform": {"id": "1027", "name": "Ethereum", "slug": "ethereum", "symbol": "ETH", "token_address": "0xfC1E690f61EFd961294b3e1Ce3313fBD8aa4f85d"}, "date_added": "2020-06-28T00:00:00.000Z", "twitter_username": "AaveAave", "is_hidden": 0, "date_launched": null, "contract_address": [{"contract_address": "0xfC1E690f61EFd961294b3e1Ce3313fBD8aa4f85d", "platform": {"name": "Ethereum", "coin": {"id": "1027", "name": "Ethereum", "symbol": "ETH", "slug": "ethereum"}}}, {"contract_address": "0xbcfB2B889F7bAa29Dd7A7B447b6C87Aca572F4f4", "platform": {"name": "Gnosis Chain", "coin": {"id": "1659", "name": "Gnosis", "symbol": "GNO", "slug": "gnosis-gno"}}}], "self_reported_circulating_supply": null, "self_reported_tags": null, "self_reported_market_cap": null}]