[{"id": 11349, "name": "ADAPad", "symbol": "ADAPAD", "category": "token", "description": "ADAPad (ADAPAD) is a cryptocurrency launched in 2021and operates on the Ethereum platform. ADAPad has a current supply of 117,642,373.1. The last known price of ADAPad is 0.00682438 USD and is down -4.64 over the last 24 hours. It is currently trading on 17 active market(s) with $16,284.72 traded over the last 24 hours. More information can be found at https://adapad.io/.", "slug": "adapad", "logo": "https://s2.coinmarketcap.com/static/img/coins/64x64/11349.png", "subreddit": "", "notice": "", "tags": ["launchpad", "bluezilla"], "tag-names": ["Launchpad", "BlueZilla"], "tag-groups": ["CATEGORY", "CATEGORY"], "urls": {"website": ["https://adapad.io/"], "twitter": ["https://twitter.com/ADAPadofficial"], "message_board": [], "chat": ["https://t.me/Adapadofficial"], "facebook": [], "explorer": ["https://blockscan.com/address/0xdb0170e2d0c1cc1b2e7a90313d9b9afa4f250289", "https://bscscan.com/token/0xdb0170e2d0c1cc1b2e7a90313d9b9afa4f250289"], "reddit": [], "technical_doc": [], "source_code": [], "announcement": ["https://t.me/ADAPadAnn"]}, "platform": {"id": "1027", "name": "Ethereum", "slug": "ethereum", "symbol": "ETH", "token_address": "0xdb0170e2d0c1cc1b2e7a90313d9b9afa4f250289"}, "date_added": "2021-08-21T00:00:00.000Z", "twitter_username": "ADAPadofficial", "is_hidden": 0, "date_launched": "2021-09-08T00:00:00.000Z", "contract_address": [{"contract_address": "0xdb0170e2d0c1cc1b2e7a90313d9b9afa4f250289", "platform": {"name": "Ethereum", "coin": {"id": "1027", "name": "Ethereum", "symbol": "ETH", "slug": "ethereum"}}}, {"contract_address": "0xdb0170e2d0c1cc1b2e7a90313d9b9afa4f250289", "platform": {"name": "BNB Smart Chain (BEP20)", "coin": {"id": "1839", "name": "BNB", "symbol": "BNB", "slug": "bnb"}}}], "self_reported_circulating_supply": 65883266.75, "self_reported_tags": ["DeFi", "Launchpad"], "self_reported_market_cap": 450322.2378596144}]