[{"id": 10833, "name": "ADAX", "symbol": "ADAX", "category": "token", "description": "ADAX (ADAX) is a cryptocurrency launched in 2021and operates on the Cardano platform. ADAX has a current supply of 100,000,000 with 0 in circulation. The last known price of ADAX is 0.01637324 USD and is down -1.79 over the last 24 hours. It is currently trading on 11 active market(s) with $160,379.88 traded over the last 24 hours. More information can be found at https://www.adax.pro.", "slug": "adax", "logo": "https://s2.coinmarketcap.com/static/img/coins/64x64/10833.png", "subreddit": "ADAXPRO", "notice": "", "tags": ["cardano-ecosystem", "cardano"], "tag-names": ["Cardano Ecosystem", "Cardano"], "tag-groups": ["CATEGORY", "PLATFORM"], "urls": {"website": ["https://www.adax.pro"], "twitter": ["https://twitter.com/adax_pro"], "message_board": [], "chat": ["https://t.me/adaxcommunity", "https://discord.com/invite/GxXNQ9zS8e"], "facebook": [], "explorer": ["https://cardanoscan.io/token/0c78f619e54a5d00e143f66181a2c500d0c394b38a10e86cd1a23c5f41444158"], "reddit": ["https://reddit.com/r/ADAXPRO"], "technical_doc": ["https://adax.pro/static/Adax_PRO_Whitepaper.pdf"], "source_code": [], "announcement": ["https://finance.yahoo.com/news/adax-cardano-based-decentralized-exchange-152500884.html"]}, "platform": {"id": "2010", "name": "Cardano", "slug": "cardano", "symbol": "ADA", "token_address": "0c78f619e54a5d00e143f66181a2c500d0c394b38a10e86cd1a23c5f41444158"}, "date_added": "2021-07-11T00:00:00.000Z", "twitter_username": "adax_pro", "is_hidden": 0, "date_launched": "2021-05-31T00:00:00.000Z", "contract_address": [{"contract_address": "0c78f619e54a5d00e143f66181a2c500d0c394b38a10e86cd1a23c5f41444158", "platform": {"name": "Cardano", "coin": {"id": "2010", "name": "Cardano", "symbol": "ADA", "slug": "cardano"}}}], "self_reported_circulating_supply": 52410000, "self_reported_tags": null, "self_reported_market_cap": 858649.8847218837}]