[{"id": 948, "name": "AudioCoin", "symbol": "ADC", "category": "coin", "description": "AudioCoin (ADC) is a cryptocurrency . Users are able to generate ADC through the process of mining. AudioCoin has a current supply of 980,733,270.76465. The last known price of AudioCoin is 0.00016497 USD and is down -0.65 over the last 24 hours. It is currently trading on 2 active market(s) with $0.00 traded over the last 24 hours. More information can be found at http://www.audiocoin.eu/.", "slug": "audiocoin", "logo": "https://s2.coinmarketcap.com/static/img/coins/64x64/948.png", "subreddit": "", "notice": "", "tags": ["mineable", "hybrid-pow-pos", "scrypt", "music"], "tag-names": ["Mineable", "Hybrid - PoW & PoS", "Scrypt", "Music"], "tag-groups": ["OTHERS", "ALGORITHM", "ALGORITHM", "INDUSTRY"], "urls": {"website": ["http://www.audiocoin.eu/"], "twitter": ["https://twitter.com/ADCaudiocoin"], "message_board": [], "chat": ["http://discord.audiocoin.eu/"], "facebook": [], "explorer": ["http://www.presstab.pw/phpexplorer/ADC/index.php"], "reddit": [], "technical_doc": ["https://www.audiocoin.eu/the-new-brand-identity/"], "source_code": ["https://github.com/aurovine/audiocoin"], "announcement": ["https://bitcointalk.org/index.php?topic=1151767"]}, "platform": null, "date_added": "2015-06-05T00:00:00.000Z", "twitter_username": "ADCaudiocoin", "is_hidden": 0, "date_launched": null, "contract_address": [], "self_reported_circulating_supply": null, "self_reported_tags": null, "self_reported_market_cap": null}]