[{"id": 11878, "name": "Arbidoge", "symbol": "ADOGE", "category": "token", "description": "Arbidoge (ADOGE) is a cryptocurrency launched in 2021and operates on the Arbitrum platform. Arbidoge has a current supply of 10,000,000,000,000 with 0 in circulation. The last known price of Arbidoge is 0.00000003 USD and is down -21.37 over the last 24 hours. It is currently trading on 5 active market(s) with $7,626.55 traded over the last 24 hours. More information can be found at https://arbidoge.io/.", "slug": "arbidoge", "logo": "https://s2.coinmarketcap.com/static/img/coins/64x64/11878.png", "subreddit": "", "notice": "", "tags": ["arbitrum-ecosytem"], "tag-names": ["Arbitrum Ecosystem"], "tag-groups": ["PLATFORM"], "urls": {"website": ["https://arbidoge.io/"], "twitter": ["https://twitter.com/arbidogecoin"], "message_board": ["https://discord.gg/NYfpKJA7"], "chat": ["https://t.me/arbidoge", "https://discord.gg/NYfpKJA7"], "facebook": [], "explorer": ["https://arbiscan.io/token/0x155f0dd04424939368972f4e1838687d6a831151"], "reddit": [], "technical_doc": [], "source_code": [], "announcement": []}, "platform": null, "date_added": "2021-09-14T14:19:01.000Z", "twitter_username": "arbidogecoin", "is_hidden": 0, "date_launched": "2021-08-30T00:00:00.000Z", "contract_address": [], "self_reported_circulating_supply": null, "self_reported_tags": null, "self_reported_market_cap": null}, {"id": 18505, "name": "AmazingDoge", "symbol": "ADOGE", "category": "token", "description": "AmazingDoge (ADOGE) is a cryptocurrency and operates on the BNB Smart Chain (BEP20) platform. AmazingDoge has a current supply of 1,000,000,000,000 with 0 in circulation. The last known price of AmazingDoge is 0.00000018 USD and is down -0.37 over the last 24 hours. It is currently trading on 9 active market(s) with $19.90 traded over the last 24 hours. More information can be found at https://www.amazingnft.vip.", "slug": "amazingdoge", "logo": "https://s2.coinmarketcap.com/static/img/coins/64x64/18505.png", "subreddit": "", "notice": "", "tags": ["memes", "doggone-doggerel"], "tag-names": ["Memes", "Doggone Doggerel"], "tag-groups": ["INDUSTRY", "CATEGORY"], "urls": {"website": ["https://www.amazingnft.vip"], "twitter": ["https://twitter.com/AmazingDogeCoin"], "message_board": [], "chat": ["https://t.me/amazingdoge_cn"], "facebook": ["https://www.facebook.com/amazingdogecoin"], "explorer": ["https://bscscan.com/token/0x0EBc30459551858e81306d583025d12C7d795FA2"], "reddit": [], "technical_doc": ["https://github.com/AmazingDogebsc/WhitePaper/blob/main/ADOGE%20NFT_EN.pdf"], "source_code": ["https://github.com/AmazingDogebsc/"], "announcement": []}, "platform": {"id": "1839", "name": "BNB", "slug": "bnb", "symbol": "BNB", "token_address": "0x0EBc30459551858e81306d583025d12C7d795FA2"}, "date_added": "2022-03-02T08:40:25.000Z", "twitter_username": "AmazingDogeCoin", "is_hidden": 0, "date_launched": null, "contract_address": [{"contract_address": "0x0EBc30459551858e81306d583025d12C7d795FA2", "platform": {"name": "BNB Smart Chain (BEP20)", "coin": {"id": "1839", "name": "BNB", "symbol": "BNB", "slug": "bnb"}}}], "self_reported_circulating_supply": null, "self_reported_tags": null, "self_reported_market_cap": null}]