[{"id": 8044, "name": "Adappter Token", "symbol": "ADP", "category": "token", "description": "Adappter Token (ADP) is a cryptocurrency launched in 2019and operates on the Ethereum platform. Adappter Token has a current supply of 4,954,376,143 with 1,134,212,955 in circulation. The last known price of Adappter Token is 0.00742866 USD and is down -0.15 over the last 24 hours. It is currently trading on 11 active market(s) with $1,503,393.38 traded over the last 24 hours. More information can be found at https://adappter.io/eng.html.", "slug": "adappter-token", "logo": "https://s2.coinmarketcap.com/static/img/coins/64x64/8044.png", "subreddit": "", "notice": "", "tags": ["ethereum-ecosystem"], "tag-names": ["Ethereum Ecosystem"], "tag-groups": ["PLATFORM"], "urls": {"website": ["https://adappter.io/eng.html"], "twitter": ["https://twitter.com/Adappter_io"], "message_board": [], "chat": [], "facebook": ["https://www.facebook.com/Adappter.io"], "explorer": ["https://etherscan.io/token/0xc314b0e758d5ff74f63e307a86ebfe183c95767b", "https://ethplorer.io/address/0xc314b0e758d5ff74f63e307a86ebfe183c95767b"], "reddit": [], "technical_doc": ["https://adappter.io/pdf/Adappter_WhitePaper_EN.pdf"], "source_code": ["https://github.com/sinestcorp/Adappter"], "announcement": ["https://t.me/AdappterOfficial"]}, "platform": {"id": "1027", "name": "Ethereum", "slug": "ethereum", "symbol": "ETH", "token_address": "0xc314b0e758d5ff74f63e307a86ebfe183c95767b"}, "date_added": "2020-12-17T00:00:00.000Z", "twitter_username": "Adappter_io", "is_hidden": 0, "date_launched": "2019-08-18T00:00:00.000Z", "contract_address": [{"contract_address": "0xc314b0e758d5ff74f63e307a86ebfe183c95767b", "platform": {"name": "Ethereum", "coin": {"id": "1027", "name": "Ethereum", "symbol": "ETH", "slug": "ethereum"}}}], "self_reported_circulating_supply": 723200522, "self_reported_tags": null, "self_reported_market_cap": 5361841.764434869}]