[{"id": 18261, "name": "Adroverse", "symbol": "ADR", "category": "token", "description": "Adroverse (ADR) is a cryptocurrency launched in 2022and operates on the BNB Smart Chain (BEP20) platform. Adroverse has a current supply of 1,000,000,000 with 0 in circulation. The last known price of Adroverse is 0.00089734 USD and is down -0.17 over the last 24 hours. It is currently trading on 4 active market(s) with $23,669.78 traded over the last 24 hours. More information can be found at https://adroverse.io/.", "slug": "adroverse", "logo": "https://s2.coinmarketcap.com/static/img/coins/64x64/18261.png", "subreddit": "AdroverseFoundation", "notice": "", "tags": ["bullperks-launchpad", "kommunitas-launchpad"], "tag-names": ["BullPerks Launchpad", "Kommunitas Launchpad"], "tag-groups": ["CATEGORY", "CATEGORY"], "urls": {"website": ["https://adroverse.io/"], "twitter": ["https://twitter.com/adroverse"], "message_board": ["https://adroverse.medium.com/"], "chat": ["https://t.me/adroversegroup", "https://discord.gg/5PwGzpfCwT"], "facebook": [], "explorer": ["https://bscscan.com/token/0x36F1f32c728C3F330409eC1F0928Fa3aB3C8A76F"], "reddit": ["https://reddit.com/r/AdroverseFoundation"], "technical_doc": ["https://docsend.com/view/5uw4wji45bencfey"], "source_code": [], "announcement": ["https://t.me/adroversechannel"]}, "platform": {"id": "1839", "name": "BNB", "slug": "bnb", "symbol": "BNB", "token_address": "0x36F1f32c728C3F330409eC1F0928Fa3aB3C8A76F"}, "date_added": "2022-02-22T09:18:21.000Z", "twitter_username": "adroverse", "is_hidden": 0, "date_launched": "2022-02-14T00:00:00.000Z", "contract_address": [{"contract_address": "0x36F1f32c728C3F330409eC1F0928Fa3aB3C8A76F", "platform": {"name": "BNB Smart Chain (BEP20)", "coin": {"id": "1839", "name": "BNB", "symbol": "BNB", "slug": "bnb"}}}], "self_reported_circulating_supply": 31416667, "self_reported_tags": null, "self_reported_market_cap": 28191.412488429592}]