[{"id": 1883, "name": "Adshares", "symbol": "ADS", "category": "coin", "description": "Adshares (ADS) is a cryptocurrency . Adshares has a current supply of 38,758,206 with 34,222,851.189679 in circulation. The last known price of Adshares is 1.24541536 USD and is up 0.15 over the last 24 hours. It is currently trading on 25 active market(s) with $1,236,669.04 traded over the last 24 hours. More information can be found at https://adshares.net/.", "slug": "adshares", "logo": "https://s2.coinmarketcap.com/static/img/coins/64x64/1883.png", "subreddit": "adshares", "notice": "", "tags": ["marketing", "gaming", "metaverse", "bnb-chain"], "tag-names": ["Marketing", "Gaming", "Metaverse", "BNB Chain"], "tag-groups": ["INDUSTRY", "INDUSTRY", "CATEGORY", "PLATFORM"], "urls": {"website": ["https://adshares.net/"], "twitter": ["https://twitter.com/adsharesNet"], "message_board": ["https://medium.com/adshares", "https://www.youtube.com/channel/UCc05k_XkrwI7Eb4LjpVM-3w"], "chat": ["https://t.me/adshares", "https://discord.gg/KqW98MbAce"], "facebook": [], "explorer": ["https://operator.adshares.net/blockexplorer", "https://etherscan.io/token/0xcfcecfe2bd2fed07a9145222e8a7ad9cf1ccd22a", "https://bscscan.com/token/0xcfcecfe2bd2fed07a9145222e8a7ad9cf1ccd22a", "https://etherscan.io/token/0xcfcecfe2bd2fed07a9145222e8a7ad9cf1ccd22a", "https://polygonscan.com/token/0x598e49f01befeb1753737934a5b11fea9119c796"], "reddit": ["https://reddit.com/r/adshares"], "technical_doc": ["https://adshares.net/assets/docs/Adshares.Network.whitepaper.pdf"], "source_code": ["https://github.com/adshares/adserver"], "announcement": ["https://adshares.net/"]}, "platform": {"id": "1027", "name": "Ethereum", "slug": "ethereum", "symbol": "ETH", "token_address": "0xcfcecfe2bd2fed07a9145222e8a7ad9cf1ccd22a"}, "date_added": "2017-08-12T00:00:00.000Z", "twitter_username": "adsharesNet", "is_hidden": 0, "date_launched": null, "contract_address": [{"contract_address": "0xcfcecfe2bd2fed07a9145222e8a7ad9cf1ccd22a", "platform": {"name": "Ethereum", "coin": {"id": "1027", "name": "Ethereum", "symbol": "ETH", "slug": "ethereum"}}}, {"contract_address": "0xcfcecfe2bd2fed07a9145222e8a7ad9cf1ccd22a", "platform": {"name": "BNB Smart Chain (BEP20)", "coin": {"id": "1839", "name": "BNB", "symbol": "BNB", "slug": "bnb"}}}, {"contract_address": "0x598e49f01befeb1753737934a5b11fea9119c796", "platform": {"name": "Polygon", "coin": {"id": "3890", "name": "Polygon", "symbol": "MATIC", "slug": "polygon"}}}], "self_reported_circulating_supply": null, "self_reported_tags": ["Marketing", "Marketplace", "AI & Big Data", "Gaming", "Web3"], "self_reported_market_cap": null}]