[{"id": 14578, "name": "Altera", "symbol": "AEN", "category": "token", "description": "Altera (AEN) is a cryptocurrency and operates on the BNB Smart Chain (BEP20) platform. Altera has a current supply of 0. The last known price of Altera is 0.09087461 USD and is up 0.00 over the last 24 hours. More information can be found at https://aen.network.", "slug": "altera", "logo": "https://s2.coinmarketcap.com/static/img/coins/64x64/14578.png", "subreddit": "", "notice": "", "tags": ["web3"], "tag-names": ["Web3"], "tag-groups": ["INDUSTRY"], "urls": {"website": ["https://aen.network"], "twitter": ["https://twitter.com/altera_update"], "message_board": ["https://altera.medium.com"], "chat": ["https://t.me/AlteraTech"], "facebook": [], "explorer": ["https://bscscan.com/token/0x9eD1e698f81daBd2Fc89406FFDD54951BA35B0A9"], "reddit": [], "technical_doc": [], "source_code": ["https://github.com/Developersvpn/altera/"], "announcement": []}, "platform": {"id": "1839", "name": "BNB", "slug": "bnb", "symbol": "BNB", "token_address": "0x9eD1e698f81daBd2Fc89406FFDD54951BA35B0A9"}, "date_added": "2021-11-16T05:00:54.000Z", "twitter_username": "altera_update", "is_hidden": 0, "date_launched": null, "contract_address": [{"contract_address": "0x9eD1e698f81daBd2Fc89406FFDD54951BA35B0A9", "platform": {"name": "BNB Smart Chain (BEP20)", "coin": {"id": "1839", "name": "BNB", "symbol": "BNB", "slug": "bnb"}}}], "self_reported_circulating_supply": null, "self_reported_tags": null, "self_reported_market_cap": null}]