[{"id": 17706, "name": "Aerovek Aviation", "symbol": "AERO", "category": "token", "description": "Aerovek Aviation (AERO) is a cryptocurrency launched in 2022and operates on the Elrond platform. Aerovek Aviation has a current supply of 100,000,000 with 0 in circulation. The last known price of Aerovek Aviation is 0.01245986 USD and is down -4.27 over the last 24 hours. It is currently trading on 1 active market(s) with $1,619.07 traded over the last 24 hours. More information can be found at https://aerovek.com.", "slug": "aerovek-aviation", "logo": "https://s2.coinmarketcap.com/static/img/coins/64x64/17706.png", "subreddit": "Aerovek", "notice": "", "tags": ["elrond-ecosystem"], "tag-names": ["Elrond Ecosystem"], "tag-groups": ["CATEGORY"], "urls": {"website": ["https://aerovek.com", "https://aerovek.com/dashboard"], "twitter": ["https://twitter.com/AeroFoundation"], "message_board": ["https://aerovek.com/lounge"], "chat": ["https://t.me/aerovekaviation"], "facebook": ["https://www.facebook.com/aerovek"], "explorer": ["https://explorer.elrond.com/tokens/AERO-458bbf"], "reddit": ["https://reddit.com/r/Aerovek"], "technical_doc": ["https://uploads-ssl.webflow.com/61cf555540038a4e252a418b/620437a07bee6f3a09609b4c_Aerovek_Whitepaper_2022_Final.pdf"], "source_code": ["https://github.com/Aerovek"], "announcement": ["https://www.aerovek.io/blog"]}, "platform": {"id": "6892", "name": "MultiversX (Elrond)", "slug": "elrond-egld", "symbol": "EGLD", "token_address": "AERO-458bbf"}, "date_added": "2022-01-28T06:53:53.000Z", "twitter_username": "AeroFoundation", "is_hidden": 0, "date_launched": "2022-02-02T00:00:00.000Z", "contract_address": [{"contract_address": "AERO-458bbf", "platform": {"name": "Elrond", "coin": {"id": "6892", "name": "MultiversX (Elrond)", "symbol": "EGLD", "slug": "elrond-egld"}}}], "self_reported_circulating_supply": null, "self_reported_tags": null, "self_reported_market_cap": null}]