[{"id": 11937, "name": "ArbiFarm", "symbol": "AFARM", "category": "token", "description": "ArbiFarm (AFARM) is a cryptocurrency and operates on the Arbitrum platform. ArbiFarm has a current supply of 3,206.328618 with 0 in circulation. The last known price of ArbiFarm is 0.00334079 USD and is down -8.43 over the last 24 hours. It is currently trading on 9 active market(s) with $4.23 traded over the last 24 hours. More information can be found at https://www.arbifarm.fi/.", "slug": "arbifarm", "logo": "https://s2.coinmarketcap.com/static/img/coins/64x64/11937.png", "subreddit": "", "notice": "", "tags": ["arbitrum-ecosytem"], "tag-names": ["Arbitrum Ecosystem"], "tag-groups": ["PLATFORM"], "urls": {"website": ["https://www.arbifarm.fi/"], "twitter": ["https://twitter.com/ArbiFarm"], "message_board": [], "chat": ["https://t.me/arbifarmfi"], "facebook": [], "explorer": ["https://arbiscan.io/token/0x2ae1ef41cd23e3e77f75789e9393d8951705470f"], "reddit": [], "technical_doc": [], "source_code": [], "announcement": []}, "platform": null, "date_added": "2021-09-17T04:27:24.000Z", "twitter_username": "ArbiFarm", "is_hidden": 0, "date_launched": null, "contract_address": [], "self_reported_circulating_supply": null, "self_reported_tags": null, "self_reported_market_cap": null}]