[{"id": 9244, "name": "Actifit", "symbol": "AFIT", "category": "coin", "description": "Actifit (AFIT) is a cryptocurrency launched in 2018. Actifit has a current supply of 0. The last known price of Actifit is 0.00432853 USD and is up 0.00 over the last 24 hours. It is currently trading on 4 active market(s) with $0.00 traded over the last 24 hours. More information can be found at https://actifit.io.", "slug": "actifit", "logo": "https://s2.coinmarketcap.com/static/img/coins/64x64/9244.png", "subreddit": "", "notice": "", "tags": ["move-to-earn"], "tag-names": ["Move To Earn"], "tag-groups": ["CATEGORY"], "urls": {"website": ["https://actifit.io"], "twitter": ["https://twitter.com/Actifit_fitness"], "message_board": ["https://medium.com/@actifit.fitness"], "chat": ["https://links.actifit.io/discord", "https://t.me/actifit"], "facebook": ["https://www.facebook.com/Actifit.fitness/"], "explorer": ["https://he.dtools.dev/", "https://bscscan.com/token/0x4516bb582f59befcbc945d8c2dac63ef21fba9f6"], "reddit": [], "technical_doc": ["https://actifit.io/whitepaper/Actifit_White_Paper.pdf"], "source_code": ["https://github.com/actifit"], "announcement": ["https://actifit.io/@actifit/announcing-actifit-innovative-smt-for-rewarding-fitness-activity"]}, "platform": {"id": "5370", "name": "Hive", "slug": "hive-blockchain", "symbol": "HIVE", "token_address": "actifit"}, "date_added": "2021-04-15T00:00:00.000Z", "twitter_username": "Actifit_fitness", "is_hidden": 0, "date_launched": "2018-06-26T00:00:00.000Z", "contract_address": [{"contract_address": "actifit", "platform": {"name": "Hive", "coin": {"id": "5370", "name": "Hive", "symbol": "HIVE", "slug": "hive-blockchain"}}}, {"contract_address": "0x4516bb582f59befcbc945d8c2dac63ef21fba9f6", "platform": {"name": "BNB Smart Chain (BEP20)", "coin": {"id": "1839", "name": "BNB", "symbol": "BNB", "slug": "bnb"}}}], "self_reported_circulating_supply": 1778056, "self_reported_tags": ["Marketplace", "Sports", "DeFi", "DApp", "Hive", "BNB Smart Chain", "Social Token", "Move To Earn"], "self_reported_market_cap": 7696.366897751531}]