[{"id": 6404, "name": "AGA Token", "symbol": "AGA", "category": "token", "description": "AGA Token (AGA) is a cryptocurrency and operates on the Ethereum platform. AGA Token has a current supply of 5,999,999.4 with 10,842,984 in circulation. The last known price of AGA Token is 0.04894909 USD and is down -0.28 over the last 24 hours. It is currently trading on 14 active market(s) with $6.58 traded over the last 24 hours. More information can be found at https://agatoken.com/.", "slug": "aga", "logo": "https://s2.coinmarketcap.com/static/img/coins/64x64/6404.png", "subreddit": "", "notice": "", "tags": ["polygon-ecosystem"], "tag-names": ["Polygon Ecosystem"], "tag-groups": ["PLATFORM"], "urls": {"website": ["https://agatoken.com/"], "twitter": ["https://twitter.com/agatkn"], "message_board": [], "chat": ["https://t.me/agatokengroup"], "facebook": [], "explorer": ["https://etherscan.io/token/0x2d80f5f5328fdcb6eceb7cacf5dd8aedaec94e20", "https://ethplorer.io/address/0x2d80f5f5328fdcb6eceb7cacf5dd8aedaec94e20", "https://polygonscan.com/token/0x033d942a6b495c4071083f4cde1f17e986fe856c"], "reddit": [], "technical_doc": [], "source_code": [], "announcement": ["https://agatoken.com/wp-content/uploads/2020/08/AGA-TOKEN.pdf"]}, "platform": {"id": "1027", "name": "Ethereum", "slug": "ethereum", "symbol": "ETH", "token_address": "0x2d80f5f5328fdcb6eceb7cacf5dd8aedaec94e20"}, "date_added": "2020-08-08T00:00:00.000Z", "twitter_username": "agatkn", "is_hidden": 0, "date_launched": null, "contract_address": [{"contract_address": "0x2d80f5f5328fdcb6eceb7cacf5dd8aedaec94e20", "platform": {"name": "Ethereum", "coin": {"id": "1027", "name": "Ethereum", "symbol": "ETH", "slug": "ethereum"}}}, {"contract_address": "0x033d942a6b495c4071083f4cde1f17e986fe856c", "platform": {"name": "Polygon", "coin": {"id": "3890", "name": "Polygon", "symbol": "MATIC", "slug": "polygon"}}}], "self_reported_circulating_supply": 3600000, "self_reported_tags": null, "self_reported_market_cap": 176199.57348316102}]