[{"id": 8251, "name": "AGAr", "symbol": "AGAR", "category": "token", "description": "AGAr (AGAR) is a cryptocurrency launched in 2020and operates on the Ethereum platform. AGAr has a current supply of 21,988 with 15,988 in circulation. The last known price of AGAr is 106.96375642 USD and is down -13.24 over the last 24 hours. More information can be found at https://agatoken.com/defi/.", "slug": "agar", "logo": "https://s2.coinmarketcap.com/static/img/coins/64x64/8251.png", "subreddit": "", "notice": "", "tags": ["avalanche-ecosystem"], "tag-names": ["Avalanche Ecosystem"], "tag-groups": ["PLATFORM"], "urls": {"website": ["https://agatoken.com/defi/"], "twitter": ["https://twitter.com/agatkn"], "message_board": ["https://agatoken.medium.com/aga-finance-introducing-agar-570d225bd697"], "chat": ["https://t.me/agatokengroup"], "facebook": [], "explorer": ["https://etherscan.io/token/0xb453f1f2EE776dAF2586501361c457dB70e1ca0F"], "reddit": [], "technical_doc": [], "source_code": ["https://etherscan.io/token/0xb453f1f2EE776dAF2586501361c457dB70e1ca0F#readContract"], "announcement": []}, "platform": {"id": "1027", "name": "Ethereum", "slug": "ethereum", "symbol": "ETH", "token_address": "0xb453f1f2EE776dAF2586501361c457dB70e1ca0F"}, "date_added": "2021-01-13T00:00:00.000Z", "twitter_username": "agatkn", "is_hidden": 0, "date_launched": "2020-09-07T00:00:00.000Z", "contract_address": [{"contract_address": "0xb453f1f2EE776dAF2586501361c457dB70e1ca0F", "platform": {"name": "Ethereum", "coin": {"id": "1027", "name": "Ethereum", "symbol": "ETH", "slug": "ethereum"}}}], "self_reported_circulating_supply": null, "self_reported_tags": null, "self_reported_market_cap": null}]