[{"id": 18265, "name": "Agora Token", "symbol": "AGO", "category": "token", "description": "Agora Token (AGO) is a cryptocurrency and operates on the Cronos platform. Agora Token has a current supply of 8,745,272 with 0 in circulation. The last known price of Agora Token is 0.00154223 USD and is up 0.00 over the last 24 hours. More information can be found at https://agoracro.com/.", "slug": "agora-token", "logo": "https://s2.coinmarketcap.com/static/img/coins/64x64/18265.png", "subreddit": "", "notice": "", "tags": ["cronos-ecosystem"], "tag-names": ["Cronos Ecosystem"], "tag-groups": ["PLATFORM"], "urls": {"website": ["https://agoracro.com/"], "twitter": ["https://twitter.com/AgoramarketNFT"], "message_board": [], "chat": ["https://t.me/AgoraMarketNFT", "https://discord.com/invite/dvnnQEjM92"], "facebook": [], "explorer": ["https://cronoscan.com/token/0x383627CaeC2CE3b36793c34B576B2e97BEDA0466", "https://cronos-explorer.crypto.org/token/0x383627CaeC2CE3b36793c34B576B2e97BEDA0466"], "reddit": [], "technical_doc": [], "source_code": [], "announcement": []}, "platform": {"id": "3635", "name": "Cronos", "slug": "cronos", "symbol": "CRO", "token_address": "0x383627CaeC2CE3b36793c34B576B2e97BEDA0466"}, "date_added": "2022-02-22T09:47:44.000Z", "twitter_username": "AgoramarketNFT", "is_hidden": 0, "date_launched": null, "contract_address": [{"contract_address": "0x383627CaeC2CE3b36793c34B576B2e97BEDA0466", "platform": {"name": "Cronos", "coin": {"id": "3635", "name": "Cronos", "symbol": "CRO", "slug": "cronos"}}}], "self_reported_circulating_supply": null, "self_reported_tags": null, "self_reported_market_cap": null}]