[{"id": 9453, "name": "Agave", "symbol": "AGVE", "category": "token", "description": "Agave (AGVE) is a cryptocurrency launched in 2021and operates on the Gnosis Chain platform. Agave has a current supply of 100,000 with 0 in circulation. The last known price of Agave is 24.68618822 USD and is up 2.02 over the last 24 hours. It is currently trading on 19 active market(s) with $0.00 traded over the last 24 hours. More information can be found at https://agave.finance.", "slug": "agave", "logo": "https://s2.coinmarketcap.com/static/img/coins/64x64/9453.png", "subreddit": "agve", "notice": "", "tags": ["lending-borowing", "arbitrum-ecosytem"], "tag-names": ["Lending & Borrowing", "Arbitrum Ecosystem"], "tag-groups": ["CATEGORY", "PLATFORM"], "urls": {"website": ["https://agave.finance"], "twitter": ["https://twitter.com/Agave_lending"], "message_board": [], "chat": ["https://discord.gg/bkVwdxSfCn"], "facebook": [], "explorer": ["https://blockscout.com/xdai/mainnet/tokens/0x3a97704a1b25F08aa230ae53B352e2e72ef52843/token-holders"], "reddit": ["https://reddit.com/r/agve"], "technical_doc": [], "source_code": ["https://github.com/Agave-DAO/"], "announcement": []}, "platform": {"id": "1659", "name": "Gnosis", "slug": "gnosis-gno", "symbol": "GNO", "token_address": "0x3a97704a1b25F08aa230ae53B352e2e72ef52843"}, "date_added": "2021-04-26T00:00:00.000Z", "twitter_username": "Agave_lending", "is_hidden": 0, "date_launched": "2021-02-28T00:00:00.000Z", "contract_address": [{"contract_address": "0x3a97704a1b25F08aa230ae53B352e2e72ef52843", "platform": {"name": "Gnosis Chain", "coin": {"id": "1659", "name": "Gnosis", "symbol": "GNO", "slug": "gnosis-gno"}}}], "self_reported_circulating_supply": null, "self_reported_tags": null, "self_reported_market_cap": null}]