[{"id": 11061, "name": "Multiverse", "symbol": "AI", "category": "token", "description": "Multiverse (AI) is a cryptocurrency launched in 2018and operates on the Ethereum platform. Multiverse has a current supply of 0. The last known price of Multiverse is 0.00120863 USD and is down -14.92 over the last 24 hours. It is currently trading on 2 active market(s) with $261,202.14 traded over the last 24 hours. More information can be found at https://multiverse.ai/.", "slug": "multiverse", "logo": "https://s2.coinmarketcap.com/static/img/coins/64x64/11061.png", "subreddit": "", "notice": "", "tags": ["metaverse", "arrington-xrp-capital-portfolio"], "tag-names": ["Metaverse", "Arrington XRP Capital Portfolio"], "tag-groups": ["CATEGORY", "CATEGORY"], "urls": {"website": ["https://multiverse.ai/"], "twitter": ["https://twitter.com/multiverse_labs"], "message_board": ["https://multiverse.ai/news-and-media"], "chat": ["https://t.me/multiverselabs"], "facebook": [], "explorer": ["https://etherscan.io/address/0xc91b523a59acc63a64f61fc7bbfb4bfc82dd25f2"], "reddit": [], "technical_doc": ["https://multiverse.ai/whitepaper"], "source_code": ["https://github.com/multiverseai/ERC20"], "announcement": []}, "platform": {"id": "1027", "name": "Ethereum", "slug": "ethereum", "symbol": "ETH", "token_address": "0xc91b523a59acc63a64f61fc7bbfb4bfc82dd25f2"}, "date_added": "2021-07-25T00:00:00.000Z", "twitter_username": "multiverse_labs", "is_hidden": 0, "date_launched": "2018-04-14T00:00:00.000Z", "contract_address": [{"contract_address": "0xc91b523a59acc63a64f61fc7bbfb4bfc82dd25f2", "platform": {"name": "Ethereum", "coin": {"id": "1027", "name": "Ethereum", "symbol": "ETH", "slug": "ethereum"}}}], "self_reported_circulating_supply": NaN, "self_reported_tags": null, "self_reported_market_cap": NaN}, {"id": 14838, "name": "Artificial Intelligence", "symbol": "AI", "category": "token", "description": "Artificial Intelligence (AI) is a cryptocurrency launched in 2021and operates on the BNB Smart Chain (BEP20) platform. Artificial Intelligence has a current supply of 1,000,000,000,000 with 0 in circulation. The last known price of Artificial Intelligence is 0.00000005 USD and is down -6.19 over the last 24 hours. It is currently trading on 2 active market(s) with $980.62 traded over the last 24 hours. More information can be found at https://artificialintelligence.finance/.", "slug": "artificial-intelligence", "logo": "https://s2.coinmarketcap.com/static/img/coins/64x64/14838.png", "subreddit": "", "notice": "", "tags": ["ai-big-data"], "tag-names": ["AI & Big Data"], "tag-groups": ["INDUSTRY"], "urls": {"website": ["https://artificialintelligence.finance/"], "twitter": ["https://twitter.com/AICoinOfficial"], "message_board": [], "chat": ["https://t.me/AICoinTelegram"], "facebook": [], "explorer": ["https://bscscan.com/token/0x4c403b1879aa6a79ba9c599a393ccc5d9fd2e788"], "reddit": [], "technical_doc": ["https://artificialintelligence.finance/#whitepaper"], "source_code": ["https://github.com/AICoinOfficial/AI-Coin"], "announcement": ["https://bitcointalk.org/index.php?topic=5371203.new#new"]}, "platform": {"id": "1839", "name": "BNB", "slug": "bnb", "symbol": "BNB", "token_address": "0x4c403b1879aa6a79ba9c599a393ccc5d9fd2e788"}, "date_added": "2021-11-19T08:16:07.000Z", "twitter_username": "AICoinOfficial", "is_hidden": 0, "date_launched": "2021-10-16T00:00:00.000Z", "contract_address": [{"contract_address": "0x4c403b1879aa6a79ba9c599a393ccc5d9fd2e788", "platform": {"name": "BNB Smart Chain (BEP20)", "coin": {"id": "1839", "name": "BNB", "symbol": "BNB", "slug": "bnb"}}}], "self_reported_circulating_supply": 975000000000.0, "self_reported_tags": null, "self_reported_market_cap": 53034.75771281874}, {"id": 10712, "name": "Flourishing AI", "symbol": "AI", "category": "token", "description": "Flourishing AI (AI) is a cryptocurrency launched in 2021and operates on the BNB Smart Chain (BEP20) platform. Flourishing AI has a current supply of 0. The last known price of Flourishing AI is 0.02598669 USD and is down -2.54 over the last 24 hours. It is currently trading on 4 active market(s) with $711.88 traded over the last 24 hours. More information can be found at https://www.flourishingcapital.io.", "slug": "flourishing-ai", "logo": "https://s2.coinmarketcap.com/static/img/coins/64x64/10712.png", "subreddit": "", "notice": "", "tags": ["ai-big-data", "bullperks-launchpad", "ferrum-network"], "tag-names": ["AI & Big Data", "BullPerks Launchpad", "Ferrum Network"], "tag-groups": ["INDUSTRY", "CATEGORY", "CATEGORY"], "urls": {"website": ["https://www.flourishingcapital.io"], "twitter": ["https://twitter.com/FlourishingAI"], "message_board": ["https://medium.com/flourishing-capital"], "chat": ["https://t.me/flourishingcapital"], "facebook": [], "explorer": ["https://bscscan.com/token/0xa9b038285f43cd6fe9e16b4c80b4b9bccd3c161b"], "reddit": [], "technical_doc": ["https://drive.google.com/file/d/12de-3E2YG-hThE9JncECtb7KQzVL-OvX/view"], "source_code": [], "announcement": ["https://gleam.io/ESTvc/flourishing-capital-5000-community-engagement-referral-giveaway"]}, "platform": {"id": "1839", "name": "BNB", "slug": "bnb", "symbol": "BNB", "token_address": "0xA9b038285F43cD6fE9E16B4C80B4B9bCcd3C161b"}, "date_added": "2021-06-29T00:00:00.000Z", "twitter_username": "FlourishingAI", "is_hidden": 0, "date_launched": "2021-11-21T00:00:00.000Z", "contract_address": [{"contract_address": "0xA9b038285F43cD6fE9E16B4C80B4B9bCcd3C161b", "platform": {"name": "BNB Smart Chain (BEP20)", "coin": {"id": "1839", "name": "BNB", "symbol": "BNB", "slug": "bnb"}}}], "self_reported_circulating_supply": NaN, "self_reported_tags": ["Asset Management", "Platform", "Store Of Value", "AI & Big Data", "Prediction Markets", "Analytics"], "self_reported_market_cap": NaN}, {"id": 2224, "name": "POLY AI", "symbol": "AI", "category": "token", "description": "POLY AI (AI) is a cryptocurrency and operates on the Ethereum platform. POLY AI has a current supply of 29,000,000 with 2,281,981.07605701 in circulation. The last known price of POLY AI is 0.00009754 USD and is up 0.00 over the last 24 hours. More information can be found at https://polynetwork.org/.", "slug": "poly-ai", "logo": "https://s2.coinmarketcap.com/static/img/coins/64x64/2224.png", "subreddit": "", "notice": "", "tags": ["platform", "ai-big-data"], "tag-names": ["Platform", "AI & Big Data"], "tag-groups": ["CATEGORY", "INDUSTRY"], "urls": {"website": ["https://polynetwork.org/"], "twitter": ["https://twitter.com/poly_network"], "message_board": [], "chat": [], "facebook": [], "explorer": ["https://etherscan.io/token/0x5121e348e897daef1eef23959ab290e5557cf274", "https://ethplorer.io/address/0x5121e348e897daef1eef23959ab290e5557cf274"], "reddit": [], "technical_doc": ["https://polynetwork.org/public/whitepaper.pdf"], "source_code": [], "announcement": ["https://bitcointalk.org/index.php?topic=2307231.0"]}, "platform": {"id": "1027", "name": "Ethereum", "slug": "ethereum", "symbol": "ETH", "token_address": "0x5121e348e897daef1eef23959ab290e5557cf274"}, "date_added": "2017-11-24T00:00:00.000Z", "twitter_username": "poly_network", "is_hidden": 0, "date_launched": null, "contract_address": [{"contract_address": "0x5121e348e897daef1eef23959ab290e5557cf274", "platform": {"name": "Ethereum", "coin": {"id": "1027", "name": "Ethereum", "symbol": "ETH", "slug": "ethereum"}}}], "self_reported_circulating_supply": NaN, "self_reported_tags": null, "self_reported_market_cap": NaN}]