[{"id": 9104, "name": "AIOZ Network", "symbol": "AIOZ", "category": "coin", "description": "AIOZ Network (AIOZ) is a cryptocurrency . AIOZ Network has a current supply of 1,000,000,000 with 666,934,805 in circulation. The last known price of AIOZ Network is 0.03165311 USD and is down -2.49 over the last 24 hours. It is currently trading on 29 active market(s) with $98,907.14 traded over the last 24 hours. More information can be found at https://aioz.network/.", "slug": "aioz-network", "logo": "https://s2.coinmarketcap.com/static/img/coins/64x64/9104.png", "subreddit": "", "notice": "", "tags": ["media", "platform", "smart-contracts", "video", "web3", "bnb-chain"], "tag-names": ["Media", "Platform", "Smart Contracts", "Video", "Web3", "BNB Chain"], "tag-groups": ["INDUSTRY", "CATEGORY", "CATEGORY", "INDUSTRY", "INDUSTRY", "PLATFORM"], "urls": {"website": ["https://aioz.network/"], "twitter": ["https://twitter.com/AIOZNetwork"], "message_board": ["https://medium.com/aioz-network"], "chat": ["https://t.me/aioznetwork", "https://t.me/aiozofficial"], "facebook": [], "explorer": ["https://explorer.aioz.network/", "https://etherscan.io/token/0x626E8036dEB333b408Be468F951bdB42433cBF18", "https://bscscan.com/token/0x33d08D8C7a168333a85285a68C0042b39fC3741D"], "reddit": [], "technical_doc": [], "source_code": ["https://github.com/AIOZNetwork"], "announcement": ["https://t.me/aiozofficial"]}, "platform": {"id": "1027", "name": "Ethereum", "slug": "ethereum", "symbol": "ETH", "token_address": "0x626E8036dEB333b408Be468F951bdB42433cBF18"}, "date_added": "2021-04-02T00:00:00.000Z", "twitter_username": "AIOZNetwork", "is_hidden": 0, "date_launched": null, "contract_address": [{"contract_address": "0x626E8036dEB333b408Be468F951bdB42433cBF18", "platform": {"name": "Ethereum", "coin": {"id": "1027", "name": "Ethereum", "symbol": "ETH", "slug": "ethereum"}}}, {"contract_address": "0x33d08D8C7a168333a85285a68C0042b39fC3741D", "platform": {"name": "BNB Smart Chain (BEP20)", "coin": {"id": "1839", "name": "BNB", "symbol": "BNB", "slug": "bnb"}}}], "self_reported_circulating_supply": null, "self_reported_tags": null, "self_reported_market_cap": null}]