[{"id": 4552, "name": "Aircoins", "symbol": "AIRX", "category": "token", "description": "Aircoins (AIRX) is a cryptocurrency and operates on the Ethereum platform. Aircoins has a current supply of 20,000,000,000 with 0 in circulation. The last known price of Aircoins is 0.0000117 USD and is up 0.05 over the last 24 hours. It is currently trading on 6 active market(s) with $66.33 traded over the last 24 hours. More information can be found at https://www.aircoins.io.", "slug": "aircoins", "logo": "https://s2.coinmarketcap.com/static/img/coins/64x64/4552.png", "subreddit": "Aircoins", "notice": "", "tags": ["vr-ar", "gaming", "metaverse", "play-to-earn", "web3", "bnb-chain", "move-to-earn"], "tag-names": ["VR/AR", "Gaming", "Metaverse", "Play To Earn", "Web3", "BNB Chain", "Move To Earn"], "tag-groups": ["INDUSTRY", "INDUSTRY", "CATEGORY", "CATEGORY", "INDUSTRY", "PLATFORM", "CATEGORY"], "urls": {"website": ["https://www.aircoins.io"], "twitter": ["https://twitter.com/AIRCOINS_App"], "message_board": ["https://www.linkedin.com/company/aircoins/"], "chat": ["https://t.me/aircoins"], "facebook": [], "explorer": ["https://etherscan.io/token/0x8cb1d155a5a1d5d667611b7710920fD9D1CD727F", "https://ethplorer.io/address/0x8cb1d155a5a1d5d667611b7710920fD9D1CD727F", "https://bscscan.com/token/0x6fb05b156788e88c8ad1e057e729362ff8c39d93"], "reddit": ["https://reddit.com/r/Aircoins"], "technical_doc": [], "source_code": [], "announcement": ["https://bitcointalk.org/index.php?topic=3988970.0"]}, "platform": {"id": "1027", "name": "Ethereum", "slug": "ethereum", "symbol": "ETH", "token_address": "0x8cb1d155a5a1d5d667611b7710920fD9D1CD727F"}, "date_added": "2021-03-24T00:00:00.000Z", "twitter_username": "AIRCOINS_App", "is_hidden": 0, "date_launched": null, "contract_address": [{"contract_address": "0x8cb1d155a5a1d5d667611b7710920fD9D1CD727F", "platform": {"name": "Ethereum", "coin": {"id": "1027", "name": "Ethereum", "symbol": "ETH", "slug": "ethereum"}}}, {"contract_address": "0x6fb05b156788e88c8ad1e057e729362ff8c39d93", "platform": {"name": "BNB Smart Chain (BEP20)", "coin": {"id": "1839", "name": "BNB", "symbol": "BNB", "slug": "bnb"}}}], "self_reported_circulating_supply": null, "self_reported_tags": null, "self_reported_market_cap": null}]