[{"id": 5750, "name": "Aave KNC", "symbol": "AKNC", "category": "token", "description": "Aave KNC (AKNC) is a cryptocurrency . Aave KNC has a current supply of 2,295,651 with 0 in circulation. The last known price of Aave KNC is 1.79506894 USD and is up 1.26 over the last 24 hours. More information can be found at https://aave.com/.", "slug": "aave-knc", "logo": "https://s2.coinmarketcap.com/static/img/coins/64x64/5750.png", "subreddit": "Aave_Official", "notice": "", "tags": ["defi", "aave-tokens"], "tag-names": ["DeFi", "Aave Tokens"], "tag-groups": ["CATEGORY", "CATEGORY"], "urls": {"website": ["https://aave.com/", "https://ethlend.io"], "twitter": ["https://twitter.com/AaveAave"], "message_board": ["https://medium.com/aave"], "chat": ["https://aave.com/discord"], "facebook": [], "explorer": ["https://etherscan.io/address/0x9D91BE44C06d373a8a226E1f3b146956083803eB", "https://ethplorer.io/address/0x9d91be44c06d373a8a226e1f3b146956083803eb"], "reddit": ["https://reddit.com/r/Aave_Official"], "technical_doc": ["https://github.com/aave/aave-protocol/blob/master/docs/Aave_Protocol_Whitepaper_v1_0.pdf"], "source_code": ["https://github.com/aave"], "announcement": ["https://bitcointalk.org/index.php?topic=2090735.0"]}, "platform": null, "date_added": "2020-06-28T00:00:00.000Z", "twitter_username": "AaveAave", "is_hidden": 0, "date_launched": null, "contract_address": [], "self_reported_circulating_supply": null, "self_reported_tags": null, "self_reported_market_cap": null}]