[{"id": 4134, "name": "Akropolis", "symbol": "AKRO", "category": "token", "description": "Akropolis (AKRO) is a cryptocurrency and operates on the Ethereum platform. Akropolis has a current supply of 5,000,000,000 with 4,174,850,657.8364334 in circulation. The last known price of Akropolis is 0.00308753 USD and is down -0.73 over the last 24 hours. It is currently trading on 74 active market(s) with $13,487,512.16 traded over the last 24 hours. More information can be found at https://akropolis.io/.", "slug": "akropolis", "logo": "https://s2.coinmarketcap.com/static/img/coins/64x64/4134.png", "subreddit": "AkropolisIO", "notice": "", "tags": ["defi", "dao", "substrate", "polkadot-ecosystem", "yield-aggregator", "yearn-partnerships", "kenetic-capital-portfolio", "ledgerprime-portfolio", "alameda-research-portfolio", "spartan-group"], "tag-names": ["DeFi", "DAO", "Substrate", "Polkadot Ecosystem", "Yield Aggregator", "Yearn Partnerships", "Kenetic Capital Portfolio", "LedgerPrime Portfolio", "Alameda Research Portfolio", "Spartan Group"], "tag-groups": ["CATEGORY", "CATEGORY", "CATEGORY", "PLATFORM", "CATEGORY", "CATEGORY", "CATEGORY", "CATEGORY", "CATEGORY", "CATEGORY"], "urls": {"website": ["https://akropolis.io/"], "twitter": ["https://twitter.com/akropolisio"], "message_board": ["https://t.me/AkropolisAnnouncements", "https://medium.com/akropolis"], "chat": ["https://t.me/akropolis_official"], "facebook": [], "explorer": ["https://etherscan.io/token/0x8ab7404063ec4dbcfd4598215992dc3f8ec853d7", "https://ethplorer.io/address/0x8ab7404063ec4dbcfd4598215992dc3f8ec853d7", "https://blockscout.com/xdai/mainnet/tokens/0xD27E1ECC4748F42e052331BeA917D89bEB883fc3/token-transfers", "https://explorer.solana.com/address/12uHjozDVgyGWeLqQ8DMCRbig8amW5VmvZu3FdMMdcaG"], "reddit": ["https://reddit.com/r/AkropolisIO"], "technical_doc": ["https://wiki.akropolis.io/wp2019/"], "source_code": ["https://github.com/akropolisio"], "announcement": ["https://bitcointalk.org/index.php?topic=3416631.0"]}, "platform": {"id": "1027", "name": "Ethereum", "slug": "ethereum", "symbol": "ETH", "token_address": "0x8ab7404063ec4dbcfd4598215992dc3f8ec853d7"}, "date_added": "2019-07-19T00:00:00.000Z", "twitter_username": "akropolisio", "is_hidden": 0, "date_launched": null, "contract_address": [{"contract_address": "0x8ab7404063ec4dbcfd4598215992dc3f8ec853d7", "platform": {"name": "Ethereum", "coin": {"id": "1027", "name": "Ethereum", "symbol": "ETH", "slug": "ethereum"}}}, {"contract_address": "0xD27E1ECC4748F42e052331BeA917D89bEB883fc3", "platform": {"name": "Gnosis Chain", "coin": {"id": "1659", "name": "Gnosis", "symbol": "GNO", "slug": "gnosis-gno"}}}, {"contract_address": "12uHjozDVgyGWeLqQ8DMCRbig8amW5VmvZu3FdMMdcaG", "platform": {"name": "Solana", "coin": {"id": "5426", "name": "Solana", "symbol": "SOL", "slug": "solana"}}}], "self_reported_circulating_supply": null, "self_reported_tags": null, "self_reported_market_cap": null}]