[{"id": 7431, "name": "Akash Network", "symbol": "AKT", "category": "coin", "description": "Akash Network (AKT) is a cryptocurrency . Akash Network has a current supply of 162,863,559.115862 with 113,861,304.115862 in circulation. The last known price of Akash Network is 0.19667872 USD and is up 2.52 over the last 24 hours. It is currently trading on 29 active market(s) with $805,588.33 traded over the last 24 hours. More information can be found at https://akash.network.", "slug": "akash-network", "logo": "https://s2.coinmarketcap.com/static/img/coins/64x64/7431.png", "subreddit": "", "notice": "", "tags": ["cosmos-ecosystem", "storage", "solana-ecosystem", "web3", "injective-ecosystem"], "tag-names": ["Cosmos Ecosystem", "Storage", "Solana Ecosystem", "Web3", "Injective Ecosystem"], "tag-groups": ["INDUSTRY", "CATEGORY", "PLATFORM", "INDUSTRY", "PLATFORM"], "urls": {"website": ["https://akash.network"], "twitter": ["https://twitter.com/akashnet_"], "message_board": [], "chat": ["https://t.me/akashnw"], "facebook": [], "explorer": ["https://akash.bigdipper.live", "https://etherscan.io/token/0xC727f87871ee12Bbcedd2973746D1Deb7529aaD6", "https://polygonscan.com/token/0xf14fbC6B30e2c4BC05A1D4fbE34bf9f14313309D"], "reddit": [], "technical_doc": [], "source_code": [], "announcement": []}, "platform": {"id": "3794", "name": "Cosmos", "slug": "cosmos", "symbol": "ATOM", "token_address": "IBC/1480B8FD20AD5FCAE81EA87584D269547DD4D436843C1D20F15E00EB64743EF4"}, "date_added": "2020-10-16T00:00:00.000Z", "twitter_username": "akashnet_", "is_hidden": 0, "date_launched": null, "contract_address": [{"contract_address": "IBC/1480B8FD20AD5FCAE81EA87584D269547DD4D436843C1D20F15E00EB64743EF4", "platform": {"name": "Cosmos", "coin": {"id": "3794", "name": "Cosmos", "symbol": "ATOM", "slug": "cosmos"}}}, {"contract_address": "0xC727f87871ee12Bbcedd2973746D1Deb7529aaD6", "platform": {"name": "Ethereum", "coin": {"id": "1027", "name": "Ethereum", "symbol": "ETH", "slug": "ethereum"}}}, {"contract_address": "0xf14fbC6B30e2c4BC05A1D4fbE34bf9f14313309D", "platform": {"name": "Polygon", "coin": {"id": "3890", "name": "Polygon", "symbol": "MATIC", "slug": "polygon"}}}], "self_reported_circulating_supply": null, "self_reported_tags": null, "self_reported_market_cap": null}]