[{"id": 6957, "name": "AllianceBlock", "symbol": "ALBT", "category": "token", "description": "AllianceBlock (ALBT) is a cryptocurrency launched in 2020and operates on the Ethereum platform. AllianceBlock has a current supply of 1,000,000,000 with 232,955,783 in circulation. The last known price of AllianceBlock is 0.04317643 USD and is down -0.80 over the last 24 hours. It is currently trading on 53 active market(s) with $183,901.93 traded over the last 24 hours. More information can be found at https://allianceblock.io/.", "slug": "allianceblock", "logo": "https://s2.coinmarketcap.com/static/img/coins/64x64/6957.png", "subreddit": "Allianceblock", "notice": "", "tags": ["avalanche-ecosystem", "exnetwork-capital-portfolio", "injective-ecosystem"], "tag-names": ["Avalanche Ecosystem", "Exnetwork Capital Portfolio", "Injective Ecosystem"], "tag-groups": ["PLATFORM", "CATEGORY", "PLATFORM"], "urls": {"website": ["https://allianceblock.io/"], "twitter": ["https://twitter.com/allianceblock"], "message_board": ["https://medium.com/@allianceblock"], "chat": ["https://discord.com/invite/hF7AGgt", "https://t.me/allianceblock"], "facebook": [], "explorer": ["https://etherscan.io/token/0x00a8b738E453fFd858a7edf03bcCfe20412f0Eb0", "https://ethplorer.io/address/0x00a8b738E453fFd858a7edf03bcCfe20412f0Eb0", "https://blockscout.com/xdai/mainnet/tokens/0x3581cc6A09DE85e9B91Ef93F2a5eF837706b84a5/token-transfers"], "reddit": ["https://reddit.com/r/Allianceblock"], "technical_doc": ["https://allianceblock.io/AllianceBlock_WhitePaper_n47oEn0Aa.pdf"], "source_code": ["https://github.com/Stichting-AllianceBlock-Foundation/"], "announcement": ["https://t.me/AllianceBlockAnn"]}, "platform": {"id": "1027", "name": "Ethereum", "slug": "ethereum", "symbol": "ETH", "token_address": "0x00a8b738E453fFd858a7edf03bcCfe20412f0Eb0"}, "date_added": "2020-09-08T00:00:00.000Z", "twitter_username": "allianceblock", "is_hidden": 0, "date_launched": "2020-09-08T00:00:00.000Z", "contract_address": [{"contract_address": "0x00a8b738E453fFd858a7edf03bcCfe20412f0Eb0", "platform": {"name": "Ethereum", "coin": {"id": "1027", "name": "Ethereum", "symbol": "ETH", "slug": "ethereum"}}}, {"contract_address": "0x42f3008f6945f052c31e7680f7f78c512099b904", "platform": {"name": "BNB Smart Chain (BEP20)", "coin": {"id": "1839", "name": "BNB", "symbol": "BNB", "slug": "bnb"}}}, {"contract_address": "0x9E037dE681CaFA6E661e6108eD9c2bd1AA567Ecd", "platform": {"name": "Avalanche C-Chain", "coin": {"id": "5805", "name": "Avalanche", "symbol": "AVAX", "slug": "avalanche"}}}], "self_reported_circulating_supply": null, "self_reported_tags": ["Platform", "Collectibles & NFTs", "Decentralized Exchange (DEX) Token", "Interoperability", "Reputation", "Smart Contracts", "Staking", "DAO", "AMM", "DEX", "Layer 2", "Governance", "DeFi 2.0", "Cross-Chain"], "self_reported_market_cap": null}]