[{"id": 8613, "name": "Alchemix", "symbol": "ALCX", "category": "token", "description": "Alchemix (ALCX) is a cryptocurrency launched in 2021and operates on the Ethereum platform. Alchemix has a current supply of 1,889,063.31808384 with 1,673,826.31283523 in circulation. The last known price of Alchemix is 13.60244431 USD and is down -3.79 over the last 24 hours. It is currently trading on 74 active market(s) with $882,417.71 traded over the last 24 hours. More information can be found at https://alchemix.fi/.", "slug": "alchemix", "logo": "https://s2.coinmarketcap.com/static/img/coins/64x64/8613.png", "subreddit": "", "notice": "", "tags": ["defi", "yield-farming", "governance", "lending-borowing", "olympus-pro-ecosystem", "defi-2", "protocol-owned-liquidity", "spartan-group"], "tag-names": ["DeFi", "Yield Farming", "Governance", "Lending & Borrowing", "Olympus Pro Ecosystem", "DeFi 2.0", "Protocol-Owned Liquidity", "Spartan Group"], "tag-groups": ["CATEGORY", "CATEGORY", "CATEGORY", "CATEGORY", "CATEGORY", "CATEGORY", "CATEGORY", "CATEGORY"], "urls": {"website": ["https://alchemix.fi/"], "twitter": ["https://twitter.com/alchemixfi"], "message_board": ["https://alchemixfi.medium.com/"], "chat": ["https://discord.gg/zAd6dzgwaj"], "facebook": [], "explorer": ["https://etherscan.io/token/0xdbdb4d16eda451d0503b854cf79d55697f90c8df", "https://ethplorer.io/address/0xdbdb4d16eda451d0503b854cf79d55697f90c8df"], "reddit": [], "technical_doc": [], "source_code": ["https://github.com/alchemix-finance"], "announcement": []}, "platform": {"id": "1027", "name": "Ethereum", "slug": "ethereum", "symbol": "ETH", "token_address": "0xdbdb4d16eda451d0503b854cf79d55697f90c8df"}, "date_added": "2021-02-27T00:00:00.000Z", "twitter_username": "alchemixfi", "is_hidden": 0, "date_launched": "2021-02-27T00:00:00.000Z", "contract_address": [{"contract_address": "0xdbdb4d16eda451d0503b854cf79d55697f90c8df", "platform": {"name": "Ethereum", "coin": {"id": "1027", "name": "Ethereum", "symbol": "ETH", "slug": "ethereum"}}}], "self_reported_circulating_supply": null, "self_reported_tags": null, "self_reported_market_cap": null}]