[{"id": 5821, "name": "Aleph.im", "symbol": "ALEPH", "category": "token", "description": "Aleph.im (ALEPH) is a cryptocurrency launched in 2019and operates on the Ethereum platform. Users are able to generate ALEPH through the process of mining. Aleph.im has a current supply of 500,000,000 with 247,220,482.1448135 in circulation. The last known price of Aleph.im is 0.06108868 USD and is down -6.42 over the last 24 hours. It is currently trading on 32 active market(s) with $243,816.14 traded over the last 24 hours. More information can be found at https://aleph.im/.", "slug": "aleph-im", "logo": "https://s2.coinmarketcap.com/static/img/coins/64x64/5821.png", "subreddit": "Aleph_im", "notice": "Hotbit exchange is trading deprecated Aleph.im V1 tokens which is not endorsed by Aleph.im team. Read more about this [here..](https://medium.com/aleph-im/aleph-im-2020-recap-9354af614265)", "tags": ["mineable", "cosmos-ecosystem", "distributed-computing", "filesharing", "storage", "polkadot-ecosystem", "avalanche-ecosystem", "solana-ecosystem", "injective-ecosystem", "bnb-chain"], "tag-names": ["Mineable", "Cosmos Ecosystem", "Distributed Computing", "Filesharing", "Storage", "Polkadot Ecosystem", "Avalanche Ecosystem", "Solana Ecosystem", "Injective Ecosystem", "BNB Chain"], "tag-groups": ["OTHERS", "INDUSTRY", "INDUSTRY", "INDUSTRY", "CATEGORY", "PLATFORM", "PLATFORM", "PLATFORM", "PLATFORM", "PLATFORM"], "urls": {"website": ["https://aleph.im/"], "twitter": ["https://twitter.com/aleph_im"], "message_board": ["https://medium.com/aleph-im"], "chat": ["https://t.me/alephim", "https://t.me/+K-tPZk-5FzRlOThk"], "facebook": [], "explorer": ["https://explorer.aleph.im/", "https://etherscan.io/token/0x27702a26126e0b3702af63ee09ac4d1a084ef628", "https://bscscan.com/token/0x82d2f8e02afb160dd5a480a617692e62de9038c4", "https://blockscout.com/xdai/mainnet/tokens/0x4bc97997883c0397f556bd0f9da6fb71da22f9a2/token-transfers", "https://avascan.info/blockchain/c/token/0x969A3f4481583843dB706332E344412235c0892a"], "reddit": ["https://reddit.com/r/Aleph_im"], "technical_doc": ["https://aleph-im.gitbook.io/aleph-docs/introduction/welcome-to-your-dev-hub"], "source_code": ["https://github.com/aleph-im"], "announcement": ["https://t.me/alephim_news"]}, "platform": {"id": "1027", "name": "Ethereum", "slug": "ethereum", "symbol": "ETH", "token_address": "0x27702a26126e0b3702af63ee09ac4d1a084ef628"}, "date_added": "2020-07-08T00:00:00.000Z", "twitter_username": "aleph_im", "is_hidden": 0, "date_launched": "2019-01-01T00:00:00.000Z", "contract_address": [{"contract_address": "0x27702a26126e0b3702af63ee09ac4d1a084ef628", "platform": {"name": "Ethereum", "coin": {"id": "1027", "name": "Ethereum", "symbol": "ETH", "slug": "ethereum"}}}, {"contract_address": "0x82d2f8e02afb160dd5a480a617692e62de9038c4", "platform": {"name": "BNB Smart Chain (BEP20)", "coin": {"id": "1839", "name": "BNB", "symbol": "BNB", "slug": "bnb"}}}, {"contract_address": "CsZ5LZkDS7h9TDKjrbL7VAwQZ9nsRu8vJLhRYfmGaN8K", "platform": {"name": "Solana", "coin": {"id": "5426", "name": "Solana", "symbol": "SOL", "slug": "solana"}}}, {"contract_address": "0x4bc97997883c0397f556bd0f9da6fb71da22f9a2", "platform": {"name": "Gnosis Chain", "coin": {"id": "1659", "name": "Gnosis", "symbol": "GNO", "slug": "gnosis-gno"}}}, {"contract_address": "0x969A3f4481583843dB706332E344412235c0892a", "platform": {"name": "Avalanche C-Chain", "coin": {"id": "5805", "name": "Avalanche", "symbol": "AVAX", "slug": "avalanche"}}}], "self_reported_circulating_supply": 45968548, "self_reported_tags": ["Ethereum Ecosystem", "Cosmos", "BNB Smart Chain", "Polkadot Ecosystem", "Avalanche Ecosystem", "Solana Ecosystem", "Polygon Ecosystem"], "self_reported_market_cap": 2813793.507632759}]