[{"id": 4030, "name": "Algorand", "symbol": "ALGO", "category": "coin", "description": "Algorand (ALGO) is a cryptocurrency . Algorand has a current supply of 7,360,109,238.070713 with 7,137,911,108.542263 in circulation. The last known price of Algorand is 0.16279657 USD and is down -1.65 over the last 24 hours. It is currently trading on 273 active market(s) with $42,969,624.58 traded over the last 24 hours. More information can be found at http://algorand.foundation.", "slug": "algorand", "logo": "https://s2.coinmarketcap.com/static/img/coins/64x64/4030.png", "subreddit": "AlgorandOfficial", "notice": "", "tags": ["pos", "platform", "research", "smart-contracts", "arrington-xrp-capital-portfolio", "kenetic-capital-portfolio", "usv-portfolio", "multicoin-capital-portfolio", "exnetwork-capital-portfolio"], "tag-names": ["PoS", "Platform", "Research", "Smart Contracts", "Arrington XRP Capital Portfolio", "Kenetic Capital Portfolio", "USV Portfolio", "Multicoin Capital Portfolio", "Exnetwork Capital Portfolio"], "tag-groups": ["ALGORITHM", "CATEGORY", "INDUSTRY", "CATEGORY", "CATEGORY", "CATEGORY", "CATEGORY", "CATEGORY", "CATEGORY"], "urls": {"website": ["http://algorand.foundation", "https://www.algorand.com/"], "twitter": ["https://twitter.com/AlgoFoundation"], "message_board": ["https://medium.com/algorand-foundation", "https://forum.algorand.org/"], "chat": ["https://t.me/AlgorandFoundation", "https://discord.gg/QBYp7Y2"], "facebook": [], "explorer": ["https://algoexplorer.io/", "https://algoscan.app/"], "reddit": ["https://reddit.com/r/AlgorandOfficial"], "technical_doc": ["https://www.algorand.com/resources/white-papers"], "source_code": ["https://github.com/algorand/go-algorand"], "announcement": ["https://algorand.foundation/algorand-foundation-marks-new-chapter-in-global-economics-with-inaugural-auction"]}, "platform": null, "date_added": "2019-06-20T00:00:00.000Z", "twitter_username": "AlgoFoundation", "is_hidden": 0, "date_launched": null, "contract_address": [], "self_reported_circulating_supply": null, "self_reported_tags": null, "self_reported_market_cap": null}]