[{"id": 16876, "name": "Artificial Liquid Intelligence", "symbol": "ALI", "category": "token", "description": "Artificial Liquid Intelligence (ALI) is a cryptocurrency and operates on the Ethereum platform. Artificial Liquid Intelligence has a current supply of 10,000,000,000 with 1,606,511,090.969903 in circulation. The last known price of Artificial Liquid Intelligence is 0.00901966 USD and is up 0.34 over the last 24 hours. It is currently trading on 12 active market(s) with $68,785.28 traded over the last 24 hours. More information can be found at https://alethea.ai/.", "slug": "alethea-artificial-liquid-intelligence-token", "logo": "https://s2.coinmarketcap.com/static/img/coins/64x64/16876.png", "subreddit": "Alethea", "notice": "", "tags": ["media", "communications-social-media", "ai-big-data", "collectibles-nfts", "ethereum-ecosystem", "galaxy-digital-portfolio", "huobi-capital-portfolio", "alameda-research-portfolio"], "tag-names": ["Media", "Communications & Social Media", "AI & Big Data", "Collectibles & NFTs", "Ethereum Ecosystem", "Galaxy Digital Portfolio", "Huobi Capital Portfolio", "Alameda Research Portfolio"], "tag-groups": ["INDUSTRY", "INDUSTRY", "INDUSTRY", "CATEGORY", "PLATFORM", "CATEGORY", "CATEGORY", "CATEGORY"], "urls": {"website": ["https://alethea.ai/"], "twitter": ["https://twitter.com/real_alethea"], "message_board": ["https://medium.com/alethea-ai", "https://www.linkedin.com/company/alethiaai"], "chat": ["https://discord.gg/aletheaai", "https://t.me/alethea_ai"], "facebook": [], "explorer": ["https://etherscan.io/token/0x6b0b3a982b4634ac68dd83a4dbf02311ce324181", "https://ethplorer.io/address/0x6b0b3a982b4634ac68dd83a4dbf02311ce324181"], "reddit": ["https://reddit.com/r/Alethea"], "technical_doc": ["https://alethea.gitbook.io/alethea-ai-whitepaper/"], "source_code": ["https://github.com/AletheaAI"], "announcement": []}, "platform": {"id": "1027", "name": "Ethereum", "slug": "ethereum", "symbol": "ETH", "token_address": "0x6b0b3a982b4634ac68dd83a4dbf02311ce324181"}, "date_added": "2022-01-05T09:29:06.000Z", "twitter_username": "real_alethea", "is_hidden": 0, "date_launched": null, "contract_address": [{"contract_address": "0x6b0b3a982b4634ac68dd83a4dbf02311ce324181", "platform": {"name": "Ethereum", "coin": {"id": "1027", "name": "Ethereum", "symbol": "ETH", "slug": "ethereum"}}}], "self_reported_circulating_supply": 561164204.0, "self_reported_tags": ["Metaverse"], "self_reported_market_cap": 5061513.8845942365}, {"id": 11599, "name": "Alita Finance", "symbol": "ALI", "category": "token", "description": "Alita Finance (ALI) is a cryptocurrency launched in 2021and operates on the BNB Smart Chain (BEP20) platform. Alita Finance has a current supply of 0. The last known price of Alita Finance is 0.08022486 USD and is down -1.75 over the last 24 hours. It is currently trading on 7 active market(s) with $60.99 traded over the last 24 hours. More information can be found at https://app.alita.finance/#/.", "slug": "alita-finance", "logo": "https://s2.coinmarketcap.com/static/img/coins/64x64/11599.png", "subreddit": "", "notice": "", "tags": null, "tag-names": null, "tag-groups": null, "urls": {"website": ["https://app.alita.finance/#/", "https://exchange.alita.finance/#/swap"], "twitter": ["https://twitter.com/AlitaFinance"], "message_board": ["http://news.alita.finance"], "chat": ["https://t.me/ALita_Finance"], "facebook": [], "explorer": ["https://bscscan.com/address/0x557233E794d1a5FbCc6D26dca49147379ea5073c"], "reddit": [], "technical_doc": [], "source_code": ["https://github.com/alita-finance/alita-token"], "announcement": ["https://cointelegraph.com/press-releases/alita-an-innovative-attempt-to-make-defi-more-accessible-to-all"]}, "platform": {"id": "1839", "name": "BNB", "slug": "bnb", "symbol": "BNB", "token_address": "0x557233E794d1a5FbCc6D26dca49147379ea5073c"}, "date_added": "2021-09-03T14:25:21.000Z", "twitter_username": "AlitaFinance", "is_hidden": 0, "date_launched": "2021-08-07T00:00:00.000Z", "contract_address": [{"contract_address": "0x557233E794d1a5FbCc6D26dca49147379ea5073c", "platform": {"name": "BNB Smart Chain (BEP20)", "coin": {"id": "1839", "name": "BNB", "symbol": "BNB", "slug": "bnb"}}}], "self_reported_circulating_supply": 8811878.103, "self_reported_tags": ["Marketplace", "Collectibles & NFTs", "Decentralized Exchange (DEX) Token", "DeFi", "Prediction Markets", "Smart Contracts", "Staking", "DApp", "Yield Farming", "AMM", "BNB Smart Chain", "DEX", "Yield Aggregator", "LP Tokens", "Governance", "Launchpad", "Lending & Borrowing", "Cross-Chain DEX Aggregator"], "self_reported_market_cap": 709376.9881422233}, {"id": 746, "name": "Alipaycoin", "symbol": "ALI", "category": "coin", "description": "Alipaycoin (ALI) is a cryptocurrency . Users are able to generate ALI through the process of mining. Alipaycoin has a current supply of 0. The last known price of Alipaycoin is 0.00028164 USD and is up 0.00 over the last 24 hours. More information can be found at http://alipaycoin.cc.", "slug": "alipaycoin", "logo": "https://s2.coinmarketcap.com/static/img/coins/64x64/746.png", "subreddit": "", "notice": "", "tags": ["mineable"], "tag-names": ["Mineable"], "tag-groups": ["OTHERS"], "urls": {"website": ["http://alipaycoin.cc"], "twitter": ["https://twitter.com/alipaycoin"], "message_board": [], "chat": [], "facebook": [], "explorer": [], "reddit": [], "technical_doc": [], "source_code": [], "announcement": ["https://bitcointalk.org/index.php?topic=868675.0"]}, "platform": null, "date_added": "2014-12-07T00:00:00.000Z", "twitter_username": "alipaycoin", "is_hidden": 0, "date_launched": null, "contract_address": [], "self_reported_circulating_supply": NaN, "self_reported_tags": null, "self_reported_market_cap": NaN}, {"id": 3248, "name": "AiLink Token", "symbol": "ALI", "category": "token", "description": "AiLink Token (ALI) is a cryptocurrency and operates on the Ethereum platform. AiLink Token has a current supply of 10,000,000,000 with 5,184,020,526.847212 in circulation. The last known price of AiLink Token is 0.00003079 USD and is up 0.00 over the last 24 hours. More information can be found at http://ailink.in.", "slug": "ailink-token", "logo": "https://s2.coinmarketcap.com/static/img/coins/64x64/3248.png", "subreddit": "", "notice": "", "tags": null, "tag-names": null, "tag-groups": null, "urls": {"website": ["http://ailink.in"], "twitter": ["https://twitter.com/ailinkofficial"], "message_board": [], "chat": ["https://t.me/ailinkofficial"], "facebook": [], "explorer": ["https://etherscan.io/token/0x4289c043a12392f1027307fb58272d8ebd853912", "https://ethplorer.io/address/0x4289c043a12392f1027307fb58272d8ebd853912"], "reddit": [], "technical_doc": [], "source_code": [], "announcement": []}, "platform": {"id": "1027", "name": "Ethereum", "slug": "ethereum", "symbol": "ETH", "token_address": "0x4289c043a12392f1027307fb58272d8ebd853912"}, "date_added": "2018-09-05T00:00:00.000Z", "twitter_username": "ailinkofficial", "is_hidden": 0, "date_launched": null, "contract_address": [{"contract_address": "0x4289c043a12392f1027307fb58272d8ebd853912", "platform": {"name": "Ethereum", "coin": {"id": "1027", "name": "Ethereum", "symbol": "ETH", "slug": "ethereum"}}}], "self_reported_circulating_supply": NaN, "self_reported_tags": null, "self_reported_market_cap": NaN}]