[{"id": 8766, "name": "MyNeighborAlice", "symbol": "ALICE", "category": "token", "description": "MyNeighborAlice (ALICE) is a cryptocurrency launched in 2021and operates on the Ethereum platform. MyNeighborAlice has a current supply of 100,000,000 with 41,468,157.27 in circulation. The last known price of MyNeighborAlice is 1.02592464 USD and is down -3.36 over the last 24 hours. It is currently trading on 143 active market(s) with $12,153,096.47 traded over the last 24 hours. More information can be found at https://www.myneighboralice.com/.", "slug": "myneighboralice", "logo": "https://s2.coinmarketcap.com/static/img/coins/64x64/8766.png", "subreddit": "MyNeighborAlice", "notice": "", "tags": ["collectibles-nfts", "gaming", "entertainment", "metaverse", "dao-maker", "exnetwork-capital-portfolio", "chromia-ecosystem", "play-to-earn"], "tag-names": ["Collectibles & NFTs", "Gaming", "Entertainment", "Metaverse", "DAO Maker", "Exnetwork Capital Portfolio", "Chromia Ecosystem", "Play To Earn"], "tag-groups": ["CATEGORY", "INDUSTRY", "INDUSTRY", "CATEGORY", "CATEGORY", "CATEGORY", "CATEGORY", "CATEGORY"], "urls": {"website": ["https://www.myneighboralice.com/"], "twitter": ["https://twitter.com/MyNeighborAlice"], "message_board": ["https://myneighboralice.medium.com/"], "chat": ["https://t.me/MyNeighborAlice"], "facebook": [], "explorer": ["https://etherscan.io/token/0xAC51066d7bEC65Dc4589368da368b212745d63E8", "https://ethplorer.io/address/0xAC51066d7bEC65Dc4589368da368b212745d63E8", "https://bscscan.com/token/0xac51066d7bec65dc4589368da368b212745d63e8", "https://solscan.io/token/9ARQsBfAn65q522cEqSJuse3cLhA31jgWDBGQHeiq7Mg"], "reddit": ["https://reddit.com/r/MyNeighborAlice"], "technical_doc": ["https://static1.squarespace.com/static/601a9e78af724f7a3932fd5f/t/6197c7a3208b111b3333c707/1637337019912/My+Neighbor+Alice+Whitepaper+-+final.pdf"], "source_code": [], "announcement": []}, "platform": {"id": "1027", "name": "Ethereum", "slug": "ethereum", "symbol": "ETH", "token_address": "0xAC51066d7bEC65Dc4589368da368b212745d63E8"}, "date_added": "2021-03-10T00:00:00.000Z", "twitter_username": "MyNeighborAlice", "is_hidden": 0, "date_launched": "2021-03-14T00:00:00.000Z", "contract_address": [{"contract_address": "0xAC51066d7bEC65Dc4589368da368b212745d63E8", "platform": {"name": "Ethereum", "coin": {"id": "1027", "name": "Ethereum", "symbol": "ETH", "slug": "ethereum"}}}, {"contract_address": "0xac51066d7bec65dc4589368da368b212745d63e8", "platform": {"name": "BNB Smart Chain (BEP20)", "coin": {"id": "1839", "name": "BNB", "symbol": "BNB", "slug": "bnb"}}}, {"contract_address": "9ARQsBfAn65q522cEqSJuse3cLhA31jgWDBGQHeiq7Mg", "platform": {"name": "Solana", "coin": {"id": "5426", "name": "Solana", "symbol": "SOL", "slug": "solana"}}}], "self_reported_circulating_supply": null, "self_reported_tags": null, "self_reported_market_cap": null}]