[{"id": 5751, "name": "Aave LINK", "symbol": "ALINK", "category": "token", "description": "Aave LINK (ALINK) is a cryptocurrency . Aave LINK has a current supply of 7,581,454 with 0 in circulation. The last known price of Aave LINK is 5.46651944 USD and is down -4.28 over the last 24 hours. It is currently trading on 1 active market(s) with $0.00 traded over the last 24 hours. More information can be found at https://aave.com/.", "slug": "aave-link", "logo": "https://s2.coinmarketcap.com/static/img/coins/64x64/5751.png", "subreddit": "Aave_Official", "notice": "", "tags": ["defi", "aave-tokens"], "tag-names": ["DeFi", "Aave Tokens"], "tag-groups": ["CATEGORY", "CATEGORY"], "urls": {"website": ["https://aave.com/", "https://ethlend.io"], "twitter": ["https://twitter.com/AaveAave"], "message_board": ["https://medium.com/aave"], "chat": ["https://aave.com/discord"], "facebook": [], "explorer": ["https://etherscan.io/address/0xA64BD6C70Cb9051F6A9ba1F163Fdc07E0DfB5F84", "https://ethplorer.io/address/0xa64bd6c70cb9051f6a9ba1f163fdc07e0dfb5f84"], "reddit": ["https://reddit.com/r/Aave_Official"], "technical_doc": ["https://github.com/aave/aave-protocol/blob/master/docs/Aave_Protocol_Whitepaper_v1_0.pdf"], "source_code": ["https://github.com/aave"], "announcement": ["https://bitcointalk.org/index.php?topic=2090735.0"]}, "platform": null, "date_added": "2020-06-28T00:00:00.000Z", "twitter_username": "AaveAave", "is_hidden": 0, "date_launched": null, "contract_address": [], "self_reported_circulating_supply": null, "self_reported_tags": null, "self_reported_market_cap": null}]