[{"id": 8882, "name": "Alliance Fan Token", "symbol": "ALL", "category": "coin", "description": "Alliance Fan Token (ALL) is a cryptocurrency . Alliance Fan Token has a current supply of 5,000,000 with 1,271,450 in circulation. The last known price of Alliance Fan Token is 0.21927195 USD and is down -3.66 over the last 24 hours. It is currently trading on 1 active market(s) with $12,977.05 traded over the last 24 hours. More information can be found at https://www.socios.com/.", "slug": "alliance-fan-token", "logo": "https://s2.coinmarketcap.com/static/img/coins/64x64/8882.png", "subreddit": "", "notice": "", "tags": ["sports", "fan-token", "soccer"], "tag-names": ["Sports", "Fan Token", "Soccer"], "tag-groups": ["INDUSTRY", "CATEGORY", "CATEGORY"], "urls": {"website": ["https://www.socios.com/"], "twitter": [], "message_board": [], "chat": [], "facebook": [], "explorer": ["https://explorer.chiliz.com/tokens/0xaadc605fb177c03e57d90aec02a1a8af6cabd036/token_transfers"], "reddit": [], "technical_doc": [], "source_code": [], "announcement": []}, "platform": {"id": "4066", "name": "Chiliz", "slug": "chiliz", "symbol": "CHZ", "token_address": "0xAAdc605fB177c03e57D90Aec02a1A8Af6CaBd036"}, "date_added": "2021-03-18T00:00:00.000Z", "twitter_username": "", "is_hidden": 0, "date_launched": null, "contract_address": [{"contract_address": "0xAAdc605fB177c03e57D90Aec02a1A8Af6CaBd036", "platform": {"name": "Chiliz", "coin": {"id": "4066", "name": "Chiliz", "symbol": "CHZ", "slug": "chiliz"}}}], "self_reported_circulating_supply": 1274397.0, "self_reported_tags": null, "self_reported_market_cap": 279439.51879127364}, {"id": 1554, "name": "Allion", "symbol": "ALL", "category": "coin", "description": "Allion (ALL) is a cryptocurrency . Users are able to generate ALL through the process of mining. Allion has a current supply of 7,323,359.339803 with 6,199,359.339803 in circulation. The last known price of Allion is 0.00029042 USD and is up 0.00 over the last 24 hours. More information can be found at http://www.trollpay.com/.", "slug": "allion", "logo": "https://s2.coinmarketcap.com/static/img/coins/64x64/1554.png", "subreddit": "", "notice": "", "tags": ["mineable"], "tag-names": ["Mineable"], "tag-groups": ["OTHERS"], "urls": {"website": ["http://www.trollpay.com/"], "twitter": ["https://twitter.com/Allion_ALL"], "message_board": [], "chat": [], "facebook": [], "explorer": ["http://www.trollpay.com/viewpage.php?page_id=19"], "reddit": [], "technical_doc": [], "source_code": ["https://github.com/EpyxZ/Allion"], "announcement": ["https://bitcointalk.org/index.php?topic=1685516.0"]}, "platform": null, "date_added": "2017-02-24T00:00:00.000Z", "twitter_username": "Allion_ALL", "is_hidden": 0, "date_launched": null, "contract_address": [], "self_reported_circulating_supply": NaN, "self_reported_tags": null, "self_reported_market_cap": NaN}]