[{"id": 5544, "name": "Aluna.Social", "symbol": "ALN", "category": "token", "description": "Aluna.Social (ALN) is a cryptocurrency launched in 2020and operates on the Ethereum platform. Aluna.Social has a current supply of 99,788,845.81456208 with 37,716,865.94842014 in circulation. The last known price of Aluna.Social is 0.00204319 USD and is up 0.79 over the last 24 hours. It is currently trading on 12 active market(s) with $14,826.10 traded over the last 24 hours. More information can be found at https://aluna.social.", "slug": "aluna-social", "logo": "https://s2.coinmarketcap.com/static/img/coins/64x64/5544.png", "subreddit": "", "notice": "", "tags": ["dao-maker", "arbitrum-ecosytem"], "tag-names": ["DAO Maker", "Arbitrum Ecosystem"], "tag-groups": ["CATEGORY", "PLATFORM"], "urls": {"website": ["https://aluna.social", "https://aluna.social/token"], "twitter": ["https://twitter.com/alunasocial"], "message_board": ["https://medium.com/@aluna"], "chat": ["https://t.me/alunasocial"], "facebook": [], "explorer": ["https://etherscan.io/token/0x8185bc4757572da2a610f887561c32298f1a5748", "https://ethplorer.io/address/0x8185bc4757572da2a610f887561c32298f1a5748", "https://polygonscan.com/token/0xa8fcee762642f156b5d757b6fabc36e06b6d4a1a", "https://bscscan.com/token/0xf44fb887334fa17d2c5c0f970b5d320ab53ed557", "https://arbiscan.io/token/0x9b3fa2a7c3eb36d048a5d38d81e7fafc6bc47b25"], "reddit": [], "technical_doc": ["https://aluna.social/WP.pdf"], "source_code": ["https://github.com/alunacrypto"], "announcement": []}, "platform": {"id": "1027", "name": "Ethereum", "slug": "ethereum", "symbol": "ETH", "token_address": "0x8185bc4757572da2a610f887561c32298f1a5748"}, "date_added": "2020-05-06T00:00:00.000Z", "twitter_username": "alunasocial", "is_hidden": 0, "date_launched": "2020-02-07T00:00:00.000Z", "contract_address": [{"contract_address": "0x8185bc4757572da2a610f887561c32298f1a5748", "platform": {"name": "Ethereum", "coin": {"id": "1027", "name": "Ethereum", "symbol": "ETH", "slug": "ethereum"}}}, {"contract_address": "0xf44fb887334fa17d2c5c0f970b5d320ab53ed557", "platform": {"name": "BNB Smart Chain (BEP20)", "coin": {"id": "1839", "name": "BNB", "symbol": "BNB", "slug": "bnb"}}}, {"contract_address": "0xa8fcee762642f156b5d757b6fabc36e06b6d4a1a", "platform": {"name": "Polygon", "coin": {"id": "3890", "name": "Polygon", "symbol": "MATIC", "slug": "polygon"}}}], "self_reported_circulating_supply": null, "self_reported_tags": null, "self_reported_market_cap": null}, {"id": 203, "name": "Aliencoin", "symbol": "ALN", "category": "coin", "description": "Aliencoin (ALN) is a cryptocurrency . Users are able to generate ALN through the process of mining. Aliencoin has a current supply of 24,726,090.0998. The last known price of Aliencoin is 0.00007574 USD and is up 0.00 over the last 24 hours. More information can be found at http://alienco.in/.", "slug": "aliencoin", "logo": "https://s2.coinmarketcap.com/static/img/coins/64x64/203.png", "subreddit": "", "notice": "", "tags": ["mineable"], "tag-names": ["Mineable"], "tag-groups": ["OTHERS"], "urls": {"website": ["http://alienco.in/"], "twitter": [], "message_board": [], "chat": [], "facebook": [], "explorer": ["http://cryptexplorer.com/chain/AlienCoin"], "reddit": [], "technical_doc": [], "source_code": [], "announcement": []}, "platform": null, "date_added": "2014-03-15T00:00:00.000Z", "twitter_username": "", "is_hidden": 0, "date_launched": null, "contract_address": [], "self_reported_circulating_supply": null, "self_reported_tags": null, "self_reported_market_cap": null}]