[{"id": 8707, "name": "Alpaca Finance", "symbol": "ALPACA", "category": "token", "description": "Alpaca Finance (ALPACA) is a cryptocurrency launched in 2021and operates on the BNB Smart Chain (BEP20) platform. Alpaca Finance has a current supply of 144,858,125.18686786 with 141,603,872.2278711 in circulation. The last known price of Alpaca Finance is 0.24429072 USD and is down -0.23 over the last 24 hours. It is currently trading on 94 active market(s) with $1,968,390.15 traded over the last 24 hours. More information can be found at https://www.alpacafinance.org/.", "slug": "alpaca-finance", "logo": "https://s2.coinmarketcap.com/static/img/coins/64x64/8707.png", "subreddit": "", "notice": "", "tags": ["defi", "staking", "yield-farming", "yield-aggregator", "governance", "lending-borowing", "polygon-ecosystem", "fantom-ecosystem", "bnb-chain"], "tag-names": ["DeFi", "Staking", "Yield Farming", "Yield Aggregator", "Governance", "Lending & Borrowing", "Polygon Ecosystem", "Fantom Ecosystem", "BNB Chain"], "tag-groups": ["CATEGORY", "CATEGORY", "CATEGORY", "CATEGORY", "CATEGORY", "CATEGORY", "PLATFORM", "PLATFORM", "PLATFORM"], "urls": {"website": ["https://www.alpacafinance.org/"], "twitter": ["https://twitter.com/AlpacaFinance"], "message_board": ["https://medium.com/alpaca-finance"], "chat": ["https://discord.gg/2UvgmqcVDQ", "https://t.me/alpacafinance"], "facebook": [], "explorer": ["https://bscscan.com/token/0x8f0528ce5ef7b51152a59745befdd91d97091d2f", "https://ftmscan.com/token/0xad996a45fd2373ed0b10efa4a8ecb9de445a4302"], "reddit": [], "technical_doc": ["https://docs.alpacafinance.org/"], "source_code": ["https://github.com/alpaca-finance"], "announcement": []}, "platform": {"id": "1839", "name": "BNB", "slug": "bnb", "symbol": "BNB", "token_address": "0x8f0528ce5ef7b51152a59745befdd91d97091d2f"}, "date_added": "2021-03-06T00:00:00.000Z", "twitter_username": "AlpacaFinance", "is_hidden": 0, "date_launched": "2021-02-28T00:00:00.000Z", "contract_address": [{"contract_address": "0x8f0528ce5ef7b51152a59745befdd91d97091d2f", "platform": {"name": "BNB Smart Chain (BEP20)", "coin": {"id": "1839", "name": "BNB", "symbol": "BNB", "slug": "bnb"}}}, {"contract_address": "0xad996a45fd2373ed0b10efa4a8ecb9de445a4302", "platform": {"name": "Fantom", "coin": {"id": "3513", "name": "Fantom", "symbol": "FTM", "slug": "fantom"}}}], "self_reported_circulating_supply": 153022718.51135024, "self_reported_tags": ["DeFi", "Yield Farming", "BNB Smart Chain", "Lending & Borrowing"], "self_reported_market_cap": 37386436.84090123}]