[{"id": 7232, "name": "Alpha Venture DAO", "symbol": "ALPHA", "category": "token", "description": "Alpha Venture DAO (ALPHA) is a cryptocurrency and operates on the BNB Smart Chain (BEP20) platform. Alpha Venture DAO has a current supply of 1,000,000,000 with 750,000,000.0000001 in circulation. The last known price of Alpha Venture DAO is 0.0717333 USD and is down -5.99 over the last 24 hours. It is currently trading on 102 active market(s) with $2,072,838.13 traded over the last 24 hours. More information can be found at https://alphaventuredao.io/.", "slug": "alpha-finance-lab", "logo": "https://s2.coinmarketcap.com/static/img/coins/64x64/7232.png", "subreddit": "", "notice": "Alpha Finance Lab has rebranded to Alpha Venture DAO. Read more [here](https://blog.alphaventuredao.io/)", "tags": ["defi", "yield-farming", "yield-aggregator", "binance-launchpool", "binance-launchpad", "defiance-capital-portfolio", "alameda-research-portfolio", "multicoin-capital-portfolio", "spartan-group", "injective-ecosystem", "bnb-chain"], "tag-names": ["DeFi", "Yield Farming", "Yield Aggregator", "Binance Launchpool", "Binance Launchpad", "DeFiance Capital Portfolio", "Alameda Research Portfolio", "Multicoin Capital Portfolio", "Spartan Group", "Injective Ecosystem", "BNB Chain"], "tag-groups": ["CATEGORY", "CATEGORY", "CATEGORY", "CATEGORY", "CATEGORY", "CATEGORY", "CATEGORY", "CATEGORY", "CATEGORY", "PLATFORM", "PLATFORM"], "urls": {"website": ["https://alphaventuredao.io/"], "twitter": ["https://twitter.com/alphaventuredao"], "message_board": ["https://blog.alphaventuredao.io/"], "chat": ["https://t.me/AlphaFinanceLab", "https://discord.com/invite/Z2vuKDT"], "facebook": [], "explorer": ["https://bscscan.com/address/0xa1faa113cbe53436df28ff0aee54275c13b40975", "https://etherscan.io/token/0xa1faa113cbe53436df28ff0aee54275c13b40975", "https://snowtrace.io/token/0x2147efff675e4a4ee1c2f918d181cdbd7a8e208f"], "reddit": [], "technical_doc": ["https://docs.alphaventuredao.io/alpha-finance-lab/alpha-venture-dao/overview"], "source_code": ["https://github.com/AlphaFinanceLab/alpha-lending-smart-contract/blob/master/documents/Alpha%20Lending%20Whitepaper.pdf"], "announcement": ["https://blog.alphafinance.io/"]}, "platform": {"id": "1839", "name": "BNB", "slug": "bnb", "symbol": "BNB", "token_address": "0xa1faa113cbe53436df28ff0aee54275c13b40975"}, "date_added": "2020-09-29T00:00:00.000Z", "twitter_username": "alphaventuredao", "is_hidden": 0, "date_launched": null, "contract_address": [{"contract_address": "0xa1faa113cbe53436df28ff0aee54275c13b40975", "platform": {"name": "BNB Smart Chain (BEP20)", "coin": {"id": "1839", "name": "BNB", "symbol": "BNB", "slug": "bnb"}}}, {"contract_address": "0xa1faa113cbe53436df28ff0aee54275c13b40975", "platform": {"name": "Ethereum", "coin": {"id": "1027", "name": "Ethereum", "symbol": "ETH", "slug": "ethereum"}}}, {"contract_address": "0x2147EFFF675e4A4eE1C2f918d181cDBd7a8E208f", "platform": {"name": "Avalanche C-Chain", "coin": {"id": "5805", "name": "Avalanche", "symbol": "AVAX", "slug": "avalanche"}}}], "self_reported_circulating_supply": NaN, "self_reported_tags": null, "self_reported_market_cap": NaN}, {"id": 16794, "name": "Alpha Coin", "symbol": "ALPHA", "category": "token", "description": "Alpha Coin (ALPHA) is a cryptocurrency launched in 2021and operates on the Ethereum platform. Alpha Coin has a current supply of 4,975,999,999 with 0 in circulation. The last known price of Alpha Coin is 0.00494076 USD and is down -0.98 over the last 24 hours. It is currently trading on 5 active market(s) with $189,230.74 traded over the last 24 hours. More information can be found at https://alphacitymeta.com.", "slug": "alpha", "logo": "https://s2.coinmarketcap.com/static/img/coins/64x64/16794.png", "subreddit": "", "notice": "", "tags": null, "tag-names": null, "tag-groups": null, "urls": {"website": ["https://alphacitymeta.com"], "twitter": ["https://twitter.com/alphacoin22"], "message_board": [], "chat": ["https://t.me/Alphacoinerc20"], "facebook": [], "explorer": ["https://etherscan.io/token/0x138c2f1123cf3f82e4596d097c118eac6684940b"], "reddit": [], "technical_doc": ["https://alphacitymeta.com/wp-content/uploads/2022/10/whitepaper1019.pdf"], "source_code": [], "announcement": ["https://t.me/alphaecoofficial"]}, "platform": {"id": "1027", "name": "Ethereum", "slug": "ethereum", "symbol": "ETH", "token_address": "0x138c2f1123cf3f82e4596d097c118eac6684940b"}, "date_added": "2022-01-03T19:59:26.000Z", "twitter_username": "alphacoin22", "is_hidden": 0, "date_launched": "2021-12-28T00:00:00.000Z", "contract_address": [{"contract_address": "0x138c2f1123cf3f82e4596d097c118eac6684940b", "platform": {"name": "Ethereum", "coin": {"id": "1027", "name": "Ethereum", "symbol": "ETH", "slug": "ethereum"}}}], "self_reported_circulating_supply": 4975999999.0, "self_reported_tags": ["Platform", "Ethereum Ecosystem", "Metaverse"], "self_reported_market_cap": 24567281.24481991}, {"id": 12179, "name": "PolyAlpha Finance", "symbol": "ALPHA", "category": "token", "description": "PolyAlpha Finance (ALPHA) is a cryptocurrency launched in 2021and operates on the Polygon platform. PolyAlpha Finance has a current supply of 4,383 with 0 in circulation. The last known price of PolyAlpha Finance is 0.4788669 USD and is up 526.98 over the last 24 hours. It is currently trading on 17 active market(s) with $19,410.04 traded over the last 24 hours. More information can be found at https://polyalpha.finance/.", "slug": "polyalpha-finance", "logo": "https://s2.coinmarketcap.com/static/img/coins/64x64/12179.png", "subreddit": "", "notice": "", "tags": null, "tag-names": null, "tag-groups": null, "urls": {"website": ["https://polyalpha.finance/"], "twitter": ["https://twitter.com/PolyAlphaFi"], "message_board": [], "chat": ["https://t.me/PolyAlphaFi"], "facebook": [], "explorer": ["https://polygonscan.com/token/0x0B048D6e01a6b9002C291060bF2179938fd8264c"], "reddit": [], "technical_doc": [], "source_code": ["https://github.com/PolyAlphaFinance"], "announcement": ["https://t.me/PolyAlphaFin"]}, "platform": {"id": "3890", "name": "Polygon", "slug": "polygon", "symbol": "MATIC", "token_address": "0x0B048D6e01a6b9002C291060bF2179938fd8264c"}, "date_added": "2021-09-27T21:20:27.000Z", "twitter_username": "PolyAlphaFi", "is_hidden": 0, "date_launched": "2021-09-02T00:00:00.000Z", "contract_address": [{"contract_address": "0x0B048D6e01a6b9002C291060bF2179938fd8264c", "platform": {"name": "Polygon", "coin": {"id": "3890", "name": "Polygon", "symbol": "MATIC", "slug": "polygon"}}}], "self_reported_circulating_supply": NaN, "self_reported_tags": null, "self_reported_market_cap": NaN}, {"id": 19262, "name": "Aavegotchi ALPHA", "symbol": "ALPHA", "category": "token", "description": "Aavegotchi ALPHA (ALPHA) is a cryptocurrency and operates on the Polygon platform. Aavegotchi ALPHA has a current supply of 5,000,000,000 with 0 in circulation. The last known price of Aavegotchi ALPHA is 0.00670102 USD and is up 0.30 over the last 24 hours. It is currently trading on 11 active market(s) with $953.23 traded over the last 24 hours. More information can be found at https://www.aavegotchi.com/.", "slug": "aavegotchi-alpha", "logo": "https://s2.coinmarketcap.com/static/img/coins/64x64/19262.png", "subreddit": "", "notice": "", "tags": null, "tag-names": null, "tag-groups": null, "urls": {"website": ["https://www.aavegotchi.com/"], "twitter": ["https://twitter.com/aavegotchi"], "message_board": [], "chat": ["https://discord.gg/KSSkUd4R48", "https://t.me/aavegotchi"], "facebook": [], "explorer": ["https://polygonscan.com/token/0x6a3e7c3c6ef65ee26975b12293ca1aad7e1daed2"], "reddit": [], "technical_doc": [], "source_code": [], "announcement": ["https://medium.com/@aavegotchi"]}, "platform": {"id": "3890", "name": "Polygon", "slug": "polygon", "symbol": "MATIC", "token_address": "0x6a3e7c3c6ef65ee26975b12293ca1aad7e1daed2"}, "date_added": "2022-04-01T03:31:39.000Z", "twitter_username": "aavegotchi", "is_hidden": 0, "date_launched": null, "contract_address": [{"contract_address": "0x6a3e7c3c6ef65ee26975b12293ca1aad7e1daed2", "platform": {"name": "Polygon", "coin": {"id": "3890", "name": "Polygon", "symbol": "MATIC", "slug": "polygon"}}}], "self_reported_circulating_supply": NaN, "self_reported_tags": null, "self_reported_market_cap": NaN}]