[{"id": 9430, "name": "Alphr finance", "symbol": "ALPHR", "category": "token", "description": "Alphr finance (ALPHR) is a cryptocurrency launched in 2021and operates on the Ethereum platform. Alphr finance has a current supply of 10,000,000 with 1,729,084.8506558 in circulation. The last known price of Alphr finance is 0.00783952 USD and is up 0.60 over the last 24 hours. It is currently trading on 7 active market(s) with $14,424.08 traded over the last 24 hours. More information can be found at https://www.alphr.finance/.", "slug": "alphr-finance", "logo": "https://s2.coinmarketcap.com/static/img/coins/64x64/9430.png", "subreddit": "", "notice": "", "tags": ["dao-maker"], "tag-names": ["DAO Maker"], "tag-groups": ["CATEGORY"], "urls": {"website": ["https://www.alphr.finance/"], "twitter": ["https://twitter.com/alphrfinance"], "message_board": ["https://medium.com/alphr-finance"], "chat": ["https://t.me/alphrfinance", "https://discord.gg/H5gUuSrf"], "facebook": [], "explorer": ["https://etherscan.io/token/0xaa99199d1e9644b588796F3215089878440D58e0"], "reddit": [], "technical_doc": [], "source_code": [], "announcement": []}, "platform": {"id": "1027", "name": "Ethereum", "slug": "ethereum", "symbol": "ETH", "token_address": "0xaa99199d1e9644b588796F3215089878440D58e0"}, "date_added": "2021-04-22T00:00:00.000Z", "twitter_username": "alphrfinance", "is_hidden": 0, "date_launched": "2021-04-26T00:00:00.000Z", "contract_address": [{"contract_address": "0xaa99199d1e9644b588796F3215089878440D58e0", "platform": {"name": "Ethereum", "coin": {"id": "1027", "name": "Ethereum", "symbol": "ETH", "slug": "ethereum"}}}], "self_reported_circulating_supply": null, "self_reported_tags": null, "self_reported_market_cap": null}]