[{"id": 10897, "name": "Alitas", "symbol": "ALT", "category": "token", "description": "Alitas (ALT) is a cryptocurrency launched in 2021and operates on the BNB Smart Chain (BEP20) platform. Alitas has a current supply of 1,000,000,000 with 60,000,000 in circulation. The last known price of Alitas is 0.22630221 USD and is up 30.01 over the last 24 hours. It is currently trading on 6 active market(s) with $6,944.89 traded over the last 24 hours. More information can be found at https://alitas.tech/.", "slug": "alitas", "logo": "https://s2.coinmarketcap.com/static/img/coins/64x64/10897.png", "subreddit": "", "notice": "", "tags": ["bnb-chain"], "tag-names": ["BNB Chain"], "tag-groups": ["PLATFORM"], "urls": {"website": ["https://alitas.tech/"], "twitter": ["https://twitter.com/AlitasTech"], "message_board": ["https://medium.com/@AlitasTech"], "chat": ["https://t.me/Alitastech"], "facebook": [], "explorer": ["https://bscscan.com/token/0x5ca09af27b8a4f1d636380909087536bc7e2d94d"], "reddit": [], "technical_doc": ["https://alitas.tech/doc/ALITAS_WhitePaper.pdf"], "source_code": ["https://github.com/AlitasTech"], "announcement": []}, "platform": {"id": "1839", "name": "BNB", "slug": "bnb", "symbol": "BNB", "token_address": "0x5ca09af27b8a4f1d636380909087536bc7e2d94d"}, "date_added": "2021-07-14T00:00:00.000Z", "twitter_username": "AlitasTech", "is_hidden": 0, "date_launched": "2021-05-09T00:00:00.000Z", "contract_address": [{"contract_address": "0x5ca09af27b8a4f1d636380909087536bc7e2d94d", "platform": {"name": "BNB Smart Chain (BEP20)", "coin": {"id": "1839", "name": "BNB", "symbol": "BNB", "slug": "bnb"}}}], "self_reported_circulating_supply": NaN, "self_reported_tags": null, "self_reported_market_cap": NaN}, {"id": 22765, "name": "ArchLoot", "symbol": "ALT", "category": "token", "description": "ArchLoot (ALT) is a cryptocurrency launched in 2022and operates on the BNB Smart Chain (BEP20) platform. ArchLoot has a current supply of 0. The last known price of ArchLoot is 0.42609747 USD and is down -1.55 over the last 24 hours. It is currently trading on 5 active market(s) with $3,621,157.11 traded over the last 24 hours. More information can be found at https://ArchLoot.com.", "slug": "archloot", "logo": "https://s2.coinmarketcap.com/static/img/coins/64x64/22765.png", "subreddit": "", "notice": "", "tags": null, "tag-names": null, "tag-groups": null, "urls": {"website": ["https://ArchLoot.com"], "twitter": ["https://twitter.com/archlootOS"], "message_board": [], "chat": ["https://discord.com/invite/archloot", "https://t.me/archloot"], "facebook": [], "explorer": [], "reddit": [], "technical_doc": ["https://docs.archloot.com/"], "source_code": [], "announcement": []}, "platform": {"id": "1839", "name": "BNB", "slug": "bnb", "symbol": "BNB", "token_address": "0x1BD55090B8878630E57FAE6eBd11FD61d16DFC9f"}, "date_added": "2022-11-23T09:10:55.000Z", "twitter_username": "archlootOS", "is_hidden": 0, "date_launched": "2022-03-31T00:00:00.000Z", "contract_address": [{"contract_address": "0x1BD55090B8878630E57FAE6eBd11FD61d16DFC9f", "platform": {"name": "BNB Smart Chain (BEP20)", "coin": {"id": "1839", "name": "BNB", "symbol": "BNB", "slug": "bnb"}}}], "self_reported_circulating_supply": 13000000.0, "self_reported_tags": null, "self_reported_market_cap": 5540304.557872679}, {"id": 22065, "name": "AptosLaunch Token", "symbol": "ALT", "category": "token", "description": "AptosLaunch Token (ALT) is a cryptocurrency launched in 2022. AptosLaunch Token has a current supply of 100,000,000 with 0 in circulation. The last known price of AptosLaunch Token is 0.06301734 USD and is up 12.86 over the last 24 hours. It is currently trading on 3 active market(s) with $205,164.41 traded over the last 24 hours. More information can be found at https://aptoslaunch.io/.", "slug": "aptoslaunch-token", "logo": "https://s2.coinmarketcap.com/static/img/coins/64x64/22065.png", "subreddit": "", "notice": "", "tags": ["dao", "governance", "launchpad", "aptos-ecosystem"], "tag-names": ["DAO", "Governance", "Launchpad", "Aptos Ecosystem"], "tag-groups": ["CATEGORY", "CATEGORY", "CATEGORY", "CATEGORY"], "urls": {"website": ["https://aptoslaunch.io/"], "twitter": ["https://twitter.com/AptoslaunchIO"], "message_board": [], "chat": ["https://discord.gg/cC33ryfSx8"], "facebook": [], "explorer": [], "reddit": [], "technical_doc": ["https://doc.aptoslaunch.io/"], "source_code": [], "announcement": []}, "platform": null, "date_added": "2022-10-04T09:02:24.000Z", "twitter_username": "AptoslaunchIO", "is_hidden": 0, "date_launched": "2022-09-09T00:00:00.000Z", "contract_address": [], "self_reported_circulating_supply": 100000000.0, "self_reported_tags": ["SUI Ecosystem"], "self_reported_market_cap": 6286054.822603513}, {"id": 1642, "name": "Altcoin", "symbol": "ALT", "category": "token", "description": "Altcoin (ALT) is a cryptocurrency . Altcoin has a current supply of 134,062.79533219 with 123,175.26848421 in circulation. The last known price of Altcoin is 0.02019714 USD and is up 0.00 over the last 24 hours. More information can be found at http://altcoinmarketcap.com/.", "slug": "altcoin-alt", "logo": "https://s2.coinmarketcap.com/static/img/coins/64x64/1642.png", "subreddit": "", "notice": "", "tags": null, "tag-names": null, "tag-groups": null, "urls": {"website": ["http://altcoinmarketcap.com/"], "twitter": ["https://twitter.com/altcoinmrktcap"], "message_board": [], "chat": [], "facebook": [], "explorer": ["http://omniexplorer.info/asset/149", "http://omnichest.info/lookupsp.aspx?sp=149"], "reddit": [], "technical_doc": [], "source_code": [], "announcement": []}, "platform": null, "date_added": "2017-04-25T00:00:00.000Z", "twitter_username": "altcoinmrktcap", "is_hidden": 0, "date_launched": null, "contract_address": [], "self_reported_circulating_supply": NaN, "self_reported_tags": null, "self_reported_market_cap": NaN}, {"id": 3465, "name": "Alt.Estate token", "symbol": "ALT", "category": "token", "description": "Alt.Estate token (ALT) is a cryptocurrency and operates on the Ethereum platform. Alt.Estate token has a current supply of 1,069,639,374 with 724,180,756 in circulation. The last known price of Alt.Estate token is 0.00033949 USD and is up 0.00 over the last 24 hours. More information can be found at https://alt.estate/.", "slug": "alt-estate-token", "logo": "https://s2.coinmarketcap.com/static/img/coins/64x64/3465.png", "subreddit": "Alt_Estate", "notice": "", "tags": null, "tag-names": null, "tag-groups": null, "urls": {"website": ["https://alt.estate/"], "twitter": ["https://twitter.com/alt_estate"], "message_board": ["https://medium.com/@alt.estate"], "chat": ["https://t.me/AltEstate"], "facebook": [], "explorer": ["https://etherscan.io/token/0x419b8ed155180a8c9c64145e76dad49c0a4efb97", "https://etherscan.io/address/0x419b8ed155180a8c9c64145e76dad49c0a4efb97"], "reddit": ["https://reddit.com/r/Alt_Estate"], "technical_doc": ["https://alt.estate/upload/files/altestate_whitepaper.pdf"], "source_code": ["https://github.com/AltEstate/altestate"], "announcement": ["https://bitcointalk.org/index.php?topic=3070307.0"]}, "platform": {"id": "1027", "name": "Ethereum", "slug": "ethereum", "symbol": "ETH", "token_address": "0x419b8ed155180a8c9c64145e76dad49c0a4efb97"}, "date_added": "2018-10-17T00:00:00.000Z", "twitter_username": "alt_estate", "is_hidden": 0, "date_launched": null, "contract_address": [{"contract_address": "0x419b8ed155180a8c9c64145e76dad49c0a4efb97", "platform": {"name": "Ethereum", "coin": {"id": "1027", "name": "Ethereum", "symbol": "ETH", "slug": "ethereum"}}}], "self_reported_circulating_supply": NaN, "self_reported_tags": null, "self_reported_market_cap": NaN}, {"id": 15976, "name": "AltCoin", "symbol": "ALT", "category": "token", "description": "AltCoin (ALT) is a cryptocurrency launched in 2021and operates on the BNB Smart Chain (BEP20) platform. AltCoin has a current supply of 1,000,000,000,000 with 0 in circulation. The last known price of AltCoin is 0.00000002 USD and is up 0.00 over the last 24 hours. More information can be found at https://thealtcointoken.com.", "slug": "altcoin-token", "logo": "https://s2.coinmarketcap.com/static/img/coins/64x64/15976.png", "subreddit": "", "notice": "", "tags": null, "tag-names": null, "tag-groups": null, "urls": {"website": ["https://thealtcointoken.com"], "twitter": ["https://twitter.com/thealtcointoken"], "message_board": [], "chat": ["https://t.me/officialaltcoin"], "facebook": [], "explorer": ["https://bscscan.com/token/0x7120f43220d1c77cb821dde0420293491d03f854"], "reddit": [], "technical_doc": ["https://altcoin.gitbook.io/altcoinwhitepaper"], "source_code": [], "announcement": []}, "platform": {"id": "1839", "name": "BNB", "slug": "bnb", "symbol": "BNB", "token_address": "0x7120f43220d1c77cb821dde0420293491d03f854"}, "date_added": "2021-12-13T08:40:23.000Z", "twitter_username": "thealtcointoken", "is_hidden": 0, "date_launched": "2021-11-22T00:00:00.000Z", "contract_address": [{"contract_address": "0x7120f43220d1c77cb821dde0420293491d03f854", "platform": {"name": "BNB Smart Chain (BEP20)", "coin": {"id": "1839", "name": "BNB", "symbol": "BNB", "slug": "bnb"}}}], "self_reported_circulating_supply": 1000000000000.0, "self_reported_tags": null, "self_reported_market_cap": 24370.89514297545}, {"id": 21482, "name": "altfolio", "symbol": "ALT", "category": "token", "description": "altfolio (ALT) is a cryptocurrency launched in 2022and operates on the BNB Smart Chain (BEP20) platform. altfolio has a current supply of 50,000,000 with 0 in circulation. The last known price of altfolio is 0.00105767 USD and is up 0.00 over the last 24 hours. More information can be found at https://altfolioapp.io/.", "slug": "altfolio", "logo": "https://s2.coinmarketcap.com/static/img/coins/64x64/21482.png", "subreddit": "", "notice": "", "tags": null, "tag-names": null, "tag-groups": null, "urls": {"website": ["https://altfolioapp.io/"], "twitter": ["https://twitter.com/altfolioapp_io?s=21&t=jFKiEbnHiAtfgExMkrcb1g"], "message_board": [], "chat": ["https://t.me/Altfolioapp"], "facebook": [], "explorer": ["https://bscscan.com/token/0x121BCf841e987CBC41541496100Fd5741C75C1c9"], "reddit": [], "technical_doc": ["https://altfolio.gitbook.io/altfolio/"], "source_code": [], "announcement": []}, "platform": {"id": "1839", "name": "BNB", "slug": "bnb", "symbol": "BNB", "token_address": "0x121BCf841e987CBC41541496100Fd5741C75C1c9"}, "date_added": "2022-08-20T13:34:41.000Z", "twitter_username": "altfolioapp_io?s=21&t=jFKiEbnHiAtfgExMkrcb1g", "is_hidden": 0, "date_launched": "2022-08-18T00:00:00.000Z", "contract_address": [{"contract_address": "0x121BCf841e987CBC41541496100Fd5741C75C1c9", "platform": {"name": "BNB Smart Chain (BEP20)", "coin": {"id": "1839", "name": "BNB", "symbol": "BNB", "slug": "bnb"}}}], "self_reported_circulating_supply": 22000000.0, "self_reported_tags": null, "self_reported_market_cap": 23268.760571200037}]