[{"id": 9637, "name": "Altura", "symbol": "ALU", "category": "token", "description": "Altura (ALU) is a cryptocurrency launched in 2021and operates on the BNB Smart Chain (BEP20) platform. Altura has a current supply of 990,000,000 with 625,757,088.5 in circulation. The last known price of Altura is 0.00803907 USD and is down -5.00 over the last 24 hours. It is currently trading on 27 active market(s) with $228,648.70 traded over the last 24 hours. More information can be found at https://www.alturanft.com/.", "slug": "altura", "logo": "https://s2.coinmarketcap.com/static/img/coins/64x64/9637.png", "subreddit": "", "notice": "", "tags": ["marketplace", "collectibles-nfts", "gaming", "metaverse", "oxbull", "bnb-chain"], "tag-names": ["Marketplace", "Collectibles & NFTs", "Gaming", "Metaverse", "Oxbull", "BNB Chain"], "tag-groups": ["INDUSTRY", "CATEGORY", "INDUSTRY", "CATEGORY", "CATEGORY", "PLATFORM"], "urls": {"website": ["https://www.alturanft.com/"], "twitter": ["https://twitter.com/AlturaNFT"], "message_board": ["https://www.alturanft.com/blog", "https://alturanft.medium.com/"], "chat": ["https://discord.com/invite/mWzz2GGrNt", "https://t.me/joinchat/SEp_Uz557XhmNzM5"], "facebook": [], "explorer": ["https://bscscan.com/token/0x8263CD1601FE73C066bf49cc09841f35348e3be0"], "reddit": [], "technical_doc": [], "source_code": ["https://github.com/alturanft"], "announcement": []}, "platform": {"id": "1839", "name": "BNB", "slug": "bnb", "symbol": "BNB", "token_address": "0x8263CD1601FE73C066bf49cc09841f35348e3be0"}, "date_added": "2021-05-07T00:00:00.000Z", "twitter_username": "AlturaNFT", "is_hidden": 0, "date_launched": "2021-05-27T00:00:00.000Z", "contract_address": [{"contract_address": "0x8263CD1601FE73C066bf49cc09841f35348e3be0", "platform": {"name": "BNB Smart Chain (BEP20)", "coin": {"id": "1839", "name": "BNB", "symbol": "BNB", "slug": "bnb"}}}], "self_reported_circulating_supply": 625757188.5, "self_reported_tags": ["Marketplace", "Platform", "Collectibles & NFTs", "Gaming", "Smart Contracts", "Staking", "DApp", "Ethereum Ecosystem", "BNB Smart Chain", "Avalanche Ecosystem", "Metaverse", "Polygon Ecosystem", "Fantom Ecosystem", "Web3", "Token", "Arbitrum Ecosystem", "Cross-Chain", "Oxbull"], "self_reported_market_cap": 5010315.326582863}]