[{"id": 8614, "name": "Alchemix USD", "symbol": "ALUSD", "category": "token", "description": "Alchemix USD (ALUSD) is a cryptocurrency launched in 2021and operates on the Ethereum platform. Alchemix USD has a current supply of 3,291,070.17958399 with 0 in circulation. The last known price of Alchemix USD is 0.96975925 USD and is down -2.83 over the last 24 hours. It is currently trading on 29 active market(s) with $25.52 traded over the last 24 hours. More information can be found at https://alchemix.fi/.", "slug": "alchemix-usd", "logo": "https://s2.coinmarketcap.com/static/img/coins/64x64/8614.png", "subreddit": "", "notice": "", "tags": ["stablecoin", "usd-stablecoin"], "tag-names": ["Stablecoin", "USD Stablecoin"], "tag-groups": ["CATEGORY", "CATEGORY"], "urls": {"website": ["https://alchemix.fi/"], "twitter": ["https://twitter.com/AlchemixFi"], "message_board": ["https://alchemixfi.medium.com/"], "chat": ["https://discord.gg/qWfMzCmSHX"], "facebook": [], "explorer": ["https://etherscan.io/token/0xBC6DA0FE9aD5f3b0d58160288917AA56653660E9", "https://ethplorer.io/address/0xBC6DA0FE9aD5f3b0d58160288917AA56653660E9"], "reddit": [], "technical_doc": [], "source_code": ["https://github.com/alchemix-finance"], "announcement": []}, "platform": {"id": "1027", "name": "Ethereum", "slug": "ethereum", "symbol": "ETH", "token_address": "0xBC6DA0FE9aD5f3b0d58160288917AA56653660E9"}, "date_added": "2021-02-27T00:00:00.000Z", "twitter_username": "AlchemixFi", "is_hidden": 0, "date_launched": "2021-02-27T00:00:00.000Z", "contract_address": [{"contract_address": "0xBC6DA0FE9aD5f3b0d58160288917AA56653660E9", "platform": {"name": "Ethereum", "coin": {"id": "1027", "name": "Ethereum", "symbol": "ETH", "slug": "ethereum"}}}], "self_reported_circulating_supply": 238707111, "self_reported_tags": null, "self_reported_market_cap": 231375081.32215422}]