[{"id": 11924, "name": "Amasa", "symbol": "AMAS", "category": "token", "description": "Amasa (AMAS) is a cryptocurrency launched in 2021and operates on the Ethereum platform. Amasa has a current supply of 0. The last known price of Amasa is 0.00513907 USD and is down -0.45 over the last 24 hours. It is currently trading on 6 active market(s) with $95.78 traded over the last 24 hours. More information can be found at https://www.amasa.io/.", "slug": "amasa", "logo": "https://s2.coinmarketcap.com/static/img/coins/64x64/11924.png", "subreddit": "", "notice": "", "tags": ["animoca-brands-portfolio", "skyvision-capital-portfolio", "okex-blockdream-ventures-portfolio"], "tag-names": ["Animoca Brands Portfolio", "SkyVision Capital Portfolio", "OKEx Blockdream Ventures Portfolio"], "tag-groups": ["CATEGORY", "CATEGORY", "CATEGORY"], "urls": {"website": ["https://www.amasa.io/"], "twitter": ["https://twitter.com/Amasa_io"], "message_board": ["https://amasa.medium.com/"], "chat": ["https://t.me/amasa_community"], "facebook": [], "explorer": ["https://etherscan.io/address/0x65a8fbA02F641a13Bb7B01d5E1129b0521004f52"], "reddit": [], "technical_doc": ["https://www.certik.org/projects/amasa"], "source_code": [], "announcement": []}, "platform": {"id": "1027", "name": "Ethereum", "slug": "ethereum", "symbol": "ETH", "token_address": "0x65a8fbA02F641a13Bb7B01d5E1129b0521004f52"}, "date_added": "2021-09-16T15:43:13.000Z", "twitter_username": "Amasa_io", "is_hidden": 0, "date_launched": "2021-09-28T00:00:00.000Z", "contract_address": [{"contract_address": "0x65a8fbA02F641a13Bb7B01d5E1129b0521004f52", "platform": {"name": "Ethereum", "coin": {"id": "1027", "name": "Ethereum", "symbol": "ETH", "slug": "ethereum"}}}], "self_reported_circulating_supply": 16040000, "self_reported_tags": null, "self_reported_market_cap": 82429.14427550866}]