[{"id": 5753, "name": "Aave MKR", "symbol": "AMKR", "category": "token", "description": "Aave MKR (AMKR) is a cryptocurrency . Aave MKR has a current supply of 1,715 with 0 in circulation. The last known price of Aave MKR is 514.60514146 USD and is down -1.81 over the last 24 hours. It is currently trading on 1 active market(s) with $0.00 traded over the last 24 hours. More information can be found at https://aave.com/.", "slug": "aave-mkr", "logo": "https://s2.coinmarketcap.com/static/img/coins/64x64/5753.png", "subreddit": "Aave_Official", "notice": "", "tags": ["defi", "aave-tokens"], "tag-names": ["DeFi", "Aave Tokens"], "tag-groups": ["CATEGORY", "CATEGORY"], "urls": {"website": ["https://aave.com/", "https://ethlend.io"], "twitter": ["https://twitter.com/AaveAave"], "message_board": ["https://medium.com/aave"], "chat": ["https://aave.com/discord"], "facebook": [], "explorer": ["https://etherscan.io/address/0x7deB5e830be29F91E298ba5FF1356BB7f8146998", "https://ethplorer.io/address/0x7deb5e830be29f91e298ba5ff1356bb7f8146998"], "reddit": ["https://reddit.com/r/Aave_Official"], "technical_doc": ["https://github.com/aave/aave-protocol/blob/master/docs/Aave_Protocol_Whitepaper_v1_0.pdf"], "source_code": ["https://github.com/aave"], "announcement": ["https://bitcointalk.org/index.php?topic=2090735.0"]}, "platform": null, "date_added": "2020-06-28T00:00:00.000Z", "twitter_username": "AaveAave", "is_hidden": 0, "date_launched": null, "contract_address": [], "self_reported_circulating_supply": null, "self_reported_tags": null, "self_reported_market_cap": null}]