[{"id": 4056, "name": "Ampleforth", "symbol": "AMPL", "category": "token", "description": "Ampleforth (AMPL) is a cryptocurrency and operates on the Ethereum platform. Ampleforth has a current supply of 46,143,293.05634706 with 46,031,112.88317652 in circulation. The last known price of Ampleforth is 1.27025486 USD and is up 1.53 over the last 24 hours. It is currently trading on 49 active market(s) with $964,350.34 traded over the last 24 hours. More information can be found at https://www.ampleforth.org/.", "slug": "ampleforth", "logo": "https://s2.coinmarketcap.com/static/img/coins/64x64/4056.png", "subreddit": "ampleforthcrypto", "notice": "", "tags": ["defi", "algorithmic-stablecoin", "rebase", "avalanche-ecosystem", "arrington-xrp-capital-portfolio", "alameda-research-portfolio", "pantera-capital-portfolio", "spartan-group"], "tag-names": ["DeFi", "Algorithmic Stablecoin", "Rebase", "Avalanche Ecosystem", "Arrington XRP Capital Portfolio", "Alameda Research Portfolio", "Pantera Capital Portfolio", "Spartan Group"], "tag-groups": ["CATEGORY", "CATEGORY", "CATEGORY", "PLATFORM", "CATEGORY", "CATEGORY", "CATEGORY", "CATEGORY"], "urls": {"website": ["https://www.ampleforth.org/"], "twitter": ["https://twitter.com/ampleforthorg"], "message_board": ["https://www.ampleforth.org/#"], "chat": ["https://t.me/Ampleforth"], "facebook": [], "explorer": ["https://etherscan.io/token/0xd46ba6d942050d489dbd938a2c909a5d5039a161", "https://ethplorer.io/address/0xd46ba6d942050d489dbd938a2c909a5d5039a161", "https://blockscout.com/xdai/mainnet/tokens/0xC84DD5B971521B6C9fA5E10d25E6428b19710e05/token-transfers", "https://solscan.io/account/EHKQvJGu48ydKA4d3RivrkNyTJTkSdoS32UafxSX1yak"], "reddit": ["https://reddit.com/r/ampleforthcrypto"], "technical_doc": ["https://www.ampleforth.org/paper/"], "source_code": ["https://github.com/ampleforth"], "announcement": []}, "platform": {"id": "1027", "name": "Ethereum", "slug": "ethereum", "symbol": "ETH", "token_address": "0xd46ba6d942050d489dbd938a2c909a5d5039a161"}, "date_added": "2019-06-28T00:00:00.000Z", "twitter_username": "ampleforthorg", "is_hidden": 0, "date_launched": null, "contract_address": [{"contract_address": "0xd46ba6d942050d489dbd938a2c909a5d5039a161", "platform": {"name": "Ethereum", "coin": {"id": "1027", "name": "Ethereum", "symbol": "ETH", "slug": "ethereum"}}}, {"contract_address": "0xC84DD5B971521B6C9fA5E10d25E6428b19710e05", "platform": {"name": "Gnosis Chain", "coin": {"id": "1659", "name": "Gnosis", "symbol": "GNO", "slug": "gnosis-gno"}}}, {"contract_address": "EHKQvJGu48ydKA4d3RivrkNyTJTkSdoS32UafxSX1yak", "platform": {"name": "Solana", "coin": {"id": "5426", "name": "Solana", "symbol": "SOL", "slug": "solana"}}}, {"contract_address": "0x1cf09d1b5da9d9d24365d87b932a7c4bd018a419", "platform": {"name": "Meter", "coin": {"id": "5919", "name": "Meter Governance", "symbol": "MTRG", "slug": "meter-governance"}}}], "self_reported_circulating_supply": null, "self_reported_tags": null, "self_reported_market_cap": null}]