[{"id": 12079, "name": "Amy Finance", "symbol": "AMY", "category": "token", "description": "Amy Finance (AMY) is a cryptocurrency launched in 2021and operates on the Arbitrum platform. Amy Finance has a current supply of 0. The last known price of Amy Finance is 0.00006515 USD and is up 0.00 over the last 24 hours. More information can be found at https://amy.finance/.", "slug": "amy-finance", "logo": "https://s2.coinmarketcap.com/static/img/coins/64x64/12079.png", "subreddit": "", "notice": "", "tags": ["arbitrum-ecosytem"], "tag-names": ["Arbitrum Ecosystem"], "tag-groups": ["PLATFORM"], "urls": {"website": ["https://amy.finance/"], "twitter": ["https://twitter.com/amyfinance"], "message_board": [], "chat": ["https://t.me/amylabs", "https://discord.gg/"], "facebook": [], "explorer": ["https://arbiscan.io/token/0x8fbd420956fdd301f4493500fd0bcaaa80f2389c"], "reddit": [], "technical_doc": ["https://docs.amy.finance/"], "source_code": [], "announcement": []}, "platform": null, "date_added": "2021-09-23T15:50:58.000Z", "twitter_username": "amyfinance", "is_hidden": 0, "date_launched": "2021-09-14T00:00:00.000Z", "contract_address": [], "self_reported_circulating_supply": null, "self_reported_tags": null, "self_reported_market_cap": null}]