[{"id": 8857, "name": "Anchor Protocol", "symbol": "ANC", "category": "token", "description": "Anchor Protocol (ANC) is a cryptocurrency launched in 2021and operates on the Terra Classic platform. Anchor Protocol has a current supply of 1,000,000,000 with 350,381,852.323076 in circulation. The last known price of Anchor Protocol is 0.03088613 USD and is down -8.14 over the last 24 hours. It is currently trading on 63 active market(s) with $19,327,141.45 traded over the last 24 hours. More information can be found at https://app.anchorprotocol.com.", "slug": "anchor-protocol", "logo": "https://s2.coinmarketcap.com/static/img/coins/64x64/8857.png", "subreddit": "", "notice": "", "tags": ["cosmos-ecosystem", "arrington-xrp-capital-portfolio", "terra-ecosystem", "injective-ecosystem"], "tag-names": ["Cosmos Ecosystem", "Arrington XRP Capital Portfolio", "Terra Ecosystem", "Injective Ecosystem"], "tag-groups": ["INDUSTRY", "CATEGORY", "CATEGORY", "PLATFORM"], "urls": {"website": ["https://app.anchorprotocol.com"], "twitter": ["https://twitter.com/anchor_protocol"], "message_board": ["https://medium.com/anchor-protocol"], "chat": ["https://t.me/anchor_official", "https://discord.gg/9aUYgpKZ9c"], "facebook": [], "explorer": ["https://finder.terra.money/columbus-4/address/terra14z56l0fp2lsf86zy3hty2z47ezkhnthtr9yq76", "https://etherscan.io/token/0x0F3ADC247E91c3c50bC08721355A41037E89Bc20"], "reddit": [], "technical_doc": ["https://anchorprotocol.com/docs/anchor-v1.1.pdf"], "source_code": ["https://github.com/Anchor-Protocol"], "announcement": []}, "platform": {"id": "4172", "name": "Terra Classic", "slug": "terra-luna", "symbol": "LUNC", "token_address": "terra14z56l0fp2lsf86zy3hty2z47ezkhnthtr9yq76"}, "date_added": "2021-03-17T00:00:00.000Z", "twitter_username": "anchor_protocol", "is_hidden": 0, "date_launched": "2021-03-16T00:00:00.000Z", "contract_address": [{"contract_address": "terra14z56l0fp2lsf86zy3hty2z47ezkhnthtr9yq76", "platform": {"name": "Terra Classic", "coin": {"id": "4172", "name": "Terra Classic", "symbol": "LUNC", "slug": "terra-luna"}}}, {"contract_address": "0x0F3ADC247E91c3c50bC08721355A41037E89Bc20", "platform": {"name": "Ethereum", "coin": {"id": "1027", "name": "Ethereum", "symbol": "ETH", "slug": "ethereum"}}}], "self_reported_circulating_supply": null, "self_reported_tags": null, "self_reported_market_cap": null}, {"id": 43, "name": "Anoncoin", "symbol": "ANC", "category": "coin", "description": "Anoncoin (ANC) is a cryptocurrency . Users are able to generate ANC through the process of mining. Anoncoin has a current supply of 2,110,316.862. The last known price of Anoncoin is 0.007434 USD and is down -0.43 over the last 24 hours. It is currently trading on 1 active market(s) with $0.00 traded over the last 24 hours. More information can be found at https://anoncoin.net/.", "slug": "anoncoin", "logo": "https://s2.coinmarketcap.com/static/img/coins/64x64/43.png", "subreddit": "Anoncoin", "notice": "", "tags": ["mineable", "pow", "privacy"], "tag-names": ["Mineable", "PoW", "Privacy"], "tag-groups": ["OTHERS", "ALGORITHM", "CATEGORY"], "urls": {"website": ["https://anoncoin.net/"], "twitter": ["https://twitter.com/AnoncoinNews"], "message_board": [], "chat": [], "facebook": [], "explorer": ["http://abe.darkgamex.ch:2751/chain/Anoncoin", "https://chainz.cryptoid.info/anc/"], "reddit": ["https://reddit.com/r/Anoncoin"], "technical_doc": ["https://anoncoin.net/About_Anoncoin/"], "source_code": ["https://github.com/Anoncoin/anoncoin"], "announcement": ["https://bitcointalk.org/index.php?topic=227287.0"]}, "platform": null, "date_added": "2013-07-15T00:00:00.000Z", "twitter_username": "AnoncoinNews", "is_hidden": 0, "date_launched": null, "contract_address": [], "self_reported_circulating_supply": null, "self_reported_tags": null, "self_reported_market_cap": null}, {"id": 6795, "name": "Aragon China", "symbol": "ANC", "category": "token", "description": "Aragon China claims to be build Aragon's eastern ecosystem to provide a sustainable ecosystem for all Aragon participants, including ANT and DAO. It claims to help organizations and individuals in the east build the next-level organizations based on Aragon and support their growth.\r\n\r\n\r\nThe content is for informational purposes only, you should not construe any such information or other material as legal, tax, investment, financial, or other advice. Nothing contained on our site constitutes a solicitation, recommendation, endorsement, or offer by Coinmarketcap. You shall assume the sole responsibility of evaluating the merits and risks associated with the use of any information or other content on Coinmarketcap before making any decisions based on such information or other content. There are risks associated with investing in cryptocurrencies. Investing in cryptocurrencies involves risk of loss and loss of principal is possible.", "slug": "aragon-china-token", "logo": "https://s2.coinmarketcap.com/static/img/coins/64x64/6795.png", "subreddit": "", "notice": "", "tags": null, "tag-names": null, "tag-groups": null, "urls": {"website": ["https://aragonchina.xyz/"], "twitter": ["https://twitter.com/Typto_DAOSquare"], "message_board": [], "chat": ["https://discord.com/invite/GFeunqD"], "facebook": [], "explorer": ["https://etherscan.io/token/0xbbe319b73744db9d54f5d29df7d8256b7e43995c", "https://ethplorer.io/address/0xbbe319b73744db9d54f5d29df7d8256b7e43995c"], "reddit": [], "technical_doc": [], "source_code": [], "announcement": []}, "platform": {"id": "1027", "name": "Ethereum", "slug": "ethereum", "symbol": "ETH", "token_address": "0xbbe319b73744db9d54f5d29df7d8256b7e43995c"}, "date_added": "2020-08-31T00:00:00.000Z", "twitter_username": "Typto_DAOSquare", "is_hidden": 0, "date_launched": null, "contract_address": [{"contract_address": "0xbbe319b73744db9d54f5d29df7d8256b7e43995c", "platform": {"name": "Ethereum", "coin": {"id": "1027", "name": "Ethereum", "symbol": "ETH", "slug": "ethereum"}}}], "self_reported_circulating_supply": null, "self_reported_tags": null, "self_reported_market_cap": null}]