[{"id": 5523, "name": "Aragon Court", "symbol": "ANJ", "category": "token", "description": "Aragon Court (ANJ) is a cryptocurrency launched in 2020and operates on the Ethereum platform. Aragon Court has a current supply of 128,645,461.38846613. The last known price of Aragon Court is 0.17218228 USD and is up 0.00 over the last 24 hours. More information can be found at https://anj.aragon.org/.", "slug": "aragon-court", "logo": "https://s2.coinmarketcap.com/static/img/coins/64x64/5523.png", "subreddit": "", "notice": "", "tags": ["dao", "web3"], "tag-names": ["DAO", "Web3"], "tag-groups": ["CATEGORY", "INDUSTRY"], "urls": {"website": ["https://anj.aragon.org/"], "twitter": ["https://twitter.com/AragonProject"], "message_board": [], "chat": ["https://discord.gg/DApdmGh"], "facebook": [], "explorer": ["https://etherscan.io/token/0xcD62b1C403fa761BAadFC74C525ce2B51780b184", "https://ethplorer.io/address/0xcD62b1C403fa761BAadFC74C525ce2B51780b184"], "reddit": [], "technical_doc": ["https://github.com/aragon/whitepaper"], "source_code": ["https://github.com/aragon/aragon-court"], "announcement": []}, "platform": {"id": "1027", "name": "Ethereum", "slug": "ethereum", "symbol": "ETH", "token_address": "0xcD62b1C403fa761BAadFC74C525ce2B51780b184"}, "date_added": "2020-05-03T00:00:00.000Z", "twitter_username": "AragonProject", "is_hidden": 0, "date_launched": "2020-01-07T00:00:00.000Z", "contract_address": [{"contract_address": "0xcD62b1C403fa761BAadFC74C525ce2B51780b184", "platform": {"name": "Ethereum", "coin": {"id": "1027", "name": "Ethereum", "symbol": "ETH", "slug": "ethereum"}}}], "self_reported_circulating_supply": 127810499, "self_reported_tags": null, "self_reported_market_cap": 22006703.49544784}]