[{"id": 8100, "name": "Ankr Staked ETH", "symbol": "ankrETH", "category": "token", "description": "Ankr Staked ETH (ankrETH) is a cryptocurrency launched in 2020and operates on the Ethereum platform. Ankr Staked ETH has a current supply of 54,973 with 29,330 in circulation. The last known price of Ankr Staked ETH is 1,178.54433526 USD and is up 1.40 over the last 24 hours. It is currently trading on 11 active market(s) with $110,137.27 traded over the last 24 hours. More information can be found at https://www.ankr.com/earn/stake/.", "slug": "ankreth", "logo": "https://s2.coinmarketcap.com/static/img/coins/64x64/8100.png", "subreddit": "Ankrofficial/", "notice": "", "tags": ["eth-2-staking"], "tag-names": ["ETH 2.0 Staking"], "tag-groups": ["PLATFORM"], "urls": {"website": ["https://www.ankr.com/earn/stake/"], "twitter": ["https://twitter.com/ankr"], "message_board": ["https://medium.com/ankr-network"], "chat": ["https://t.me/ankrnetwork", "https://discord.com/invite/uYaNu23Ww7"], "facebook": [], "explorer": ["https://etherscan.io/token/0xE95A203B1a91a908F9B9CE46459d101078c2c3cb#balances", "https://bscscan.com/address/0x973616ff3b9d8f88411c5b4e6f928ee541e4d01f", "https://polygonscan.com/address/0xc4e82ba0fe6763cbe5e9cbca0ba7cbd6f91c6018"], "reddit": ["https://reddit.com/r/Ankrofficial/"], "technical_doc": ["https://www.ankr.com/docs/staking/liquid-staking/eth/overview"], "source_code": ["https://github.com/Ankr-network"], "announcement": []}, "platform": {"id": "1027", "name": "Ethereum", "slug": "ethereum", "symbol": "ETH", "token_address": "0xe95a203b1a91a908f9b9ce46459d101078c2c3cb"}, "date_added": "2020-12-23T00:00:00.000Z", "twitter_username": "ankr", "is_hidden": 0, "date_launched": "2020-12-01T00:00:00.000Z", "contract_address": [{"contract_address": "0xe95a203b1a91a908f9b9ce46459d101078c2c3cb", "platform": {"name": "Ethereum", "coin": {"id": "1027", "name": "Ethereum", "symbol": "ETH", "slug": "ethereum"}}}, {"contract_address": "0x973616ff3b9d8f88411c5b4e6f928ee541e4d01f", "platform": {"name": "BNB Smart Chain (BEP20)", "coin": {"id": "1839", "name": "BNB", "symbol": "BNB", "slug": "bnb"}}}, {"contract_address": "0xc4e82ba0fe6763cbe5e9cbca0ba7cbd6f91c6018", "platform": {"name": "Polygon", "coin": {"id": "3890", "name": "Polygon", "symbol": "MATIC", "slug": "polygon"}}}], "self_reported_circulating_supply": null, "self_reported_tags": ["DeFi", "Staking", "Ethereum Ecosystem"], "self_reported_market_cap": null}]