[{"id": 3783, "name": "Ankr", "symbol": "ANKR", "category": "token", "description": "Ankr (ANKR) is a cryptocurrency and operates on the Ethereum platform. Ankr has a current supply of 10,000,000,000 with 9,662,899,377.791666 in circulation. The last known price of Ankr is 0.01483359 USD and is down -1.58 over the last 24 hours. It is currently trading on 145 active market(s) with $13,023,950.00 traded over the last 24 hours. More information can be found at https://www.ankr.com/.", "slug": "ankr", "logo": "https://s2.coinmarketcap.com/static/img/coins/64x64/3783.png", "subreddit": "Ankrofficial/", "notice": "Let's Learn About \"Liquid Staking on BNB Chain\" on the [Learn & Earn](https://coinmarketcap.com/earn/project/bnb-boost) Page!", "tags": ["platform", "cosmos-ecosystem", "enterprise-solutions", "defi", "filesharing", "staking", "substrate", "polkadot-ecosystem", "pantera-capital-portfolio", "polygon-ecosystem", "celo-ecosystem", "injective-ecosystem", "bnb-chain"], "tag-names": ["Platform", "Cosmos Ecosystem", "Enterprise Solutions", "DeFi", "Filesharing", "Staking", "Substrate", "Polkadot Ecosystem", "Pantera Capital Portfolio", "Polygon Ecosystem", "Celo Ecosystem", "Injective Ecosystem", "BNB Chain"], "tag-groups": ["CATEGORY", "INDUSTRY", "INDUSTRY", "CATEGORY", "INDUSTRY", "CATEGORY", "CATEGORY", "PLATFORM", "CATEGORY", "PLATFORM", "CATEGORY", "PLATFORM", "PLATFORM"], "urls": {"website": ["https://www.ankr.com/"], "twitter": ["https://twitter.com/ankr"], "message_board": ["https://www.ankr.com/blog/", "https://medium.com/ankr-network"], "chat": ["https://t.me/ankrnetwork", "https://open.kakao.com/o/g7Knr09"], "facebook": [], "explorer": ["https://etherscan.io/token/0x8290333ceF9e6D528dD5618Fb97a76f268f3EDD4", "https://explorer.binance.org/asset/ANKR-E97", "https://bscscan.com/token/0xf307910a4c7bbc79691fd374889b36d8531b08e3", "https://solscan.io/account/Gq2norJ1kBemBp3mPfkgAUMhMMmnFmY4zEyi26tRcxFB", "https://polygonscan.com/address/0x101a023270368c0d50bffb62780f4afd4ea79c35"], "reddit": ["https://reddit.com/r/Ankrofficial/"], "technical_doc": ["https://www.ankr.com/ankr-whitepaper-2.0.pdf"], "source_code": ["https://github.com/Ankr-network"], "announcement": []}, "platform": {"id": "1027", "name": "Ethereum", "slug": "ethereum", "symbol": "ETH", "token_address": "0x8290333cef9e6d528dd5618fb97a76f268f3edd4"}, "date_added": "2019-03-06T00:00:00.000Z", "twitter_username": "ankr", "is_hidden": 0, "date_launched": null, "contract_address": [{"contract_address": "0x8290333cef9e6d528dd5618fb97a76f268f3edd4", "platform": {"name": "Ethereum", "coin": {"id": "1027", "name": "Ethereum", "symbol": "ETH", "slug": "ethereum"}}}, {"contract_address": "0xf307910a4c7bbc79691fd374889b36d8531b08e3", "platform": {"name": "BNB Smart Chain (BEP20)", "coin": {"id": "1839", "name": "BNB", "symbol": "BNB", "slug": "bnb"}}}, {"contract_address": "ANKR-E97", "platform": {"name": "BNB Beacon Chain (BEP2)", "coin": {"id": "1839", "name": "BNB", "symbol": "BNB", "slug": "bnb"}}}, {"contract_address": "Gq2norJ1kBemBp3mPfkgAUMhMMmnFmY4zEyi26tRcxFB", "platform": {"name": "Solana", "coin": {"id": "5426", "name": "Solana", "symbol": "SOL", "slug": "solana"}}}, {"contract_address": "0x0615dbba33fe61a31c7ed131bda6655ed76748b1", "platform": {"name": "Fantom", "coin": {"id": "3513", "name": "Fantom", "symbol": "FTM", "slug": "fantom"}}}, {"contract_address": "0x101a023270368c0d50bffb62780f4afd4ea79c35", "platform": {"name": "Polygon", "coin": {"id": "3890", "name": "Polygon", "symbol": "MATIC", "slug": "polygon"}}}, {"contract_address": "0x20cf1b6e9d856321ed4686877cf4538f2c84b4de", "platform": {"name": "Avalanche C-Chain", "coin": {"id": "5805", "name": "Avalanche", "symbol": "AVAX", "slug": "avalanche"}}}], "self_reported_circulating_supply": null, "self_reported_tags": null, "self_reported_market_cap": null}]