[{"id": 17589, "name": "Animal Concerts", "symbol": "ANML", "category": "token", "description": "Animal Concerts (ANML) is a cryptocurrency launched in 2022and operates on the Ethereum platform. Animal Concerts has a current supply of 12,500,000,000 with 0 in circulation. The last known price of Animal Concerts is 0.00032221 USD and is down -1.72 over the last 24 hours. It is currently trading on 26 active market(s) with $296,964.23 traded over the last 24 hours. More information can be found at https://www.animalconcerts.com/.", "slug": "animal-concerts", "logo": "https://s2.coinmarketcap.com/static/img/coins/64x64/17589.png", "subreddit": "", "notice": "", "tags": ["marketplace", "medium-of-exchange", "vr-ar", "collectibles-nfts", "entertainment", "music", "ethereum-ecosystem", "metaverse", "polygon-ecosystem", "bnb-chain"], "tag-names": ["Marketplace", "Medium of Exchange", "VR/AR", "Collectibles & NFTs", "Entertainment", "Music", "Ethereum Ecosystem", "Metaverse", "Polygon Ecosystem", "BNB Chain"], "tag-groups": ["INDUSTRY", "INDUSTRY", "INDUSTRY", "CATEGORY", "INDUSTRY", "INDUSTRY", "PLATFORM", "CATEGORY", "PLATFORM", "PLATFORM"], "urls": {"website": ["https://www.animalconcerts.com/"], "twitter": ["https://twitter.com/animalconcerts"], "message_board": [], "chat": ["https://t.me/animalconcertsofficial", "https://discord.gg/WyTZSgVjh9"], "facebook": [], "explorer": ["https://etherscan.io/token/0x38b0e3a59183814957d83df2a97492aed1f003e2", "https://bscscan.com/token/0x06FDA0758c17416726f77Cb11305EAC94C074Ec0", "https://polygonscan.com/token/0xEcc4176B90613Ed78185f01bd1E42C5640C4F09d"], "reddit": [], "technical_doc": [], "source_code": [], "announcement": []}, "platform": {"id": "1027", "name": "Ethereum", "slug": "ethereum", "symbol": "ETH", "token_address": "0x38b0e3a59183814957d83df2a97492aed1f003e2"}, "date_added": "2022-01-24T08:02:12.000Z", "twitter_username": "animalconcerts", "is_hidden": 0, "date_launched": "2022-03-29T00:00:00.000Z", "contract_address": [{"contract_address": "0x38b0e3a59183814957d83df2a97492aed1f003e2", "platform": {"name": "Ethereum", "coin": {"id": "1027", "name": "Ethereum", "symbol": "ETH", "slug": "ethereum"}}}, {"contract_address": "0x06FDA0758c17416726f77Cb11305EAC94C074Ec0", "platform": {"name": "BNB Smart Chain (BEP20)", "coin": {"id": "1839", "name": "BNB", "symbol": "BNB", "slug": "bnb"}}}, {"contract_address": "0xecc4176b90613ed78185f01bd1e42c5640c4f09d", "platform": {"name": "Polygon", "coin": {"id": "3890", "name": "Polygon", "symbol": "MATIC", "slug": "polygon"}}}], "self_reported_circulating_supply": null, "self_reported_tags": null, "self_reported_market_cap": null}]