[{"id": 1680, "name": "Aragon", "symbol": "ANT", "category": "token", "description": "Aragon (ANT) is a cryptocurrency and operates on the Ethereum platform. Aragon has a current supply of 45,094,973 with 41,958,140 in circulation. The last known price of Aragon is 2.19652889 USD and is up 0.35 over the last 24 hours. It is currently trading on 115 active market(s) with $9,619,981.16 traded over the last 24 hours. More information can be found at https://aragon.org/.", "slug": "aragon", "logo": "https://s2.coinmarketcap.com/static/img/coins/64x64/1680.png", "subreddit": "", "notice": "Aragon will be undergoing a smart contract upgrade to v2 on 27 Oct 2020. Read more [here](https://aragon.org/blog/antv2). Migrate via this [URL](https://upgrade.aragon.org/#/).", "tags": ["platform", "enterprise-solutions", "dao", "ethereum-ecosystem", "governance", "boostvc-portfolio", "placeholder-ventures-portfolio", "web3"], "tag-names": ["Platform", "Enterprise Solutions", "DAO", "Ethereum Ecosystem", "Governance", "BoostVC Portfolio", "Placeholder Ventures Portfolio", "Web3"], "tag-groups": ["CATEGORY", "INDUSTRY", "CATEGORY", "PLATFORM", "CATEGORY", "CATEGORY", "CATEGORY", "INDUSTRY"], "urls": {"website": ["https://aragon.org/"], "twitter": ["https://twitter.com/AragonProject"], "message_board": ["https://blog.aragon.org/"], "chat": ["https://t.me/AragonProject"], "facebook": [], "explorer": ["https://etherscan.io/token/0xa117000000f279d81a1d3cc75430faa017fa5a2e", "https://ethplorer.io/address/0xa117000000f279d81a1d3cc75430faa017fa5a2e"], "reddit": [], "technical_doc": ["https://wiki.aragon.org/documentation/whitepaper/"], "source_code": [], "announcement": []}, "platform": {"id": "1027", "name": "Ethereum", "slug": "ethereum", "symbol": "ETH", "token_address": "0xa117000000f279d81a1d3cc75430faa017fa5a2e"}, "date_added": "2017-05-18T00:00:00.000Z", "twitter_username": "AragonProject", "is_hidden": 0, "date_launched": null, "contract_address": [{"contract_address": "0xa117000000f279d81a1d3cc75430faa017fa5a2e", "platform": {"name": "Ethereum", "coin": {"id": "1027", "name": "Ethereum", "symbol": "ETH", "slug": "ethereum"}}}], "self_reported_circulating_supply": 43166031, "self_reported_tags": null, "self_reported_market_cap": 94626323.80443004}, {"id": 16473, "name": "AnonToken", "symbol": "ANT", "category": "token", "description": "AnonToken (ANT) is a cryptocurrency launched in 2021and operates on the BNB Smart Chain (BEP20) platform. AnonToken has a current supply of 1,000,000,000,000,000 with 0 in circulation. The last known price of AnonToken is 0 USD and is up -0.00 over the last 24 hours. More information can be found at https://anontoken.com/.", "slug": "anontoken", "logo": "https://s2.coinmarketcap.com/static/img/coins/64x64/16473.png", "subreddit": "", "notice": "", "tags": null, "tag-names": null, "tag-groups": null, "urls": {"website": ["https://anontoken.com/"], "twitter": ["https://twitter.com/anon_token"], "message_board": [], "chat": ["https://t.me/AN0NTOKEN"], "facebook": [], "explorer": ["https://bscscan.com/address/0xD283cE7Acd177f7cf6caBB7ce5B11fDA3605659e"], "reddit": [], "technical_doc": ["https://drive.google.com/file/d/1Rqs5ylzDp5NbEz0Tj6gJ-bdSD14de4Sh/view"], "source_code": [], "announcement": ["https://www.facebook.com/anonews.co"]}, "platform": {"id": "1839", "name": "BNB", "slug": "bnb", "symbol": "BNB", "token_address": "0xD283cE7Acd177f7cf6caBB7ce5B11fDA3605659e"}, "date_added": "2021-12-27T03:44:37.000Z", "twitter_username": "anon_token", "is_hidden": 0, "date_launched": "2021-12-19T00:00:00.000Z", "contract_address": [{"contract_address": "0xD283cE7Acd177f7cf6caBB7ce5B11fDA3605659e", "platform": {"name": "BNB Smart Chain (BEP20)", "coin": {"id": "1839", "name": "BNB", "symbol": "BNB", "slug": "bnb"}}}], "self_reported_circulating_supply": 504504990000000, "self_reported_tags": null, "self_reported_market_cap": 1388.1234077272188}]