[{"id": 5892, "name": "Anyswap", "symbol": "ANY", "category": "token", "description": "Anyswap (ANY) is a cryptocurrency launched in 2020and operates on the Ethereum platform. Anyswap has a current supply of 100,000,000 with 18,639,320.216 in circulation. The last known price of Anyswap is 4.47270336 USD and is up 0.56 over the last 24 hours. It is currently trading on 82 active market(s) with $9,758.97 traded over the last 24 hours. More information can be found at https://anyswap.exchange/dashboard.", "slug": "anyswap", "logo": "https://s2.coinmarketcap.com/static/img/coins/64x64/5892.png", "subreddit": "", "notice": "Anyswap has rebranded to [Multichain](https://coinmarketcap.com/currencies/multichain/). Read further [here](https://medium.com/multichainorg/anyswap-to-officially-rebrand-as-multichain-16ee7b961ffa)", "tags": ["decentralized-exchange-dex-token", "defi", "amm", "avalanche-ecosystem", "fantom-ecosystem", "arbitrum-ecosytem", "bnb-chain"], "tag-names": ["Decentralized Exchange (DEX) Token", "DeFi", "AMM", "Avalanche Ecosystem", "Fantom Ecosystem", "Arbitrum Ecosystem", "BNB Chain"], "tag-groups": ["CATEGORY", "CATEGORY", "CATEGORY", "PLATFORM", "PLATFORM", "PLATFORM", "PLATFORM"], "urls": {"website": ["https://anyswap.exchange/dashboard"], "twitter": ["https://twitter.com/AnyswapNetwork"], "message_board": ["https://medium.com/@anyswap"], "chat": ["https://t.me/anyswap"], "facebook": [], "explorer": ["https://fsnex.com/token/0x0c74199d22f732039e843366a236ff4f61986b32", "https://bscscan.com/token/0xf68c9df95a18b2a5a5fa1124d79eeeffbad0b6fa", "https://avascan.info/blockchain/c/token/0xB44a9B6905aF7c801311e8F4E76932ee959c663C", "https://etherscan.io/token/0xf99d58e463a2e07e5692127302c20a191861b4d6"], "reddit": [], "technical_doc": [], "source_code": ["https://github.com/anyswap"], "announcement": []}, "platform": {"id": "1027", "name": "Ethereum", "slug": "ethereum", "symbol": "ETH", "token_address": "0xf99d58e463a2e07e5692127302c20a191861b4d6"}, "date_added": "2020-08-17T00:00:00.000Z", "twitter_username": "AnyswapNetwork", "is_hidden": 0, "date_launched": "2020-07-20T00:00:00.000Z", "contract_address": [{"contract_address": "0xf99d58e463a2e07e5692127302c20a191861b4d6", "platform": {"name": "Ethereum", "coin": {"id": "1027", "name": "Ethereum", "symbol": "ETH", "slug": "ethereum"}}}, {"contract_address": "0xddcb3ffd12750b45d32e084887fdf1aabab34239", "platform": {"name": "Fantom", "coin": {"id": "3513", "name": "Fantom", "symbol": "FTM", "slug": "fantom"}}}, {"contract_address": "0xB44a9B6905aF7c801311e8F4E76932ee959c663C", "platform": {"name": "Avalanche C-Chain", "coin": {"id": "5805", "name": "Avalanche", "symbol": "AVAX", "slug": "avalanche"}}}, {"contract_address": "0xf68c9df95a18b2a5a5fa1124d79eeeffbad0b6fa", "platform": {"name": "BNB Smart Chain (BEP20)", "coin": {"id": "1839", "name": "BNB", "symbol": "BNB", "slug": "bnb"}}}], "self_reported_circulating_supply": 8579260.9, "self_reported_tags": null, "self_reported_market_cap": 38403788.69081995}, {"id": 4492, "name": "ANYONE", "symbol": "ANY", "category": "coin", "description": "Anyone coin was created to function as a cryptocurrency, game chip, investment, and dividend.", "slug": "anyone", "logo": "https://s2.coinmarketcap.com/static/img/coins/64x64/4492.png", "subreddit": "", "notice": "", "tags": ["gambling"], "tag-names": ["Gambling"], "tag-groups": ["INDUSTRY"], "urls": {"website": ["https://www.any-one.org/"], "twitter": ["https://twitter.com/AnyoneLtd"], "message_board": [], "chat": ["https://t.me/AnyoneLTD", "https://discord.gg/YhaDDGh"], "facebook": [], "explorer": ["https://explorer.any-one.org/"], "reddit": [], "technical_doc": ["https://github.com/anyonecore/AnyoneBinary/blob/master/ANYONE_WHITEPAPER_1.1.pdf"], "source_code": ["https://github.com/anyonecore/anyone"], "announcement": ["https://bitcointalk.org/index.php?topic=5111683.0"]}, "platform": null, "date_added": "2019-09-10T00:00:00.000Z", "twitter_username": "AnyoneLtd", "is_hidden": 0, "date_launched": "2019-02-19T00:00:00.000Z", "contract_address": [], "self_reported_circulating_supply": NaN, "self_reported_tags": null, "self_reported_market_cap": NaN}]