[{"id": 3316, "name": "smARTOFGIVING", "symbol": "AOG", "category": "token", "description": "smARTOFGIVING (AOG) is a cryptocurrency launched in 2018and operates on the Ethereum platform. smARTOFGIVING has a current supply of 2,003,485,057.90082 with 73,780,484.400826 in circulation. The last known price of smARTOFGIVING is 0.5183523 USD and is down -2.83 over the last 24 hours. It is currently trading on 8 active market(s) with $53,399.51 traded over the last 24 hours. More information can be found at https://www.smartofgiving.com/.", "slug": "smartofgiving", "logo": "https://s2.coinmarketcap.com/static/img/coins/64x64/3316.png", "subreddit": "", "notice": "", "tags": null, "tag-names": null, "tag-groups": null, "urls": {"website": ["https://www.smartofgiving.com/"], "twitter": ["https://twitter.com/smARTOFGIVING"], "message_board": [], "chat": ["https://t.me/AOGTOKEN"], "facebook": [], "explorer": ["https://etherscan.io/token/0x8578530205cecbe5db83f7f29ecfeec860c297c2", "https://ethplorer.io/address/0x8578530205cecbe5db83f7f29ecfeec860c297c2", "https://bscscan.com/token/0xb32d4817908f001c2a53c15bff8c14d8813109be"], "reddit": [], "technical_doc": ["https://www.smartofgiving.com/assets/documents/AOG-WhitePaper.pdf"], "source_code": ["https://github.com/aog123"], "announcement": ["https://bitcointalk.org/index.php?topic=3395354"]}, "platform": {"id": "1027", "name": "Ethereum", "slug": "ethereum", "symbol": "ETH", "token_address": "0x8578530205cecbe5db83f7f29ecfeec860c297c2"}, "date_added": "2018-09-20T00:00:00.000Z", "twitter_username": "smARTOFGIVING", "is_hidden": 0, "date_launched": "2018-01-05T00:00:00.000Z", "contract_address": [{"contract_address": "0x8578530205cecbe5db83f7f29ecfeec860c297c2", "platform": {"name": "Ethereum", "coin": {"id": "1027", "name": "Ethereum", "symbol": "ETH", "slug": "ethereum"}}}, {"contract_address": "0xb32d4817908f001c2a53c15bff8c14d8813109be", "platform": {"name": "BNB Smart Chain (BEP20)", "coin": {"id": "1839", "name": "BNB", "symbol": "BNB", "slug": "bnb"}}}], "self_reported_circulating_supply": null, "self_reported_tags": null, "self_reported_market_cap": null}, {"id": 16679, "name": "AgeOfGods", "symbol": "AOG", "category": "token", "description": "AgeOfGods (AOG) is a cryptocurrency launched in 2021and operates on the BNB Smart Chain (BEP20) platform. AgeOfGods has a current supply of 270,000,000 with 50,911,513 in circulation. The last known price of AgeOfGods is 0.01841753 USD and is down -4.46 over the last 24 hours. It is currently trading on 18 active market(s) with $356,311.31 traded over the last 24 hours. More information can be found at https://www.ageofgods.net/.", "slug": "ageofgods", "logo": "https://s2.coinmarketcap.com/static/img/coins/64x64/16679.png", "subreddit": "", "notice": "", "tags": ["kommunitas-launchpad"], "tag-names": ["Kommunitas Launchpad"], "tag-groups": ["CATEGORY"], "urls": {"website": ["https://www.ageofgods.net/"], "twitter": ["https://twitter.com/ageofgodsnet"], "message_board": ["https://ageofgods.medium.com/"], "chat": ["https://t.me/ageofgodsnet"], "facebook": [], "explorer": ["https://bscscan.com/address/0x40c8225329bd3e28a043b029e0d07a5344d2c27c"], "reddit": [], "technical_doc": ["https://docsend.com/view/rrpekisnfmcyyvf4"], "source_code": [], "announcement": []}, "platform": {"id": "1839", "name": "BNB", "slug": "bnb", "symbol": "BNB", "token_address": "0x40c8225329bd3e28a043b029e0d07a5344d2c27c"}, "date_added": "2021-12-30T10:00:02.000Z", "twitter_username": "ageofgodsnet", "is_hidden": 0, "date_launched": "2021-12-28T00:00:00.000Z", "contract_address": [{"contract_address": "0x40c8225329bd3e28a043b029e0d07a5344d2c27c", "platform": {"name": "BNB Smart Chain (BEP20)", "coin": {"id": "1839", "name": "BNB", "symbol": "BNB", "slug": "bnb"}}}], "self_reported_circulating_supply": null, "self_reported_tags": ["Collectibles & NFTs", "Play To Earn"], "self_reported_market_cap": null}]