[{"id": 10463, "name": "Anypad", "symbol": "APAD", "category": "token", "description": "Anypad (APAD) is a cryptocurrency launched in 2021and operates on the BNB Smart Chain (BEP20) platform. Anypad has a current supply of 0. The last known price of Anypad is 0.00053621 USD and is up 4.05 over the last 24 hours. It is currently trading on 3 active market(s) with $470.98 traded over the last 24 hours. More information can be found at https://anypad.io/.", "slug": "anypad", "logo": "https://s2.coinmarketcap.com/static/img/coins/64x64/10463.png", "subreddit": "", "notice": "", "tags": ["launchpad", "exnetwork-capital-portfolio"], "tag-names": ["Launchpad", "Exnetwork Capital Portfolio"], "tag-groups": ["CATEGORY", "CATEGORY"], "urls": {"website": ["https://anypad.io/"], "twitter": ["https://twitter.com/AnyPadio?s=20"], "message_board": [], "chat": [], "facebook": [], "explorer": ["https://bscscan.com/token/0x366d71ab095735b7dae83ce2b82d5262ef655f10"], "reddit": [], "technical_doc": ["https://anypad.io/ANYPAD_WhitePaper.pdf"], "source_code": [], "announcement": []}, "platform": {"id": "1839", "name": "BNB", "slug": "bnb", "symbol": "BNB", "token_address": "0x366d71ab095735b7dae83ce2b82d5262ef655f10"}, "date_added": "2021-06-16T00:00:00.000Z", "twitter_username": "AnyPadio?s=20", "is_hidden": 0, "date_launched": "2021-07-22T00:00:00.000Z", "contract_address": [{"contract_address": "0x366d71ab095735b7dae83ce2b82d5262ef655f10", "platform": {"name": "BNB Smart Chain (BEP20)", "coin": {"id": "1839", "name": "BNB", "symbol": "BNB", "slug": "bnb"}}}], "self_reported_circulating_supply": null, "self_reported_tags": null, "self_reported_market_cap": null}, {"id": 18844, "name": "Alpha Pad", "symbol": "APAD", "category": "token", "description": "Alpha Pad (APAD) is a cryptocurrency and operates on the Ethereum platform. Alpha Pad has a current supply of 1,000,000,000 with 0 in circulation. The last known price of Alpha Pad is 0.00009541 USD and is up 0.00 over the last 24 hours. More information can be found at https://alphapad.io/.", "slug": "alpha-pad", "logo": "https://s2.coinmarketcap.com/static/img/coins/64x64/18844.png", "subreddit": "", "notice": "The smart contract for following token contains variable tax rate function - this open the opportunity for contract owners to modify contract behaviour (ie. change fees, or transfer tokens). Please exercise with extra caution if you are investing in this token.", "tags": null, "tag-names": null, "tag-groups": null, "urls": {"website": ["https://alphapad.io/"], "twitter": ["https://twitter.com/AlphaPad1"], "message_board": [], "chat": ["https://t.me/AlphaPad_Entry"], "facebook": [], "explorer": ["https://etherscan.io/token/0xf722b7b4876cbba560846556dd1f5932eb503de2", "https://ethplorer.io/address/0xf722B7b4876Cbba560846556dD1F5932eb503DE2"], "reddit": [], "technical_doc": [], "source_code": [], "announcement": ["https://medium.com/@alphapad"]}, "platform": {"id": "1027", "name": "Ethereum", "slug": "ethereum", "symbol": "ETH", "token_address": "0xf722b7b4876cbba560846556dd1f5932eb503de2"}, "date_added": "2022-03-16T02:37:40.000Z", "twitter_username": "AlphaPad1", "is_hidden": 0, "date_launched": null, "contract_address": [{"contract_address": "0xf722b7b4876cbba560846556dd1f5932eb503de2", "platform": {"name": "Ethereum", "coin": {"id": "1027", "name": "Ethereum", "symbol": "ETH", "slug": "ethereum"}}}], "self_reported_circulating_supply": null, "self_reported_tags": null, "self_reported_market_cap": null}]