[{"id": 11839, "name": "Ape-X", "symbol": "APE-X", "category": "token", "description": "Ape-X (APE-X) is a cryptocurrency and operates on the Avalanche C-Chain platform. Ape-X has a current supply of 10,000,000,000,000 with 0 in circulation. The last known price of Ape-X is 0.00000007 USD and is up 0.00 over the last 24 hours. More information can be found at https://ape-x.io.", "slug": "ape-x", "logo": "https://s2.coinmarketcap.com/static/img/coins/64x64/11839.png", "subreddit": "", "notice": "", "tags": ["avalanche-ecosystem"], "tag-names": ["Avalanche Ecosystem"], "tag-groups": ["PLATFORM"], "urls": {"website": ["https://ape-x.io"], "twitter": ["https://twitter.com/ApeX__Token"], "message_board": [], "chat": ["https://t.me/ApeX_Token"], "facebook": [], "explorer": ["https://cchain.explorer.avax.network/address/0xd039C9079ca7F2a87D632A9C0d7cEa0137bAcFB5/transactions"], "reddit": [], "technical_doc": [], "source_code": [], "announcement": []}, "platform": {"id": "5805", "name": "Avalanche", "slug": "avalanche", "symbol": "AVAX", "token_address": "0xd039c9079ca7f2a87d632a9c0d7cea0137bacfb5"}, "date_added": "2021-09-13T04:49:59.000Z", "twitter_username": "ApeX__Token", "is_hidden": 0, "date_launched": null, "contract_address": [{"contract_address": "0xd039c9079ca7f2a87d632a9c0d7cea0137bacfb5", "platform": {"name": "Avalanche C-Chain", "coin": {"id": "5805", "name": "Avalanche", "symbol": "AVAX", "slug": "avalanche"}}}], "self_reported_circulating_supply": null, "self_reported_tags": null, "self_reported_market_cap": null}]