[{"id": 18876, "name": "ApeCoin", "symbol": "APE", "category": "token", "description": "ApeCoin (APE) is a cryptocurrency launched in 2022and operates on the Ethereum platform. ApeCoin has a current supply of 1,000,000,000 with 361,250,000 in circulation. The last known price of ApeCoin is 3.6070705 USD and is down -0.88 over the last 24 hours. It is currently trading on 229 active market(s) with $73,756,095.35 traded over the last 24 hours. More information can be found at http://apecoin.com/.", "slug": "apecoin-ape", "logo": "https://s2.coinmarketcap.com/static/img/coins/64x64/18876.png", "subreddit": "", "notice": "", "tags": ["collectibles-nfts", "content-creation", "gaming", "entertainment", "dao", "governance", "metaverse", "animoca-brands-portfolio"], "tag-names": ["Collectibles & NFTs", "Content Creation", "Gaming", "Entertainment", "DAO", "Governance", "Metaverse", "Animoca Brands Portfolio"], "tag-groups": ["CATEGORY", "INDUSTRY", "INDUSTRY", "INDUSTRY", "CATEGORY", "CATEGORY", "CATEGORY", "CATEGORY"], "urls": {"website": ["http://apecoin.com/"], "twitter": ["https://twitter.com/apecoin"], "message_board": [], "chat": ["https://forum.apecoin.com"], "facebook": [], "explorer": ["https://etherscan.io/token/0x4d224452801aced8b2f0aebe155379bb5d594381"], "reddit": [], "technical_doc": [], "source_code": [], "announcement": []}, "platform": {"id": "1027", "name": "Ethereum", "slug": "ethereum", "symbol": "ETH", "token_address": "0x4d224452801aced8b2f0aebe155379bb5d594381"}, "date_added": "2022-03-17T12:26:36.000Z", "twitter_username": "apecoin", "is_hidden": 0, "date_launched": "2022-03-16T00:00:00.000Z", "contract_address": [{"contract_address": "0x4d224452801aced8b2f0aebe155379bb5d594381", "platform": {"name": "Ethereum", "coin": {"id": "1027", "name": "Ethereum", "symbol": "ETH", "slug": "ethereum"}}}], "self_reported_circulating_supply": 361250000.0, "self_reported_tags": ["Medium of Exchange", "Collectibles & NFTs", "Gaming", "Entertainment", "DAO", "Ethereum Ecosystem", "Web3"], "self_reported_market_cap": 1303205967.8478184}, {"id": 21172, "name": "APEmove", "symbol": "APE", "category": "token", "description": "APEmove (APE) is a cryptocurrency and operates on the BNB Smart Chain (BEP20) platform. APEmove has a current supply of 2,000,000 with 0 in circulation. The last known price of APEmove is 0.00880073 USD and is down -0.26 over the last 24 hours. It is currently trading on 5 active market(s) with $43.72 traded over the last 24 hours. More information can be found at https://apemove.io.", "slug": "apemove", "logo": "https://s2.coinmarketcap.com/static/img/coins/64x64/21172.png", "subreddit": "", "notice": "", "tags": null, "tag-names": null, "tag-groups": null, "urls": {"website": ["https://apemove.io"], "twitter": ["https://twitter.com/APEmoveApp"], "message_board": ["https://t.me/APEmove_Official"], "chat": ["https://discord.gg/apemove", "https://medium.com/@APEmove"], "facebook": [], "explorer": ["https://bscscan.com/token/0xed3d88d3321f82e5c25ca9ac6d5b427ec93f567e"], "reddit": [], "technical_doc": [], "source_code": [], "announcement": []}, "platform": {"id": "1839", "name": "BNB", "slug": "bnb", "symbol": "BNB", "token_address": "0xed3d88d3321f82e5c25ca9ac6d5b427ec93f567e"}, "date_added": "2022-07-28T12:42:56.000Z", "twitter_username": "APEmoveApp", "is_hidden": 0, "date_launched": null, "contract_address": [{"contract_address": "0xed3d88d3321f82e5c25ca9ac6d5b427ec93f567e", "platform": {"name": "BNB Smart Chain (BEP20)", "coin": {"id": "1839", "name": "BNB", "symbol": "BNB", "slug": "bnb"}}}], "self_reported_circulating_supply": NaN, "self_reported_tags": null, "self_reported_market_cap": NaN}, {"id": 7257, "name": "APEcoin.dev", "symbol": "APE", "category": "token", "description": "APEcoin.dev (APE) is a cryptocurrency and operates on the BNB Smart Chain (BEP20) platform. APEcoin.dev has a current supply of 10,000,000 with 0 in circulation. The last known price of APEcoin.dev is 0.00389298 USD and is up 0.00 over the last 24 hours. It is currently trading on 2 active market(s) with $0.00 traded over the last 24 hours. More information can be found at https://apecoin.dev/.", "slug": "apecoin", "logo": "https://s2.coinmarketcap.com/static/img/coins/64x64/7257.png", "subreddit": "", "notice": "", "tags": ["bnb-chain"], "tag-names": ["BNB Chain"], "tag-groups": ["PLATFORM"], "urls": {"website": ["https://apecoin.dev/"], "twitter": ["https://twitter.com/go_apecoin"], "message_board": [], "chat": ["https://t.me/APE_Token", "https://discord.com/invite/2NnYMg6"], "facebook": [], "explorer": ["https://bscscan.com/token/0xa9ea4b786ee5b7a733c035564bfd9341a4c9fc1e", "https://ethplorer.io/address/0x209c1808febf6c1ab7c65764bb61ad67d3923fcc", "https://etherscan.io/token/0x209c1808febf6c1ab7c65764bb61ad67d3923fcc"], "reddit": [], "technical_doc": [], "source_code": [], "announcement": []}, "platform": {"id": "1839", "name": "BNB", "slug": "bnb", "symbol": "BNB", "token_address": "0xa9ea4b786ee5b7a733c035564bfd9341a4c9fc1e"}, "date_added": "2020-10-01T00:00:00.000Z", "twitter_username": "go_apecoin", "is_hidden": 0, "date_launched": null, "contract_address": [{"contract_address": "0xa9ea4b786ee5b7a733c035564bfd9341a4c9fc1e", "platform": {"name": "BNB Smart Chain (BEP20)", "coin": {"id": "1839", "name": "BNB", "symbol": "BNB", "slug": "bnb"}}}], "self_reported_circulating_supply": 3200000.0, "self_reported_tags": null, "self_reported_market_cap": 12457.532981993982}, {"id": 8848, "name": "Apestrong finance", "symbol": "APE", "category": "token", "description": "Apestrong finance (APE) is a cryptocurrency launched in 2021and operates on the BNB Smart Chain (BEP20) platform. Apestrong finance has a current supply of 10,000,000 with 0 in circulation. The last known price of Apestrong finance is 0.57337915 USD and is up 0.03 over the last 24 hours. More information can be found at https://apestrong.finance.", "slug": "apestrong-finance", "logo": "https://s2.coinmarketcap.com/static/img/coins/64x64/8848.png", "subreddit": "", "notice": "", "tags": ["bnb-chain"], "tag-names": ["BNB Chain"], "tag-groups": ["PLATFORM"], "urls": {"website": ["https://apestrong.finance"], "twitter": ["https://twitter.com/APE_finance"], "message_board": [], "chat": ["https://t.me/APE_crypto"], "facebook": [], "explorer": ["https://bscscan.com/token/0x82bbd3DBae09eba3F3B1EA48d0A469140Ed9dfb5"], "reddit": [], "technical_doc": ["https://apestrong.finance/litepaper.html"], "source_code": [], "announcement": []}, "platform": {"id": "1839", "name": "BNB", "slug": "bnb", "symbol": "BNB", "token_address": "0xbfd905c84dd6e408f17a7e18f7fbc5864c935a31"}, "date_added": "2021-03-17T00:00:00.000Z", "twitter_username": "APE_finance", "is_hidden": 0, "date_launched": "2021-03-05T00:00:00.000Z", "contract_address": [{"contract_address": "0xbfd905c84dd6e408f17a7e18f7fbc5864c935a31", "platform": {"name": "BNB Smart Chain (BEP20)", "coin": {"id": "1839", "name": "BNB", "symbol": "BNB", "slug": "bnb"}}}], "self_reported_circulating_supply": 2722204.0, "self_reported_tags": ["Smart Contracts", "DeFi Index", "Finance / Banking", "BNB Smart Chain", "DeFi", "Tokenized Stock"], "self_reported_market_cap": 1560855.0090829579}, {"id": 8979, "name": "APE Finance", "symbol": "APE", "category": "token", "description": "## What is APE Finance?\n\nAPE finance isn\u2019t just one thing, it\u2019s a transparent platform built for the community.\nThe platform will be a way for you to generate passive income, manage active investments, donate to charities, or even gamble your money away.\nThe choice is yours!\n\nAPE and BANANA are the native utility tokens that will be used to power a unique ecosystem that contains a perpetual deflation token to act as the primary currency (APE) alongside a fixed supply asset to be the backbone of the platform (BANANA).\\\n\n## APE Finance tools:\n\n* Automatically compounding yield farm\n* Charitable NFTs\n* Fun APE games\n\n## Token circulation\n\nAPE tokens are emitted at a rate of 1 per block and are publically available through farming.\n\n## Where can you get APE Tokens?\n\nAPE tokens are available from either pancakeswap exchange or by farming on the protocol.", "slug": "ape-finance", "logo": "https://s2.coinmarketcap.com/static/img/coins/64x64/8979.png", "subreddit": "", "notice": "", "tags": null, "tag-names": null, "tag-groups": null, "urls": {"website": ["https://goape.finance"], "twitter": ["https://twitter.com/goapefarm"], "message_board": ["https://medium.com/ape-finance"], "chat": ["https://t.me/strongape"], "facebook": [], "explorer": ["https://bscscan.com/token/0x05e50f47ec38db5eeee4bede36792b5a5c6f3e0a"], "reddit": [], "technical_doc": ["https://apefinance.gitbook.io/ape-finance/"], "source_code": [], "announcement": []}, "platform": null, "date_added": "2021-03-29T00:00:00.000Z", "twitter_username": "goapefarm", "is_hidden": 0, "date_launched": "2021-03-02T00:00:00.000Z", "contract_address": [], "self_reported_circulating_supply": NaN, "self_reported_tags": null, "self_reported_market_cap": NaN}, {"id": 9497, "name": "Wall Street Apes", "symbol": "APE", "category": "token", "description": "Wall Street Apes (APE) is a cryptocurrency launched in 2021and operates on the BNB Smart Chain (BEP20) platform. Wall Street Apes has a current supply of 10,000,000 with 0 in circulation. The last known price of Wall Street Apes is 0.00122172 USD and is up 0.00 over the last 24 hours. More information can be found at https://wallstbetapes.com.", "slug": "wall-street-apes", "logo": "https://s2.coinmarketcap.com/static/img/coins/64x64/9497.png", "subreddit": "", "notice": "", "tags": ["bnb-chain"], "tag-names": ["BNB Chain"], "tag-groups": ["PLATFORM"], "urls": {"website": ["https://wallstbetapes.com"], "twitter": ["https://twitter.com/Ape_Finance"], "message_board": [], "chat": ["https://t.me/APE_crypto", "https://discord.gg/wallstbets"], "facebook": [], "explorer": ["https://bscscan.com/token/0x82bbd3dbae09eba3f3b1ea48d0a469140ed9dfb5"], "reddit": [], "technical_doc": ["https://wallstbetapes.com/APElitepaper.pdf"], "source_code": [], "announcement": []}, "platform": {"id": "1839", "name": "BNB", "slug": "bnb", "symbol": "BNB", "token_address": "0x82bbd3dbae09eba3f3b1ea48d0a469140ed9dfb5"}, "date_added": "2021-04-30T00:00:00.000Z", "twitter_username": "Ape_Finance", "is_hidden": 0, "date_launched": "2021-04-11T00:00:00.000Z", "contract_address": [{"contract_address": "0x82bbd3dbae09eba3f3b1ea48d0a469140ed9dfb5", "platform": {"name": "BNB Smart Chain (BEP20)", "coin": {"id": "1839", "name": "BNB", "symbol": "BNB", "slug": "bnb"}}}], "self_reported_circulating_supply": NaN, "self_reported_tags": null, "self_reported_market_cap": NaN}, {"id": 13847, "name": "ApeLab", "symbol": "APE", "category": "token", "description": "ApeLab (APE) is a cryptocurrency launched in 2021and operates on the BNB Smart Chain (BEP20) platform. ApeLab has a current supply of 100,000,000,000 with 0 in circulation. The last known price of ApeLab is 0.0000015 USD and is down -5.86 over the last 24 hours. More information can be found at https://apelab.app/.", "slug": "apelab", "logo": "https://s2.coinmarketcap.com/static/img/coins/64x64/13847.png", "subreddit": "", "notice": "", "tags": null, "tag-names": null, "tag-groups": null, "urls": {"website": ["https://apelab.app/"], "twitter": ["https://twitter.com/apelabofficial"], "message_board": ["https://medium.com/@Ape_Lab"], "chat": ["https://t.me/ApeLabOfficial"], "facebook": [], "explorer": ["https://bscscan.com/token/0x54283eb77cc33182c06b311248c48c73adf4e2ef"], "reddit": [], "technical_doc": [], "source_code": [], "announcement": []}, "platform": {"id": "1839", "name": "BNB", "slug": "bnb", "symbol": "BNB", "token_address": "0x54283eb77cc33182c06b311248c48c73adf4e2ef"}, "date_added": "2021-11-03T08:36:54.000Z", "twitter_username": "apelabofficial", "is_hidden": 0, "date_launched": "2021-10-30T00:00:00.000Z", "contract_address": [{"contract_address": "0x54283eb77cc33182c06b311248c48c73adf4e2ef", "platform": {"name": "BNB Smart Chain (BEP20)", "coin": {"id": "1839", "name": "BNB", "symbol": "BNB", "slug": "bnb"}}}], "self_reported_circulating_supply": 100000000000.0, "self_reported_tags": null, "self_reported_market_cap": 149940.8362114148}, {"id": 15025, "name": "JUST $APE", "symbol": "APE", "category": "token", "description": "JUST $APE (APE) is a cryptocurrency and operates on the Ethereum platform. JUST $APE has a current supply of 0. The last known price of JUST $APE is 0.00000009 USD and is down -92.23 over the last 24 hours. More information can be found at http://justape.io.", "slug": "just-ape", "logo": "https://s2.coinmarketcap.com/static/img/coins/64x64/15025.png", "subreddit": "", "notice": "", "tags": null, "tag-names": null, "tag-groups": null, "urls": {"website": ["http://justape.io"], "twitter": ["https://twitter.com/justaped"], "message_board": [], "chat": ["https://t.me/justaped", "http://discord.gg/justaped"], "facebook": [], "explorer": ["https://etherscan.io/token/0x40e0a6ef9dbadfc83c5e0d15262feb4638588d77"], "reddit": [], "technical_doc": [], "source_code": [], "announcement": []}, "platform": {"id": "1027", "name": "Ethereum", "slug": "ethereum", "symbol": "ETH", "token_address": "0x40e0a6ef9dbadfc83c5e0d15262feb4638588d77"}, "date_added": "2021-11-23T03:56:56.000Z", "twitter_username": "justaped", "is_hidden": 0, "date_launched": null, "contract_address": [{"contract_address": "0x40e0a6ef9dbadfc83c5e0d15262feb4638588d77", "platform": {"name": "Ethereum", "coin": {"id": "1027", "name": "Ethereum", "symbol": "ETH", "slug": "ethereum"}}}], "self_reported_circulating_supply": NaN, "self_reported_tags": null, "self_reported_market_cap": NaN}, {"id": 16764, "name": "Miss Ape Yacht Club", "symbol": "APE", "category": "token", "description": "Miss Ape Yacht Club (APE) is a cryptocurrency launched in 2021and operates on the BNB Smart Chain (BEP20) platform. Miss Ape Yacht Club has a current supply of 1,000,000,000,000,000 with 0 in circulation. The last known price of Miss Ape Yacht Club is 0 USD and is up 0.00 over the last 24 hours. More information can be found at https://missapeyachtclub.com/.", "slug": "miss-ape-yacht-club", "logo": "https://s2.coinmarketcap.com/static/img/coins/64x64/16764.png", "subreddit": "", "notice": "", "tags": null, "tag-names": null, "tag-groups": null, "urls": {"website": ["https://missapeyachtclub.com/"], "twitter": ["https://twitter.com/MissApeWorlds"], "message_board": [], "chat": ["https://discord.com/invite/2B9tHUTV", "https://www.instagram.com/missapeworlds"], "facebook": [], "explorer": [], "reddit": [], "technical_doc": ["https://missapeyachtclub.com/wp-content/uploads/2021/12/APE-White-Paper.pdf"], "source_code": [], "announcement": []}, "platform": {"id": "1839", "name": "BNB", "slug": "bnb", "symbol": "BNB", "token_address": "0x4a2d305d2e7e598ae8c1b43b029f36eca4302948"}, "date_added": "2022-01-03T06:39:45.000Z", "twitter_username": "MissApeWorlds", "is_hidden": 0, "date_launched": "2021-11-15T00:00:00.000Z", "contract_address": [{"contract_address": "0x4a2d305d2e7e598ae8c1b43b029f36eca4302948", "platform": {"name": "BNB Smart Chain (BEP20)", "coin": {"id": "1839", "name": "BNB", "symbol": "BNB", "slug": "bnb"}}}], "self_reported_circulating_supply": 10000000000000.0, "self_reported_tags": null, "self_reported_market_cap": 1000.32341713482}]