[{"id": 11790, "name": "Ape In", "symbol": "APEIN", "category": "token", "description": "Ape In (APEIN) is a cryptocurrency and operates on the Ethereum platform. Ape In has a current supply of 135,083.264 with 0 in circulation. The last known price of Ape In is 0.21262617 USD and is down -3.75 over the last 24 hours. It is currently trading on 3 active market(s) with $5.28 traded over the last 24 hours. More information can be found at https://www.ape.in/.", "slug": "ape-in", "logo": "https://s2.coinmarketcap.com/static/img/coins/64x64/11790.png", "subreddit": "", "notice": "", "tags": ["avalanche-ecosystem"], "tag-names": ["Avalanche Ecosystem"], "tag-groups": ["PLATFORM"], "urls": {"website": ["https://www.ape.in/"], "twitter": ["https://twitter.com/ApeInFinance"], "message_board": [], "chat": ["https://discord.com/invite/yWRc4TmDmF"], "facebook": [], "explorer": ["https://etherscan.io/token/0x8bbf1dccbedd5c70d8e793d432fb56b848dd1698", "https://ethplorer.io/address/0x8bbf1dccbedd5c70d8e793d432fb56b848dd1698"], "reddit": [], "technical_doc": [], "source_code": [], "announcement": []}, "platform": {"id": "1027", "name": "Ethereum", "slug": "ethereum", "symbol": "ETH", "token_address": "0x8bbf1dccbedd5c70d8e793d432fb56b848dd1698"}, "date_added": "2021-09-09T18:41:51.000Z", "twitter_username": "ApeInFinance", "is_hidden": 0, "date_launched": null, "contract_address": [{"contract_address": "0x8bbf1dccbedd5c70d8e793d432fb56b848dd1698", "platform": {"name": "Ethereum", "coin": {"id": "1027", "name": "Ethereum", "symbol": "ETH", "slug": "ethereum"}}}, {"contract_address": "0x938FE3788222A74924E062120E7BFac829c719Fb", "platform": {"name": "Avalanche C-Chain", "coin": {"id": "5805", "name": "Avalanche", "symbol": "AVAX", "slug": "avalanche"}}}], "self_reported_circulating_supply": null, "self_reported_tags": null, "self_reported_market_cap": null}]