[{"id": 7737, "name": "API3", "symbol": "API3", "category": "token", "description": "API3 (API3) is a cryptocurrency launched in 2020and operates on the Ethereum platform. API3 has a current supply of 119,045,463 with 71,748,537 in circulation. The last known price of API3 is 1.07755921 USD and is down -7.22 over the last 24 hours. It is currently trading on 88 active market(s) with $3,951,151.79 traded over the last 24 hours. More information can be found at https://api3.org/.", "slug": "api3", "logo": "https://s2.coinmarketcap.com/static/img/coins/64x64/7737.png", "subreddit": "API3", "notice": "", "tags": ["defi", "oracles", "coinfund-portfolio", "dcg-portfolio", "placeholder-ventures-portfolio", "pantera-capital-portfolio", "polygon-ecosystem", "fantom-ecosystem", "cardano-ecosystem", "web3", "cardano", "injective-ecosystem"], "tag-names": ["DeFi", "Oracles", "Coinfund Portfolio", "DCG Portfolio", "Placeholder Ventures Portfolio", "Pantera Capital Portfolio", "Polygon Ecosystem", "Fantom Ecosystem", "Cardano Ecosystem", "Web3", "Cardano", "Injective Ecosystem"], "tag-groups": ["CATEGORY", "CATEGORY", "CATEGORY", "CATEGORY", "CATEGORY", "CATEGORY", "PLATFORM", "PLATFORM", "CATEGORY", "INDUSTRY", "PLATFORM", "PLATFORM"], "urls": {"website": ["https://api3.org/"], "twitter": ["https://twitter.com/API3DAO"], "message_board": ["https://medium.com/api3"], "chat": ["https://t.me/API3DAO", "https://discord.com/invite/qnRrcfnm5W"], "facebook": [], "explorer": ["https://etherscan.io/token/0x0b38210ea11411557c13457D4dA7dC6ea731B88a", "https://ethplorer.io/address/0x0b38210ea11411557c13457D4dA7dC6ea731B88a"], "reddit": ["https://reddit.com/r/API3"], "technical_doc": ["https://drive.google.com/file/d/1JMVwk9pkGF7hvjkuu6ABA0-FrhRTzAwF/view?usp=sharing"], "source_code": ["https://github.com/api3dao"], "announcement": ["https://medium.com/api3/api3-decentralized-apis-for-the-decentralized-web-d711f47190ac"]}, "platform": {"id": "1027", "name": "Ethereum", "slug": "ethereum", "symbol": "ETH", "token_address": "0x0b38210ea11411557c13457D4dA7dC6ea731B88a"}, "date_added": "2020-11-21T00:00:00.000Z", "twitter_username": "API3DAO", "is_hidden": 0, "date_launched": "2020-09-15T00:00:00.000Z", "contract_address": [{"contract_address": "0x0b38210ea11411557c13457D4dA7dC6ea731B88a", "platform": {"name": "Ethereum", "coin": {"id": "1027", "name": "Ethereum", "symbol": "ETH", "slug": "ethereum"}}}], "self_reported_circulating_supply": 61977139, "self_reported_tags": ["Platform", "DeFi", "Oracles", "Smart Contracts", "Staking", "DAO", "Polkadot Ecosystem", "Governance", "Coinfund Portfolio", "DCG Portfolio", "Placeholder Ventures Portfolio", "Pantera Capital Portfolio", "Polygon Ecosystem"], "self_reported_market_cap": 66746950.13062324}]