[{"id": 2992, "name": "Apollo Currency", "symbol": "APL", "category": "coin", "description": "Apollo Currency (APL) is a cryptocurrency launched in 2017. Apollo Currency has a current supply of 21,158,774,009 with 21,165,096,531 in circulation. The last known price of Apollo Currency is 0.00052823 USD and is up 1.02 over the last 24 hours. It is currently trading on 11 active market(s) with $666,267.30 traded over the last 24 hours. More information can be found at https://aplfintech.com/apollo-currency/.", "slug": "apollo-currency", "logo": "https://s2.coinmarketcap.com/static/img/coins/64x64/2992.png", "subreddit": "", "notice": "", "tags": ["medium-of-exchange", "privacy", "payments"], "tag-names": ["Medium of Exchange", "Privacy", "Payments"], "tag-groups": ["INDUSTRY", "CATEGORY", "INDUSTRY"], "urls": {"website": ["https://aplfintech.com/apollo-currency/", "https://aplfintech.com"], "twitter": ["https://twitter.com/aplfintech"], "message_board": ["https://apollofintech.medium.com/"], "chat": ["https://t.me/apollocommunity", "https://twitter.com/aplfintech"], "facebook": ["https://www.facebook.com/ApolloPrivacyCoin"], "explorer": ["https://explorer.apollowallet.org/transactions"], "reddit": [], "technical_doc": ["https://aplfintech.com/wp-content/uploads/2020/10/apollo_whitepaper_3.0.pdf"], "source_code": ["https://github.com/ApolloFoundation"], "announcement": ["https://apollofintech.medium.com/"]}, "platform": null, "date_added": "2018-07-28T00:00:00.000Z", "twitter_username": "aplfintech", "is_hidden": 0, "date_launched": "2017-11-01T00:00:00.000Z", "contract_address": [], "self_reported_circulating_supply": 21158774009, "self_reported_tags": ["PoS", "Asset Management", "Government", "Marketplace", "Platform", "Store Of Value", "Decentralized Exchange (DEX) Token", "DeFi", "Privacy", "Mixer & Coinjoin", "Reputation", "Scaling", "Sharding", "Smart Contracts", "Staking", "Wallet"], "self_reported_market_cap": 11173020.49850763}, {"id": 7638, "name": "Apollon Limassol", "symbol": "APL", "category": "token", "description": "Apollon Limassol (APL) is a cryptocurrency and operates on the Chiliz platform. Apollon Limassol has a current supply of 1,000,000 with 329,310 in circulation. The last known price of Apollon Limassol is 0.76665486 USD and is down -4.13 over the last 24 hours. It is currently trading on 1 active market(s) with $1,359.88 traded over the last 24 hours. More information can be found at https://www.apollon.com.cy/en/.", "slug": "apollon-limassol", "logo": "https://s2.coinmarketcap.com/static/img/coins/64x64/7638.png", "subreddit": "", "notice": "", "tags": ["sports", "fan-token", "soccer"], "tag-names": ["Sports", "Fan Token", "Soccer"], "tag-groups": ["INDUSTRY", "CATEGORY", "CATEGORY"], "urls": {"website": ["https://www.apollon.com.cy/en/"], "twitter": ["https://twitter.com/APOLLONOFFICIAL"], "message_board": [], "chat": [], "facebook": [], "explorer": ["https://explorer.chiliz.com/address/0xad2b16869e9822943745d17e6bf49ff8ba46bdcb"], "reddit": [], "technical_doc": [], "source_code": [], "announcement": []}, "platform": {"id": "4066", "name": "Chiliz", "slug": "chiliz", "symbol": "CHZ", "token_address": "0xad2b16869e9822943745d17e6bf49ff8ba46bdcb"}, "date_added": "2020-11-10T00:00:00.000Z", "twitter_username": "APOLLONOFFICIAL", "is_hidden": 0, "date_launched": null, "contract_address": [{"contract_address": "0xad2b16869e9822943745d17e6bf49ff8ba46bdcb", "platform": {"name": "Chiliz", "coin": {"id": "4066", "name": "Chiliz", "symbol": "CHZ", "slug": "chiliz"}}}], "self_reported_circulating_supply": 329310, "self_reported_tags": null, "self_reported_market_cap": 253714.22431845413}]