[{"id": 5079, "name": "apM Coin", "symbol": "APM", "category": "token", "description": "apM Coin (APM) is a cryptocurrency launched in 2019and operates on the Ethereum platform. apM Coin has a current supply of 1,812,500,000 with 852,500,000 in circulation. The last known price of apM Coin is 0.01575907 USD and is up 4.83 over the last 24 hours. It is currently trading on 10 active market(s) with $2,536,241.16 traded over the last 24 hours. More information can be found at https://apm-coin.com/.", "slug": "apm-coin", "logo": "https://s2.coinmarketcap.com/static/img/coins/64x64/5079.png", "subreddit": "", "notice": "", "tags": ["ethereum-ecosystem"], "tag-names": ["Ethereum Ecosystem"], "tag-groups": ["PLATFORM"], "urls": {"website": ["https://apm-coin.com/"], "twitter": ["https://twitter.com/apmcoin"], "message_board": ["https://medium.com/apmcoin", "https://t.me/apmcoin_ann"], "chat": ["https://t.me/apmcoin_official", "https://t.me/apmcoin_kor"], "facebook": [], "explorer": ["https://etherscan.io/token/0xc8c424b91d8ce0137bab4b832b7f7d154156ba6c", "https://ethplorer.io/address/0xc8c424b91d8ce0137bab4b832b7f7d154156ba6c"], "reddit": [], "technical_doc": ["https://apm-coin.com/wp-content/uploads/2021/03/apM-Coin_Whitepaper_Ver-4.0_Eng.pdf"], "source_code": ["https://github.com/apmcoin"], "announcement": ["https://xangle.io/project/APM/profile"]}, "platform": {"id": "1027", "name": "Ethereum", "slug": "ethereum", "symbol": "ETH", "token_address": "0xc8c424b91d8ce0137bab4b832b7f7d154156ba6c"}, "date_added": "2019-12-27T00:00:00.000Z", "twitter_username": "apmcoin", "is_hidden": 0, "date_launched": "2019-01-04T00:00:00.000Z", "contract_address": [{"contract_address": "0xc8c424b91d8ce0137bab4b832b7f7d154156ba6c", "platform": {"name": "Ethereum", "coin": {"id": "1027", "name": "Ethereum", "symbol": "ETH", "slug": "ethereum"}}}, {"contract_address": "https://bscscan.com/token/0xf9c27de474cce832fad75107853b78838888ac11", "platform": {"name": "BNB Smart Chain (BEP20)", "coin": {"id": "1839", "name": "BNB", "symbol": "BNB", "slug": "bnb"}}}], "self_reported_circulating_supply": null, "self_reported_tags": ["Collectibles & NFTs", "Payments"], "self_reported_market_cap": null}]