[{"id": 17336, "name": "Apollo Crypto DAO", "symbol": "APOLLO", "category": "token", "description": "Apollo Crypto DAO (APOLLO) is a cryptocurrency launched in 2022and operates on the Ethereum platform. Apollo Crypto DAO has a current supply of 2,000,000,000,000 with 0 in circulation. The last known price of Apollo Crypto DAO is 0.00000364 USD and is up 1.08 over the last 24 hours. It is currently trading on 3 active market(s) with $8,233.83 traded over the last 24 hours. More information can be found at https://www.apollocrypto.org/.", "slug": "apollo-inu", "logo": "https://s2.coinmarketcap.com/static/img/coins/64x64/17336.png", "subreddit": "", "notice": "", "tags": ["dao", "doggone-doggerel"], "tag-names": ["DAO", "Doggone Doggerel"], "tag-groups": ["CATEGORY", "CATEGORY"], "urls": {"website": ["https://www.apollocrypto.org/"], "twitter": ["https://twitter.com/ApolloCryptoDAO"], "message_board": ["https://www.apollocrypto.org/blog/"], "chat": ["https://discord.com/invite/apollocryptodao"], "facebook": [], "explorer": ["https://etherscan.io/token/0xadf86e75d8f0f57e0288d0970e7407eaa49b3cab"], "reddit": [], "technical_doc": ["https://docs.apollocrypto.org/apollo-docs/whitepaper/overview"], "source_code": ["https://github.com/EastedgeStudios/ApolloCrypto"], "announcement": []}, "platform": {"id": "1027", "name": "Ethereum", "slug": "ethereum", "symbol": "ETH", "token_address": "0xadf86e75d8f0f57e0288d0970e7407eaa49b3cab"}, "date_added": "2022-01-15T10:11:37.000Z", "twitter_username": "ApolloCryptoDAO", "is_hidden": 0, "date_launched": "2022-01-12T00:00:00.000Z", "contract_address": [{"contract_address": "0xadf86e75d8f0f57e0288d0970e7407eaa49b3cab", "platform": {"name": "Ethereum", "coin": {"id": "1027", "name": "Ethereum", "symbol": "ETH", "slug": "ethereum"}}}], "self_reported_circulating_supply": 902431205673, "self_reported_tags": ["Art", "Media", "Platform", "Communications & Social Media", "DeFi", "DAO", "Ethereum Ecosystem"], "self_reported_market_cap": 3282589.3640912618}, {"id": 16883, "name": "Apollo DAO", "symbol": "APOLLO", "category": "token", "description": "Apollo DAO (APOLLO) is a cryptocurrency and operates on the Terra Classic platform. Apollo DAO has a current supply of 100,000,000 with 0 in circulation. The last known price of Apollo DAO is 0.00195099 USD and is up 0.00 over the last 24 hours. More information can be found at https://apollo.farm/.", "slug": "apollo-dao", "logo": "https://s2.coinmarketcap.com/static/img/coins/64x64/16883.png", "subreddit": "", "notice": "", "tags": null, "tag-names": null, "tag-groups": null, "urls": {"website": ["https://apollo.farm/"], "twitter": ["https://twitter.com/ApolloDAO"], "message_board": [], "chat": ["https://t.me/apollodao", "https://discord.com/invite/j3KxMR8ZjZ"], "facebook": [], "explorer": ["https://finder.terra.money/mainnet/address/terra100yeqvww74h4yaejj6h733thgcafdaukjtw397"], "reddit": [], "technical_doc": [], "source_code": [], "announcement": []}, "platform": {"id": "4172", "name": "Terra Classic", "slug": "terra-luna", "symbol": "LUNC", "token_address": "terra100yeqvww74h4yaejj6h733thgcafdaukjtw397"}, "date_added": "2022-01-05T11:40:19.000Z", "twitter_username": "ApolloDAO", "is_hidden": 0, "date_launched": null, "contract_address": [{"contract_address": "terra100yeqvww74h4yaejj6h733thgcafdaukjtw397", "platform": {"name": "Terra Classic", "coin": {"id": "4172", "name": "Terra Classic", "symbol": "LUNC", "slug": "terra-luna"}}}], "self_reported_circulating_supply": 5000000, "self_reported_tags": null, "self_reported_market_cap": 9754.932833171822}]