[{"id": 21794, "name": "Aptos", "symbol": "APT", "category": "token", "description": "Aptos (APT) is a cryptocurrency launched in 2022and operates on the Aptos platform. Aptos has a current supply of 1,000,000,000 with 130,000,000 in circulation. The last known price of Aptos is 3.17186933 USD and is down -0.51 over the last 24 hours. It is currently trading on 138 active market(s) with $63,878,934.05 traded over the last 24 hours. More information can be found at https://aptoslabs.com.", "slug": "aptos", "logo": "https://s2.coinmarketcap.com/static/img/coins/64x64/21794.png", "subreddit": "", "notice": "", "tags": ["aptos-ecosystem"], "tag-names": ["Aptos Ecosystem"], "tag-groups": ["CATEGORY"], "urls": {"website": ["https://aptoslabs.com"], "twitter": ["https://twitter.com/aptoslabs"], "message_board": [], "chat": ["https://t.me/AptosLabs"], "facebook": [], "explorer": ["https://explorer.aptoslabs.com/", "https://aptoscan.com/", "https://tracemove.io/coin/0x1::aptos_coin::AptosCoin"], "reddit": [], "technical_doc": [], "source_code": [], "announcement": []}, "platform": {"id": "21794", "name": "Aptos", "slug": "aptos", "symbol": "APT", "token_address": "0x1::aptos_coin::AptosCoin"}, "date_added": "2022-10-19T01:50:25.000Z", "twitter_username": "aptoslabs", "is_hidden": 0, "date_launched": "2022-12-30T00:00:00.000Z", "contract_address": [{"contract_address": "0x1::aptos_coin::AptosCoin", "platform": {"name": "Aptos", "coin": {"id": "21794", "name": "Aptos", "symbol": "APT", "slug": "aptos"}}}], "self_reported_circulating_supply": 130000000.0, "self_reported_tags": ["SUI Ecosystem"], "self_reported_market_cap": 412511978.1472571}, {"id": 13473, "name": "Apricot Finance", "symbol": "APT", "category": "token", "description": "Apricot Finance (APT) is a cryptocurrency and operates on the Solana platform. Apricot Finance has a current supply of 0. The last known price of Apricot Finance is 0.00137999 USD and is down -1.15 over the last 24 hours. It is currently trading on 8 active market(s) with $1,247.37 traded over the last 24 hours. More information can be found at https://apricot.one/.", "slug": "apricot", "logo": "https://s2.coinmarketcap.com/static/img/coins/64x64/13473.png", "subreddit": "", "notice": "", "tags": ["bullperks-launchpad", "skyvision-capital-portfolio"], "tag-names": ["BullPerks Launchpad", "SkyVision Capital Portfolio"], "tag-groups": ["CATEGORY", "CATEGORY"], "urls": {"website": ["https://apricot.one/"], "twitter": ["https://twitter.com/ApricotFinance"], "message_board": ["https://apricotfinance.medium.com/"], "chat": ["https://t.me/ApricotOfficial", "https://discord.com/invite/C6JrtqZF5U"], "facebook": [], "explorer": [], "reddit": [], "technical_doc": [], "source_code": [], "announcement": []}, "platform": {"id": "5426", "name": "Solana", "slug": "solana", "symbol": "SOL", "token_address": "APTtJyaRX5yGTsJU522N4VYWg3vCvSb65eam5GrPT5Rt"}, "date_added": "2021-10-28T08:08:38.000Z", "twitter_username": "ApricotFinance", "is_hidden": 0, "date_launched": null, "contract_address": [{"contract_address": "APTtJyaRX5yGTsJU522N4VYWg3vCvSb65eam5GrPT5Rt", "platform": {"name": "Solana", "coin": {"id": "5426", "name": "Solana", "symbol": "SOL", "slug": "solana"}}}], "self_reported_circulating_supply": NaN, "self_reported_tags": null, "self_reported_market_cap": NaN}]