[{"id": 22383, "name": "Aptoge", "symbol": "APTOGE", "category": "token", "description": "Aptoge (APTOGE) is a cryptocurrency launched in 2022and operates on the Aptos platform. Aptoge has a current supply of 1,000,000 with 0 in circulation. The last known price of Aptoge is 0.01422546 USD and is up 7.40 over the last 24 hours. It is currently trading on 12 active market(s) with $783.35 traded over the last 24 hours. More information can be found at https://aptoge.com.", "slug": "aptoge", "logo": "https://s2.coinmarketcap.com/static/img/coins/64x64/22383.png", "subreddit": "", "notice": "", "tags": ["aptos-ecosystem"], "tag-names": ["Aptos Ecosystem"], "tag-groups": ["CATEGORY"], "urls": {"website": ["https://aptoge.com"], "twitter": ["https://twitter.com/aptogeaptos"], "message_board": [], "chat": ["https://t.me/aptoge"], "facebook": [], "explorer": ["https://explorer.aptoslabs.com/account/0x5c738a5dfa343bee927c39ebe85b0ceb95fdb5ee5b323c95559614f5a77c47cf"], "reddit": [], "technical_doc": [], "source_code": [], "announcement": []}, "platform": {"id": "21794", "name": "Aptos", "slug": "aptos", "symbol": "APT", "token_address": "0x5c738a5dfa343bee927c39ebe85b0ceb95fdb5ee5b323c95559614f5a77c47cf::Aptoge::Aptoge"}, "date_added": "2022-10-26T16:27:34.000Z", "twitter_username": "aptogeaptos", "is_hidden": 0, "date_launched": "2022-10-18T00:00:00.000Z", "contract_address": [{"contract_address": "0x5c738a5dfa343bee927c39ebe85b0ceb95fdb5ee5b323c95559614f5a77c47cf::Aptoge::Aptoge", "platform": {"name": "Aptos", "coin": {"id": "21794", "name": "Aptos", "symbol": "APT", "slug": "aptos"}}}], "self_reported_circulating_supply": 1000000, "self_reported_tags": null, "self_reported_market_cap": 14228.162695220135}]