[{"id": 10364, "name": "APWine Finance", "symbol": "APW", "category": "token", "description": "APWine Finance (APW) is a cryptocurrency launched in 2021and operates on the Ethereum platform. APWine Finance has a current supply of 0. The last known price of APWine Finance is 0.19607139 USD and is down -1.54 over the last 24 hours. It is currently trading on 17 active market(s) with $43,838.62 traded over the last 24 hours. More information can be found at https://apwine.fi.", "slug": "apwine-finance", "logo": "https://s2.coinmarketcap.com/static/img/coins/64x64/10364.png", "subreddit": "", "notice": "", "tags": ["spartan-group"], "tag-names": ["Spartan Group"], "tag-groups": ["CATEGORY"], "urls": {"website": ["https://apwine.fi"], "twitter": ["https://twitter.com/APWineFinance"], "message_board": [], "chat": ["https://t.me/APWineFinance", "https://discord.gg/AxbH7sE6sc"], "facebook": [], "explorer": ["https://etherscan.io/token/0x4104b135dbc9609fc1a9490e61369036497660c8"], "reddit": [], "technical_doc": [], "source_code": ["https://github.com/APWineFinance"], "announcement": []}, "platform": {"id": "1027", "name": "Ethereum", "slug": "ethereum", "symbol": "ETH", "token_address": "0x4104b135dbc9609fc1a9490e61369036497660c8"}, "date_added": "2021-06-09T00:00:00.000Z", "twitter_username": "APWineFinance", "is_hidden": 0, "date_launched": "2021-05-18T00:00:00.000Z", "contract_address": [{"contract_address": "0x4104b135dbc9609fc1a9490e61369036497660c8", "platform": {"name": "Ethereum", "coin": {"id": "1027", "name": "Ethereum", "symbol": "ETH", "slug": "ethereum"}}}], "self_reported_circulating_supply": null, "self_reported_tags": null, "self_reported_market_cap": null}, {"id": 1879, "name": "AppleCoin", "symbol": "APW", "category": "coin", "description": "AppleCoin (APW) is a cryptocurrency . Users are able to generate APW through the process of mining. AppleCoin has a current supply of 1,600,127,252.2747 with 127,252.27470136 in circulation. The last known price of AppleCoin is 0.00009948 USD and is up 0.00 over the last 24 hours. More information can be found at http://apcoin.co/.", "slug": "applecoin-apw", "logo": "https://s2.coinmarketcap.com/static/img/coins/64x64/1879.png", "subreddit": "", "notice": "", "tags": ["mineable"], "tag-names": ["Mineable"], "tag-groups": ["OTHERS"], "urls": {"website": ["http://apcoin.co/"], "twitter": [], "message_board": [], "chat": [], "facebook": [], "explorer": ["http://explorer.apcoin.co/"], "reddit": [], "technical_doc": [], "source_code": [], "announcement": []}, "platform": null, "date_added": "2017-08-12T00:00:00.000Z", "twitter_username": "", "is_hidden": 0, "date_launched": null, "contract_address": [], "self_reported_circulating_supply": null, "self_reported_tags": null, "self_reported_market_cap": null}]