[{"id": 7227, "name": "APY.Finance", "symbol": "APY", "category": "token", "description": "APY.Finance (APY) is a cryptocurrency and operates on the Ethereum platform. APY.Finance has a current supply of 100,000,000 with 66,469,950.2369778 in circulation. The last known price of APY.Finance is 0.00385675 USD and is down -2.33 over the last 24 hours. It is currently trading on 17 active market(s) with $145.44 traded over the last 24 hours. More information can be found at https://apy.finance/.", "slug": "apy-finance", "logo": "https://s2.coinmarketcap.com/static/img/coins/64x64/7227.png", "subreddit": "", "notice": "", "tags": ["defi", "yield-farming", "yield-aggregator", "alameda-research-portfolio", "exnetwork-capital-portfolio", "polygon-ecosystem"], "tag-names": ["DeFi", "Yield Farming", "Yield Aggregator", "Alameda Research Portfolio", "Exnetwork Capital Portfolio", "Polygon Ecosystem"], "tag-groups": ["CATEGORY", "CATEGORY", "CATEGORY", "CATEGORY", "CATEGORY", "PLATFORM"], "urls": {"website": ["https://apy.finance/"], "twitter": ["https://twitter.com/apyfinance"], "message_board": ["https://medium.com/apy-finance"], "chat": ["https://discord.com/invite/uzqAsmZ", "https://t.me/apyfinancechat"], "facebook": [], "explorer": ["https://etherscan.io/token/0x95a4492F028aa1fd432Ea71146b433E7B4446611", "https://ethplorer.io/address/0x95a4492F028aa1fd432Ea71146b433E7B4446611"], "reddit": [], "technical_doc": [], "source_code": [], "announcement": []}, "platform": {"id": "1027", "name": "Ethereum", "slug": "ethereum", "symbol": "ETH", "token_address": "0x95a4492F028aa1fd432Ea71146b433E7B4446611"}, "date_added": "2020-09-29T00:00:00.000Z", "twitter_username": "apyfinance", "is_hidden": 0, "date_launched": null, "contract_address": [{"contract_address": "0x95a4492F028aa1fd432Ea71146b433E7B4446611", "platform": {"name": "Ethereum", "coin": {"id": "1027", "name": "Ethereum", "symbol": "ETH", "slug": "ethereum"}}}], "self_reported_circulating_supply": null, "self_reported_tags": null, "self_reported_market_cap": null}]