[{"id": 8419, "name": "APYSwap", "symbol": "APYS", "category": "token", "description": "APYSwap (APYS) is a cryptocurrency launched in 2021and operates on the Ethereum platform. APYSwap has a current supply of 100,000,000 with 18,191,036 in circulation. The last known price of APYSwap is 0.01042982 USD and is down -3.52 over the last 24 hours. It is currently trading on 26 active market(s) with $14,482.73 traded over the last 24 hours. More information can be found at https://apyswap.com/.", "slug": "apyswap", "logo": "https://s2.coinmarketcap.com/static/img/coins/64x64/8419.png", "subreddit": "apyswap", "notice": "", "tags": ["defi", "polkastarter", "exnetwork-capital-portfolio", "chromia-ecosystem", "okex-blockdream-ventures-portfolio", "bnb-chain"], "tag-names": ["DeFi", "Polkastarter", "Exnetwork Capital Portfolio", "Chromia Ecosystem", "OKEx Blockdream Ventures Portfolio", "BNB Chain"], "tag-groups": ["CATEGORY", "CATEGORY", "CATEGORY", "CATEGORY", "CATEGORY", "PLATFORM"], "urls": {"website": ["https://apyswap.com/"], "twitter": ["https://twitter.com/apyswap"], "message_board": ["https://medium.com/@apyswap"], "chat": ["https://t.me/apyswapcom"], "facebook": [], "explorer": ["https://etherscan.io/token/0xf7413489c474ca4399eee604716c72879eea3615", "https://bscscan.com/token/0x37dfACfaeDA801437Ff648A1559d73f4C40aAcb7", "https://hecoinfo.com/token/0x90e8896b12a92D51CD213b681C2CaD83A9a6bD49", "https://explorer.solana.com/address/5JnZ667P3VcjDinkJFysWh2K2KtViy63FZ3oL5YghEhW", "https://polygonscan.com/token/0x14743E1c6f812154F7ecc980D890F0F5234103e7"], "reddit": ["https://reddit.com/r/apyswap"], "technical_doc": ["https://docs.apyswap.com/"], "source_code": [], "announcement": []}, "platform": {"id": "1027", "name": "Ethereum", "slug": "ethereum", "symbol": "ETH", "token_address": "0xf7413489c474ca4399eee604716c72879eea3615"}, "date_added": "2021-02-09T00:00:00.000Z", "twitter_username": "apyswap", "is_hidden": 0, "date_launched": "2021-03-02T00:00:00.000Z", "contract_address": [{"contract_address": "0xf7413489c474ca4399eee604716c72879eea3615", "platform": {"name": "Ethereum", "coin": {"id": "1027", "name": "Ethereum", "symbol": "ETH", "slug": "ethereum"}}}, {"contract_address": "0x37dfACfaeDA801437Ff648A1559d73f4C40aAcb7", "platform": {"name": "BNB Smart Chain (BEP20)", "coin": {"id": "1839", "name": "BNB", "symbol": "BNB", "slug": "bnb"}}}, {"contract_address": "5JnZ667P3VcjDinkJFysWh2K2KtViy63FZ3oL5YghEhW", "platform": {"name": "Solana", "coin": {"id": "5426", "name": "Solana", "symbol": "SOL", "slug": "solana"}}}, {"contract_address": "0x90e8896b12a92D51CD213b681C2CaD83A9a6bD49", "platform": {"name": "HECO", "coin": {"id": "2502", "name": "Huobi Token", "symbol": "HT", "slug": "huobi-token"}}}, {"contract_address": "0x14743E1c6f812154F7ecc980D890F0F5234103e7", "platform": {"name": "Polygon", "coin": {"id": "3890", "name": "Polygon", "symbol": "MATIC", "slug": "polygon"}}}], "self_reported_circulating_supply": 29813480, "self_reported_tags": null, "self_reported_market_cap": 310195.1868229324}]