[{"id": 5632, "name": "Arweave", "symbol": "AR", "category": "coin", "description": "Arweave (AR) is a cryptocurrency launched in 2018. Arweave has a current supply of 63,190,435 with 33,394,701 in circulation. The last known price of Arweave is 6.16141437 USD and is down -4.90 over the last 24 hours. It is currently trading on 76 active market(s) with $7,456,384.10 traded over the last 24 hours. More information can be found at https://www.arweave.org.", "slug": "arweave", "logo": "https://s2.coinmarketcap.com/static/img/coins/64x64/5632.png", "subreddit": "Arweave", "notice": "", "tags": ["distributed-computing", "filesharing", "storage", "coinbase-ventures-portfolio", "solana-ecosystem", "arrington-xrp-capital-portfolio", "blockchain-capital-portfolio", "a16z-portfolio", "multicoin-capital-portfolio", "web3"], "tag-names": ["Distributed Computing", "Filesharing", "Storage", "Coinbase Ventures Portfolio", "Solana Ecosystem", "Arrington XRP Capital Portfolio", "Blockchain Capital Portfolio", "a16z Portfolio", "Multicoin Capital Portfolio", "Web3"], "tag-groups": ["INDUSTRY", "INDUSTRY", "CATEGORY", "CATEGORY", "PLATFORM", "CATEGORY", "CATEGORY", "CATEGORY", "CATEGORY", "INDUSTRY"], "urls": {"website": ["https://www.arweave.org"], "twitter": ["https://twitter.com/arweaveteam"], "message_board": ["https://medium.com/@arweave"], "chat": ["https://discord.gg/BXk8tq7"], "facebook": [], "explorer": ["https://viewblock.io/arweave"], "reddit": ["https://reddit.com/r/Arweave"], "technical_doc": ["https://www.arweave.org/files/arweave-lightpaper.pdf"], "source_code": ["https://github.com/ArweaveTeam/arweave"], "announcement": []}, "platform": null, "date_added": "2020-05-27T00:00:00.000Z", "twitter_username": "arweaveteam", "is_hidden": 0, "date_launched": "2018-07-13T00:00:00.000Z", "contract_address": [], "self_reported_circulating_supply": null, "self_reported_tags": null, "self_reported_market_cap": null}, {"id": 471, "name": "ARCoin", "symbol": "AR", "category": "coin", "description": "ARCoin (AR) is a cryptocurrency . ARCoin has a current supply of 522,445.341167. The last known price of ARCoin is 0.01793512 USD and is up 0.00 over the last 24 hours. More information can be found at https://bitcointalk.org/index.php?topic=696243.0.", "slug": "arcoin", "logo": "https://s2.coinmarketcap.com/static/img/coins/64x64/471.png", "subreddit": "", "notice": "", "tags": null, "tag-names": null, "tag-groups": null, "urls": {"website": ["https://bitcointalk.org/index.php?topic=696243.0"], "twitter": [], "message_board": [], "chat": [], "facebook": [], "explorer": ["http://ar.blockexplorer.cc/chain/ARCoin/"], "reddit": [], "technical_doc": [], "source_code": [], "announcement": []}, "platform": null, "date_added": "2014-07-18T00:00:00.000Z", "twitter_username": "", "is_hidden": 0, "date_launched": null, "contract_address": [], "self_reported_circulating_supply": null, "self_reported_tags": null, "self_reported_market_cap": null}]