[{"id": 12160, "name": "Arata", "symbol": "ARATA", "category": "token", "description": "Arata (ARATA) is a cryptocurrency and operates on the BNB Smart Chain (BEP20) platform. Arata has a current supply of 5,000,000 with 1,000,000 in circulation. The last known price of Arata is 0.05238836 USD and is down -1.54 over the last 24 hours. More information can be found at https://arata.io/.", "slug": "arata", "logo": "https://s2.coinmarketcap.com/static/img/coins/64x64/12160.png", "subreddit": "", "notice": "Arata migrated from [V1](https://bscscan.com/token/0xd4a06f9d51a992a3a1f07bd5cdff1c465b23a723) to [V2](https://bscscan.com/token/0xD07E591E10E41b6B08457C8aa0be6b79369D60a6). For more information, visit [here](https://twitter.com/project_arata/status/1467566570239004675)", "tags": ["play-to-earn"], "tag-names": ["Play To Earn"], "tag-groups": ["CATEGORY"], "urls": {"website": ["https://arata.io/"], "twitter": ["https://twitter.com/project_arata"], "message_board": ["https://medium.com/@project_arata"], "chat": ["https://t.me/arata_project", "https://discord.gg/mB6XtzBxcj"], "facebook": [], "explorer": ["https://bscscan.com/token/0xD07E591E10E41b6B08457C8aa0be6b79369D60a6"], "reddit": [], "technical_doc": [], "source_code": [], "announcement": []}, "platform": {"id": "1839", "name": "BNB", "slug": "bnb", "symbol": "BNB", "token_address": "0xD07E591E10E41b6B08457C8aa0be6b79369D60a6"}, "date_added": "2021-09-26T17:00:04.000Z", "twitter_username": "project_arata", "is_hidden": 0, "date_launched": null, "contract_address": [{"contract_address": "0xD07E591E10E41b6B08457C8aa0be6b79369D60a6", "platform": {"name": "BNB Smart Chain (BEP20)", "coin": {"id": "1839", "name": "BNB", "symbol": "BNB", "slug": "bnb"}}}], "self_reported_circulating_supply": null, "self_reported_tags": null, "self_reported_market_cap": null}]