[{"id": 12964, "name": "Arbis Finance", "symbol": "ARBIS", "category": "token", "description": "Arbis Finance (ARBIS) is a cryptocurrency and operates on the Arbitrum platform. Arbis Finance has a current supply of 50,000,000,000 with 0 in circulation. The last known price of Arbis Finance is 0.00000372 USD and is down -0.22 over the last 24 hours. It is currently trading on 6 active market(s) with $4.04 traded over the last 24 hours. More information can be found at https://arbis.finance/.", "slug": "arbis-finance", "logo": "https://s2.coinmarketcap.com/static/img/coins/64x64/12964.png", "subreddit": "", "notice": "", "tags": ["arbitrum-ecosytem"], "tag-names": ["Arbitrum Ecosystem"], "tag-groups": ["PLATFORM"], "urls": {"website": ["https://arbis.finance/"], "twitter": ["https://twitter.com/arbis_finance"], "message_board": [], "chat": ["https://discord.com/invite/D3YzFmU2t3"], "facebook": [], "explorer": ["https://arbiscan.io/token/0x9f20de1fc9b161b34089cbeae888168b44b03461"], "reddit": [], "technical_doc": [], "source_code": ["https://github.com/Arbi-s"], "announcement": []}, "platform": null, "date_added": "2021-10-21T07:39:11.000Z", "twitter_username": "arbis_finance", "is_hidden": 0, "date_launched": null, "contract_address": [], "self_reported_circulating_supply": null, "self_reported_tags": null, "self_reported_market_cap": null}]