[{"id": 11855, "name": "Arbys Token", "symbol": "ARBYS", "category": "token", "description": "Arbys Token (ARBYS) is a cryptocurrency and operates on the Arbitrum platform. Arbys Token has a current supply of 0. The last known price of Arbys Token is 0.07626556 USD and is up 0.00 over the last 24 hours. More information can be found at https://arbystoken.com/.", "slug": "arbee-info", "logo": "https://s2.coinmarketcap.com/static/img/coins/64x64/11855.png", "subreddit": "", "notice": "", "tags": ["arbitrum-ecosytem"], "tag-names": ["Arbitrum Ecosystem"], "tag-groups": ["PLATFORM"], "urls": {"website": ["https://arbystoken.com/"], "twitter": [], "message_board": [], "chat": [], "facebook": [], "explorer": ["https://arbiscan.io/token/0x86A1012d437BBFf84fbDF62569D12d4FD3396F8c"], "reddit": [], "technical_doc": [], "source_code": [], "announcement": []}, "platform": null, "date_added": "2021-09-13T12:04:39.000Z", "twitter_username": "", "is_hidden": 0, "date_launched": null, "contract_address": [], "self_reported_circulating_supply": null, "self_reported_tags": null, "self_reported_market_cap": null}]