[{"id": 22506, "name": "Crypto ARC", "symbol": "ARC", "category": "token", "description": "Crypto ARC (ARC) is a cryptocurrency and operates on the BNB Smart Chain (BEP20) platform. Crypto ARC has a current supply of 300,000,000 with 0 in circulation. The last known price of Crypto ARC is 0.13107553 USD and is down -1.75 over the last 24 hours. It is currently trading on 6 active market(s) with $8,195,474.59 traded over the last 24 hours. More information can be found at https://cryptoarc.info/.", "slug": "crypto-arc", "logo": "https://s2.coinmarketcap.com/static/img/coins/64x64/22506.png", "subreddit": "", "notice": "Smart contract of the following asset can be modified by the contract creator (for example: disable selling, change fees, mint new tokens, or transfer tokens). Please exercise caution before taking any action and [DYOR](https://support.coinmarketcap.com/hc/en-us/articles/360043659351-Listings-Criteria).", "tags": null, "tag-names": null, "tag-groups": null, "urls": {"website": ["https://cryptoarc.info/"], "twitter": ["https://twitter.com/CRYPTOARC__"], "message_board": [], "chat": [], "facebook": [], "explorer": ["https://bscscan.com/token/0xEc0AD1b4D51B056A357Fc9acB3f1881c9d3628A7"], "reddit": [], "technical_doc": [], "source_code": [], "announcement": []}, "platform": {"id": "1839", "name": "BNB", "slug": "bnb", "symbol": "BNB", "token_address": "0xec0ad1b4d51b056a357fc9acb3f1881c9d3628a7"}, "date_added": "2022-11-02T05:15:15.000Z", "twitter_username": "CRYPTOARC__", "is_hidden": 0, "date_launched": null, "contract_address": [{"contract_address": "0xec0ad1b4d51b056a357fc9acb3f1881c9d3628a7", "platform": {"name": "BNB Smart Chain (BEP20)", "coin": {"id": "1839", "name": "BNB", "symbol": "BNB", "slug": "bnb"}}}], "self_reported_circulating_supply": NaN, "self_reported_tags": null, "self_reported_market_cap": NaN}, {"id": 13051, "name": "ARC", "symbol": "ARC", "category": "token", "description": "ARC (ARC) is a cryptocurrency launched in 2022and operates on the Ethereum platform. ARC has a current supply of 995,100,000 with 0 in circulation. The last known price of ARC is 0.00630854 USD and is down -5.54 over the last 24 hours. It is currently trading on 7 active market(s) with $6,472.62 traded over the last 24 hours. More information can be found at https://arc.market.", "slug": "arc", "logo": "https://s2.coinmarketcap.com/static/img/coins/64x64/13051.png", "subreddit": "ARC_Market/", "notice": "", "tags": null, "tag-names": null, "tag-groups": null, "urls": {"website": ["https://arc.market", "https://app.arc.market"], "twitter": ["https://twitter.com/DeFi_ARC"], "message_board": ["https://arc-market.medium.com/"], "chat": ["https://t.me/JoinTheARC", "https://discord.gg/arcdefi"], "facebook": [], "explorer": ["https://etherscan.io/address/0xc82e3db60a52cf7529253b4ec688f631aad9e7c2"], "reddit": ["https://reddit.com/r/ARC_Market/"], "technical_doc": ["https://docs.google.com/document/d/1lAB5SGiv1Y0pXpj15yZkYy2bfIBvzsCHYc9XF316rA0/edit?usp=sharing"], "source_code": [], "announcement": []}, "platform": {"id": "1027", "name": "Ethereum", "slug": "ethereum", "symbol": "ETH", "token_address": "0xc82e3db60a52cf7529253b4ec688f631aad9e7c2"}, "date_added": "2021-10-23T21:13:38.000Z", "twitter_username": "DeFi_ARC", "is_hidden": 0, "date_launched": "2022-03-08T00:00:00.000Z", "contract_address": [{"contract_address": "0xc82e3db60a52cf7529253b4ec688f631aad9e7c2", "platform": {"name": "Ethereum", "coin": {"id": "1027", "name": "Ethereum", "symbol": "ETH", "slug": "ethereum"}}}], "self_reported_circulating_supply": 708100000.0, "self_reported_tags": ["DeFi", "Ethereum Ecosystem"], "self_reported_market_cap": 4466417.595589931}, {"id": 13933, "name": "ArcadeNetwork", "symbol": "ARC", "category": "token", "description": "ArcadeNetwork (ARC) is a cryptocurrency launched in 2021and operates on the BNB Smart Chain (BEP20) platform. ArcadeNetwork has a current supply of 249,473,808 with 0 in circulation. The last known price of ArcadeNetwork is 0.00062094 USD and is up 2.60 over the last 24 hours. It is currently trading on 5 active market(s) with $160.03 traded over the last 24 hours. More information can be found at https://www.arcadenet.io/.", "slug": "arcadenetwork", "logo": "https://s2.coinmarketcap.com/static/img/coins/64x64/13933.png", "subreddit": "ArcadeNetwork_", "notice": "", "tags": ["bullperks-launchpad"], "tag-names": ["BullPerks Launchpad"], "tag-groups": ["CATEGORY"], "urls": {"website": ["https://www.arcadenet.io/"], "twitter": ["https://twitter.com/ArcadeNetwork_"], "message_board": ["https://arcadenetwork.medium.com/"], "chat": ["https://t.me/ArcadeNetworkOfficial"], "facebook": [], "explorer": ["https://bscscan.com/token/0x3Fb2Adf906030a5BebDBf9EF42AAD978151a2676"], "reddit": ["https://reddit.com/r/ArcadeNetwork_"], "technical_doc": ["https://docsend.com/view/d5pasrk4k3a42kiy"], "source_code": [], "announcement": ["https://t.me/ArcadeNetworkAnnounce"]}, "platform": {"id": "1839", "name": "BNB", "slug": "bnb", "symbol": "BNB", "token_address": "0x3Fb2Adf906030a5BebDBf9EF42AAD978151a2676"}, "date_added": "2021-11-05T06:44:24.000Z", "twitter_username": "ArcadeNetwork_", "is_hidden": 0, "date_launched": "2021-12-06T00:00:00.000Z", "contract_address": [{"contract_address": "0x3Fb2Adf906030a5BebDBf9EF42AAD978151a2676", "platform": {"name": "BNB Smart Chain (BEP20)", "coin": {"id": "1839", "name": "BNB", "symbol": "BNB", "slug": "bnb"}}}], "self_reported_circulating_supply": 166945351.0, "self_reported_tags": ["Asset Management", "Marketplace", "Gaming", "Interoperability", "Wallet", "DApp", "Ethereum Ecosystem", "Layer 2", "Metaverse", "Web3", "Cross-Chain"], "self_reported_market_cap": 103822.04451612859}, {"id": 1434, "name": "Advanced Technology Coin", "symbol": "ARC", "category": "coin", "description": "Advanced Technology Coin (ARC) is a cryptocurrency . Users are able to generate ARC through the process of mining. Advanced Technology Coin has a current supply of 29,835,562.09256306. The last known price of Advanced Technology Coin is 0.29810876 USD and is down -0.17 over the last 24 hours. More information can be found at https://advtech.group/.", "slug": "arcticcoin", "logo": "https://s2.coinmarketcap.com/static/img/coins/64x64/1434.png", "subreddit": "", "notice": "", "tags": ["mineable", "pow"], "tag-names": ["Mineable", "PoW"], "tag-groups": ["OTHERS", "ALGORITHM"], "urls": {"website": ["https://advtech.group/"], "twitter": ["https://twitter.com/ARC_Tech_Coin"], "message_board": [], "chat": [], "facebook": [], "explorer": ["http://explorer.advtech.group/"], "reddit": [], "technical_doc": ["https://advtech.group/#specification"], "source_code": ["https://github.com/AdvancedTechnologyCoin/arc_core"], "announcement": ["https://bitcointalk.org/index.php?topic=4548770"]}, "platform": null, "date_added": "2016-10-19T00:00:00.000Z", "twitter_username": "ARC_Tech_Coin", "is_hidden": 0, "date_launched": null, "contract_address": [], "self_reported_circulating_supply": NaN, "self_reported_tags": null, "self_reported_market_cap": NaN}, {"id": 1467, "name": "Arcade Token", "symbol": "ARC", "category": "token", "description": "Arcade Token (ARC) is a cryptocurrency and operates on the Ethereum platform. Arcade Token has a current supply of 1,473,266.94284192. The last known price of Arcade Token is 4.29539919 USD and is up 0.00 over the last 24 hours. More information can be found at https://arcade.city/.", "slug": "arcade-token", "logo": "https://s2.coinmarketcap.com/static/img/coins/64x64/1467.png", "subreddit": "", "notice": "", "tags": null, "tag-names": null, "tag-groups": null, "urls": {"website": ["https://arcade.city/"], "twitter": ["https://twitter.com/ArcadeCityHall"], "message_board": [], "chat": [], "facebook": [], "explorer": ["https://etherscan.io/token/0xac709fcb44a43c35f0da4e3163b117a17f3770f5", "https://ethplorer.io/address/0xac709fcb44a43c35f0da4e3163b117a17f3770f5"], "reddit": [], "technical_doc": [], "source_code": ["https://github.com/swarmcity/ac-token"], "announcement": ["https://bitcointalk.org/index.php?topic=1671071.0"]}, "platform": {"id": "1027", "name": "Ethereum", "slug": "ethereum", "symbol": "ETH", "token_address": "0xac709fcb44a43c35f0da4e3163b117a17f3770f5"}, "date_added": "2016-12-01T00:00:00.000Z", "twitter_username": "ArcadeCityHall", "is_hidden": 0, "date_launched": null, "contract_address": [{"contract_address": "0xac709fcb44a43c35f0da4e3163b117a17f3770f5", "platform": {"name": "Ethereum", "coin": {"id": "1027", "name": "Ethereum", "symbol": "ETH", "slug": "ethereum"}}}], "self_reported_circulating_supply": NaN, "self_reported_tags": null, "self_reported_market_cap": NaN}, {"id": 6873, "name": "ARCx (old)", "symbol": "ARC", "category": "token", "description": "ARCx (old) (ARC) is a cryptocurrency and operates on the Ethereum platform. ARCx (old) has a current supply of 0. The last known price of ARCx (old) is 1,779.09100478 USD and is up 0.00 over the last 24 hours. More information can be found at https://arcx.game/.", "slug": "arcx", "logo": "https://s2.coinmarketcap.com/static/img/coins/64x64/6873.png", "subreddit": "", "notice": "ARCX had a token split/swap. Check new ARCX page [here](https://coinmarketcap.com/currencies/arcx-token)", "tags": null, "tag-names": null, "tag-groups": null, "urls": {"website": ["https://arcx.game/"], "twitter": ["https://twitter.com/arcxgame"], "message_board": ["https://blog.arcx.game/"], "chat": ["https://discord.com/invite/skwz6je"], "facebook": [], "explorer": [], "reddit": [], "technical_doc": ["https://gamepaper.arcx.game/"], "source_code": [], "announcement": []}, "platform": {"id": "1027", "name": "Ethereum", "slug": "ethereum", "symbol": "ETH", "token_address": "0xed30dd7e50edf3581ad970efc5d9379ce2614adb"}, "date_added": "2020-09-03T00:00:00.000Z", "twitter_username": "arcxgame", "is_hidden": 0, "date_launched": null, "contract_address": [{"contract_address": "0xed30dd7e50edf3581ad970efc5d9379ce2614adb", "platform": {"name": "Ethereum", "coin": {"id": "1027", "name": "Ethereum", "symbol": "ETH", "slug": "ethereum"}}}], "self_reported_circulating_supply": NaN, "self_reported_tags": null, "self_reported_market_cap": NaN}, {"id": 16202, "name": "Arcade", "symbol": "ARC", "category": "token", "description": "Arcade (ARC) is a cryptocurrency and operates on the BNB Smart Chain (BEP20) platform. Arcade has a current supply of 0. The last known price of Arcade is 0.00229355 USD and is up 0.00 over the last 24 hours. More information can be found at https://arcadetoken.finance/.", "slug": "arcade", "logo": "https://s2.coinmarketcap.com/static/img/coins/64x64/16202.png", "subreddit": "", "notice": "", "tags": null, "tag-names": null, "tag-groups": null, "urls": {"website": ["https://arcadetoken.finance/"], "twitter": ["https://twitter.com/_ArcadeToken"], "message_board": ["https://medium.com/@arcadetoken"], "chat": ["https://t.me/ArcTokenChat"], "facebook": [], "explorer": ["https://bscscan.com/token/0x67f785D5CF3784E8F35876dF323acf193350081f"], "reddit": [], "technical_doc": [], "source_code": [], "announcement": []}, "platform": {"id": "1839", "name": "BNB", "slug": "bnb", "symbol": "BNB", "token_address": "0x67f785D5CF3784E8F35876dF323acf193350081f"}, "date_added": "2021-12-17T07:42:11.000Z", "twitter_username": "_ArcadeToken", "is_hidden": 0, "date_launched": null, "contract_address": [{"contract_address": "0x67f785D5CF3784E8F35876dF323acf193350081f", "platform": {"name": "BNB Smart Chain (BEP20)", "coin": {"id": "1839", "name": "BNB", "symbol": "BNB", "slug": "bnb"}}}], "self_reported_circulating_supply": NaN, "self_reported_tags": null, "self_reported_market_cap": NaN}, {"id": 20159, "name": "Arc Finance", "symbol": "ARC", "category": "token", "description": "Arc Finance is a Liquidity-as-a-Service (LaaS) solution that at its core helps projects with low liquidity and low trading volumes. Using Arc Finance's innovative AUM mechanism, holders of poor performing assets can synthesize these into new tokens called rTokens. By reviving these assets, investors can then use the Arc Finance platform to rediscover the value inherent in their underperforming tokens, creating new cash flows and new investment opportunities that make a marked improvement to their portfolio.", "slug": "arc-finance", "logo": "https://s2.coinmarketcap.com/static/img/coins/64x64/20159.png", "subreddit": "", "notice": "", "tags": null, "tag-names": null, "tag-groups": null, "urls": {"website": ["https://arcdex.io"], "twitter": ["https://twitter.com/Arc__Finance"], "message_board": ["https://medium.com/@arc_finance"], "chat": ["https://t.me/ArcFinance_global", "https://discord.com/invite/wbe6B4GrPv"], "facebook": [], "explorer": ["https://bscscan.com/token/0x2bca49635318544d1801433363cce6b052c2474e"], "reddit": [], "technical_doc": ["https://docsend.com/view/p9dj5ypezuhm9yb9"], "source_code": ["https://github.com/arcfinance"], "announcement": []}, "platform": {"id": "1839", "name": "BNB", "slug": "bnb", "symbol": "BNB", "token_address": "0x2bca49635318544d1801433363cce6b052c2474e"}, "date_added": "2022-05-17T13:28:58.000Z", "twitter_username": "Arc__Finance", "is_hidden": 0, "date_launched": "2021-08-17T00:00:00.000Z", "contract_address": [{"contract_address": "0x2bca49635318544d1801433363cce6b052c2474e", "platform": {"name": "BNB Smart Chain (BEP20)", "coin": {"id": "1839", "name": "BNB", "symbol": "BNB", "slug": "bnb"}}}], "self_reported_circulating_supply": 4400000.0, "self_reported_tags": null, "self_reported_market_cap": 0.0}]