[{"id": 8702, "name": "Ares Protocol", "symbol": "ARES", "category": "token", "description": "Ares Protocol (ARES) is a cryptocurrency launched in 2020and operates on the Ethereum platform. Ares Protocol has a current supply of 1,000,000,000 with 231,179,221.78937343 in circulation. The last known price of Ares Protocol is 0.00129372 USD and is down -0.12 over the last 24 hours. It is currently trading on 9 active market(s) with $28,406.30 traded over the last 24 hours. More information can be found at https://aresprotocol.io/.", "slug": "ares-protocol", "logo": "https://s2.coinmarketcap.com/static/img/coins/64x64/8702.png", "subreddit": "AresProtocolLabs", "notice": "", "tags": ["oracles", "smart-contracts", "substrate", "polkadot-ecosystem", "duckstarter"], "tag-names": ["Oracles", "Smart Contracts", "Substrate", "Polkadot Ecosystem", "DuckSTARTER"], "tag-groups": ["CATEGORY", "CATEGORY", "CATEGORY", "PLATFORM", "CATEGORY"], "urls": {"website": ["https://aresprotocol.io/"], "twitter": ["https://twitter.com/AresProtocolLab"], "message_board": ["https://aresprotocollab.medium.com"], "chat": ["http://t.me/aresprotocol", "https://discord.gg/EsaFRr7xmc"], "facebook": [], "explorer": ["https://etherscan.com/token/0x358AA737e033F34df7c54306960a38d09AaBd523", "https://bscscan.com/token/0xf9752a6e8a5e5f5e6eb3ab4e7d8492460fb319f0"], "reddit": ["https://reddit.com/r/AresProtocolLabs"], "technical_doc": ["https://docs.aresprotocol.io/#/whitepaper"], "source_code": ["https://github.com/aresprotocols"], "announcement": ["https://t.me/AresProtocolAnnouncements"]}, "platform": {"id": "1027", "name": "Ethereum", "slug": "ethereum", "symbol": "ETH", "token_address": "0x358AA737e033F34df7c54306960a38d09AaBd523"}, "date_added": "2021-03-06T00:00:00.000Z", "twitter_username": "AresProtocolLab", "is_hidden": 0, "date_launched": "2020-08-19T00:00:00.000Z", "contract_address": [{"contract_address": "0x358AA737e033F34df7c54306960a38d09AaBd523", "platform": {"name": "Ethereum", "coin": {"id": "1027", "name": "Ethereum", "symbol": "ETH", "slug": "ethereum"}}}, {"contract_address": "0xf9752a6e8a5e5f5e6eb3ab4e7d8492460fb319f0", "platform": {"name": "BNB Smart Chain (BEP20)", "coin": {"id": "1839", "name": "BNB", "symbol": "BNB", "slug": "bnb"}}}], "self_reported_circulating_supply": null, "self_reported_tags": null, "self_reported_market_cap": null}]