[{"id": 10430, "name": "Argentine Football Association Fan Token", "symbol": "ARG", "category": "token", "description": "Argentine Football Association Fan Token (ARG) is a cryptocurrency launched in 2021and operates on the Chiliz platform. Argentine Football Association Fan Token has a current supply of 20,000,000 with 3,746,912 in circulation. The last known price of Argentine Football Association Fan Token is 1.41675919 USD and is down -9.64 over the last 24 hours. It is currently trading on 13 active market(s) with $1,827,427.49 traded over the last 24 hours. More information can be found at https://socios.com.", "slug": "argentinefootballassociationfantoken", "logo": "https://s2.coinmarketcap.com/static/img/coins/64x64/10430.png", "subreddit": "chiliz", "notice": "", "tags": ["sports", "fan-token", "soccer"], "tag-names": ["Sports", "Fan Token", "Soccer"], "tag-groups": ["INDUSTRY", "CATEGORY", "CATEGORY"], "urls": {"website": ["https://socios.com", "https://chiliz.com"], "twitter": ["https://twitter.com/chiliz"], "message_board": [], "chat": ["https://t.me/chiliztrade", "discord.gg/QsJ8dAnsDy"], "facebook": [], "explorer": ["https://explorer.chiliz.com/tokens/0x9e10469Cd2cd93836e19484A9Ca1EF5aDDC43e0f"], "reddit": ["https://reddit.com/r/chiliz"], "technical_doc": [], "source_code": [], "announcement": []}, "platform": {"id": "4066", "name": "Chiliz", "slug": "chiliz", "symbol": "CHZ", "token_address": "0x9e10469Cd2cd93836e19484A9Ca1EF5aDDC43e0f"}, "date_added": "2021-06-15T00:00:00.000Z", "twitter_username": "chiliz", "is_hidden": 0, "date_launched": "2021-06-10T00:00:00.000Z", "contract_address": [{"contract_address": "0x9e10469Cd2cd93836e19484A9Ca1EF5aDDC43e0f", "platform": {"name": "Chiliz", "coin": {"id": "4066", "name": "Chiliz", "symbol": "CHZ", "slug": "chiliz"}}}], "self_reported_circulating_supply": null, "self_reported_tags": null, "self_reported_market_cap": null}, {"id": 31, "name": "Argentum", "symbol": "ARG", "category": "coin", "description": null, "slug": "argentum", "logo": "https://s2.coinmarketcap.com/static/img/coins/64x64/31.png", "subreddit": "argentumproject", "notice": "", "tags": ["mineable", "pow", "scrypt"], "tag-names": ["Mineable", "PoW", "Scrypt"], "tag-groups": ["OTHERS", "ALGORITHM", "ALGORITHM"], "urls": {"website": ["http://www.argentum.io/"], "twitter": ["https://twitter.com/Argentum_ARG"], "message_board": ["https://cryptocointalk.com/topic/50052-argentum-arg/"], "chat": ["https://webchat.freenode.net/?channels=#ARGCurrency"], "facebook": [], "explorer": ["https://chainz.cryptoid.info/arg/"], "reddit": ["https://reddit.com/r/argentumproject"], "technical_doc": [], "source_code": ["https://github.com/argentumproject"], "announcement": ["https://bitcointalk.org/index.php?topic=1432608.0"]}, "platform": null, "date_added": "2013-07-04T00:00:00.000Z", "twitter_username": "Argentum_ARG", "is_hidden": 0, "date_launched": null, "contract_address": [], "self_reported_circulating_supply": null, "self_reported_tags": null, "self_reported_market_cap": null}]