[{"id": 8421, "name": "Argon", "symbol": "ARGON", "category": "token", "description": "Argon (ARGON) is a cryptocurrency launched in 2021and operates on the BNB Smart Chain (BEP20) platform. Argon has a current supply of 98,182,943.42075878 with 97,393,744.40408127 in circulation. The last known price of Argon is 0.00076899 USD and is up 6.05 over the last 24 hours. It is currently trading on 10 active market(s) with $99,867.46 traded over the last 24 hours. More information can be found at https://argon.run.", "slug": "argon", "logo": "https://s2.coinmarketcap.com/static/img/coins/64x64/8421.png", "subreddit": "", "notice": "", "tags": ["avalanche-ecosystem", "bnb-chain"], "tag-names": ["Avalanche Ecosystem", "BNB Chain"], "tag-groups": ["PLATFORM", "PLATFORM"], "urls": {"website": ["https://argon.run"], "twitter": ["https://twitter.com/argonfoundation"], "message_board": ["https://medium.com/@argonrun"], "chat": ["https://t.me/argoncommunity", "Telegram -> https://t.me/argoncommunity\r\nDiscord - > https://discord.gg/yUzcjaWyHV"], "facebook": [], "explorer": ["https://bscscan.com/token/0x851f7a700c5d67db59612b871338a85526752c25", "https://snowtrace.io/token/0x1fE4751d9bDabaC8D90067056cB45AB6823d2C12"], "reddit": [], "technical_doc": ["https://argon.run/argon-whitepaper.pdf"], "source_code": ["https://github.com/Argon-Foundation"], "announcement": ["https://t.me/argonannouncement"]}, "platform": {"id": "1839", "name": "BNB", "slug": "bnb", "symbol": "BNB", "token_address": "0x851f7a700c5d67db59612b871338a85526752c25"}, "date_added": "2021-02-10T00:00:00.000Z", "twitter_username": "argonfoundation", "is_hidden": 0, "date_launched": "2021-02-04T00:00:00.000Z", "contract_address": [{"contract_address": "0x851f7a700c5d67db59612b871338a85526752c25", "platform": {"name": "BNB Smart Chain (BEP20)", "coin": {"id": "1839", "name": "BNB", "symbol": "BNB", "slug": "bnb"}}}, {"contract_address": "0x1fE4751d9bDabaC8D90067056cB45AB6823d2C12", "platform": {"name": "Avalanche C-Chain", "coin": {"id": "5805", "name": "Avalanche", "symbol": "AVAX", "slug": "avalanche"}}}], "self_reported_circulating_supply": null, "self_reported_tags": null, "self_reported_market_cap": null}]