[{"id": 16277, "name": "Ari Swap", "symbol": "ARI", "category": "token", "description": "Ari Swap (ARI) is a cryptocurrency and operates on the Celo platform. Ari Swap has a current supply of 1,000,000,000 with 0 in circulation. The last known price of Ari Swap is 0.00023231 USD and is down -0.56 over the last 24 hours. It is currently trading on 6 active market(s) with $15.65 traded over the last 24 hours. More information can be found at https://www.ariswap.net/.", "slug": "ari-swap", "logo": "https://s2.coinmarketcap.com/static/img/coins/64x64/16277.png", "subreddit": "", "notice": "", "tags": ["celo-ecosystem"], "tag-names": ["Celo Ecosystem"], "tag-groups": ["CATEGORY"], "urls": {"website": ["https://www.ariswap.net/"], "twitter": ["https://twitter.com/ariexchange"], "message_board": [], "chat": ["https://discord.gg/Byw442PUnT", "https://www.instagram.com/ariexchange/"], "facebook": [], "explorer": ["https://explorer.celo.org/token/0x20677d4f3d0F08e735aB512393524A3CfCEb250C"], "reddit": [], "technical_doc": [], "source_code": [], "announcement": []}, "platform": {"id": "5567", "name": "Celo", "slug": "celo", "symbol": "CELO", "token_address": "0x20677d4f3d0F08e735aB512393524A3CfCEb250C"}, "date_added": "2021-12-20T09:54:23.000Z", "twitter_username": "ariexchange", "is_hidden": 0, "date_launched": null, "contract_address": [{"contract_address": "0x20677d4f3d0F08e735aB512393524A3CfCEb250C", "platform": {"name": "Celo", "coin": {"id": "5567", "name": "Celo", "symbol": "CELO", "slug": "celo"}}}], "self_reported_circulating_supply": NaN, "self_reported_tags": null, "self_reported_market_cap": NaN}, {"id": 142, "name": "Aricoin", "symbol": "ARI", "category": "coin", "description": "Aricoin (ARI) is a cryptocurrency launched in 2014. Users are able to generate ARI through the process of mining. Aricoin has a current supply of 135,802,776.52000013. The last known price of Aricoin is 0.0001299 USD and is up 1.44 over the last 24 hours. More information can be found at https://aricoin.org/.", "slug": "aricoin", "logo": "https://s2.coinmarketcap.com/static/img/coins/64x64/142.png", "subreddit": "", "notice": "", "tags": ["mineable", "pow", "scrypt"], "tag-names": ["Mineable", "PoW", "Scrypt"], "tag-groups": ["OTHERS", "ALGORITHM", "ALGORITHM"], "urls": {"website": ["https://aricoin.org/", "https://aricoinpay.com/"], "twitter": ["https://twitter.com/AricoinCurrency"], "message_board": ["https://aricoin.org/forum/", "https://pools.show/coin/ARI"], "chat": ["https://discord.gg/EpCSh7p"], "facebook": [], "explorer": ["https://prohashing.com/explorer/Aricoin/"], "reddit": [], "technical_doc": ["https://github.com/AricoinCurrency/Aricoin/blob/master/README.md"], "source_code": ["https://github.com/AricoinCurrency/Aricoin"], "announcement": ["https://bitcointalk.org/index.php?topic=909186.0"]}, "platform": null, "date_added": "2014-02-20T00:00:00.000Z", "twitter_username": "AricoinCurrency", "is_hidden": 0, "date_launched": "2014-02-07T00:00:00.000Z", "contract_address": [], "self_reported_circulating_supply": NaN, "self_reported_tags": null, "self_reported_market_cap": NaN}, {"id": 9565, "name": "Arise Finance", "symbol": "ARI", "category": "token", "description": "Arise Finance (ARI) is a cryptocurrency launched in 2021and operates on the BNB Smart Chain (BEP20) platform. Arise Finance has a current supply of 0. The last known price of Arise Finance is 0.01362223 USD and is up 0.36 over the last 24 hours. More information can be found at https://arise.finance/home.", "slug": "arise-finance", "logo": "https://s2.coinmarketcap.com/static/img/coins/64x64/9565.png", "subreddit": "", "notice": "", "tags": ["bnb-chain"], "tag-names": ["BNB Chain"], "tag-groups": ["PLATFORM"], "urls": {"website": ["https://arise.finance/home"], "twitter": ["https://twitter.com/arisefinance"], "message_board": ["https://arise-finance.medium.com/"], "chat": ["https://t.me/AriseFinance"], "facebook": [], "explorer": ["https://bscscan.com/token/0xbE9605A0bf1eF8A4235E2C1DA83Dd3AA7702C7CE"], "reddit": [], "technical_doc": [], "source_code": ["https://github.com/AriseFinance1-dev/AriseFinance"], "announcement": []}, "platform": {"id": "1839", "name": "BNB", "slug": "bnb", "symbol": "BNB", "token_address": "0xbE9605A0bf1eF8A4235E2C1DA83Dd3AA7702C7CE"}, "date_added": "2021-05-04T00:00:00.000Z", "twitter_username": "arisefinance", "is_hidden": 0, "date_launched": "2021-03-31T00:00:00.000Z", "contract_address": [{"contract_address": "0xbE9605A0bf1eF8A4235E2C1DA83Dd3AA7702C7CE", "platform": {"name": "BNB Smart Chain (BEP20)", "coin": {"id": "1839", "name": "BNB", "symbol": "BNB", "slug": "bnb"}}}], "self_reported_circulating_supply": NaN, "self_reported_tags": null, "self_reported_market_cap": NaN}, {"id": 16474, "name": "Manarium", "symbol": "ARI", "category": "token", "description": "Manarium (ARI) is a cryptocurrency launched in 2021and operates on the BNB Smart Chain (BEP20) platform. Manarium has a current supply of 99,839,516 with 0 in circulation. The last known price of Manarium is 0.00010952 USD and is up 0.00 over the last 24 hours. More information can be found at https://www.manarium.com/.", "slug": "manarium", "logo": "https://s2.coinmarketcap.com/static/img/coins/64x64/16474.png", "subreddit": "", "notice": "", "tags": ["bnb-chain", "kommunitas-launchpad"], "tag-names": ["BNB Chain", "Kommunitas Launchpad"], "tag-groups": ["PLATFORM", "CATEGORY"], "urls": {"website": ["https://www.manarium.com/"], "twitter": ["https://twitter.com/manarium_gg"], "message_board": [], "chat": ["https://t.me/Manarium_Chat"], "facebook": [], "explorer": ["https://bscscan.com/address/0xc80A0A55CAF6a7bfB4Ee22f9380C4077312c4a35"], "reddit": [], "technical_doc": ["https://manarium.gitbook.io/manarium/LzHH7vsGZQZtJ9k8cYL3/"], "source_code": [], "announcement": ["https://t.me/Manarium"]}, "platform": {"id": "1839", "name": "BNB", "slug": "bnb", "symbol": "BNB", "token_address": "0xc80A0A55CAF6a7bfB4Ee22f9380C4077312c4a35"}, "date_added": "2021-12-27T03:46:29.000Z", "twitter_username": "manarium_gg", "is_hidden": 0, "date_launched": "2021-12-26T00:00:00.000Z", "contract_address": [{"contract_address": "0xc80A0A55CAF6a7bfB4Ee22f9380C4077312c4a35", "platform": {"name": "BNB Smart Chain (BEP20)", "coin": {"id": "1839", "name": "BNB", "symbol": "BNB", "slug": "bnb"}}}], "self_reported_circulating_supply": 12939106.59, "self_reported_tags": null, "self_reported_market_cap": 1417.0680755455437}]