[{"id": 1586, "name": "Ark", "symbol": "ARK", "category": "coin", "description": "Ark (ARK) is a cryptocurrency launched in 2016. Ark has a current supply of 169,776,776. The last known price of Ark is 0.23243224 USD and is down -1.58 over the last 24 hours. It is currently trading on 28 active market(s) with $4,870,148.09 traded over the last 24 hours. More information can be found at http://ark.io/.", "slug": "ark", "logo": "https://s2.coinmarketcap.com/static/img/coins/64x64/1586.png", "subreddit": "ArkEcosystem", "notice": "", "tags": ["dpos", "marketplace", "payments", "state-channel", "polygon-ecosystem"], "tag-names": ["DPoS", "Marketplace", "Payments", "State Channel", "Polygon Ecosystem"], "tag-groups": ["ALGORITHM", "INDUSTRY", "INDUSTRY", "CATEGORY", "PLATFORM"], "urls": {"website": ["http://ark.io/"], "twitter": ["https://twitter.com/ArkEcosystem"], "message_board": ["https://arkscic.com/blog"], "chat": ["https://t.me/arkannouncements", "https://discord.gg/arkcoin"], "facebook": ["https://www.facebook.com/ArkEcosystem"], "explorer": ["https://arkscan.io"], "reddit": ["https://reddit.com/r/ArkEcosystem"], "technical_doc": ["https://arkscic.com/Whitepaper.pdf"], "source_code": ["https://github.com/ArkEcosystem"], "announcement": ["https://arkscic.com/blog"]}, "platform": null, "date_added": "2017-03-22T00:00:00.000Z", "twitter_username": "ArkEcosystem", "is_hidden": 0, "date_launched": "2016-06-08T00:00:00.000Z", "contract_address": [], "self_reported_circulating_supply": 170075364, "self_reported_tags": ["DPoS", "Marketplace", "Platform", "Enterprise Solutions", "Interoperability", "Scaling", "Staking", "Storage"], "self_reported_market_cap": 39518172.30614126}]