[{"id": 8309, "name": "ARMOR", "symbol": "ARMOR", "category": "token", "description": "ARMOR (ARMOR) is a cryptocurrency and operates on the Ethereum platform. ARMOR has a current supply of 750,000,000 with 0 in circulation. The last known price of ARMOR is 0.00482793 USD and is down -0.67 over the last 24 hours. It is currently trading on 25 active market(s) with $16,198.49 traded over the last 24 hours. More information can be found at https://armor.fi.", "slug": "armor", "logo": "https://s2.coinmarketcap.com/static/img/coins/64x64/8309.png", "subreddit": "", "notice": "Please note that ARMOR has migrated to [new](https://etherscan.io/token/0xea5edef1287afdf9eb8a46f9773abfc10820c61c) contract address.", "tags": ["defi", "insurance"], "tag-names": ["DeFi", "Insurance"], "tag-groups": ["CATEGORY", "INDUSTRY"], "urls": {"website": ["https://armor.fi"], "twitter": ["https://twitter.com/armorfi"], "message_board": ["https://medium.com/@armor.fi"], "chat": ["https://t.me/ArmorFi", "https://discord.com/invite/8HuTB22"], "facebook": [], "explorer": ["https://etherscan.io/token/0xea5edef1287afdf9eb8a46f9773abfc10820c61c#balances"], "reddit": [], "technical_doc": ["https://armorfi.gitbook.io/armor/"], "source_code": [], "announcement": []}, "platform": {"id": "1027", "name": "Ethereum", "slug": "ethereum", "symbol": "ETH", "token_address": "0xea5edef1287afdf9eb8a46f9773abfc10820c61c"}, "date_added": "2021-01-24T00:00:00.000Z", "twitter_username": "armorfi", "is_hidden": 0, "date_launched": null, "contract_address": [{"contract_address": "0xea5edef1287afdf9eb8a46f9773abfc10820c61c", "platform": {"name": "Ethereum", "coin": {"id": "1027", "name": "Ethereum", "symbol": "ETH", "slug": "ethereum"}}}], "self_reported_circulating_supply": 71701072, "self_reported_tags": null, "self_reported_market_cap": 345905.6179379291}]