[{"id": 16476, "name": "Arenum", "symbol": "ARNM", "category": "token", "description": "Arenum (ARNM) is a cryptocurrency and operates on the Ethereum platform. Arenum has a current supply of 0. The last known price of Arenum is 0.01988131 USD and is down -2.23 over the last 24 hours. It is currently trading on 5 active market(s) with $82,629.43 traded over the last 24 hours. More information can be found at https://arenum.io/.", "slug": "arenum", "logo": "https://s2.coinmarketcap.com/static/img/coins/64x64/16476.png", "subreddit": "", "notice": "", "tags": ["gaming", "solana-ecosystem", "solrazr-launchpad", "kommunitas-launchpad"], "tag-names": ["Gaming", "Solana Ecosystem", "SolRazr", "Kommunitas Launchpad"], "tag-groups": ["INDUSTRY", "PLATFORM", "CATEGORY", "CATEGORY"], "urls": {"website": ["https://arenum.io/"], "twitter": ["https://twitter.com/arenum_official"], "message_board": ["https://www.facebook.com/arenum.official"], "chat": ["https://t.me/arenum_community", "https://discord.com/invite/4Em3CfZTac"], "facebook": [], "explorer": ["https://bscscan.com/token/0xD9063a24630f24cd4Dc99a9C7aBe73F82Fc6B722", "https://etherscan.io/token/0xD9063a24630f24cd4Dc99a9C7aBe73F82Fc6B722"], "reddit": [], "technical_doc": ["https://arenum.io/pdf/arenum-whitepaper.pdf"], "source_code": [], "announcement": []}, "platform": {"id": "1027", "name": "Ethereum", "slug": "ethereum", "symbol": "ETH", "token_address": "0xD9063a24630f24cd4Dc99a9C7aBe73F82Fc6B722"}, "date_added": "2021-12-27T04:18:40.000Z", "twitter_username": "arenum_official", "is_hidden": 0, "date_launched": null, "contract_address": [{"contract_address": "0xD9063a24630f24cd4Dc99a9C7aBe73F82Fc6B722", "platform": {"name": "Ethereum", "coin": {"id": "1027", "name": "Ethereum", "symbol": "ETH", "slug": "ethereum"}}}, {"contract_address": "0xD9063a24630f24cd4Dc99a9C7aBe73F82Fc6B722", "platform": {"name": "BNB Smart Chain (BEP20)", "coin": {"id": "1839", "name": "BNB", "symbol": "BNB", "slug": "bnb"}}}], "self_reported_circulating_supply": null, "self_reported_tags": null, "self_reported_market_cap": null}]