[{"id": 8328, "name": "Armor NXM", "symbol": "arNXM", "category": "token", "description": "Armor NXM (arNXM) is a cryptocurrency and operates on the Ethereum platform. Armor NXM has a current supply of 358,026.489739 with 0 in circulation. The last known price of Armor NXM is 14.47234647 USD and is up 0.00 over the last 24 hours. More information can be found at https://armor.fi/.", "slug": "armor-nxm", "logo": "https://s2.coinmarketcap.com/static/img/coins/64x64/8328.png", "subreddit": "", "notice": "", "tags": ["defi", "insurance"], "tag-names": ["DeFi", "Insurance"], "tag-groups": ["CATEGORY", "INDUSTRY"], "urls": {"website": ["https://armor.fi/"], "twitter": ["https://twitter.com/armorfi"], "message_board": ["https://medium.com/@armor.fi"], "chat": ["https://t.me/ArmorFi", "https://discord.com/invite/8HuTB22"], "facebook": [], "explorer": ["https://etherscan.io/token/0x1337def18c680af1f9f45cbcab6309562975b1dd", "https://ethplorer.io/address/0x1337def18c680af1f9f45cbcab6309562975b1dd"], "reddit": [], "technical_doc": [], "source_code": [], "announcement": []}, "platform": {"id": "1027", "name": "Ethereum", "slug": "ethereum", "symbol": "ETH", "token_address": "0x1337def18c680af1f9f45cbcab6309562975b1dd"}, "date_added": "2021-01-25T00:00:00.000Z", "twitter_username": "armorfi", "is_hidden": 0, "date_launched": null, "contract_address": [{"contract_address": "0x1337def18c680af1f9f45cbcab6309562975b1dd", "platform": {"name": "Ethereum", "coin": {"id": "1027", "name": "Ethereum", "symbol": "ETH", "slug": "ethereum"}}}], "self_reported_circulating_supply": null, "self_reported_tags": null, "self_reported_market_cap": null}]