[{"id": 4039, "name": "ARPA", "symbol": "ARPA", "category": "token", "description": "ARPA (ARPA) is a cryptocurrency and operates on the Ethereum platform. ARPA has a current supply of 1,500,000,000 with 1,242,888,889 in circulation. The last known price of ARPA is 0.0256635 USD and is down -0.32 over the last 24 hours. It is currently trading on 88 active market(s) with $3,090,554.44 traded over the last 24 hours. More information can be found at https://arpanetwork.io.", "slug": "arpa-chain", "logo": "https://s2.coinmarketcap.com/static/img/coins/64x64/4039.png", "subreddit": "arpachain/", "notice": "", "tags": ["scaling", "arrington-xrp-capital-portfolio"], "tag-names": ["Scaling", "Arrington XRP Capital Portfolio"], "tag-groups": ["CATEGORY", "CATEGORY"], "urls": {"website": ["https://arpanetwork.io"], "twitter": ["https://twitter.com/arpaofficial"], "message_board": ["https://medium.com/@arpa"], "chat": ["https://t.me/arpa_community", "https://dsc.gg/arpa-network"], "facebook": [], "explorer": ["https://etherscan.io/token/0xba50933c268f567bdc86e1ac131be072c6b0b71a", "https://ethplorer.io/address/0xba50933c268f567bdc86e1ac131be072c6b0b71a", "https://polygonscan.com/token/0xee800b277a96b0f490a1a732e1d6395fad960a26"], "reddit": ["https://reddit.com/r/arpachain/"], "technical_doc": ["https://docsend.com/view/gnqammz8wtysrud4"], "source_code": ["https://github.com/ARPA-Network"], "announcement": []}, "platform": {"id": "1027", "name": "Ethereum", "slug": "ethereum", "symbol": "ETH", "token_address": "0xba50933c268f567bdc86e1ac131be072c6b0b71a"}, "date_added": "2019-07-15T00:00:00.000Z", "twitter_username": "arpaofficial", "is_hidden": 0, "date_launched": null, "contract_address": [{"contract_address": "0xba50933c268f567bdc86e1ac131be072c6b0b71a", "platform": {"name": "Ethereum", "coin": {"id": "1027", "name": "Ethereum", "symbol": "ETH", "slug": "ethereum"}}}, {"contract_address": "0x6f769e65c14ebd1f68817f5f1dcdb61cfa2d6f7e", "platform": {"name": "BNB Smart Chain (BEP20)", "coin": {"id": "1839", "name": "BNB", "symbol": "BNB", "slug": "bnb"}}}, {"contract_address": "0xee800b277a96b0f490a1a732e1d6395fad960a26", "platform": {"name": "Polygon", "coin": {"id": "3890", "name": "Polygon", "symbol": "MATIC", "slug": "polygon"}}}], "self_reported_circulating_supply": null, "self_reported_tags": ["Gaming", "Layer 2", "Web3"], "self_reported_market_cap": null}]