[{"id": 2064, "name": "Maecenas", "symbol": "ART", "category": "token", "description": "Maecenas (ART) is a cryptocurrency and operates on the Ethereum platform. Maecenas has a current supply of 100,000,000 with 68,879,107.3791533 in circulation. The last known price of Maecenas is 0.00048036 USD and is down -0.93 over the last 24 hours. It is currently trading on 2 active market(s) with $0.00 traded over the last 24 hours. More information can be found at http://www.maecenas.co/.", "slug": "maecenas", "logo": "https://s2.coinmarketcap.com/static/img/coins/64x64/2064.png", "subreddit": "Maecenas", "notice": "", "tags": ["art", "pantera-capital-portfolio"], "tag-names": ["Art", "Pantera Capital Portfolio"], "tag-groups": ["INDUSTRY", "CATEGORY"], "urls": {"website": ["http://www.maecenas.co/"], "twitter": ["https://twitter.com/maecenasart"], "message_board": ["https://medium.com/maecenas"], "chat": ["https://slack.maecenas.co/"], "facebook": [], "explorer": ["https://etherscan.io/token/0xfec0cf7fe078a500abf15f1284958f22049c2c7e", "https://ethplorer.io/address/0xfec0cf7fe078a500abf15f1284958f22049c2c7e"], "reddit": ["https://reddit.com/r/Maecenas"], "technical_doc": ["https://www.maecenas.co/Maecenas-WhitePaper.pdf"], "source_code": ["https://github.com/cofoundit/cfi-maecenas"], "announcement": []}, "platform": {"id": "1027", "name": "Ethereum", "slug": "ethereum", "symbol": "ETH", "token_address": "0xfec0cf7fe078a500abf15f1284958f22049c2c7e"}, "date_added": "2017-10-18T00:00:00.000Z", "twitter_username": "maecenasart", "is_hidden": 0, "date_launched": null, "contract_address": [{"contract_address": "0xfec0cf7fe078a500abf15f1284958f22049c2c7e", "platform": {"name": "Ethereum", "coin": {"id": "1027", "name": "Ethereum", "symbol": "ETH", "slug": "ethereum"}}}], "self_reported_circulating_supply": NaN, "self_reported_tags": null, "self_reported_market_cap": NaN}, {"id": 11929, "name": "Around Network", "symbol": "ART", "category": "token", "description": "Around Network (ART) is a cryptocurrency launched in 2021and operates on the BNB Smart Chain (BEP20) platform. Around Network has a current supply of 10,000,000,000,000 with 0 in circulation. The last known price of Around Network is 0.000002 USD and is up 0.00 over the last 24 hours. More information can be found at https://www.aroundnetwork.io.", "slug": "around-network", "logo": "https://s2.coinmarketcap.com/static/img/coins/64x64/11929.png", "subreddit": "", "notice": "", "tags": null, "tag-names": null, "tag-groups": null, "urls": {"website": ["https://www.aroundnetwork.io"], "twitter": ["https://twitter.com/Around_Network_"], "message_board": [], "chat": ["https://t.me/AroundNetwork", "https://t.me/AroundNetwork_News"], "facebook": [], "explorer": ["https://bscscan.com/token/0xe6f3a0cd28d9add9077e80b8e05cbe01b7532ec7"], "reddit": [], "technical_doc": ["https://sg.docworkspace.com/d/sIEbWzftp0ZiFlAY"], "source_code": [], "announcement": []}, "platform": {"id": "1839", "name": "BNB", "slug": "bnb", "symbol": "BNB", "token_address": "0xe6F3A0Cd28d9add9077E80b8e05cbE01B7532EC7"}, "date_added": "2021-09-16T19:23:02.000Z", "twitter_username": "Around_Network_", "is_hidden": 0, "date_launched": "2021-07-13T00:00:00.000Z", "contract_address": [{"contract_address": "0xe6F3A0Cd28d9add9077E80b8e05cbE01B7532EC7", "platform": {"name": "BNB Smart Chain (BEP20)", "coin": {"id": "1839", "name": "BNB", "symbol": "BNB", "slug": "bnb"}}}], "self_reported_circulating_supply": 10000000000000.0, "self_reported_tags": ["Platform", "DeFi"], "self_reported_market_cap": 20001512.53529552}, {"id": 14260, "name": "ArtOnline", "symbol": "ART", "category": "token", "description": "ArtOnline (ART) is a cryptocurrency launched in 2021and operates on the BNB Smart Chain (BEP20) platform. ArtOnline has a current supply of 70,000,000 with 0 in circulation. The last known price of ArtOnline is 0.00944578 USD and is up 6.93 over the last 24 hours. More information can be found at https://artonline.site.", "slug": "artonline", "logo": "https://s2.coinmarketcap.com/static/img/coins/64x64/14260.png", "subreddit": "ARTonlineToken", "notice": "", "tags": null, "tag-names": null, "tag-groups": null, "urls": {"website": ["https://artonline.site", "https://app.artonline.site"], "twitter": ["https://twitter.com/ArtonlineToken"], "message_board": ["https://arteon.medium.com/"], "chat": ["https://discord.gg/artonline", "https://t.me/ARTEONDEFI"], "facebook": [], "explorer": ["https://bscscan.com/token/0x535e67270f4FEb15BFFbFE86FEE308b81799a7a5"], "reddit": ["https://reddit.com/r/ARTonlineToken"], "technical_doc": ["https://artonline.site/whitepaper.pdf"], "source_code": ["https://github.com/ArteonToken/monorepo"], "announcement": ["https://bitcointalk.org/index.php?topic=5369836.msg58380801#msg58380801"]}, "platform": {"id": "1839", "name": "BNB", "slug": "bnb", "symbol": "BNB", "token_address": "0x535e67270f4FEb15BFFbFE86FEE308b81799a7a5"}, "date_added": "2021-11-10T09:47:44.000Z", "twitter_username": "ArtonlineToken", "is_hidden": 0, "date_launched": "2021-09-30T00:00:00.000Z", "contract_address": [{"contract_address": "0x535e67270f4FEb15BFFbFE86FEE308b81799a7a5", "platform": {"name": "BNB Smart Chain (BEP20)", "coin": {"id": "1839", "name": "BNB", "symbol": "BNB", "slug": "bnb"}}}], "self_reported_circulating_supply": NaN, "self_reported_tags": null, "self_reported_market_cap": NaN}, {"id": 18778, "name": "Aiko ART", "symbol": "ART", "category": "token", "description": "## What Is Aiko Project?\n\nAIKO Project is an ecosystem of services designed for the adult market, powered by Solana Blockchain. With Aiko, users will live new experiences and generate great residual rewards.\n\nART is the native utility token that is used for:\n\n* Buy NFTs with $ART tokens on AIko.art marketplace.\n* Mint new AIKO Brand Collections with $ART\n* Special $ART Rewards for AIKO NFT Holders.\n* Staking and Burning utilities.\n* Unblock special perks on Aiko.art marketplace.\n\n## How Many ART Coins Are There in Circulation?\n\nThe Aiko Project start on September 21, 2021, and the ART token launched on Solana Mainnet on February 12, 2022, with one hundred million deflationary ART tokens created. 8% of the supply was destined to airdrops for the AIKO Brand NFT owners (such as I\u2019M AIKO, AIKO Shades, among others). The 11% of the max supply has sold out on the ICO stage. \n\n\n### Who Are the Founders of AIKO Project?\n\nAIKO Project is the brainchild of the Spanish entrepreneur Vicente Fuentes, who has extensive experience in internet entrepreneurship.\n\nVicente Fuentes is a Spanish serial entrepreneur with more than 15 years of experience in online projects. Alan runs an advertising and technology company with over 50M \u20ac annual turnover. Also, he was an early investor at G2 Esports team with Ocelote. Forex, Crypto, and Domain Names enthusiast owns a +200 premium domains portfolio and has been involved in two NFT projects running on Solana and Binance blockchains.\n\n### Where Can I Buy Aiko ART (ART)?\n\nART will be available for trading after its IDO (TBA), when the liquidity pool will be created. At that moment, the ART token will be available in all DEX powered by Solana Blockchain.\n\n", "slug": "aiko-art", "logo": "https://s2.coinmarketcap.com/static/img/coins/64x64/18778.png", "subreddit": "AikoNFT", "notice": "", "tags": ["solana-ecosystem"], "tag-names": ["Solana Ecosystem"], "tag-groups": ["PLATFORM"], "urls": {"website": ["https://aiko.io", "https://aiko.art"], "twitter": ["https://twitter.com/aikonft"], "message_board": [], "chat": ["https://discord.gg/aiko"], "facebook": ["https://www.facebook.com/aikonft"], "explorer": ["https://explorer.solana.com/address/63cL4hHbkRStqMvhAudXkPsydRASp3yr7iPQemqmAcD2", "https://solscan.io/token/63cL4hHbkRStqMvhAudXkPsydRASp3yr7iPQemqmAcD2"], "reddit": ["https://reddit.com/r/AikoNFT"], "technical_doc": ["https://wiki.aiko.io"], "source_code": [], "announcement": []}, "platform": {"id": "5426", "name": "Solana", "slug": "solana", "symbol": "SOL", "token_address": "63cL4hHbkRStqMvhAudXkPsydRASp3yr7iPQemqmAcD2"}, "date_added": "2022-03-14T08:31:40.000Z", "twitter_username": "aikonft", "is_hidden": 0, "date_launched": "2022-03-14T00:00:00.000Z", "contract_address": [{"contract_address": "63cL4hHbkRStqMvhAudXkPsydRASp3yr7iPQemqmAcD2", "platform": {"name": "Solana", "coin": {"id": "5426", "name": "Solana", "symbol": "SOL", "slug": "solana"}}}], "self_reported_circulating_supply": NaN, "self_reported_tags": null, "self_reported_market_cap": NaN}]