[{"id": 9289, "name": "Chainswap", "symbol": "ASAP", "category": "token", "description": "Chainswap (ASAP) is a cryptocurrency launched in 2021and operates on the Ethereum platform. Chainswap has a current supply of 100,000,000 with 20,484,162.16072268 in circulation. The last known price of Chainswap is 0.02029431 USD and is up 0.00 over the last 24 hours. More information can be found at https://chainswap.com.", "slug": "chainswap", "logo": "https://s2.coinmarketcap.com/static/img/coins/64x64/9289.png", "subreddit": "", "notice": "", "tags": ["smart-contracts", "dapp", "okex-blockdream-ventures-portfolio", "bnb-chain"], "tag-names": ["Smart Contracts", "DApp", "OKEx Blockdream Ventures Portfolio", "BNB Chain"], "tag-groups": ["CATEGORY", "CATEGORY", "CATEGORY", "PLATFORM"], "urls": {"website": ["https://chainswap.com", "https://exchange.chainswap.com"], "twitter": ["https://twitter.com/chain_swap"], "message_board": ["https://chain-swap.medium.com"], "chat": ["https://t.me/chainswap"], "facebook": [], "explorer": ["https://info.chainswap.com", "https://etherscan.io/token/0xcc665390b03c5d324d8faf81c15ecee29a73bcb4", "https://bscscan.com/token/0x3B73c1B2ea59835cbfcADade5462b6aB630D9890", "https://hecoinfo.com/token/0x3b73c1b2ea59835cbfcadade5462b6ab630d9890"], "reddit": [], "technical_doc": [], "source_code": ["https://github.com/chainswap"], "announcement": []}, "platform": {"id": "1027", "name": "Ethereum", "slug": "ethereum", "symbol": "ETH", "token_address": "0xcc665390b03c5d324d8faf81c15ecee29a73bcb4"}, "date_added": "2021-04-19T00:00:00.000Z", "twitter_username": "chain_swap", "is_hidden": 0, "date_launched": "2021-02-26T00:00:00.000Z", "contract_address": [{"contract_address": "0xcc665390b03c5d324d8faf81c15ecee29a73bcb4", "platform": {"name": "Ethereum", "coin": {"id": "1027", "name": "Ethereum", "symbol": "ETH", "slug": "ethereum"}}}, {"contract_address": "0x3B73c1B2ea59835cbfcADade5462b6aB630D9890", "platform": {"name": "BNB Smart Chain (BEP20)", "coin": {"id": "1839", "name": "BNB", "symbol": "BNB", "slug": "bnb"}}}, {"contract_address": "0x3b73c1b2ea59835cbfcadade5462b6ab630d9890", "platform": {"name": "HECO", "coin": {"id": "2502", "name": "Huobi Token", "symbol": "HT", "slug": "huobi-token"}}}], "self_reported_circulating_supply": null, "self_reported_tags": null, "self_reported_market_cap": null}]