[{"id": 9660, "name": "Parasset", "symbol": "ASET", "category": "token", "description": "Parasset (ASET) is a cryptocurrency . Parasset has a current supply of 0. The last known price of Parasset is 0.0401167 USD and is up 0.00 over the last 24 hours. It is currently trading on 1 active market(s) with $0.00 traded over the last 24 hours. More information can be found at https://www.parasset.top.", "slug": "parasset", "logo": "https://s2.coinmarketcap.com/static/img/coins/64x64/9660.png", "subreddit": "", "notice": "", "tags": ["okex-blockdream-ventures-portfolio"], "tag-names": ["OKEx Blockdream Ventures Portfolio"], "tag-groups": ["CATEGORY"], "urls": {"website": ["https://www.parasset.top"], "twitter": ["https://twitter.com/Parasset2021"], "message_board": [], "chat": ["https://t.me/parasset_chat"], "facebook": [], "explorer": [], "reddit": [], "technical_doc": ["https://drive.google.com/file/d/1YoIrX-uNTxPlpdxQCHKfvC6wKqnadtRC/view?usp=sharing"], "source_code": ["https://github.com/Parasset"], "announcement": []}, "platform": null, "date_added": "2021-05-09T00:00:00.000Z", "twitter_username": "Parasset2021", "is_hidden": 0, "date_launched": null, "contract_address": [], "self_reported_circulating_supply": null, "self_reported_tags": null, "self_reported_market_cap": null}]