[{"id": 5752, "name": "Aave SNX", "symbol": "ASNX", "category": "token", "description": "Aave SNX (ASNX) is a cryptocurrency . Aave SNX has a current supply of 696,519 with 0 in circulation. The last known price of Aave SNX is 1.41519099 USD and is down -2.25 over the last 24 hours. It is currently trading on 1 active market(s) with $0.00 traded over the last 24 hours. More information can be found at https://aave.com/.", "slug": "aave-snx", "logo": "https://s2.coinmarketcap.com/static/img/coins/64x64/5752.png", "subreddit": "Aave_Official", "notice": "", "tags": ["defi", "aave-tokens"], "tag-names": ["DeFi", "Aave Tokens"], "tag-groups": ["CATEGORY", "CATEGORY"], "urls": {"website": ["https://aave.com/", "https://ethlend.io"], "twitter": ["https://twitter.com/AaveAave"], "message_board": ["https://medium.com/aave"], "chat": ["https://aave.com/discord"], "facebook": [], "explorer": ["https://etherscan.io/address/0x328C4c80BC7aCa0834Db37e6600A6c49E12Da4DE", "https://ethplorer.io/address/0x328c4c80bc7aca0834db37e6600a6c49e12da4de"], "reddit": ["https://reddit.com/r/Aave_Official"], "technical_doc": ["https://github.com/aave/aave-protocol/blob/master/docs/Aave_Protocol_Whitepaper_v1_0.pdf"], "source_code": ["https://github.com/aave"], "announcement": ["https://bitcointalk.org/index.php?topic=2090735.0"]}, "platform": null, "date_added": "2020-06-28T00:00:00.000Z", "twitter_username": "AaveAave", "is_hidden": 0, "date_launched": null, "contract_address": [], "self_reported_circulating_supply": null, "self_reported_tags": null, "self_reported_market_cap": null}]