[{"id": 12599, "name": "ASPO World", "symbol": "ASPO", "category": "token", "description": "ASPO World (ASPO) is a cryptocurrency launched in 2021and operates on the BNB Smart Chain (BEP20) platform. ASPO World has a current supply of 500,000,000 with 79,936,866 in circulation. The last known price of ASPO World is 0.00223904 USD and is down -1.06 over the last 24 hours. It is currently trading on 12 active market(s) with $542.20 traded over the last 24 hours. More information can be found at https://aspo.world.", "slug": "aspo-world", "logo": "https://s2.coinmarketcap.com/static/img/coins/64x64/12599.png", "subreddit": "", "notice": "", "tags": ["gaming", "polkafoundry-red-kite", "play-to-earn", "icetea-labs"], "tag-names": ["Gaming", "PolkaFoundry Red Kite", "Play To Earn", "Icetea Labs"], "tag-groups": ["INDUSTRY", "CATEGORY", "CATEGORY", "CATEGORY"], "urls": {"website": ["https://aspo.world"], "twitter": ["https://twitter.com/AspoWorld"], "message_board": [], "chat": ["https://t.me/joinchat/PjbO1XlvWgw3ZWY9"], "facebook": ["https://www.facebook.com/aspoworld"], "explorer": ["https://bscscan.com/token/0x1a9b49e9f075c37fe5f86c916bac9deb33556d7e"], "reddit": [], "technical_doc": ["https://drive.google.com/file/d/1GqDwdexXoAIaI_nNKOtJ-k86kbX3JpjA/view"], "source_code": ["https://github.com/phugt/aspoerc20"], "announcement": []}, "platform": {"id": "1839", "name": "BNB", "slug": "bnb", "symbol": "BNB", "token_address": "0x1a9b49e9f075c37fe5f86c916bac9deb33556d7e"}, "date_added": "2021-11-14T13:43:12.000Z", "twitter_username": "AspoWorld", "is_hidden": 0, "date_launched": "2021-10-24T00:00:00.000Z", "contract_address": [{"contract_address": "0x1a9b49e9f075c37fe5f86c916bac9deb33556d7e", "platform": {"name": "BNB Smart Chain (BEP20)", "coin": {"id": "1839", "name": "BNB", "symbol": "BNB", "slug": "bnb"}}}], "self_reported_circulating_supply": 55687834, "self_reported_tags": null, "self_reported_market_cap": 124503.8157080774}]