[{"id": 5229, "name": "AS Roma Fan Token", "symbol": "ASR", "category": "token", "description": "AS Roma Fan Token (ASR) is a cryptocurrency and operates on the Chiliz platform. AS Roma Fan Token has a current supply of 10,000,000 with 2,276,263 in circulation. The last known price of AS Roma Fan Token is 2.32913315 USD and is down -0.28 over the last 24 hours. It is currently trading on 25 active market(s) with $1,583,771.80 traded over the last 24 hours. More information can be found at https://www.socios.com/asroma/.", "slug": "as-roma-fan-token", "logo": "https://s2.coinmarketcap.com/static/img/coins/64x64/5229.png", "subreddit": "", "notice": "", "tags": ["sports", "fan-token", "soccer"], "tag-names": ["Sports", "Fan Token", "Soccer"], "tag-groups": ["INDUSTRY", "CATEGORY", "CATEGORY"], "urls": {"website": ["https://www.socios.com/asroma/"], "twitter": ["https://twitter.com/socios"], "message_board": ["https://medium.com/socios"], "chat": [], "facebook": [], "explorer": ["https://explorer.chiliz.com/tokens/0x235639f72e127bbdd1509bfc9dc6e2caeb3fb741"], "reddit": [], "technical_doc": [], "source_code": [], "announcement": []}, "platform": {"id": "4066", "name": "Chiliz", "slug": "chiliz", "symbol": "CHZ", "token_address": "0x235639F72E127bBdd1509BFC9DC6e2caeb3FB741"}, "date_added": "2020-02-13T00:00:00.000Z", "twitter_username": "socios", "is_hidden": 0, "date_launched": null, "contract_address": [{"contract_address": "0x235639F72E127bBdd1509BFC9DC6e2caeb3FB741", "platform": {"name": "Chiliz", "coin": {"id": "4066", "name": "Chiliz", "symbol": "CHZ", "slug": "chiliz"}}}], "self_reported_circulating_supply": 2276263.0, "self_reported_tags": null, "self_reported_market_cap": 5307030.978608897}, {"id": 104, "name": "Astrocoin", "symbol": "ASR", "category": "coin", "description": "Astrocoin (ASR) is a cryptocurrency . Users are able to generate ASR through the process of mining. Astrocoin has a current supply of 70,000. The last known price of Astrocoin is 0.10612138 USD and is up 0.00 over the last 24 hours. More information can be found at http://astrocoin.biz/.", "slug": "astrocoin", "logo": "https://s2.coinmarketcap.com/static/img/coins/64x64/104.png", "subreddit": "", "notice": "", "tags": ["mineable"], "tag-names": ["Mineable"], "tag-groups": ["OTHERS"], "urls": {"website": ["http://astrocoin.biz/"], "twitter": [], "message_board": [], "chat": [], "facebook": [], "explorer": ["http://coin-base.info/asr_blockcrawler/index.php"], "reddit": [], "technical_doc": [], "source_code": [], "announcement": []}, "platform": null, "date_added": "2014-01-27T00:00:00.000Z", "twitter_username": "", "is_hidden": 0, "date_launched": null, "contract_address": [], "self_reported_circulating_supply": NaN, "self_reported_tags": null, "self_reported_market_cap": NaN}, {"id": 6752, "name": "Asure Network", "symbol": "ASR", "category": "coin", "description": "The Asure Blockchain will be a performant and secure proof-of-stake based blockchain that enables high transaction throughput at a low cost, which would be necessary for implementing blockchain based social security systems within countries. Asure provides a scalable blockchain network for decentralized social security built around openness, privacy, and fairness, and brings together individuals, companies and governments in a digital world.", "slug": "asure-network", "logo": "https://s2.coinmarketcap.com/static/img/coins/64x64/6752.png", "subreddit": "Asure", "notice": "", "tags": ["substrate", "polkadot"], "tag-names": ["Substrate", "Polkadot"], "tag-groups": ["CATEGORY", "PLATFORM"], "urls": {"website": ["https://www.asure.network/"], "twitter": ["https://twitter.com/AsureNetwork"], "message_board": ["https://medium.com/asurenetwork"], "chat": ["https://t.me/AsureNetwork"], "facebook": [], "explorer": ["https://etherscan.io/token/0x15dfc197e7ac7d81a07250b5bdebaa96fc1c5dfa"], "reddit": ["https://reddit.com/r/Asure"], "technical_doc": [], "source_code": ["https://github.com/AsureNetwork"], "announcement": []}, "platform": {"id": "1027", "name": "Ethereum", "slug": "ethereum", "symbol": "ETH", "token_address": "0x15dfc197e7ac7d81a07250b5bdebaa96fc1c5dfa"}, "date_added": "2020-08-28T00:00:00.000Z", "twitter_username": "AsureNetwork", "is_hidden": 0, "date_launched": null, "contract_address": [{"contract_address": "0x15dfc197e7ac7d81a07250b5bdebaa96fc1c5dfa", "platform": {"name": "Ethereum", "coin": {"id": "1027", "name": "Ethereum", "symbol": "ETH", "slug": "ethereum"}}}], "self_reported_circulating_supply": NaN, "self_reported_tags": null, "self_reported_market_cap": NaN}]