[{"id": 8888, "name": "ASSY Index", "symbol": "ASSY", "category": "token", "description": "ASSY Index (ASSY) is a cryptocurrency and operates on the Ethereum platform. ASSY Index has a current supply of 0. The last known price of ASSY Index is 1.72275375 USD and is up 6.27 over the last 24 hours. More information can be found at https://powerindex.io/#/mainnet/0xfa2562da1bba7b954f26c74725df51fb62646313/supply.", "slug": "assy-index", "logo": "https://s2.coinmarketcap.com/static/img/coins/64x64/8888.png", "subreddit": "", "notice": "", "tags": ["defi", "defi-index"], "tag-names": ["DeFi", "DeFi Index"], "tag-groups": ["CATEGORY", "CATEGORY"], "urls": {"website": ["https://powerindex.io/#/mainnet/0xfa2562da1bba7b954f26c74725df51fb62646313/supply"], "twitter": ["https://twitter.com/powerpoolcvp"], "message_board": [], "chat": ["https://t.me/powerpoolcvp"], "facebook": [], "explorer": ["https://etherscan.io/token/0xFA2562da1Bba7B954f26C74725dF51fb62646313", "https://ethplorer.io/address/0xFA2562da1Bba7B954f26C74725dF51fb62646313"], "reddit": [], "technical_doc": [], "source_code": ["https://github.com/powerpool-finance/powerindex"], "announcement": []}, "platform": {"id": "1027", "name": "Ethereum", "slug": "ethereum", "symbol": "ETH", "token_address": "0xFA2562da1Bba7B954f26C74725dF51fb62646313"}, "date_added": "2021-03-19T00:00:00.000Z", "twitter_username": "powerpoolcvp", "is_hidden": 0, "date_launched": null, "contract_address": [{"contract_address": "0xFA2562da1Bba7B954f26C74725dF51fb62646313", "platform": {"name": "Ethereum", "coin": {"id": "1027", "name": "Ethereum", "symbol": "ETH", "slug": "ethereum"}}}], "self_reported_circulating_supply": null, "self_reported_tags": null, "self_reported_market_cap": null}]