[{"id": 2058, "name": "AirSwap", "symbol": "AST", "category": "token", "description": "AirSwap (AST) is a cryptocurrency and operates on the Ethereum platform. AirSwap has a current supply of 500,000,000 with 174,479,533.46 in circulation. The last known price of AirSwap is 0.07939004 USD and is down -3.64 over the last 24 hours. It is currently trading on 27 active market(s) with $301,270.75 traded over the last 24 hours. More information can be found at https://www.airswap.io/.", "slug": "airswap", "logo": "https://s2.coinmarketcap.com/static/img/coins/64x64/2058.png", "subreddit": "AirSwap", "notice": "", "tags": ["marketplace", "decentralized-exchange-dex-token", "defi", "oracles", "payments", "smart-contracts", "kenetic-capital-portfolio"], "tag-names": ["Marketplace", "Decentralized Exchange (DEX) Token", "DeFi", "Oracles", "Payments", "Smart Contracts", "Kenetic Capital Portfolio"], "tag-groups": ["INDUSTRY", "CATEGORY", "CATEGORY", "CATEGORY", "INDUSTRY", "CATEGORY", "CATEGORY"], "urls": {"website": ["https://www.airswap.io/"], "twitter": ["https://twitter.com/airswap"], "message_board": ["https://medium.com/@airswap", "https://chat.airswap.io/"], "chat": ["https://t.me/airswap"], "facebook": [], "explorer": ["https://explorer.airswap.io/", "https://etherscan.io/token/0x27054b13b1b798b345b591a4d22e6562d47ea75a", "https://blockscout.com/xdai/mainnet/tokens/0x743a991365ba94BFC90Ad0002CAD433c7a33cb4a/token-transfers"], "reddit": ["https://reddit.com/r/AirSwap"], "technical_doc": ["https://docs.airswap.io"], "source_code": ["https://github.com/airswap/"], "announcement": ["https://bitcointalk.org/index.php?topic=5292078"]}, "platform": {"id": "1027", "name": "Ethereum", "slug": "ethereum", "symbol": "ETH", "token_address": "0x27054b13b1b798b345b591a4d22e6562d47ea75a"}, "date_added": "2017-10-17T00:00:00.000Z", "twitter_username": "airswap", "is_hidden": 0, "date_launched": null, "contract_address": [{"contract_address": "0x27054b13b1b798b345b591a4d22e6562d47ea75a", "platform": {"name": "Ethereum", "coin": {"id": "1027", "name": "Ethereum", "symbol": "ETH", "slug": "ethereum"}}}, {"contract_address": "0x743a991365ba94BFC90Ad0002CAD433c7a33cb4a", "platform": {"name": "Gnosis Chain", "coin": {"id": "1659", "name": "Gnosis", "symbol": "GNO", "slug": "gnosis-gno"}}}], "self_reported_circulating_supply": null, "self_reported_tags": null, "self_reported_market_cap": null}, {"id": 5827, "name": "AntiscamToken", "symbol": "AST", "category": "token", "description": "AntiscamToken (AST) is a cryptocurrency launched in 2020and operates on the Ethereum platform. AntiscamToken has a current supply of 859,726.57866 with 0 in circulation. The last known price of AntiscamToken is 0.03547973 USD and is up 0.00 over the last 24 hours. More information can be found at http://antiscamtoken.cyou/.", "slug": "antiscamtoken", "logo": "https://s2.coinmarketcap.com/static/img/coins/64x64/5827.png", "subreddit": "", "notice": "", "tags": null, "tag-names": null, "tag-groups": null, "urls": {"website": ["http://antiscamtoken.cyou/"], "twitter": ["https://twitter.com/AntiscamT"], "message_board": ["https://discord.gg/pzRPxee"], "chat": ["https://discord.gg/pzRPxee", "https://t.me/AntiScamTofficial"], "facebook": [], "explorer": ["https://etherscan.io/token/0xa872e0a44bbd66c1486a756cb5bd3f0beec4e32e", "https://etherscan.io/token/0xa872e0a44bbd66c1486a756cb5bd3f0beec4e32e"], "reddit": [], "technical_doc": ["https://antiscamtoken.github.io/antiscamtoken.io/AST.pdf"], "source_code": ["https://antiscamtoken.github.io/antiscamtoken.io/"], "announcement": ["https://t.me/AntiScamTofficial"]}, "platform": {"id": "1027", "name": "Ethereum", "slug": "ethereum", "symbol": "ETH", "token_address": "0xa872e0a44bbd66c1486a756cb5bd3f0beec4e32e"}, "date_added": "2020-07-08T00:00:00.000Z", "twitter_username": "AntiscamT", "is_hidden": 0, "date_launched": "2020-07-01T00:00:00.000Z", "contract_address": [{"contract_address": "0xa872e0a44bbd66c1486a756cb5bd3f0beec4e32e", "platform": {"name": "Ethereum", "coin": {"id": "1027", "name": "Ethereum", "symbol": "ETH", "slug": "ethereum"}}}], "self_reported_circulating_supply": null, "self_reported_tags": null, "self_reported_market_cap": null}, {"id": 11155, "name": "AST.finance", "symbol": "AST", "category": "token", "description": "AST.finance (AST) is a cryptocurrency launched in 2021and operates on the OKExChain platform. AST.finance has a current supply of 0. The last known price of AST.finance is 0.13211634 USD and is up 0.00 over the last 24 hours. More information can be found at https://ast.finance/#/.", "slug": "ast-finance", "logo": "https://s2.coinmarketcap.com/static/img/coins/64x64/11155.png", "subreddit": "", "notice": "", "tags": null, "tag-names": null, "tag-groups": null, "urls": {"website": ["https://ast.finance/#/"], "twitter": ["https://twitter.com/AST_Finance"], "message_board": [], "chat": ["https://t.me/AST_Finance"], "facebook": [], "explorer": ["https://www.oklink.com/okexchain/address/0x493d8CBd9533E57D4BEfb17cc2eC1dB76828261d"], "reddit": [], "technical_doc": [], "source_code": [], "announcement": []}, "platform": {"id": "8267", "name": "OKC Token", "slug": "okt", "symbol": "OKT", "token_address": "0x493d8CBd9533E57D4BEfb17cc2eC1dB76828261d"}, "date_added": "2021-08-03T00:00:00.000Z", "twitter_username": "AST_Finance", "is_hidden": 0, "date_launched": "2021-08-05T00:00:00.000Z", "contract_address": [{"contract_address": "0x493d8CBd9533E57D4BEfb17cc2eC1dB76828261d", "platform": {"name": "OKExChain", "coin": {"id": "8267", "name": "OKC Token", "symbol": "OKT", "slug": "okt"}}}], "self_reported_circulating_supply": null, "self_reported_tags": null, "self_reported_market_cap": null}]