[{"id": 6375, "name": "ASTA", "symbol": "ASTA", "category": "token", "description": "ASTA (ASTA) is a cryptocurrency and operates on the Ethereum platform. ASTA has a current supply of 2,999,999,990 with 2,099,999,990 in circulation. The last known price of ASTA is 0.00319607 USD and is down -0.74 over the last 24 hours. It is currently trading on 9 active market(s) with $208,779.88 traded over the last 24 hours. More information can be found at http://www.astaplatform.com/.", "slug": "asta", "logo": "https://s2.coinmarketcap.com/static/img/coins/64x64/6375.png", "subreddit": "", "notice": "", "tags": ["ethereum-ecosystem"], "tag-names": ["Ethereum Ecosystem"], "tag-groups": ["PLATFORM"], "urls": {"website": ["http://www.astaplatform.com/"], "twitter": ["https://twitter.com/Astaplatform"], "message_board": [], "chat": [], "facebook": [], "explorer": ["https://etherscan.io/token/0xf2ddae89449b7d26309a5d54614b1fc99c608af5", "https://ethplorer.io/address/0xf2ddae89449b7d26309a5d54614b1fc99c608af5", "https://eosflare.io/account/astacoinbank", "https://bloks.io/tokens/ASTA-eos-astacoinbank", "https://bscscan.com/token/0xe66e0EBDe36556dBAef82A9D7A778896a0c40b76"], "reddit": [], "technical_doc": ["https://astaplatform.com/ASTA_white_cn_0511_.pdf"], "source_code": [], "announcement": ["https://bridge.astaplatform.com"]}, "platform": {"id": "1027", "name": "Ethereum", "slug": "ethereum", "symbol": "ETH", "token_address": "0xf2ddae89449b7d26309a5d54614b1fc99c608af5"}, "date_added": "2020-08-07T00:00:00.000Z", "twitter_username": "Astaplatform", "is_hidden": 0, "date_launched": null, "contract_address": [{"contract_address": "0xf2ddae89449b7d26309a5d54614b1fc99c608af5", "platform": {"name": "Ethereum", "coin": {"id": "1027", "name": "Ethereum", "symbol": "ETH", "slug": "ethereum"}}}, {"contract_address": "0xe66e0EBDe36556dBAef82A9D7A778896a0c40b76", "platform": {"name": "BNB Smart Chain (BEP20)", "coin": {"id": "1839", "name": "BNB", "symbol": "BNB", "slug": "bnb"}}}], "self_reported_circulating_supply": null, "self_reported_tags": null, "self_reported_market_cap": null}]