[{"id": 20886, "name": "Astrafer", "symbol": "ASTRAFER", "category": "token", "description": "Astrafer (ASTRAFER) is a cryptocurrency launched in 2022and operates on the Polygon platform. Astrafer has a current supply of 888,077,888 with 14,054,121 in circulation. The last known price of Astrafer is 1.53792169 USD and is down -0.04 over the last 24 hours. It is currently trading on 31 active market(s) with $20,574.62 traded over the last 24 hours. More information can be found at https://phantomgalaxies.com/.", "slug": "astrafer", "logo": "https://s2.coinmarketcap.com/static/img/coins/64x64/20886.png", "subreddit": "", "notice": "", "tags": ["gaming", "animoca-brands-portfolio"], "tag-names": ["Gaming", "Animoca Brands Portfolio"], "tag-groups": ["INDUSTRY", "CATEGORY"], "urls": {"website": ["https://phantomgalaxies.com/"], "twitter": ["https://twitter.com/the_phantom_g"], "message_board": [], "chat": ["https://discord.gg/phantomgalaxies", "https://t.me/PhantomGalaxiesGame"], "facebook": [], "explorer": [], "reddit": [], "technical_doc": [], "source_code": [], "announcement": ["https://medium.com/@PhantomGalaxies/phantom-galaxies-astrafer-token-available-now-43e58faf0bf0"]}, "platform": {"id": "3890", "name": "Polygon", "slug": "polygon", "symbol": "MATIC", "token_address": "0xDfCe1e99A31C4597a3f8A8945cBfa9037655e335"}, "date_added": "2022-07-06T02:24:18.000Z", "twitter_username": "the_phantom_g", "is_hidden": 0, "date_launched": "2022-07-14T00:00:00.000Z", "contract_address": [{"contract_address": "0xDfCe1e99A31C4597a3f8A8945cBfa9037655e335", "platform": {"name": "Polygon", "coin": {"id": "3890", "name": "Polygon", "symbol": "MATIC", "slug": "polygon"}}}, {"contract_address": "0x97Bbbc5d96875fB78D2F14b7FF8d7a3a74106F17", "platform": {"name": "Ethereum", "coin": {"id": "1027", "name": "Ethereum", "symbol": "ETH", "slug": "ethereum"}}}], "self_reported_circulating_supply": null, "self_reported_tags": null, "self_reported_market_cap": null}]