[{"id": 12885, "name": "Astar", "symbol": "ASTR", "category": "token", "description": "Astar (ASTR) is a cryptocurrency . Astar has a current supply of 7,000,000,000 with 3,834,048,867 in circulation. The last known price of Astar is 0.03782831 USD and is down -1.85 over the last 24 hours. It is currently trading on 43 active market(s) with $3,739,955.87 traded over the last 24 hours. More information can be found at https://astar.network/.", "slug": "astar", "logo": "https://s2.coinmarketcap.com/static/img/coins/64x64/12885.png", "subreddit": "", "notice": "", "tags": ["polkadot-ecosystem", "okex-blockdream-ventures-portfolio"], "tag-names": ["Polkadot Ecosystem", "OKEx Blockdream Ventures Portfolio"], "tag-groups": ["PLATFORM", "CATEGORY"], "urls": {"website": ["https://astar.network/"], "twitter": ["https://twitter.com/AstarNetwork"], "message_board": ["https://forum.astar.network"], "chat": ["https://t.me/PlasmOfficial", "https://discord.com/invite/Z3nC9U4"], "facebook": [], "explorer": ["https://astar.subscan.io"], "reddit": [], "technical_doc": ["https://docs.astar.network/"], "source_code": ["https://github.com/AstarNetwork/Astar"], "announcement": ["https://medium.com/astar-network"]}, "platform": null, "date_added": "2021-10-19T09:53:03.000Z", "twitter_username": "AstarNetwork", "is_hidden": 0, "date_launched": null, "contract_address": [], "self_reported_circulating_supply": 1553126275.0, "self_reported_tags": ["Smart Contracts", "Staking", "DApp", "Polkadot", "Binance Labs Portfolio", "Fenbushi Capital Portfolio", "Hashkey Capital Portfolio", "Huobi Capital Portfolio", "Alameda Research Portfolio"], "self_reported_market_cap": 58872217.305014424}, {"id": 18519, "name": "ASTRA Protocol", "symbol": "ASTR", "category": "token", "description": "Astra Protocol is the next generation of compliance, a decentralized KYC Platform for Web3.\nAstra's mission is to provide a range of regulatory compliance tools for crypto applications, ensuring that financial compliance standards can be met across the Web3 industry\nTheir application brings the financial regulatory standards for 155+ countries and over 300+ sanctions and watchlists to the crypto industry \u2013 without sacrificing anonymization.\nTheir Globally patented technology includes a new professional service layer called the Decentralized Legal Network (DLN), bringing major legal and audit companies on-chain. Our simple plug-in technology ensures crypto remains compliant with AML and KYC standards", "slug": "astra-protocol", "logo": "https://s2.coinmarketcap.com/static/img/coins/64x64/18519.png", "subreddit": "", "notice": "", "tags": null, "tag-names": null, "tag-groups": null, "urls": {"website": ["https://astraprotocol.com/"], "twitter": ["https://twitter.com/AstraProtocol"], "message_board": ["https://medium.com/@astraprotocol"], "chat": ["https://t.me/Astra_Protocol"], "facebook": [], "explorer": [], "reddit": [], "technical_doc": ["https://astraprotocol.box.com/s/3nr5wliismk55tqfqdbyte14n6bxn7ko"], "source_code": [], "announcement": ["https://t.me/Astra_ProtocolAnnouncements"]}, "platform": null, "date_added": "2022-03-03T03:33:50.000Z", "twitter_username": "AstraProtocol", "is_hidden": 0, "date_launched": "2022-04-26T00:00:00.000Z", "contract_address": [], "self_reported_circulating_supply": NaN, "self_reported_tags": null, "self_reported_market_cap": NaN}]