[{"id": 12120, "name": "AstroSwap", "symbol": "ASTRO", "category": "token", "description": "AstroSwap (ASTRO) is a cryptocurrency launched in 2021and operates on the BNB Smart Chain (BEP20) platform. AstroSwap has a current supply of 242,000,000 with 428,462,821 in circulation. The last known price of AstroSwap is 0.00069699 USD and is down -1.94 over the last 24 hours. It is currently trading on 25 active market(s) with $15,888.65 traded over the last 24 hours. More information can be found at https://www.astroswap.app.", "slug": "astroswap", "logo": "https://s2.coinmarketcap.com/static/img/coins/64x64/12120.png", "subreddit": "", "notice": "", "tags": ["bluezilla", "velas-ecosystem"], "tag-names": ["BlueZilla", "Velas Ecosystem"], "tag-groups": ["CATEGORY", "CATEGORY"], "urls": {"website": ["https://www.astroswap.app"], "twitter": ["https://twitter.com/AstroSwapApp"], "message_board": [], "chat": ["https://t.me/AstroSwapOfficial", "https://t.me/astroswapann"], "facebook": [], "explorer": ["https://blockscan.com/address/0x72eB7CA07399Ec402c5b7aa6A65752B6A1Dc0C27", "https://bscscan.com/token/0x72eB7CA07399Ec402c5b7aa6A65752B6A1Dc0C27"], "reddit": [], "technical_doc": [], "source_code": [], "announcement": ["https://t.me/astroswapann"]}, "platform": {"id": "1839", "name": "BNB", "slug": "bnb", "symbol": "BNB", "token_address": "0x72eB7CA07399Ec402c5b7aa6A65752B6A1Dc0C27"}, "date_added": "2021-09-24T07:25:08.000Z", "twitter_username": "AstroSwapApp", "is_hidden": 0, "date_launched": "2021-10-18T00:00:00.000Z", "contract_address": [{"contract_address": "0x72eB7CA07399Ec402c5b7aa6A65752B6A1Dc0C27", "platform": {"name": "BNB Smart Chain (BEP20)", "coin": {"id": "1839", "name": "BNB", "symbol": "BNB", "slug": "bnb"}}}, {"contract_address": "0x72eb7ca07399ec402c5b7aa6a65752b6a1dc0c27", "platform": {"name": "Velas", "coin": {"id": "4747", "name": "Velas", "symbol": "VLX", "slug": "velas"}}}], "self_reported_circulating_supply": NaN, "self_reported_tags": ["Platform", "Decentralized Exchange (DEX) Token", "DeFi", "Smart Contracts", "Staking", "Yield Farming"], "self_reported_market_cap": NaN}, {"id": 16304, "name": "Astroport Classic", "symbol": "ASTRO", "category": "token", "description": "Astroport Classic (ASTRO) is a cryptocurrency launched in 2021and operates on the Terra Classic platform. Astroport Classic has a current supply of 1,000,000,000 with 0 in circulation. The last known price of Astroport Classic is 0.00491853 USD and is up 0.00 over the last 24 hours. It is currently trading on 6 active market(s) with $49,124.68 traded over the last 24 hours. More information can be found at https://astroport.fi/.", "slug": "astroport-classic", "logo": "https://s2.coinmarketcap.com/static/img/coins/64x64/16304.png", "subreddit": "", "notice": "", "tags": null, "tag-names": null, "tag-groups": null, "urls": {"website": ["https://astroport.fi/"], "twitter": ["https://twitter.com/astroport_fi"], "message_board": ["https://astroport.medium.com/"], "chat": ["https://discord.com/invite/astroport", "https://t.me/astroport_fi"], "facebook": [], "explorer": [], "reddit": [], "technical_doc": ["https://astroport.medium.com/astroport-litepaper-1fab783b77b5"], "source_code": ["https://github.com/CosmWasm/cw-plus/blob/main/contracts/cw20-base/src/contract.rs"], "announcement": ["https://astroport.medium.com/introducing-astroport-a-next-generation-amm-on-terra-119d94a061e4"]}, "platform": {"id": "4172", "name": "Terra Classic", "slug": "terra-luna", "symbol": "LUNC", "token_address": "terra1xj49zyqrwpv5k928jwfpfy2ha668nwdgkwlrg3"}, "date_added": "2021-12-21T01:33:40.000Z", "twitter_username": "astroport_fi", "is_hidden": 0, "date_launched": "2021-12-27T00:00:00.000Z", "contract_address": [{"contract_address": "terra1xj49zyqrwpv5k928jwfpfy2ha668nwdgkwlrg3", "platform": {"name": "Terra Classic", "coin": {"id": "4172", "name": "Terra Classic", "symbol": "LUNC", "slug": "terra-luna"}}}], "self_reported_circulating_supply": 110000000.0, "self_reported_tags": null, "self_reported_market_cap": 540856.6468561962}, {"id": 21114, "name": "Astro Cash", "symbol": "ASTRO", "category": "token", "description": "Astro Cash (ASTRO) is a cryptocurrency launched in 2022and operates on the BNB Smart Chain (BEP20) platform. Astro Cash has a current supply of 50,000,000 with 0 in circulation. The last known price of Astro Cash is 0.10245266 USD and is up 0.00 over the last 24 hours. It is currently trading on 1 active market(s) with $0.00 traded over the last 24 hours. More information can be found at http://astrocash.me/.", "slug": "astro-cash", "logo": "https://s2.coinmarketcap.com/static/img/coins/64x64/21114.png", "subreddit": "", "notice": "", "tags": null, "tag-names": null, "tag-groups": null, "urls": {"website": ["http://astrocash.me/"], "twitter": ["https://twitter.com/AstroCashCrypto"], "message_board": [], "chat": ["https://t.me/astrocashglobal"], "facebook": [], "explorer": ["https://bscscan.com/token/0x1b24ebbec03298576337b1805c733cd225c8a6bc"], "reddit": [], "technical_doc": ["https://astro-cash-1.gitbook.io/astro-cash-global/"], "source_code": [], "announcement": []}, "platform": {"id": "1839", "name": "BNB", "slug": "bnb", "symbol": "BNB", "token_address": "0x1b24ebbEc03298576337B1805c733cD225C8a6BC"}, "date_added": "2022-07-25T07:34:36.000Z", "twitter_username": "AstroCashCrypto", "is_hidden": 0, "date_launched": "2022-07-29T00:00:00.000Z", "contract_address": [{"contract_address": "0x1b24ebbEc03298576337B1805c733cD225C8a6BC", "platform": {"name": "BNB Smart Chain (BEP20)", "coin": {"id": "1839", "name": "BNB", "symbol": "BNB", "slug": "bnb"}}}], "self_reported_circulating_supply": 17500000.0, "self_reported_tags": null, "self_reported_market_cap": 1792921.5903377791}, {"id": 2190, "name": "Astro", "symbol": "ASTRO", "category": "token", "description": "Astro (ASTRO) is a cryptocurrency and operates on the Ethereum platform. Astro has a current supply of 6,999,999 with 0 in circulation. The last known price of Astro is 0.37750126 USD and is up 0.00 over the last 24 hours. More information can be found at https://astronaut.capital/.", "slug": "astro", "logo": "https://s2.coinmarketcap.com/static/img/coins/64x64/2190.png", "subreddit": "astronautcapital", "notice": "", "tags": ["asset-management"], "tag-names": ["Asset Management"], "tag-groups": ["INDUSTRY"], "urls": {"website": ["https://astronaut.capital/"], "twitter": ["https://twitter.com/astronautcap"], "message_board": ["https://medium.com/astronaut-capital"], "chat": ["https://t.me/astronautofficial"], "facebook": [], "explorer": ["https://etherscan.io/token/0x7b22938ca841aa392c93dbb7f4c42178e3d65e88", "https://ethplorer.io/address/0x7b22938ca841aa392c93dbb7f4c42178e3d65e88"], "reddit": ["https://reddit.com/r/astronautcapital"], "technical_doc": ["https://astronaut.docsend.com/view/p4iazfu"], "source_code": [], "announcement": []}, "platform": {"id": "1027", "name": "Ethereum", "slug": "ethereum", "symbol": "ETH", "token_address": "0x7b22938ca841aa392c93dbb7f4c42178e3d65e88"}, "date_added": "2017-11-16T00:00:00.000Z", "twitter_username": "astronautcap", "is_hidden": 0, "date_launched": null, "contract_address": [{"contract_address": "0x7b22938ca841aa392c93dbb7f4c42178e3d65e88", "platform": {"name": "Ethereum", "coin": {"id": "1027", "name": "Ethereum", "symbol": "ETH", "slug": "ethereum"}}}], "self_reported_circulating_supply": NaN, "self_reported_tags": null, "self_reported_market_cap": NaN}, {"id": 6894, "name": "AstroTools", "symbol": "ASTRO", "category": "token", "description": "AstroTools (ASTRO) is a cryptocurrency and operates on the Ethereum platform. AstroTools has a current supply of 5,000,000 with 3,000,000 in circulation. The last known price of AstroTools is 0.04291534 USD and is up 0.00 over the last 24 hours. More information can be found at https://astrotools.io/.", "slug": "astrotools", "logo": "https://s2.coinmarketcap.com/static/img/coins/64x64/6894.png", "subreddit": "", "notice": "", "tags": ["analytics"], "tag-names": ["Analytics"], "tag-groups": ["CATEGORY"], "urls": {"website": ["https://astrotools.io/"], "twitter": ["https://twitter.com/Astro_Tools"], "message_board": [], "chat": ["https://discord.com/invite/955FvJ", "https://t.me/astrotoolsio"], "facebook": [], "explorer": ["https://etherscan.io/token/0xcbd55d4ffc43467142761a764763652b48b969ff", "https://ethplorer.io/address/0xcbd55d4ffc43467142761a764763652b48b969ff"], "reddit": [], "technical_doc": [], "source_code": [], "announcement": []}, "platform": {"id": "1027", "name": "Ethereum", "slug": "ethereum", "symbol": "ETH", "token_address": "0xcbd55d4ffc43467142761a764763652b48b969ff"}, "date_added": "2020-09-04T00:00:00.000Z", "twitter_username": "Astro_Tools", "is_hidden": 0, "date_launched": null, "contract_address": [{"contract_address": "0xcbd55d4ffc43467142761a764763652b48b969ff", "platform": {"name": "Ethereum", "coin": {"id": "1027", "name": "Ethereum", "symbol": "ETH", "slug": "ethereum"}}}], "self_reported_circulating_supply": NaN, "self_reported_tags": null, "self_reported_market_cap": NaN}, {"id": 9267, "name": "Astronautas Token", "symbol": "ASTRO", "category": "token", "description": "Frictionless yield generation. Hold and earn project. The team claims to take part in an initiative that focuses on being fair to all stakeholders who believe in the project.", "slug": "astronautas-token", "logo": "https://s2.coinmarketcap.com/static/img/coins/64x64/9267.png", "subreddit": "", "notice": "", "tags": ["bnb-chain"], "tag-names": ["BNB Chain"], "tag-groups": ["PLATFORM"], "urls": {"website": ["https://www.astronautastoken.com/eng", "https://www.astronautastoken.com/"], "twitter": ["https://twitter.com/AstroToken"], "message_board": [], "chat": ["https://t.me/AstronautasTokenBR  /  https://t.me/AstronautasTokenENG"], "facebook": [], "explorer": ["https://www.bscscan.com/token/0x3835943D4013EF994E3062E6049D2a7415DaFf9e"], "reddit": [], "technical_doc": [], "source_code": [], "announcement": []}, "platform": {"id": "1839", "name": "BNB", "slug": "bnb", "symbol": "BNB", "token_address": "0x3835943D4013EF994E3062E6049D2a7415DaFf9e"}, "date_added": "2021-04-16T00:00:00.000Z", "twitter_username": "AstroToken", "is_hidden": 0, "date_launched": "2021-04-04T00:00:00.000Z", "contract_address": [{"contract_address": "0x3835943D4013EF994E3062E6049D2a7415DaFf9e", "platform": {"name": "BNB Smart Chain (BEP20)", "coin": {"id": "1839", "name": "BNB", "symbol": "BNB", "slug": "bnb"}}}], "self_reported_circulating_supply": NaN, "self_reported_tags": null, "self_reported_market_cap": NaN}, {"id": 14890, "name": "Astronos", "symbol": "ASTRO", "category": "token", "description": "Astronos (ASTRO) is a cryptocurrency launched in 2021and operates on the BNB Smart Chain (BEP20) platform. Astronos has a current supply of 77,000,000 with 0 in circulation. The last known price of Astronos is 0.00019959 USD and is up 0.00 over the last 24 hours. More information can be found at https://astronos.io.", "slug": "astronos", "logo": "https://s2.coinmarketcap.com/static/img/coins/64x64/14890.png", "subreddit": "astronos_io", "notice": "Astronos token has been migrated from the [old contract](https://bscscan.com/token/0x512c0ebce9d064281dc1674c9f1a184701d84575) to a new [contract address](https://bscscan.com/token/0x544de71b4a2c2484b058228827a4e8001c99c1af). Read more [here](https://coinmarketcap.com/alexandria/signals/23254)", "tags": null, "tag-names": null, "tag-groups": null, "urls": {"website": ["https://astronos.io"], "twitter": ["https://twitter.com/astronos_io"], "message_board": [], "chat": ["https://t.me/astronos_io", "https://discord.gg/astronos"], "facebook": [], "explorer": ["https://bscscan.com/token/0x544de71b4a2c2484b058228827a4e8001c99c1af"], "reddit": ["https://reddit.com/r/astronos_io"], "technical_doc": ["https://docs.astronos.io"], "source_code": [], "announcement": []}, "platform": {"id": "1839", "name": "BNB", "slug": "bnb", "symbol": "BNB", "token_address": "0x544de71b4a2c2484b058228827a4e8001c99c1af"}, "date_added": "2021-11-20T10:36:15.000Z", "twitter_username": "astronos_io", "is_hidden": 0, "date_launched": "2021-10-30T00:00:00.000Z", "contract_address": [{"contract_address": "0x544de71b4a2c2484b058228827a4e8001c99c1af", "platform": {"name": "BNB Smart Chain (BEP20)", "coin": {"id": "1839", "name": "BNB", "symbol": "BNB", "slug": "bnb"}}}], "self_reported_circulating_supply": NaN, "self_reported_tags": ["Collectibles & NFTs", "Decentralized Exchange (DEX) Token", "DeFi", "Staking", "DAO", "Binance Coin"], "self_reported_market_cap": NaN}, {"id": 19668, "name": "Astronaut", "symbol": "ASTRO", "category": "token", "description": "Astronaut (ASTRO) is a cryptocurrency launched in 2022and operates on the BNB Smart Chain (BEP20) platform. Astronaut has a current supply of 0. The last known price of Astronaut is 0.0019377 USD and is up 0.00 over the last 24 hours. More information can be found at https://astronaut.guru.", "slug": "astronaut-guru", "logo": "https://s2.coinmarketcap.com/static/img/coins/64x64/19668.png", "subreddit": "", "notice": "", "tags": null, "tag-names": null, "tag-groups": null, "urls": {"website": ["https://astronaut.guru"], "twitter": ["https://twitter.com/astronaut_guru"], "message_board": [], "chat": ["https://t.me/astronaut_guru"], "facebook": [], "explorer": ["https://bscscan.com/token/0x013073a454537b4c0a7364a7fc93d278f0aa8f73"], "reddit": [], "technical_doc": ["https://astronaut.guru/Whitepaper.pdf"], "source_code": [], "announcement": []}, "platform": {"id": "1839", "name": "BNB", "slug": "bnb", "symbol": "BNB", "token_address": "0x013073a454537B4C0a7364A7fc93d278F0aA8f73"}, "date_added": "2022-04-21T07:02:34.000Z", "twitter_username": "astronaut_guru", "is_hidden": 0, "date_launched": "2022-04-13T00:00:00.000Z", "contract_address": [{"contract_address": "0x013073a454537B4C0a7364A7fc93d278F0aA8f73", "platform": {"name": "BNB Smart Chain (BEP20)", "coin": {"id": "1839", "name": "BNB", "symbol": "BNB", "slug": "bnb"}}}], "self_reported_circulating_supply": 10000000000.0, "self_reported_tags": null, "self_reported_market_cap": 19376982.09679873}, {"id": 19716, "name": "100 Days Ventures", "symbol": "ASTRO", "category": "token", "description": "100 Days Ventures (ASTRO) is a cryptocurrency launched in 2022and operates on the Avalanche C-Chain platform. 100 Days Ventures has a current supply of 1,000,000,000 with 0 in circulation. The last known price of 100 Days Ventures is 0.00000079 USD and is up 0.00 over the last 24 hours. More information can be found at https://100daysventures.com/.", "slug": "100-days-ventures", "logo": "https://s2.coinmarketcap.com/static/img/coins/64x64/19716.png", "subreddit": "", "notice": "", "tags": null, "tag-names": null, "tag-groups": null, "urls": {"website": ["https://100daysventures.com/"], "twitter": ["https://twitter.com/100Daysventures"], "message_board": [], "chat": ["https://discord.gg/100daysventures"], "facebook": [], "explorer": ["https://snowtrace.io/token/0x6d2f5dBf3a7396FCe32CfE406Aef7a8AFF812Fbb"], "reddit": [], "technical_doc": ["https://100-days-1.gitbook.io/whitepaper/"], "source_code": [], "announcement": []}, "platform": {"id": "5805", "name": "Avalanche", "slug": "avalanche", "symbol": "AVAX", "token_address": "0x6d2f5dBf3a7396FCe32CfE406Aef7a8AFF812Fbb"}, "date_added": "2022-04-22T09:11:53.000Z", "twitter_username": "100Daysventures", "is_hidden": 0, "date_launched": "2022-04-21T00:00:00.000Z", "contract_address": [{"contract_address": "0x6d2f5dBf3a7396FCe32CfE406Aef7a8AFF812Fbb", "platform": {"name": "Avalanche C-Chain", "coin": {"id": "5805", "name": "Avalanche", "symbol": "AVAX", "slug": "avalanche"}}}], "self_reported_circulating_supply": NaN, "self_reported_tags": null, "self_reported_market_cap": NaN}]