[{"id": 13539, "name": "Asuka Inu", "symbol": "ASUKA", "category": "token", "description": "Asuka Inu (ASUKA) is a cryptocurrency and operates on the Ethereum platform. Asuka Inu has a current supply of 0. The last known price of Asuka Inu is 0.00027115 USD and is down -0.87 over the last 24 hours. More information can be found at https://asukainu.com/.", "slug": "asuka-inu", "logo": "https://s2.coinmarketcap.com/static/img/coins/64x64/13539.png", "subreddit": "", "notice": "", "tags": ["memes", "doggone-doggerel"], "tag-names": ["Memes", "Doggone Doggerel"], "tag-groups": ["INDUSTRY", "CATEGORY"], "urls": {"website": ["https://asukainu.com/"], "twitter": [], "message_board": [], "chat": ["https://t.me/AsukaInu"], "facebook": [], "explorer": ["https://etherscan.io/token/0x6864174805aa892c6049c79bc3d9ea7666a4e022"], "reddit": [], "technical_doc": [], "source_code": [], "announcement": []}, "platform": {"id": "1027", "name": "Ethereum", "slug": "ethereum", "symbol": "ETH", "token_address": "0x6864174805aa892c6049c79bc3d9ea7666a4e022"}, "date_added": "2021-10-29T08:04:37.000Z", "twitter_username": "", "is_hidden": 0, "date_launched": null, "contract_address": [{"contract_address": "0x6864174805aa892c6049c79bc3d9ea7666a4e022", "platform": {"name": "Ethereum", "coin": {"id": "1027", "name": "Ethereum", "symbol": "ETH", "slug": "ethereum"}}}], "self_reported_circulating_supply": null, "self_reported_tags": null, "self_reported_market_cap": null}]