[{"id": 20483, "name": "Athos Finance", "symbol": "ATH", "category": "token", "description": "Athos Finance (ATH) is a cryptocurrency launched in 2022and operates on the Moonbeam platform. Athos Finance has a current supply of 100,000,000 with 0 in circulation. The last known price of Athos Finance is 0.18237775 USD and is down -7.24 over the last 24 hours. It is currently trading on 2 active market(s) with $10,129.62 traded over the last 24 hours. More information can be found at https://athos.finance/.", "slug": "athos-finance", "logo": "https://s2.coinmarketcap.com/static/img/coins/64x64/20483.png", "subreddit": "", "notice": "", "tags": null, "tag-names": null, "tag-groups": null, "urls": {"website": ["https://athos.finance/"], "twitter": ["https://twitter.com/Athos_Finance"], "message_board": [], "chat": ["https://discord.gg/tHAhkgg4ad"], "facebook": [], "explorer": ["https://moonscan.io/token/0xcbabee0658725b5b21e1512244734a5d5c6b51d6"], "reddit": [], "technical_doc": [], "source_code": [], "announcement": []}, "platform": {"id": "6836", "name": "Moonbeam", "slug": "moonbeam", "symbol": "GLMR", "token_address": "0xcbabee0658725b5b21e1512244734a5d5c6b51d6"}, "date_added": "2022-06-07T01:31:26.000Z", "twitter_username": "Athos_Finance", "is_hidden": 0, "date_launched": "2022-08-12T00:00:00.000Z", "contract_address": [{"contract_address": "0xcbabee0658725b5b21e1512244734a5d5c6b51d6", "platform": {"name": "Moonbeam", "coin": {"id": "6836", "name": "Moonbeam", "symbol": "GLMR", "slug": "moonbeam"}}}], "self_reported_circulating_supply": 10627916.653332047, "self_reported_tags": null, "self_reported_market_cap": 1938215.7160722238}, {"id": 19005, "name": "Athens", "symbol": "ATH", "category": "token", "description": "Athens (ATH) is a cryptocurrency launched in 2022and operates on the Ethereum platform. Athens has a current supply of 0. The last known price of Athens is 2.22918388 USD and is up 6.70 over the last 24 hours. It is currently trading on 3 active market(s) with $8,741.13 traded over the last 24 hours. More information can be found at https://governance.stormx.io/.", "slug": "athens", "logo": "https://s2.coinmarketcap.com/static/img/coins/64x64/19005.png", "subreddit": "", "notice": "", "tags": null, "tag-names": null, "tag-groups": null, "urls": {"website": ["https://governance.stormx.io/"], "twitter": ["https://twitter.com/stormxio"], "message_board": [], "chat": ["https://discord.com/invite/2vqkRUX58D"], "facebook": [], "explorer": ["https://etherscan.io/token/0x2f9411088cef82fd9fb904eb8092f28eb485c8f6"], "reddit": [], "technical_doc": [], "source_code": [], "announcement": []}, "platform": {"id": "1027", "name": "Ethereum", "slug": "ethereum", "symbol": "ETH", "token_address": "0x2f9411088cef82fd9fb904eb8092f28eb485c8f6"}, "date_added": "2022-03-23T09:37:06.000Z", "twitter_username": "stormxio", "is_hidden": 0, "date_launched": "2022-03-21T00:00:00.000Z", "contract_address": [{"contract_address": "0x2f9411088cef82fd9fb904eb8092f28eb485c8f6", "platform": {"name": "Ethereum", "coin": {"id": "1027", "name": "Ethereum", "symbol": "ETH", "slug": "ethereum"}}}], "self_reported_circulating_supply": 650000.0, "self_reported_tags": null, "self_reported_market_cap": 1448992.446441291}, {"id": 21432, "name": "AETHR", "symbol": "ATH", "category": "token", "description": "AETHR (ATH) is a cryptocurrency launched in 2022and operates on the BNB Smart Chain (BEP20) platform. AETHR has a current supply of 790,000,000 with 0 in circulation. The last known price of AETHR is 0.00137755 USD and is down -15.79 over the last 24 hours. It is currently trading on 2 active market(s) with $371.46 traded over the last 24 hours. More information can be found at https://aethr.world/.", "slug": "aethr", "logo": "https://s2.coinmarketcap.com/static/img/coins/64x64/21432.png", "subreddit": "", "notice": "", "tags": null, "tag-names": null, "tag-groups": null, "urls": {"website": ["https://aethr.world/", "https://market.aethr.world/"], "twitter": ["https://twitter.com/AethrWorld"], "message_board": [], "chat": ["https://t.me/aethrworld", "https://discord.io/aethrworld"], "facebook": [], "explorer": ["https://bscscan.com/token/0x261C94f2d3CcCAE76f86F6C8F2C93785DD6cE022"], "reddit": [], "technical_doc": ["https://docs.aethr.world/"], "source_code": [], "announcement": ["https://t.me/aethrofficialannouncements"]}, "platform": {"id": "1839", "name": "BNB", "slug": "bnb", "symbol": "BNB", "token_address": "0x261C94f2d3CcCAE76f86F6C8F2C93785DD6cE022"}, "date_added": "2022-08-17T15:00:41.000Z", "twitter_username": "AethrWorld", "is_hidden": 0, "date_launched": "2022-07-02T00:00:00.000Z", "contract_address": [{"contract_address": "0x261C94f2d3CcCAE76f86F6C8F2C93785DD6cE022", "platform": {"name": "BNB Smart Chain (BEP20)", "coin": {"id": "1839", "name": "BNB", "symbol": "BNB", "slug": "bnb"}}}], "self_reported_circulating_supply": 3350000.0, "self_reported_tags": null, "self_reported_market_cap": 4619.806274514946}, {"id": 3447, "name": "Atheios", "symbol": "ATH", "category": "coin", "description": "Atheios (ATH) is a cryptocurrency . Users are able to generate ATH through the process of mining. Atheios has a current supply of 52,399,088 with 47,618,993.85 in circulation. The last known price of Atheios is 0.00039818 USD and is up 0.00 over the last 24 hours. More information can be found at https://www.atheios.org/.", "slug": "atheios", "logo": "https://s2.coinmarketcap.com/static/img/coins/64x64/3447.png", "subreddit": "Atheios", "notice": "", "tags": ["mineable"], "tag-names": ["Mineable"], "tag-groups": ["OTHERS"], "urls": {"website": ["https://www.atheios.org/"], "twitter": ["https://twitter.com/atheiosofficial"], "message_board": ["https://medium.com/@atheiosteam"], "chat": ["https://discord.gg/6m9pewq"], "facebook": [], "explorer": ["https://explorer.atheios.org/"], "reddit": ["https://reddit.com/r/Atheios"], "technical_doc": [], "source_code": ["https://github.com/athofficial"], "announcement": ["https://bitcointalk.org/index.php?topic=3444373.0"]}, "platform": null, "date_added": "2018-10-15T00:00:00.000Z", "twitter_username": "atheiosofficial", "is_hidden": 0, "date_launched": null, "contract_address": [], "self_reported_circulating_supply": NaN, "self_reported_tags": null, "self_reported_market_cap": NaN}, {"id": 12362, "name": "AetherV2", "symbol": "ATH", "category": "token", "description": "AetherV2 (ATH) is a cryptocurrency launched in 2021and operates on the BNB Smart Chain (BEP20) platform. AetherV2 has a current supply of 0. The last known price of AetherV2 is 0.00008182 USD and is up 0.00 over the last 24 hours. More information can be found at https://aetheruniverse.com/.", "slug": "aetherv2", "logo": "https://s2.coinmarketcap.com/static/img/coins/64x64/12362.png", "subreddit": "AETHERv2", "notice": "", "tags": null, "tag-names": null, "tag-groups": null, "urls": {"website": ["https://aetheruniverse.com/"], "twitter": ["https://twitter.com/Aether_Crypto"], "message_board": ["https://medium.com/@Aether_Crypto", "https://www.facebook.com/cryptoaether/"], "chat": ["https://t.me/aetheruniverse", "https://discord.gg/9Yt6gE9Z"], "facebook": [], "explorer": ["https://bscscan.com/token/0x6d3a0fb0070ea61f901ebc0b675c30450acac737"], "reddit": ["https://reddit.com/r/AETHERv2"], "technical_doc": [], "source_code": ["https://github.com/psabadac/aetherv2"], "announcement": ["https://bitcointalk.org/index.php?topic=5361326.new#new"]}, "platform": {"id": "1839", "name": "BNB", "slug": "bnb", "symbol": "BNB", "token_address": "0x6d3a0fb0070ea61f901ebc0b675c30450acac737"}, "date_added": "2021-10-05T21:06:20.000Z", "twitter_username": "Aether_Crypto", "is_hidden": 0, "date_launched": "2021-09-21T00:00:00.000Z", "contract_address": [{"contract_address": "0x6d3a0fb0070ea61f901ebc0b675c30450acac737", "platform": {"name": "BNB Smart Chain (BEP20)", "coin": {"id": "1839", "name": "BNB", "symbol": "BNB", "slug": "bnb"}}}], "self_reported_circulating_supply": 688810492.0, "self_reported_tags": null, "self_reported_market_cap": 56356.580965126595}, {"id": 17180, "name": "Athena Money", "symbol": "ATH", "category": "token", "description": "Athena Money (ATH) is a cryptocurrency and operates on the Moonriver platform. Athena Money has a current supply of 131 with 0 in circulation. The last known price of Athena Money is 4.66887806 USD and is up 0.00 over the last 24 hours. More information can be found at https://www.athenamoney.org.", "slug": "athena-money", "logo": "https://s2.coinmarketcap.com/static/img/coins/64x64/17180.png", "subreddit": "", "notice": "", "tags": ["moonriver-ecosystem"], "tag-names": ["Moonriver Ecosystem"], "tag-groups": ["CATEGORY"], "urls": {"website": ["https://www.athenamoney.org"], "twitter": ["https://twitter.com/AthenaMoneyOrg"], "message_board": [], "chat": ["https://discord.gg/RQBwMqSKSK"], "facebook": [], "explorer": ["https://blockscout.moonriver.moonbeam.network/tokens/0xa8E472b1446E6d9Fb97A9478e5BC13fF1815e730/token-transfers", "https://moonriver.moonscan.io/token/0xa8E472b1446E6d9Fb97A9478e5BC13fF1815e730"], "reddit": [], "technical_doc": [], "source_code": [], "announcement": []}, "platform": {"id": "9285", "name": "Moonriver", "slug": "moonriver", "symbol": "MOVR", "token_address": "0xa8e472b1446e6d9fb97a9478e5bc13ff1815e730"}, "date_added": "2022-01-12T06:03:34.000Z", "twitter_username": "AthenaMoneyOrg", "is_hidden": 0, "date_launched": null, "contract_address": [{"contract_address": "0xa8e472b1446e6d9fb97a9478e5bc13ff1815e730", "platform": {"name": "Moonriver", "coin": {"id": "9285", "name": "Moonriver", "symbol": "MOVR", "slug": "moonriver"}}}], "self_reported_circulating_supply": NaN, "self_reported_tags": null, "self_reported_market_cap": NaN}]