[{"id": 11212, "name": "Star Atlas", "symbol": "ATLAS", "category": "token", "description": "Star Atlas (ATLAS) is a cryptocurrency launched in 2021and operates on the Ethereum platform. Star Atlas has a current supply of 36,000,000,000 with 9,803,356,511 in circulation. The last known price of Star Atlas is 0.00270451 USD and is down -2.22 over the last 24 hours. It is currently trading on 38 active market(s) with $930,443.07 traded over the last 24 hours. More information can be found at https://staratlas.com.", "slug": "star-atlas", "logo": "https://s2.coinmarketcap.com/static/img/coins/64x64/11212.png", "subreddit": "staratlas", "notice": "", "tags": ["collectibles-nfts", "gaming", "solana-ecosystem", "metaverse", "petrock-capital-portfolio", "play-to-earn"], "tag-names": ["Collectibles & NFTs", "Gaming", "Solana Ecosystem", "Metaverse", "PetRock Capital Portfolio", "Play To Earn"], "tag-groups": ["CATEGORY", "INDUSTRY", "PLATFORM", "CATEGORY", "CATEGORY", "CATEGORY"], "urls": {"website": ["https://staratlas.com", "https://play.staratlas.com"], "twitter": ["https://twitter.com/staratlas"], "message_board": ["https://medium.com/star-atlas", "https://staratlas.com/economics-paper.pdf"], "chat": ["https://discord.gg/staratlas", "https://t.me/staratlasgame"], "facebook": ["https://www.facebook.com/StarAtlasMMO"], "explorer": ["https://explorer.solana.com/address/ATLASXmbPQxBUYbxPsV97usA3fPQYEqzQBUHgiFCUsXx", "https://etherscan.io/token/0xb9F747162AB1E95d07361f9048BcDF6eDdA9eEA7", "https://bscscan.com/token/0x83850D97018f665EB746FBb8f18351e977d1b0D6", "https://finder.terra.money/mainnet/address/terra1rg8f993m9834afwazersesgx7jjxv4p87q9wvc"], "reddit": ["https://reddit.com/r/staratlas"], "technical_doc": ["https://staratlas.com/white-paper.pdf"], "source_code": [], "announcement": []}, "platform": {"id": "1027", "name": "Ethereum", "slug": "ethereum", "symbol": "ETH", "token_address": "0xb9F747162AB1E95d07361f9048BcDF6eDdA9eEA7"}, "date_added": "2021-08-11T00:00:00.000Z", "twitter_username": "staratlas", "is_hidden": 0, "date_launched": "2021-08-26T00:00:00.000Z", "contract_address": [{"contract_address": "0xb9F747162AB1E95d07361f9048BcDF6eDdA9eEA7", "platform": {"name": "Ethereum", "coin": {"id": "1027", "name": "Ethereum", "symbol": "ETH", "slug": "ethereum"}}}, {"contract_address": "0x83850D97018f665EB746FBb8f18351e977d1b0D6", "platform": {"name": "BNB Smart Chain (BEP20)", "coin": {"id": "1839", "name": "BNB", "symbol": "BNB", "slug": "bnb"}}}, {"contract_address": "ATLASXmbPQxBUYbxPsV97usA3fPQYEqzQBUHgiFCUsXx", "platform": {"name": "Solana", "coin": {"id": "5426", "name": "Solana", "symbol": "SOL", "slug": "solana"}}}, {"contract_address": "terra1rg8f993m9834afwazersesgx7jjxv4p87q9wvc", "platform": {"name": "Terra Classic", "coin": {"id": "4172", "name": "Terra Classic", "symbol": "LUNC", "slug": "terra-luna"}}}], "self_reported_circulating_supply": NaN, "self_reported_tags": ["Art", "VR/AR", "Collectibles & NFTs", "DeFi", "Gaming", "Entertainment", "Solana Ecosystem", "Metaverse", "Hedera Hashgraph Ecosystem", "Play To Earn"], "self_reported_market_cap": NaN}, {"id": 22178, "name": "Atlas FC Fan Token", "symbol": "ATLAS", "category": "token", "description": "Atlas FC Fan Token (ATLAS) is a cryptocurrency and operates on the Chiliz platform. Atlas FC Fan Token has a current supply of 10,000,000 with 0 in circulation. The last known price of Atlas FC Fan Token is 0.87705032 USD and is down -6.20 over the last 24 hours. It is currently trading on 1 active market(s) with $159.47 traded over the last 24 hours. More information can be found at https://www.chiliz.net/.", "slug": "atlas-fc-fan-token", "logo": "https://s2.coinmarketcap.com/static/img/coins/64x64/22178.png", "subreddit": "", "notice": "", "tags": null, "tag-names": null, "tag-groups": null, "urls": {"website": ["https://www.chiliz.net/"], "twitter": ["https://twitter.com/Chiliz"], "message_board": [], "chat": ["https://bit.ly/Chilizens", "https://medium.com/chiliz"], "facebook": [], "explorer": ["https://explorer.chiliz.com/tokens/0xaEe46bCeF74Dc9E079Ca52481E6109aC82006caB/token-transfers"], "reddit": [], "technical_doc": [], "source_code": [], "announcement": []}, "platform": {"id": "4066", "name": "Chiliz", "slug": "chiliz", "symbol": "CHZ", "token_address": "0xaee46bcef74dc9e079ca52481e6109ac82006cab"}, "date_added": "2022-10-13T08:21:59.000Z", "twitter_username": "Chiliz", "is_hidden": 0, "date_launched": null, "contract_address": [{"contract_address": "0xaee46bcef74dc9e079ca52481e6109ac82006cab", "platform": {"name": "Chiliz", "coin": {"id": "4066", "name": "Chiliz", "symbol": "CHZ", "slug": "chiliz"}}}], "self_reported_circulating_supply": NaN, "self_reported_tags": null, "self_reported_market_cap": NaN}, {"id": 21593, "name": "THE ATLAS COIN", "symbol": "ATLAS", "category": "token", "description": "THE ATLAS COIN (ATLAS) is a cryptocurrency launched in 2022and operates on the BNB Smart Chain (BEP20) platform. THE ATLAS COIN has a current supply of 10,008,573.73 with 0 in circulation. The last known price of THE ATLAS COIN is 0.00000057 USD and is up 5.85 over the last 24 hours. It is currently trading on 1 active market(s) with $2.45 traded over the last 24 hours. More information can be found at https://www.theatlascoin.io.", "slug": "the-atlas-coin", "logo": "https://s2.coinmarketcap.com/static/img/coins/64x64/21593.png", "subreddit": "", "notice": "", "tags": null, "tag-names": null, "tag-groups": null, "urls": {"website": ["https://www.theatlascoin.io"], "twitter": ["https://twitter.com/theatlascoin"], "message_board": [], "chat": ["https://t.me/petoverse", "https://discord.gg/ykkmnScBv8"], "facebook": [], "explorer": ["https://bscscan.com/token/0x804c1d39789403aC52C42B2aCc999BacF929d778"], "reddit": [], "technical_doc": ["https://atlas-coin.gitbook.io/the-atlas-project/"], "source_code": [], "announcement": []}, "platform": {"id": "1839", "name": "BNB", "slug": "bnb", "symbol": "BNB", "token_address": "0x804c1d39789403aC52C42B2aCc999BacF929d778"}, "date_added": "2022-08-27T16:56:04.000Z", "twitter_username": "theatlascoin", "is_hidden": 0, "date_launched": "2022-08-24T00:00:00.000Z", "contract_address": [{"contract_address": "0x804c1d39789403aC52C42B2aCc999BacF929d778", "platform": {"name": "BNB Smart Chain (BEP20)", "coin": {"id": "1839", "name": "BNB", "symbol": "BNB", "slug": "bnb"}}}], "self_reported_circulating_supply": 10008573.73, "self_reported_tags": null, "self_reported_market_cap": 5.703081599941987}, {"id": 15211, "name": "Atlantis", "symbol": "ATLAS", "category": "token", "description": "Atlantis (ATLAS) is a cryptocurrency launched in 2021and operates on the BNB Smart Chain (BEP20) platform. Atlantis has a current supply of 0. The last known price of Atlantis is 0.07153429 USD and is up -0.00 over the last 24 hours. It is currently trading on 3 active market(s) with $0.00 traded over the last 24 hours. More information can be found at https://atlantis.autoshark.finance/.", "slug": "atlantis", "logo": "https://s2.coinmarketcap.com/static/img/coins/64x64/15211.png", "subreddit": "AutoSharkOfficial", "notice": "", "tags": null, "tag-names": null, "tag-groups": null, "urls": {"website": ["https://atlantis.autoshark.finance/"], "twitter": ["https://twitter.com/AutoSharkFin"], "message_board": ["https://medium.com/autosharkfin"], "chat": ["https://t.me/AutoSharkFinance"], "facebook": [], "explorer": ["https://bscscan.com/token/0xcf87Ccf958d728f50d8ae5E4f15Bc4cA5733cDf5"], "reddit": ["https://reddit.com/r/AutoSharkOfficial"], "technical_doc": [], "source_code": [], "announcement": ["https://t.me/AutoSharkAnn"]}, "platform": {"id": "1839", "name": "BNB", "slug": "bnb", "symbol": "BNB", "token_address": "0xcf87Ccf958d728f50d8ae5E4f15Bc4cA5733cDf5"}, "date_added": "2021-11-26T05:17:34.000Z", "twitter_username": "AutoSharkFin", "is_hidden": 0, "date_launched": "2021-11-20T00:00:00.000Z", "contract_address": [{"contract_address": "0xcf87Ccf958d728f50d8ae5E4f15Bc4cA5733cDf5", "platform": {"name": "BNB Smart Chain (BEP20)", "coin": {"id": "1839", "name": "BNB", "symbol": "BNB", "slug": "bnb"}}}], "self_reported_circulating_supply": NaN, "self_reported_tags": null, "self_reported_market_cap": NaN}, {"id": 17056, "name": "Atlas Cloud", "symbol": "ATLAS", "category": "token", "description": "Atlas Cloud (ATLAS) is a cryptocurrency and operates on the Fantom platform. Atlas Cloud has a current supply of 1,022,840 with 0 in circulation. The last known price of Atlas Cloud is 0.00013224 USD and is up 0.00 over the last 24 hours. More information can be found at https://atlascloud.network/.", "slug": "atlas-cloud", "logo": "https://s2.coinmarketcap.com/static/img/coins/64x64/17056.png", "subreddit": "", "notice": "", "tags": ["fantom-ecosystem"], "tag-names": ["Fantom Ecosystem"], "tag-groups": ["PLATFORM"], "urls": {"website": ["https://atlascloud.network/"], "twitter": ["https://twitter.com/AtlasCloud__"], "message_board": ["https://medium.com/@Atlas.Cloud"], "chat": ["https://discord.gg/RXarxAsc"], "facebook": [], "explorer": ["https://ftmscan.com/token/0x92df3eaBf7c1c2A6b3D5793f6d53778eA78c48b2"], "reddit": [], "technical_doc": [], "source_code": [], "announcement": []}, "platform": {"id": "3513", "name": "Fantom", "slug": "fantom", "symbol": "FTM", "token_address": "0x92df3eaBf7c1c2A6b3D5793f6d53778eA78c48b2"}, "date_added": "2022-01-10T04:59:42.000Z", "twitter_username": "AtlasCloud__", "is_hidden": 0, "date_launched": null, "contract_address": [{"contract_address": "0x92df3eaBf7c1c2A6b3D5793f6d53778eA78c48b2", "platform": {"name": "Fantom", "coin": {"id": "3513", "name": "Fantom", "symbol": "FTM", "slug": "fantom"}}}], "self_reported_circulating_supply": NaN, "self_reported_tags": null, "self_reported_market_cap": NaN}]