[{"id": 3927, "name": "Atlas Token", "symbol": "ATLS", "category": "token", "description": "Atlas Token (ATLS) is a cryptocurrency and operates on the Ethereum platform. Atlas Token has a current supply of 875,000,000 with 0 in circulation. The last known price of Atlas Token is 0.00561532 USD and is up 6.02 over the last 24 hours. More information can be found at https://atlas.world/.", "slug": "atlas-token", "logo": "https://s2.coinmarketcap.com/static/img/coins/64x64/3927.png", "subreddit": "AtlasEcosystem", "notice": "", "tags": ["tourism"], "tag-names": ["Tourism"], "tag-groups": ["CATEGORY"], "urls": {"website": ["https://atlas.world/"], "twitter": ["https://twitter.com/AtlasEcosystem"], "message_board": [], "chat": ["https://t.me/AtlasAnn"], "facebook": [], "explorer": ["https://etherscan.io/token/0xd36e9f8f194a47b10af16c7656a68eba1dfe88e4", "https://ethplorer.io/address/0xd36e9f8f194a47b10af16c7656a68eba1dfe88e4"], "reddit": ["https://reddit.com/r/AtlasEcosystem"], "technical_doc": ["https://atlas.world/viewer/whitepaper.html"], "source_code": [], "announcement": []}, "platform": {"id": "1027", "name": "Ethereum", "slug": "ethereum", "symbol": "ETH", "token_address": "0xd36e9f8f194a47b10af16c7656a68eba1dfe88e4"}, "date_added": "2019-05-09T00:00:00.000Z", "twitter_username": "AtlasEcosystem", "is_hidden": 0, "date_launched": null, "contract_address": [{"contract_address": "0xd36e9f8f194a47b10af16c7656a68eba1dfe88e4", "platform": {"name": "Ethereum", "coin": {"id": "1027", "name": "Ethereum", "symbol": "ETH", "slug": "ethereum"}}}], "self_reported_circulating_supply": NaN, "self_reported_tags": null, "self_reported_market_cap": NaN}, {"id": 18831, "name": "Atlantis Finance", "symbol": "ATLS", "category": "token", "description": "Atlantis Finance (ATLS) is a cryptocurrency launched in 2022and operates on the BNB Smart Chain (BEP20) platform. Atlantis Finance has a current supply of 4,093,411,160 with 0 in circulation. The last known price of Atlantis Finance is 0.00121583 USD and is down -5.33 over the last 24 hours. More information can be found at https://atlantisfi.io/.", "slug": "atlantis-finance", "logo": "https://s2.coinmarketcap.com/static/img/coins/64x64/18831.png", "subreddit": "", "notice": "The smart contract for following token contains variable tax rate function - this open the opportunity for contract owners to modify contract behaviour (ie. change fees, or transfer tokens). Please exercise with extra caution if you are investing in this token.", "tags": null, "tag-names": null, "tag-groups": null, "urls": {"website": ["https://atlantisfi.io/"], "twitter": ["https://twitter.com/atlantisfi"], "message_board": [], "chat": ["https://t.me/atlantisfi", "https://discord.com/invite/xrVmfJZ25F"], "facebook": [], "explorer": ["https://bscscan.com/token/0xc7ddf690942b74171f7e3763baf260b686516bc0"], "reddit": [], "technical_doc": ["https://atlantisfi.gitbook.io/docs/"], "source_code": ["https://github.com/AtlantisFi/Token"], "announcement": []}, "platform": {"id": "1839", "name": "BNB", "slug": "bnb", "symbol": "BNB", "token_address": "0xC7dDF690942b74171F7e3763baf260B686516bc0"}, "date_added": "2022-03-15T17:18:10.000Z", "twitter_username": "atlantisfi", "is_hidden": 0, "date_launched": "2022-03-09T00:00:00.000Z", "contract_address": [{"contract_address": "0xC7dDF690942b74171F7e3763baf260B686516bc0", "platform": {"name": "BNB Smart Chain (BEP20)", "coin": {"id": "1839", "name": "BNB", "symbol": "BNB", "slug": "bnb"}}}], "self_reported_circulating_supply": 4093411160.0, "self_reported_tags": null, "self_reported_market_cap": 4976911.459592131}]