[{"id": 5227, "name": "Atletico De Madrid Fan Token", "symbol": "ATM", "category": "token", "description": "Atletico De Madrid Fan Token (ATM) is a cryptocurrency and operates on the Chiliz platform. Atletico De Madrid Fan Token has a current supply of 10,000,000 with 2,784,424 in circulation. The last known price of Atletico De Madrid Fan Token is 2.27566381 USD and is down -0.91 over the last 24 hours. It is currently trading on 30 active market(s) with $1,461,926.76 traded over the last 24 hours. More information can be found at https://www.socios.com/atletico-de-madrid/.", "slug": "atletico-de-madrid-fan-token", "logo": "https://s2.coinmarketcap.com/static/img/coins/64x64/5227.png", "subreddit": "", "notice": "", "tags": ["sports", "fan-token", "soccer"], "tag-names": ["Sports", "Fan Token", "Soccer"], "tag-groups": ["INDUSTRY", "CATEGORY", "CATEGORY"], "urls": {"website": ["https://www.socios.com/atletico-de-madrid/"], "twitter": ["https://twitter.com/socios"], "message_board": ["https://medium.com/socios"], "chat": [], "facebook": [], "explorer": ["https://explorer.chiliz.com/address/0x4c3E460b8e8285DE57c8B1B2B688847B995B71D6/transactions"], "reddit": [], "technical_doc": [], "source_code": [], "announcement": []}, "platform": {"id": "4066", "name": "Chiliz", "slug": "chiliz", "symbol": "CHZ", "token_address": "0x4c3E460b8e8285DE57c8B1B2B688847B995B71D6"}, "date_added": "2020-02-13T00:00:00.000Z", "twitter_username": "socios", "is_hidden": 0, "date_launched": null, "contract_address": [{"contract_address": "0x4c3E460b8e8285DE57c8B1B2B688847B995B71D6", "platform": {"name": "Chiliz", "coin": {"id": "4066", "name": "Chiliz", "symbol": "CHZ", "slug": "chiliz"}}}], "self_reported_circulating_supply": 2784424.0, "self_reported_tags": null, "self_reported_market_cap": 6353216.985411831}, {"id": 2015, "name": "ATMChain", "symbol": "ATM", "category": "token", "description": "ATMChain (ATM) is a cryptocurrency and operates on the Ethereum platform. ATMChain has a current supply of 10,000,000,000 with 4,660,285,459.8 in circulation. The last known price of ATMChain is 0.0001299 USD and is up 1.44 over the last 24 hours. More information can be found at https://www.atmchain.io/.", "slug": "attention-token-of-media", "logo": "https://s2.coinmarketcap.com/static/img/coins/64x64/2015.png", "subreddit": "atmchain", "notice": "", "tags": ["platform", "payments"], "tag-names": ["Platform", "Payments"], "tag-groups": ["CATEGORY", "INDUSTRY"], "urls": {"website": ["https://www.atmchain.io/"], "twitter": ["https://twitter.com/ATMChainDev"], "message_board": [], "chat": [], "facebook": [], "explorer": ["https://etherscan.io/token/0x9B11EFcAAA1890f6eE52C6bB7CF8153aC5d74139", "https://ethplorer.io/address/0x9b11efcaaa1890f6ee52c6bb7cf8153ac5d74139"], "reddit": ["https://reddit.com/r/atmchain"], "technical_doc": ["https://static.atmchain.io/static/english/ATMChain_Whitepaper(Genesis_Edition).pdf"], "source_code": [], "announcement": []}, "platform": {"id": "1027", "name": "Ethereum", "slug": "ethereum", "symbol": "ETH", "token_address": "0x9B11EFcAAA1890f6eE52C6bB7CF8153aC5d74139"}, "date_added": "2017-10-04T00:00:00.000Z", "twitter_username": "ATMChainDev", "is_hidden": 0, "date_launched": null, "contract_address": [{"contract_address": "0x9B11EFcAAA1890f6eE52C6bB7CF8153aC5d74139", "platform": {"name": "Ethereum", "coin": {"id": "1027", "name": "Ethereum", "symbol": "ETH", "slug": "ethereum"}}}], "self_reported_circulating_supply": NaN, "self_reported_tags": null, "self_reported_market_cap": NaN}, {"id": 20560, "name": "Athos Meta", "symbol": "ATM", "category": "token", "description": "Athos Meta is the \u201cbiological son\u201d of the Athos Meta Capital. Possessing a diverse ecosystem and experienced human resources, Athos Meta will surprise investors with its certainty, transparency, and long-term profits.\r\n\r\nBorn in early 2022. Athos Meta is a decentralized blockchain and orients itself to be the first ecosystem owning 5 spectacular areas: Auto Bot Trade, Farming, Staking, Gaming and Betting that brings maximum profit to investors and holders. \u201cThe money will be automatically generated and be returned to your wallet constantly - said of Athos Meta - Sebastian Spencer. We are transparent in finance and in every step of our team. We strive to improve our ecosystem along with KYC and audit, hoping investors feel secure when accompanying Athos Meta.", "slug": "athos-meta", "logo": "https://s2.coinmarketcap.com/static/img/coins/64x64/20560.png", "subreddit": "AthosMeta", "notice": "", "tags": null, "tag-names": null, "tag-groups": null, "urls": {"website": ["https://athos-meta.io/", "https://athos-meta.io/app"], "twitter": ["https://twitter.com/AthosMeta"], "message_board": ["https://medium.com/@AthosMeta"], "chat": ["https://t.me/AthosMetaBSC", "https://t.me/AthosMeta"], "facebook": [], "explorer": ["https://bscscan.com/token/0xF02b31b0B6dCabd579e41A0250288608FA43F898"], "reddit": ["https://reddit.com/r/AthosMeta"], "technical_doc": ["https://athos-meta.io/Whitepaper.pdf"], "source_code": ["https://github.com/AthosMeta"], "announcement": []}, "platform": {"id": "1839", "name": "BNB", "slug": "bnb", "symbol": "BNB", "token_address": "0xF02b31b0B6dCabd579e41A0250288608FA43F898"}, "date_added": "2022-06-11T16:39:30.000Z", "twitter_username": "AthosMeta", "is_hidden": 0, "date_launched": "2022-09-14T00:00:00.000Z", "contract_address": [{"contract_address": "0xF02b31b0B6dCabd579e41A0250288608FA43F898", "platform": {"name": "BNB Smart Chain (BEP20)", "coin": {"id": "1839", "name": "BNB", "symbol": "BNB", "slug": "bnb"}}}], "self_reported_circulating_supply": 100500000.0, "self_reported_tags": null, "self_reported_market_cap": 0.0}, {"id": 20945, "name": "AstroMoon", "symbol": "ATM", "category": "token", "description": "AstroMoon (ATM) is a cryptocurrency launched in 2022. AstroMoon has a current supply of 1,000,000,000 with 0 in circulation. The last known price of AstroMoon is 0.00002216 USD and is down -51.54 over the last 24 hours. More information can be found at https://astromoon.cc/.", "slug": "astromoon", "logo": "https://s2.coinmarketcap.com/static/img/coins/64x64/20945.png", "subreddit": "", "notice": "Smart contract of the following asset can be modified by the contract creator (for example: disable selling, change fees, mint new tokens, or transfer tokens). Please exercise caution before taking any action and DYOR", "tags": null, "tag-names": null, "tag-groups": null, "urls": {"website": ["https://astromoon.cc/"], "twitter": ["https://twitter.com/Astromoon_BSC"], "message_board": ["https://medium.com/@astromoonbsc"], "chat": ["https://t.me/astromoon_bsc"], "facebook": [], "explorer": ["https://bscscan.com/token/0xafa90f2d09a83a19e34def8b6d4481aa109c0929"], "reddit": [], "technical_doc": ["https://astromoon.cc/docs/Whitepaper_ATM_v1.0.pdf"], "source_code": ["https://github.com/AstromoonBSC/Contract"], "announcement": []}, "platform": null, "date_added": "2022-07-12T05:39:16.000Z", "twitter_username": "Astromoon_BSC", "is_hidden": 0, "date_launched": "2022-07-05T00:00:00.000Z", "contract_address": [], "self_reported_circulating_supply": 1000000000.0, "self_reported_tags": null, "self_reported_market_cap": 22161.471963366173}]