[{"id": 3794, "name": "Cosmos", "symbol": "ATOM", "category": "coin", "description": "Cosmos (ATOM) is a cryptocurrency . Cosmos has a current supply of 0 with 286,370,297 in circulation. The last known price of Cosmos is 9.34430064 USD and is up 0.59 over the last 24 hours. It is currently trading on 381 active market(s) with $103,270,948.72 traded over the last 24 hours. More information can be found at https://cosmos.network/.", "slug": "cosmos", "logo": "https://s2.coinmarketcap.com/static/img/coins/64x64/3794.png", "subreddit": "cosmosnetwork", "notice": "", "tags": ["platform", "cosmos-ecosystem", "content-creation", "interoperability", "polychain-capital-portfolio", "dragonfly-capital-portfolio", "hashkey-capital-portfolio", "1confirmation-portfolio", "paradigm-portfolio", "exnetwork-capital-portfolio", "injective-ecosystem"], "tag-names": ["Platform", "Cosmos Ecosystem", "Content Creation", "Interoperability", "Polychain Capital Portfolio", "DragonFly Capital Portfolio", "Hashkey Capital Portfolio", "1Confirmation Portfolio", "Paradigm Portfolio", "Exnetwork Capital Portfolio", "Injective Ecosystem"], "tag-groups": ["CATEGORY", "INDUSTRY", "INDUSTRY", "CATEGORY", "CATEGORY", "CATEGORY", "CATEGORY", "CATEGORY", "CATEGORY", "CATEGORY", "PLATFORM"], "urls": {"website": ["https://cosmos.network/"], "twitter": ["https://twitter.com/cosmos"], "message_board": ["https://blog.cosmos.network/", "https://forum.cosmos.network/"], "chat": ["https://t.me/cosmosproject"], "facebook": [], "explorer": ["https://www.mintscan.io/", "https://atomscan.com", "https://atom.tokenview.com/en", "https://bscscan.com/token/0x0eb3a705fc54725037cc9e008bdede697f62f335", "https://etherscan.io/address/0x8D983cb9388EaC77af0474fA441C4815500Cb7BB"], "reddit": ["https://reddit.com/r/cosmosnetwork"], "technical_doc": ["https://cosmos.network/resources/whitepaper"], "source_code": ["https://github.com/cosmos"], "announcement": []}, "platform": {"id": "1839", "name": "BNB", "slug": "bnb", "symbol": "BNB", "token_address": "0x0eb3a705fc54725037cc9e008bdede697f62f335"}, "date_added": "2019-03-14T00:00:00.000Z", "twitter_username": "cosmos", "is_hidden": 0, "date_launched": null, "contract_address": [{"contract_address": "0x0eb3a705fc54725037cc9e008bdede697f62f335", "platform": {"name": "BNB Smart Chain (BEP20)", "coin": {"id": "1839", "name": "BNB", "symbol": "BNB", "slug": "bnb"}}}, {"contract_address": "IBC/27394FB092D2ECCD56123C74F36E4C1F926001CEADA9CA97EA622B25F41E5EB2", "platform": {"name": "Cosmos", "coin": {"id": "3794", "name": "Cosmos", "symbol": "ATOM", "slug": "cosmos"}}}, {"contract_address": "0x8D983cb9388EaC77af0474fA441C4815500Cb7BB", "platform": {"name": "Ethereum", "coin": {"id": "1027", "name": "Ethereum", "symbol": "ETH", "slug": "ethereum"}}}, {"contract_address": "0xac51C4c48Dc3116487eD4BC16542e27B5694Da1b", "platform": {"name": "Polygon", "coin": {"id": "3890", "name": "Polygon", "symbol": "MATIC", "slug": "polygon"}}}, {"contract_address": "0xb888d8dd1733d72681b30c00ee76bde93ae7aa93", "platform": {"name": "Cronos", "coin": {"id": "3635", "name": "Cronos", "symbol": "CRO", "slug": "cronos"}}}, {"contract_address": "0xecEEEfCEE421D8062EF8d6b4D814efe4dc898265", "platform": {"name": "Canto", "coin": {"id": "21516", "name": "CANTO", "symbol": "CANTO", "slug": "canto"}}}], "self_reported_circulating_supply": null, "self_reported_tags": ["Cosmos", "Interoperability", "Scaling", "Staking", "Platform"], "self_reported_market_cap": null}, {"id": 1420, "name": "Atomic Coin", "symbol": "ATOM", "category": "coin", "description": "Atomic Coin (ATOM) is a cryptocurrency . Users are able to generate ATOM through the process of mining. Atomic Coin has a current supply of 18,554,847.3005747. The last known price of Atomic Coin is 0.00014288 USD and is up 0.00 over the last 24 hours. More information can be found at https://www.atomicproject.org/.", "slug": "atomic-coin", "logo": "https://s2.coinmarketcap.com/static/img/coins/64x64/1420.png", "subreddit": "AtomicCoin", "notice": "", "tags": ["mineable", "hybrid-pow-pos", "scrypt"], "tag-names": ["Mineable", "Hybrid - PoW & PoS", "Scrypt"], "tag-groups": ["OTHERS", "ALGORITHM", "ALGORITHM"], "urls": {"website": ["https://www.atomicproject.org/"], "twitter": ["https://twitter.com/AtomcoinProject"], "message_board": ["https://forum.atomicproject.org/"], "chat": [], "facebook": [], "explorer": ["https://chainz.cryptoid.info/atom/"], "reddit": ["https://reddit.com/r/AtomicCoin"], "technical_doc": [], "source_code": [], "announcement": ["https://bitcointalk.org/index.php?topic=1712672"]}, "platform": null, "date_added": "2016-10-09T00:00:00.000Z", "twitter_username": "AtomcoinProject", "is_hidden": 0, "date_launched": null, "contract_address": [], "self_reported_circulating_supply": null, "self_reported_tags": null, "self_reported_market_cap": null}]