[{"id": 7395, "name": "Atari Token", "symbol": "ATRI", "category": "token", "description": "Atari Token (ATRI) is a cryptocurrency launched in 2020and operates on the Ethereum platform. Atari Token has a current supply of 1,975,082,183 with 1,481,092,185 in circulation. The last known price of Atari Token is 0.00230042 USD and is up 9.01 over the last 24 hours. It is currently trading on 47 active market(s) with $1,603.15 traded over the last 24 hours. More information can be found at https://www.atarichain.com/.", "slug": "atari-token", "logo": "https://s2.coinmarketcap.com/static/img/coins/64x64/7395.png", "subreddit": "AtariChain", "notice": "", "tags": ["gambling", "collectibles-nfts", "gaming", "ethereum-ecosystem", "metaverse", "polygon-ecosystem", "fantom-ecosystem", "bnb-chain"], "tag-names": ["Gambling", "Collectibles & NFTs", "Gaming", "Ethereum Ecosystem", "Metaverse", "Polygon Ecosystem", "Fantom Ecosystem", "BNB Chain"], "tag-groups": ["INDUSTRY", "CATEGORY", "INDUSTRY", "PLATFORM", "CATEGORY", "PLATFORM", "PLATFORM", "PLATFORM"], "urls": {"website": ["https://www.atarichain.com/"], "twitter": ["https://twitter.com/atari"], "message_board": [], "chat": ["https://t.me/AtariTokenOfficial", "https://discord.gg/ataritoken"], "facebook": [], "explorer": ["https://etherscan.io/token/0xdacd69347de42babfaecd09dc88958378780fb62", "https://ethplorer.io/address/0xdacd69347de42babfaecd09dc88958378780fb62"], "reddit": ["https://reddit.com/r/AtariChain"], "technical_doc": ["https://atarichain.com/documents/atari-white-paper.pdf"], "source_code": [], "announcement": []}, "platform": {"id": "1027", "name": "Ethereum", "slug": "ethereum", "symbol": "ETH", "token_address": "0xdacD69347dE42baBfAEcD09dC88958378780FB62"}, "date_added": "2020-10-30T00:00:00.000Z", "twitter_username": "atari", "is_hidden": 0, "date_launched": "2020-10-29T00:00:00.000Z", "contract_address": [{"contract_address": "0xdacD69347dE42baBfAEcD09dC88958378780FB62", "platform": {"name": "Ethereum", "coin": {"id": "1027", "name": "Ethereum", "symbol": "ETH", "slug": "ethereum"}}}, {"contract_address": "0xc0c6e4c6e70c6231b20979bda581a66f062a7967", "platform": {"name": "BNB Smart Chain (BEP20)", "coin": {"id": "1839", "name": "BNB", "symbol": "BNB", "slug": "bnb"}}}, {"contract_address": "0x818ec0a7fe18ff94269904fced6ae3dae6d6dc0b", "platform": {"name": "Fantom", "coin": {"id": "3513", "name": "Fantom", "symbol": "FTM", "slug": "fantom"}}}, {"contract_address": "0xb140665dde25c644c6b418e417c930de8a8a6ac9", "platform": {"name": "Polygon", "coin": {"id": "3890", "name": "Polygon", "symbol": "MATIC", "slug": "polygon"}}}], "self_reported_circulating_supply": null, "self_reported_tags": ["Metaverse"], "self_reported_market_cap": null}]