[{"id": 17418, "name": "Atlas DEX", "symbol": "ATS", "category": "token", "description": "Atlas DEX (ATS) is a cryptocurrency launched in 2022and operates on the Solana platform. Atlas DEX has a current supply of 250,000,000 with 0 in circulation. The last known price of Atlas DEX is 0.01277473 USD and is down -18.82 over the last 24 hours. It is currently trading on 7 active market(s) with $165,262.10 traded over the last 24 hours. More information can be found at https://atlasdex.finance.", "slug": "atlas-dex", "logo": "https://s2.coinmarketcap.com/static/img/coins/64x64/17418.png", "subreddit": "", "notice": "", "tags": ["avalanche-ecosystem", "solana-ecosystem", "polygon-ecosystem", "fantom-ecosystem", "bnb-chain"], "tag-names": ["Avalanche Ecosystem", "Solana Ecosystem", "Polygon Ecosystem", "Fantom Ecosystem", "BNB Chain"], "tag-groups": ["PLATFORM", "PLATFORM", "PLATFORM", "PLATFORM", "PLATFORM"], "urls": {"website": ["https://atlasdex.finance"], "twitter": ["https://twitter.com/atlas_dex"], "message_board": ["https://atlasdex.medium.com/"], "chat": ["https://discord.gg/atlasdex", "https://t.me/atlasdex_official"], "facebook": [], "explorer": ["https://solscan.io/token/HJbNXx2YMRxgfUJ6K4qeWtjatMK5KYQT1QnsCdDWywNv"], "reddit": [], "technical_doc": ["https://docs.atlasdex.finance/atlas/"], "source_code": ["https://github.com/atlas-dex"], "announcement": []}, "platform": {"id": "5426", "name": "Solana", "slug": "solana", "symbol": "SOL", "token_address": "HJbNXx2YMRxgfUJ6K4qeWtjatMK5KYQT1QnsCdDWywNv"}, "date_added": "2022-01-18T04:01:31.000Z", "twitter_username": "atlas_dex", "is_hidden": 0, "date_launched": "2022-01-24T00:00:00.000Z", "contract_address": [{"contract_address": "HJbNXx2YMRxgfUJ6K4qeWtjatMK5KYQT1QnsCdDWywNv", "platform": {"name": "Solana", "coin": {"id": "5426", "name": "Solana", "symbol": "SOL", "slug": "solana"}}}], "self_reported_circulating_supply": 10837536.0, "self_reported_tags": ["Platform", "Decentralized Exchange (DEX) Token", "DeFi", "DEX", "Solana Ecosystem"], "self_reported_market_cap": 139175.8917951894}, {"id": 2051, "name": "Authorship", "symbol": "ATS", "category": "token", "description": "Authorship (ATS) is a cryptocurrency and operates on the Ethereum platform. Authorship has a current supply of 100,000,000 with 99,971,428.1563 in circulation. The last known price of Authorship is 0 USD and is up 0.00 over the last 24 hours. More information can be found at http://authorship.com/.", "slug": "authorship", "logo": "https://s2.coinmarketcap.com/static/img/coins/64x64/2051.png", "subreddit": "", "notice": "", "tags": ["media", "content-creation"], "tag-names": ["Media", "Content Creation"], "tag-groups": ["INDUSTRY", "INDUSTRY"], "urls": {"website": ["http://authorship.com/"], "twitter": ["https://twitter.com/authorship_com"], "message_board": [], "chat": [], "facebook": [], "explorer": ["https://etherscan.io/token/0x2dAEE1AA61D60A252DC80564499A69802853583A", "https://ethplorer.io/address/0x2daee1aa61d60a252dc80564499a69802853583a"], "reddit": [], "technical_doc": ["https://view.joomag.com/authorship-white-paper-authorship-white-paper/0120750001501521493?short"], "source_code": [], "announcement": ["https://bitcointalk.org/index.php?topic=2058499.0"]}, "platform": {"id": "1027", "name": "Ethereum", "slug": "ethereum", "symbol": "ETH", "token_address": "0x2dAEE1AA61D60A252DC80564499A69802853583A"}, "date_added": "2017-10-14T00:00:00.000Z", "twitter_username": "authorship_com", "is_hidden": 0, "date_launched": null, "contract_address": [{"contract_address": "0x2dAEE1AA61D60A252DC80564499A69802853583A", "platform": {"name": "Ethereum", "coin": {"id": "1027", "name": "Ethereum", "symbol": "ETH", "slug": "ethereum"}}}], "self_reported_circulating_supply": NaN, "self_reported_tags": null, "self_reported_market_cap": NaN}]