[{"id": 2653, "name": "Auctus", "symbol": "AUC", "category": "token", "description": "Auctus (AUC) is a cryptocurrency and operates on the Ethereum platform. Auctus has a current supply of 65,829,630.62007512 with 57,109,580.4042059 in circulation. The last known price of Auctus is 0.0010308 USD and is down -1.34 over the last 24 hours. It is currently trading on 8 active market(s) with $0.46 traded over the last 24 hours. More information can be found at https://auctus.org/.", "slug": "auctus", "logo": "https://s2.coinmarketcap.com/static/img/coins/64x64/2653.png", "subreddit": "AuctusProject", "notice": "", "tags": ["defi", "derivatives", "options"], "tag-names": ["DeFi", "Derivatives", "Options"], "tag-groups": ["CATEGORY", "CATEGORY", "CATEGORY"], "urls": {"website": ["https://auctus.org/"], "twitter": ["https://twitter.com/AuctusProject"], "message_board": ["https://blog.auctus.org/"], "chat": ["https://t.me/AuctusProject", "https://chat.auctus.org/"], "facebook": [], "explorer": ["https://etherscan.io/token/0xc12d099be31567add4e4e4d0d45691c3f58f5663", "https://ethplorer.io/address/0xc12d099be31567add4e4e4d0d45691c3f58f5663"], "reddit": ["https://reddit.com/r/AuctusProject"], "technical_doc": ["https://dl.auctus.org/Auctus_Whitepaper.pdf"], "source_code": ["https://github.com/AuctusProject"], "announcement": ["https://bitcointalk.org/index.php?topic=2059117.0"]}, "platform": {"id": "1027", "name": "Ethereum", "slug": "ethereum", "symbol": "ETH", "token_address": "0xc12d099be31567add4e4e4d0d45691c3f58f5663"}, "date_added": "2018-04-20T00:00:00.000Z", "twitter_username": "AuctusProject", "is_hidden": 0, "date_launched": null, "contract_address": [{"contract_address": "0xc12d099be31567add4e4e4d0d45691c3f58f5663", "platform": {"name": "Ethereum", "coin": {"id": "1027", "name": "Ethereum", "symbol": "ETH", "slug": "ethereum"}}}], "self_reported_circulating_supply": null, "self_reported_tags": null, "self_reported_market_cap": null}, {"id": 6076, "name": "Afri Union Coin", "symbol": "AUC", "category": "token", "description": "Afri Union Coin (AUC) is a cryptocurrency and operates on the Ethereum platform. Afri Union Coin has a current supply of 0. The last known price of Afri Union Coin is 0.45008735 USD and is up 1.43 over the last 24 hours. More information can be found at https://afriunioncoin.info/.", "slug": "afri-union-coin", "logo": "https://s2.coinmarketcap.com/static/img/coins/64x64/6076.png", "subreddit": "None", "notice": "", "tags": null, "tag-names": null, "tag-groups": null, "urls": {"website": ["https://afriunioncoin.info/"], "twitter": [], "message_board": [], "chat": [], "facebook": [], "explorer": ["https://etherscan.io/token/0xbeea2890775889c7723e5c0b80527976803b5a99", "https://ethplorer.io/address/0xbeea2890775889c7723e5c0b80527976803b5a99"], "reddit": ["https://reddit.com/r/None"], "technical_doc": [], "source_code": [], "announcement": []}, "platform": {"id": "1027", "name": "Ethereum", "slug": "ethereum", "symbol": "ETH", "token_address": "0xbeea2890775889c7723e5c0b80527976803b5a99"}, "date_added": "2020-08-03T00:00:00.000Z", "twitter_username": "", "is_hidden": 0, "date_launched": null, "contract_address": [{"contract_address": "0xbeea2890775889c7723e5c0b80527976803b5a99", "platform": {"name": "Ethereum", "coin": {"id": "1027", "name": "Ethereum", "symbol": "ETH", "slug": "ethereum"}}}], "self_reported_circulating_supply": null, "self_reported_tags": null, "self_reported_market_cap": null}]