[{"id": 8602, "name": "Bounce Governance Token", "symbol": "AUCTION", "category": "token", "description": "Bounce Governance Token (AUCTION) is a cryptocurrency launched in 2020and operates on the Ethereum platform. Bounce Governance Token has a current supply of 2,083,955.597602 with 6,100,000 in circulation. The last known price of Bounce Governance Token is 3.8820474 USD and is down -1.33 over the last 24 hours. It is currently trading on 46 active market(s) with $860,790.50 traded over the last 24 hours. More information can be found at https://bounce.finance/.", "slug": "bounce-token", "logo": "https://s2.coinmarketcap.com/static/img/coins/64x64/8602.png", "subreddit": "", "notice": "", "tags": ["defi", "polkadot-ecosystem", "bounce-launchpad", "bnb-chain"], "tag-names": ["DeFi", "Polkadot Ecosystem", "Bounce Launchpad", "BNB Chain"], "tag-groups": ["CATEGORY", "PLATFORM", "CATEGORY", "PLATFORM"], "urls": {"website": ["https://bounce.finance/"], "twitter": ["https://twitter.com/bounce_finance"], "message_board": ["https://bouncefinance.medium.com/"], "chat": ["https://t.me/bounce_finance"], "facebook": [], "explorer": ["https://etherscan.io/token/0xa9b1eb5908cfc3cdf91f9b8b3a74108598009096", "https://ethplorer.io/address/0xa9b1eb5908cfc3cdf91f9b8b3a74108598009096"], "reddit": [], "technical_doc": ["https://docs.bounce.finance/"], "source_code": ["https://github.com/bouncefinance"], "announcement": ["https://t.me/bouncefinance"]}, "platform": {"id": "1027", "name": "Ethereum", "slug": "ethereum", "symbol": "ETH", "token_address": "0xa9b1eb5908cfc3cdf91f9b8b3a74108598009096"}, "date_added": "2021-02-26T00:00:00.000Z", "twitter_username": "bounce_finance", "is_hidden": 0, "date_launched": "2020-07-01T00:00:00.000Z", "contract_address": [{"contract_address": "0xa9b1eb5908cfc3cdf91f9b8b3a74108598009096", "platform": {"name": "Ethereum", "coin": {"id": "1027", "name": "Ethereum", "symbol": "ETH", "slug": "ethereum"}}}, {"contract_address": "0x48DC0190dF5ece990c649A7A07bA19D3650a9572", "platform": {"name": "BNB Smart Chain (BEP20)", "coin": {"id": "1839", "name": "BNB", "symbol": "BNB", "slug": "bnb"}}}], "self_reported_circulating_supply": 4000000, "self_reported_tags": ["Decentralized Exchange (DEX) Token", "DeFi", "DApp", "DEX", "Coinbase Ventures Portfolio", "Launchpad", "Binance Labs Portfolio", "Blockchain Capital Portfolio", "Pantera Capital Portfolio", "ParaFi Capital", "Bounce Launchpad", "Cross-Chain"], "self_reported_market_cap": 15526777.923098078}]