[{"id": 7455, "name": "Audius", "symbol": "AUDIO", "category": "token", "description": "Audius (AUDIO) is a cryptocurrency and operates on the Ethereum platform. Audius has a current supply of 1,141,350,641 with 929,742,732 in circulation. The last known price of Audius is 0.12553152 USD and is down -3.83 over the last 24 hours. It is currently trading on 118 active market(s) with $3,731,564.02 traded over the last 24 hours. More information can be found at https://audius.co/.", "slug": "audius", "logo": "https://s2.coinmarketcap.com/static/img/coins/64x64/7455.png", "subreddit": "", "notice": "", "tags": ["music", "dao", "coinbase-ventures-portfolio", "binance-labs-portfolio", "solana-ecosystem", "pantera-capital-portfolio", "multicoin-capital-portfolio", "web3"], "tag-names": ["Music", "DAO", "Coinbase Ventures Portfolio", "Binance Labs Portfolio", "Solana Ecosystem", "Pantera Capital Portfolio", "Multicoin Capital Portfolio", "Web3"], "tag-groups": ["INDUSTRY", "CATEGORY", "CATEGORY", "CATEGORY", "PLATFORM", "CATEGORY", "CATEGORY", "INDUSTRY"], "urls": {"website": ["https://audius.co/"], "twitter": ["https://twitter.com/AudiusProject"], "message_board": ["https://audiusproject.medium.com/"], "chat": ["https://discord.gg/yNUg2e2"], "facebook": [], "explorer": ["https://etherscan.io/token/0x18aaa7115705e8be94bffebde57af9bfc265b998", "https://blockscout.com/xdai/mainnet/tokens/0x8A95ea379E1Fa4C749dd0A7A21377162028C479e/token-transfers", "https://solscan.io/account/9LzCMqDgTKYz9Drzqnpgee3SGa89up3a247ypMj2xrqM"], "reddit": [], "technical_doc": [], "source_code": [], "announcement": []}, "platform": {"id": "1027", "name": "Ethereum", "slug": "ethereum", "symbol": "ETH", "token_address": "0x18aaa7115705e8be94bffebde57af9bfc265b998"}, "date_added": "2020-10-20T00:00:00.000Z", "twitter_username": "AudiusProject", "is_hidden": 0, "date_launched": null, "contract_address": [{"contract_address": "0x18aaa7115705e8be94bffebde57af9bfc265b998", "platform": {"name": "Ethereum", "coin": {"id": "1027", "name": "Ethereum", "symbol": "ETH", "slug": "ethereum"}}}, {"contract_address": "0x8A95ea379E1Fa4C749dd0A7A21377162028C479e", "platform": {"name": "Gnosis Chain", "coin": {"id": "1659", "name": "Gnosis", "symbol": "GNO", "slug": "gnosis-gno"}}}, {"contract_address": "9LzCMqDgTKYz9Drzqnpgee3SGa89up3a247ypMj2xrqM", "platform": {"name": "Solana", "coin": {"id": "5426", "name": "Solana", "symbol": "SOL", "slug": "solana"}}}], "self_reported_circulating_supply": NaN, "self_reported_tags": null, "self_reported_market_cap": NaN}, {"id": 22378, "name": "Listenify", "symbol": "AUDIO", "category": "token", "description": "Listenify (AUDIO) is a cryptocurrency launched in 2022and operates on the BNB Smart Chain (BEP20) platform. Listenify has a current supply of 80,000,000 with 0 in circulation. The last known price of Listenify is 0.0004748 USD and is up 0.00 over the last 24 hours. It is currently trading on 1 active market(s) with $0.00 traded over the last 24 hours. More information can be found at https://listenify.io/.", "slug": "listenify", "logo": "https://s2.coinmarketcap.com/static/img/coins/64x64/22378.png", "subreddit": "", "notice": "", "tags": null, "tag-names": null, "tag-groups": null, "urls": {"website": ["https://listenify.io/", "https://app.listenify.io/"], "twitter": ["https://twitter.com/Listenify_io"], "message_board": ["https://medium.com/@listenify.io", "https://www.instagram.com/listenify_io/"], "chat": ["https://t.me/Listenify_io", "https://t.me/ListenifyCN"], "facebook": [], "explorer": ["https://bscscan.com/token/0xb0B2d54802B018B393A0086a34DD4c1f26F3D073"], "reddit": [], "technical_doc": ["https://docs.listenify.io/"], "source_code": ["https://github.com/Listenify"], "announcement": ["https://t.me/ListenifyAnnounce"]}, "platform": {"id": "1839", "name": "BNB", "slug": "bnb", "symbol": "BNB", "token_address": "0xb0B2d54802B018B393A0086a34DD4c1f26F3D073"}, "date_added": "2022-10-25T05:27:56.000Z", "twitter_username": "Listenify_io", "is_hidden": 0, "date_launched": "2022-11-02T00:00:00.000Z", "contract_address": [{"contract_address": "0xb0B2d54802B018B393A0086a34DD4c1f26F3D073", "platform": {"name": "BNB Smart Chain (BEP20)", "coin": {"id": "1839", "name": "BNB", "symbol": "BNB", "slug": "bnb"}}}], "self_reported_circulating_supply": 80000000.0, "self_reported_tags": null, "self_reported_market_cap": 37984.18837216357}]