[{"id": 14803, "name": "Aurora", "symbol": "AURORA", "category": "token", "description": "Aurora (AURORA) is a cryptocurrency and operates on the Ethereum platform. Aurora has a current supply of 1,000,000,000 with 120,839,139 in circulation. The last known price of Aurora is 0.1570525 USD and is down -13.35 over the last 24 hours. It is currently trading on 35 active market(s) with $766,508.51 traded over the last 24 hours. More information can be found at https://aurora.dev/.", "slug": "aurora-near", "logo": "https://s2.coinmarketcap.com/static/img/coins/64x64/14803.png", "subreddit": "", "notice": "", "tags": ["okex-blockdream-ventures-portfolio", "injective-ecosystem"], "tag-names": ["OKEx Blockdream Ventures Portfolio", "Injective Ecosystem"], "tag-groups": ["CATEGORY", "PLATFORM"], "urls": {"website": ["https://aurora.dev/"], "twitter": ["https://twitter.com/auroraisnear"], "message_board": ["https://aurora.dev/blog", "https://auroraisnear.medium.com"], "chat": ["https://t.me/auroraisnear", "https://discord.gg/dEFJBz8HQV"], "facebook": [], "explorer": ["https://etherscan.io/token/0xaaaaaa20d9e0e2461697782ef11675f668207961", "https://ethplorer.io/address/0xaaaaaa20d9e0e2461697782ef11675f668207961"], "reddit": [], "technical_doc": ["https://doc.aurora.dev/"], "source_code": ["https://github.com/aurora-is-near/aurora-engine"], "announcement": []}, "platform": {"id": "1027", "name": "Ethereum", "slug": "ethereum", "symbol": "ETH", "token_address": "0xaaaaaa20d9e0e2461697782ef11675f668207961"}, "date_added": "2021-11-19T03:03:36.000Z", "twitter_username": "auroraisnear", "is_hidden": 0, "date_launched": null, "contract_address": [{"contract_address": "0xaaaaaa20d9e0e2461697782ef11675f668207961", "platform": {"name": "Ethereum", "coin": {"id": "1027", "name": "Ethereum", "symbol": "ETH", "slug": "ethereum"}}}, {"contract_address": "aaaaaa20d9e0e2461697782ef11675f668207961.factory.bridge.near", "platform": {"name": "Near", "coin": {"id": "6535", "name": "NEAR Protocol", "symbol": "NEAR", "slug": "near-protocol"}}}], "self_reported_circulating_supply": 10000000.0, "self_reported_tags": null, "self_reported_market_cap": 1574581.5238048872}, {"id": 10703, "name": "HyperAurora", "symbol": "AURORA", "category": "token", "description": "HyperJump is a community-driven cross chain project aiming to provide users with the best DeFi AMM, Farming and Vault experiences. With a focus on user security, our goal is to protect users from the exploits and rug pulls that run rampant through the DeFi Space.\n\nHyperJump began its journey in October 2020 with a unique, game-based, backdrop and \u201conly of its kind\u201d dual staking program called Mech Workshop where users stake one type of token for two different reward tokens.", "slug": "hyperjump-aurora", "logo": "https://s2.coinmarketcap.com/static/img/coins/64x64/10703.png", "subreddit": "", "notice": "", "tags": null, "tag-names": null, "tag-groups": null, "urls": {"website": ["https://hyperjump.fi"], "twitter": ["https://twitter.com/HyperJumpBSC"], "message_board": ["https://hyperjumpbsc.medium.com/"], "chat": ["https://instagram.com/hyperjumpbsc", "https://discord.com/invite/PDHCV6rWru"], "facebook": [], "explorer": ["https://ftmscan.com/token/0xbc2451aad349b6b43fd05f4f0cc327f8a6bca2d4"], "reddit": [], "technical_doc": ["https://docs.hyperjump.fi/"], "source_code": ["https://github.com/HyperJump-DeFi"], "announcement": []}, "platform": {"id": "3513", "name": "Fantom", "slug": "fantom", "symbol": "FTM", "token_address": "0xbc2451aad349b6b43fd05f4f0cc327f8a6bca2d4"}, "date_added": "2021-06-29T00:00:00.000Z", "twitter_username": "HyperJumpBSC", "is_hidden": 0, "date_launched": "2021-05-31T00:00:00.000Z", "contract_address": [{"contract_address": "0xbc2451aad349b6b43fd05f4f0cc327f8a6bca2d4", "platform": {"name": "Fantom", "coin": {"id": "3513", "name": "Fantom", "symbol": "FTM", "slug": "fantom"}}}], "self_reported_circulating_supply": NaN, "self_reported_tags": null, "self_reported_market_cap": NaN}, {"id": 11879, "name": "Arctic Finance", "symbol": "AURORA", "category": "token", "description": "Arctic Finance (AURORA) is a cryptocurrency launched in 2021and operates on the Avalanche C-Chain platform. Arctic Finance has a current supply of 4,438.952 with 0 in circulation. The last known price of Arctic Finance is 0.00067319 USD and is up 0.00 over the last 24 hours. More information can be found at https://www.arcticfinance.io.", "slug": "arctic-finance", "logo": "https://s2.coinmarketcap.com/static/img/coins/64x64/11879.png", "subreddit": "", "notice": "", "tags": null, "tag-names": null, "tag-groups": null, "urls": {"website": ["https://www.arcticfinance.io"], "twitter": ["https://twitter.com/arcticfi"], "message_board": [], "chat": ["https://t.me/arcticfi"], "facebook": [], "explorer": ["https://cchain.explorer.avax.network/tokens/0xA9D633A1ac5Aa995C5e4F7d915ADe1Be565A97e8/token-transfers"], "reddit": [], "technical_doc": [], "source_code": [], "announcement": []}, "platform": {"id": "5805", "name": "Avalanche", "slug": "avalanche", "symbol": "AVAX", "token_address": "0xA9D633A1ac5Aa995C5e4F7d915ADe1Be565A97e8"}, "date_added": "2021-09-14T19:02:52.000Z", "twitter_username": "arcticfi", "is_hidden": 0, "date_launched": "2021-09-13T00:00:00.000Z", "contract_address": [{"contract_address": "0xA9D633A1ac5Aa995C5e4F7d915ADe1Be565A97e8", "platform": {"name": "Avalanche C-Chain", "coin": {"id": "5805", "name": "Avalanche", "symbol": "AVAX", "slug": "avalanche"}}}], "self_reported_circulating_supply": NaN, "self_reported_tags": null, "self_reported_market_cap": NaN}]