[{"id": 11367, "name": "Aurory", "symbol": "AURY", "category": "token", "description": "Aurory (AURY) is a cryptocurrency launched in 2021and operates on the BNB Smart Chain (BEP20) platform. Aurory has a current supply of 100,000,000 with 9,600,000 in circulation. The last known price of Aurory is 0.65630303 USD and is down -0.84 over the last 24 hours. It is currently trading on 17 active market(s) with $14,131.30 traded over the last 24 hours. More information can be found at https://aurory.io/.", "slug": "aurory", "logo": "https://s2.coinmarketcap.com/static/img/coins/64x64/11367.png", "subreddit": "", "notice": "Please note that the BSC contract address on this page is a [wormhole address](https://github.com/certusone/wormhole-token-list/blob/main/content/by_source.csv), which are designed to facilitate cross-chain transactions of wrapped versions of this asset.", "tags": ["collectibles-nfts", "gaming", "solana-ecosystem", "metaverse", "play-to-earn", "skyvision-capital-portfolio"], "tag-names": ["Collectibles & NFTs", "Gaming", "Solana Ecosystem", "Metaverse", "Play To Earn", "SkyVision Capital Portfolio"], "tag-groups": ["CATEGORY", "INDUSTRY", "PLATFORM", "CATEGORY", "CATEGORY", "CATEGORY"], "urls": {"website": ["https://aurory.io/"], "twitter": ["https://twitter.com/AuroryProject"], "message_board": ["https://aurory.substack.com/", "https://auroryproject.medium.com/"], "chat": ["https://t.me/aurory_project", "https://discord.com/invite/6pwfrRtw2G"], "facebook": ["https://www.facebook.com/auroryproject"], "explorer": ["https://explorer.solana.com/address/AURYydfxJib1ZkTir1Jn1J9ECYUtjb6rKQVmtYaixWPP", "https://bscscan.com/token/0xF5a367b7809e5683538C93Ce638B9258A0B88271"], "reddit": [], "technical_doc": ["https://aurory.io/whitepaper.html"], "source_code": [], "announcement": []}, "platform": {"id": "1839", "name": "BNB", "slug": "bnb", "symbol": "BNB", "token_address": "0xF5a367b7809e5683538C93Ce638B9258A0B88271"}, "date_added": "2021-10-24T16:58:08.000Z", "twitter_username": "AuroryProject", "is_hidden": 0, "date_launched": "2021-10-19T00:00:00.000Z", "contract_address": [{"contract_address": "0xF5a367b7809e5683538C93Ce638B9258A0B88271", "platform": {"name": "BNB Smart Chain (BEP20)", "coin": {"id": "1839", "name": "BNB", "symbol": "BNB", "slug": "bnb"}}}, {"contract_address": "AURYydfxJib1ZkTir1Jn1J9ECYUtjb6rKQVmtYaixWPP", "platform": {"name": "Solana", "coin": {"id": "5426", "name": "Solana", "symbol": "SOL", "slug": "solana"}}}], "self_reported_circulating_supply": 15773783, "self_reported_tags": null, "self_reported_market_cap": 10352381.739364719}]