[{"id": 16886, "name": "AnchorUST", "symbol": "AUST", "category": "token", "description": "AnchorUST (AUST) is a cryptocurrency and operates on the Terra Classic platform. AnchorUST has a current supply of 0. The last known price of AnchorUST is 0.01437916 USD and is up 0.00 over the last 24 hours. More information can be found at https://anchorprotocol.com/.", "slug": "anchorust", "logo": "https://s2.coinmarketcap.com/static/img/coins/64x64/16886.png", "subreddit": "", "notice": "", "tags": ["terra-ecosystem"], "tag-names": ["Terra Ecosystem"], "tag-groups": ["CATEGORY"], "urls": {"website": ["https://anchorprotocol.com/"], "twitter": ["https://twitter.com/anchor_protocol"], "message_board": [], "chat": ["https://t.me/anchor_official", "https://discord.com/invite/9aUYgpKZ9c"], "facebook": [], "explorer": ["https://finder.terra.money/mainnet/address/terra1hzh9vpxhsk8253se0vv5jj6etdvxu3nv8z07zu"], "reddit": [], "technical_doc": [], "source_code": ["https://github.com/Anchor-Protocol"], "announcement": []}, "platform": {"id": "4172", "name": "Terra Classic", "slug": "terra-luna", "symbol": "LUNC", "token_address": "terra1hzh9vpxhsk8253se0vv5jj6etdvxu3nv8z07zu"}, "date_added": "2022-01-05T11:51:36.000Z", "twitter_username": "anchor_protocol", "is_hidden": 0, "date_launched": null, "contract_address": [{"contract_address": "terra1hzh9vpxhsk8253se0vv5jj6etdvxu3nv8z07zu", "platform": {"name": "Terra Classic", "coin": {"id": "4172", "name": "Terra Classic", "symbol": "LUNC", "slug": "terra-luna"}}}], "self_reported_circulating_supply": null, "self_reported_tags": null, "self_reported_market_cap": null}]