[{"id": 8387, "name": "Auto", "symbol": "AUTO", "category": "token", "description": "Auto (AUTO) is a cryptocurrency and operates on the BNB Smart Chain (BEP20) platform. Auto has a current supply of 53,002.53352229. The last known price of Auto is 219.35979986 USD and is down -2.69 over the last 24 hours. It is currently trading on 54 active market(s) with $3,410,921.07 traded over the last 24 hours. More information can be found at https://autofarm.network/.", "slug": "auto", "logo": "https://s2.coinmarketcap.com/static/img/coins/64x64/8387.png", "subreddit": "", "notice": "", "tags": ["defi", "yield-farming", "amm", "dex", "yield-aggregator", "heco-ecosystem", "polygon-ecosystem", "bnb-chain"], "tag-names": ["DeFi", "Yield Farming", "AMM", "DEX", "Yield Aggregator", "HECO Ecosystem", "Polygon Ecosystem", "BNB Chain"], "tag-groups": ["CATEGORY", "CATEGORY", "CATEGORY", "CATEGORY", "CATEGORY", "PLATFORM", "PLATFORM", "PLATFORM"], "urls": {"website": ["https://autofarm.network/"], "twitter": ["https://twitter.com/autofarmnetwork"], "message_board": ["https://autofarm-network.medium.com/"], "chat": ["https://t.me/autofarm_network"], "facebook": [], "explorer": ["https://bscscan.com/token/0xa184088a740c695e156f91f5cc086a06bb78b827"], "reddit": [], "technical_doc": ["https://autofarm.gitbook.io/autofarm-network/"], "source_code": ["https://github.com/autofarm-network/autofarmV2"], "announcement": []}, "platform": {"id": "1839", "name": "BNB", "slug": "bnb", "symbol": "BNB", "token_address": "0xa184088a740c695e156f91f5cc086a06bb78b827"}, "date_added": "2021-02-03T00:00:00.000Z", "twitter_username": "autofarmnetwork", "is_hidden": 0, "date_launched": null, "contract_address": [{"contract_address": "0xa184088a740c695e156f91f5cc086a06bb78b827", "platform": {"name": "BNB Smart Chain (BEP20)", "coin": {"id": "1839", "name": "BNB", "symbol": "BNB", "slug": "bnb"}}}], "self_reported_circulating_supply": null, "self_reported_tags": null, "self_reported_market_cap": null}, {"id": 2559, "name": "Cube", "symbol": "AUTO", "category": "token", "description": "Cube (AUTO) is a cryptocurrency and operates on the Ethereum platform. Cube has a current supply of 7,200,000,000 with 6,774,940,000 in circulation. The last known price of Cube is 0.00075112 USD and is down -0.16 over the last 24 hours. More information can be found at https://cubeint.io/.", "slug": "cube", "logo": "https://s2.coinmarketcap.com/static/img/coins/64x64/2559.png", "subreddit": "", "notice": "", "tags": ["cybersecurity"], "tag-names": ["Cybersecurity"], "tag-groups": ["INDUSTRY"], "urls": {"website": ["https://cubeint.io/"], "twitter": ["https://twitter.com/cubeintel"], "message_board": ["https://medium.com/@cubeintel", "https://cubeintelligenceltd.blogspot.com/"], "chat": ["https://t.me/joinchat/HEId7g9EFqAGkWqAtD67Hg"], "facebook": [], "explorer": ["https://etherscan.io/token/0x622dFfCc4e83C64ba959530A5a5580687a57581b", "https://ethplorer.io/address/0x622dffcc4e83c64ba959530a5a5580687a57581b"], "reddit": [], "technical_doc": ["https://www.cubeint.io/CUBEWhite_Paper-V1.3.pdf"], "source_code": [], "announcement": []}, "platform": {"id": "1027", "name": "Ethereum", "slug": "ethereum", "symbol": "ETH", "token_address": "0x622dFfCc4e83C64ba959530A5a5580687a57581b"}, "date_added": "2018-03-03T00:00:00.000Z", "twitter_username": "cubeintel", "is_hidden": 0, "date_launched": null, "contract_address": [{"contract_address": "0x622dFfCc4e83C64ba959530A5a5580687a57581b", "platform": {"name": "Ethereum", "coin": {"id": "1027", "name": "Ethereum", "symbol": "ETH", "slug": "ethereum"}}}], "self_reported_circulating_supply": null, "self_reported_tags": null, "self_reported_market_cap": null}]