[{"id": 2776, "name": "Travala.com", "symbol": "AVA", "category": "token", "description": "Travala.com (AVA) is a cryptocurrency launched in 2017and operates on the Ethereum platform. Travala.com has a current supply of 61,011,389 with 52,106,208.45994117 in circulation. The last known price of Travala.com is 0.53644558 USD and is up 0.22 over the last 24 hours. It is currently trading on 53 active market(s) with $823,266.00 traded over the last 24 hours. More information can be found at https://www.travala.com/.", "slug": "travala", "logo": "https://s2.coinmarketcap.com/static/img/coins/64x64/2776.png", "subreddit": "Travala", "notice": "", "tags": ["hospitality", "marketplace", "medium-of-exchange", "payments", "tourism", "fantom-ecosystem", "bnb-chain"], "tag-names": ["Hospitality", "Marketplace", "Medium of Exchange", "Payments", "Tourism", "Fantom Ecosystem", "BNB Chain"], "tag-groups": ["INDUSTRY", "INDUSTRY", "INDUSTRY", "INDUSTRY", "CATEGORY", "PLATFORM", "PLATFORM"], "urls": {"website": ["https://www.travala.com/", "https://book.travala.com/"], "twitter": ["https://twitter.com/travalacom"], "message_board": ["https://blog.travala.com/"], "chat": ["https://t.me/travala"], "facebook": ["https://www.facebook.com/travala"], "explorer": ["https://bscscan.com/token/0x13616f44ba82d63c8c0dc3ff843d36a8ec1c05a9", "https://explorer.binance.org/asset/AVA-645", "https://etherscan.io/token/0x442b153f6f61c0c99a33aa4170dcb31e1abda1d0"], "reddit": ["https://reddit.com/r/Travala"], "technical_doc": ["https://whitepaper.travala.com/"], "source_code": [], "announcement": ["https://t.me/Travala_announcements"]}, "platform": {"id": "1027", "name": "Ethereum", "slug": "ethereum", "symbol": "ETH", "token_address": "0x442b153f6f61c0c99a33aa4170dcb31e1abda1d0"}, "date_added": "2018-05-28T00:00:00.000Z", "twitter_username": "travalacom", "is_hidden": 0, "date_launched": "2017-10-01T00:00:00.000Z", "contract_address": [{"contract_address": "0x442b153f6f61c0c99a33aa4170dcb31e1abda1d0", "platform": {"name": "Ethereum", "coin": {"id": "1027", "name": "Ethereum", "symbol": "ETH", "slug": "ethereum"}}}, {"contract_address": "0x13616f44ba82d63c8c0dc3ff843d36a8ec1c05a9", "platform": {"name": "BNB Smart Chain (BEP20)", "coin": {"id": "1839", "name": "BNB", "symbol": "BNB", "slug": "bnb"}}}, {"contract_address": "AVA-645", "platform": {"name": "BNB Beacon Chain (BEP2)", "coin": {"id": "1839", "name": "BNB", "symbol": "BNB", "slug": "bnb"}}}], "self_reported_circulating_supply": null, "self_reported_tags": ["Hospitality", "Marketplace", "Collectibles & NFTs", "Discount Token", "Wallet", "Ethereum Ecosystem", "Binance Chain", "BNB Smart Chain", "Tourism", "Web3", "Token", "BNB Chain"], "self_reported_market_cap": null}, {"id": 22733, "name": "Avatly", "symbol": "AVA", "category": "token", "description": "Avatly (AVA) is a cryptocurrency launched in 2022and operates on the BNB Smart Chain (BEP20) platform. Avatly has a current supply of 1,000,000,000 with 166,027,500 in circulation. The last known price of Avatly is 0.00186712 USD and is down -6.21 over the last 24 hours. It is currently trading on 2 active market(s) with $203,039.07 traded over the last 24 hours. More information can be found at https://avatly.com/.", "slug": "avatly", "logo": "https://s2.coinmarketcap.com/static/img/coins/64x64/22733.png", "subreddit": "", "notice": "", "tags": null, "tag-names": null, "tag-groups": null, "urls": {"website": ["https://avatly.com/"], "twitter": ["https://twitter.com/Avatly_com"], "message_board": [], "chat": ["https://t.me/avatly_com"], "facebook": ["https://www.facebook.com/avatly"], "explorer": ["https://bscscan.com/token/0x83B79F74F225E8F9a29fC67CB1678e7909d7D73d"], "reddit": [], "technical_doc": ["https://avatly.com/whitepaper.pdf"], "source_code": [], "announcement": []}, "platform": {"id": "1839", "name": "BNB", "slug": "bnb", "symbol": "BNB", "token_address": "0x83B79F74F225E8F9a29fC67CB1678e7909d7D73d"}, "date_added": "2022-11-21T05:39:57.000Z", "twitter_username": "Avatly_com", "is_hidden": 0, "date_launched": "2022-11-20T00:00:00.000Z", "contract_address": [{"contract_address": "0x83B79F74F225E8F9a29fC67CB1678e7909d7D73d", "platform": {"name": "BNB Smart Chain (BEP20)", "coin": {"id": "1839", "name": "BNB", "symbol": "BNB", "slug": "bnb"}}}], "self_reported_circulating_supply": null, "self_reported_tags": null, "self_reported_market_cap": null}]