[{"id": 5805, "name": "Avalanche", "symbol": "AVAX", "category": "coin", "description": "Avalanche (AVAX) is a cryptocurrency launched in 2020. Avalanche has a current supply of 416,988,132.74122435 with 311,582,142.74122435 in circulation. The last known price of Avalanche is 10.70772547 USD and is down -4.11 over the last 24 hours. It is currently trading on 357 active market(s) with $128,905,315.19 traded over the last 24 hours. More information can be found at https://avax.network/.", "slug": "avalanche", "logo": "https://s2.coinmarketcap.com/static/img/coins/64x64/5805.png", "subreddit": "Avax", "notice": "", "tags": ["defi", "smart-contracts", "three-arrows-capital-portfolio", "polychain-capital-portfolio", "avalanche-ecosystem", "cms-holdings-portfolio", "dragonfly-capital-portfolio", "moonriver-ecosystem", "injective-ecosystem"], "tag-names": ["DeFi", "Smart Contracts", "Three Arrows Capital Portfolio", "Polychain Capital Portfolio", "Avalanche Ecosystem", "CMS Holdings Portfolio", "DragonFly Capital Portfolio", "Moonriver Ecosystem", "Injective Ecosystem"], "tag-groups": ["CATEGORY", "CATEGORY", "CATEGORY", "CATEGORY", "PLATFORM", "CATEGORY", "CATEGORY", "CATEGORY", "PLATFORM"], "urls": {"website": ["https://avax.network/", "https://www.avalabs.org/"], "twitter": ["https://twitter.com/AvalancheAVAX"], "message_board": ["https://medium.com/avalancheavax", "https://forum.avax.network"], "chat": ["https://t.me/avalancheavax", "https://chat.avax.network"], "facebook": ["https://www.facebook.com/avalancheavax"], "explorer": ["https://snowtrace.io/", "https://avascan.info/blockchain/x/asset/FvwEAhmxKfeiG8SnEvq42hc6whRyY3EFYAvebMqDNDGCgxN5Z", "https://explorer.avax.network/"], "reddit": ["https://reddit.com/r/Avax"], "technical_doc": ["https://www.avalabs.org/whitepapers"], "source_code": ["https://github.com/ava-labs/avalanchego"], "announcement": []}, "platform": {"id": "5805", "name": "Avalanche", "slug": "avalanche", "symbol": "AVAX", "token_address": "FvwEAhmxKfeiG8SnEvq42hc6whRyY3EFYAvebMqDNDGCgxN5Z"}, "date_added": "2020-07-13T00:00:00.000Z", "twitter_username": "AvalancheAVAX", "is_hidden": 0, "date_launched": "2020-09-21T00:00:00.000Z", "contract_address": [{"contract_address": "FvwEAhmxKfeiG8SnEvq42hc6whRyY3EFYAvebMqDNDGCgxN5Z", "platform": {"name": "Avalanche X-Chain", "coin": {"id": "5805", "name": "Avalanche", "symbol": "AVAX", "slug": "avalanche"}}}, {"contract_address": "0x1ce0c2827e2ef14d5c4f29a091d735a204794041", "platform": {"name": "BNB Smart Chain (BEP20)", "coin": {"id": "1839", "name": "BNB", "symbol": "BNB", "slug": "bnb"}}}, {"contract_address": "0x4792c1ecb969b036eb51330c63bd27899a13d84e", "platform": {"name": "Moonbeam", "coin": {"id": "6836", "name": "Moonbeam", "symbol": "GLMR", "slug": "moonbeam"}}}], "self_reported_circulating_supply": null, "self_reported_tags": ["PoS", "Art", "Government", "Health", "Platform", "Sports", "Enterprise Solutions", "Gaming", "Identity", "Interoperability", "Music", "Payments", "Scaling", "Smart Contracts", "Staking", "Polychain Capital Portfolio", "Avalanche Ecosystem", "CMS Holdings Portfolio", "DragonFly Capital Portfolio"], "self_reported_market_cap": null}]