[{"id": 1948, "name": "Aventus", "symbol": "AVT", "category": "token", "description": "Aventus (AVT) is a cryptocurrency launched in 2017and operates on the Ethereum platform. Aventus has a current supply of 10,000,000 with 6,000,000 in circulation. The last known price of Aventus is 1.16806853 USD and is down -0.02 over the last 24 hours. It is currently trading on 9 active market(s) with $25,301.69 traded over the last 24 hours. More information can be found at https://www.aventus.io/.", "slug": "aventus", "logo": "https://s2.coinmarketcap.com/static/img/coins/64x64/1948.png", "subreddit": "AventusOfficial", "notice": "", "tags": ["events", "enterprise-solutions", "loyalty", "ethereum-ecosystem", "layer-2"], "tag-names": ["Events", "Enterprise Solutions", "Loyalty", "Ethereum Ecosystem", "Layer 2"], "tag-groups": ["INDUSTRY", "INDUSTRY", "INDUSTRY", "PLATFORM", "CATEGORY"], "urls": {"website": ["https://www.aventus.io/"], "twitter": ["https://twitter.com/AventusNetwork"], "message_board": ["https://medium.com/aventus"], "chat": ["https://t.me/Aventus_Official"], "facebook": [], "explorer": ["https://etherscan.io/token/0x0d88ed6e74bbfd96b831231638b66c05571e824f", "https://ethplorer.io/address/0x0d88ed6e74bbfd96b831231638b66c05571e824f"], "reddit": ["https://reddit.com/r/AventusOfficial"], "technical_doc": ["https://www.aventus.io/wp-content/uploads/2022/08/Aventus_Whitepaper-May-2022-Update.pdf"], "source_code": ["https://github.com/AventusProtocolFoundation"], "announcement": ["https://bitcointalk.org/index.php?topic=1955231.0"]}, "platform": {"id": "1027", "name": "Ethereum", "slug": "ethereum", "symbol": "ETH", "token_address": "0x0d88ed6e74bbfd96b831231638b66c05571e824f"}, "date_added": "2017-09-06T00:00:00.000Z", "twitter_username": "AventusNetwork", "is_hidden": 0, "date_launched": "2017-09-06T00:00:00.000Z", "contract_address": [{"contract_address": "0x0d88ed6e74bbfd96b831231638b66c05571e824f", "platform": {"name": "Ethereum", "coin": {"id": "1027", "name": "Ethereum", "symbol": "ETH", "slug": "ethereum"}}}], "self_reported_circulating_supply": null, "self_reported_tags": ["DeFi", "Interoperability", "Smart Contracts", "Staking"], "self_reported_market_cap": null}, {"id": 13691, "name": "Artverse Token", "symbol": "AVT", "category": "token", "description": "Artverse Token (AVT) is a cryptocurrency and operates on the Ethereum platform. Artverse Token has a current supply of 21,000,000,000,000 with 0 in circulation. The last known price of Artverse Token is 0 USD and is up -0.00 over the last 24 hours. It is currently trading on 1 active market(s) with $0.00 traded over the last 24 hours. More information can be found at https://www.artverse.vip/.", "slug": "artverse-token", "logo": "https://s2.coinmarketcap.com/static/img/coins/64x64/13691.png", "subreddit": "", "notice": "", "tags": null, "tag-names": null, "tag-groups": null, "urls": {"website": ["https://www.artverse.vip/"], "twitter": ["https://twitter.com/TheArtVerse"], "message_board": [], "chat": ["https://t.me/joinchat/6-MBFWloAeBhZjc1"], "facebook": [], "explorer": ["https://etherscan.io/token/0x845576c64f9754cf09d87e45b720e82f3eef522c"], "reddit": [], "technical_doc": [], "source_code": [], "announcement": []}, "platform": {"id": "1027", "name": "Ethereum", "slug": "ethereum", "symbol": "ETH", "token_address": "0x845576c64f9754cf09d87e45b720e82f3eef522c"}, "date_added": "2021-11-01T12:20:01.000Z", "twitter_username": "TheArtVerse", "is_hidden": 0, "date_launched": null, "contract_address": [{"contract_address": "0x845576c64f9754cf09d87e45b720e82f3eef522c", "platform": {"name": "Ethereum", "coin": {"id": "1027", "name": "Ethereum", "symbol": "ETH", "slug": "ethereum"}}}], "self_reported_circulating_supply": null, "self_reported_tags": null, "self_reported_market_cap": null}]