[{"id": 19850, "name": "Avaxtars Token", "symbol": "AVXT", "category": "token", "description": "Avaxtars Token (AVXT) is a cryptocurrency launched in 2021and operates on the Avalanche C-Chain platform. Avaxtars Token has a current supply of 300,000,000 with 0 in circulation. The last known price of Avaxtars Token is 0.00019448 USD and is down -2.75 over the last 24 hours. It is currently trading on 9 active market(s) with $153.88 traded over the last 24 hours. More information can be found at https://avaxtars.com/.", "slug": "avaxtars-token", "logo": "https://s2.coinmarketcap.com/static/img/coins/64x64/19850.png", "subreddit": "Avaxtars", "notice": "Avaxstar(AVXT) token max supply has been increased to 1 billion from 1 million as a preventive measure. Find more details in their [announcement](https://avaxtars.medium.com/important-update-read-before-any-further-actions-fa6c11028a64).", "tags": ["collectibles-nfts", "gaming", "avalanche-ecosystem", "metaverse", "play-to-earn"], "tag-names": ["Collectibles & NFTs", "Gaming", "Avalanche Ecosystem", "Metaverse", "Play To Earn"], "tag-groups": ["CATEGORY", "INDUSTRY", "PLATFORM", "CATEGORY", "CATEGORY"], "urls": {"website": ["https://avaxtars.com/", "https://us.avaxtars.com/"], "twitter": ["https://twitter.com/Avaxtars_Game"], "message_board": ["https://avaxtars.medium.com/", "https://avaxtars.medium.com/avaxtars-tokens-explained-avxt-enxt-and-dgc-71d01a897080"], "chat": ["https://t.me/AvaxtarsGlobal", "https://discord.gg/n266eXd33H"], "facebook": [], "explorer": ["https://cchain.explorer.avax.network/address/0x397bBd6A0E41bdF4C3F971731E180Db8Ad06eBc1/transactions", "https://avascan.info/blockchain/c/address/0x397bbd6a0e41bdf4c3f971731e180db8ad06ebc1"], "reddit": ["https://reddit.com/r/Avaxtars"], "technical_doc": ["https://whitepaper.avaxtars.com/"], "source_code": [], "announcement": ["https://avaxtars.medium.com/"]}, "platform": {"id": "5805", "name": "Avalanche", "slug": "avalanche", "symbol": "AVAX", "token_address": "0x397bbd6a0e41bdf4c3f971731e180db8ad06ebc1"}, "date_added": "2021-10-06T01:29:50.000Z", "twitter_username": "Avaxtars_Game", "is_hidden": 0, "date_launched": "2021-05-30T00:00:00.000Z", "contract_address": [{"contract_address": "0x397bbd6a0e41bdf4c3f971731e180db8ad06ebc1", "platform": {"name": "Avalanche C-Chain", "coin": {"id": "5805", "name": "Avalanche", "symbol": "AVAX", "slug": "avalanche"}}}], "self_reported_circulating_supply": NaN, "self_reported_tags": null, "self_reported_market_cap": NaN}, {"id": 12367, "name": "Avaxtars Token", "symbol": "AVXT", "category": "token", "description": "Avaxtars Token (AVXT) is a cryptocurrency launched in 2021. Avaxtars Token has a current supply of 300,000,000 with 165,635 in circulation. The last known price of Avaxtars Token is 0.00304049 USD and is down -12.62 over the last 24 hours. More information can be found at https://avaxtars.com/.", "slug": "avaxtars", "logo": "https://s2.coinmarketcap.com/static/img/coins/64x64/12367.png", "subreddit": "Avaxtars", "notice": "Maximum Supply of AVXT Token has been increased to 1 billion from 1 million. Kindly proceed to the [new Avaxstars page](https://coinmarketcap.com/currencies/avaxtars-token) to find more.", "tags": ["collectibles-nfts", "gaming", "avalanche-ecosystem", "metaverse", "play-to-earn"], "tag-names": ["Collectibles & NFTs", "Gaming", "Avalanche Ecosystem", "Metaverse", "Play To Earn"], "tag-groups": ["CATEGORY", "INDUSTRY", "PLATFORM", "CATEGORY", "CATEGORY"], "urls": {"website": ["https://avaxtars.com/", "https://us.avaxtars.com/"], "twitter": ["https://twitter.com/Avaxtars_Game"], "message_board": ["https://avaxtars.medium.com/", "https://avaxtars.medium.com/avaxtars-tokens-explained-avxt-enxt-and-dgc-71d01a897080"], "chat": ["https://t.me/AvaxtarsGlobal", "https://discord.gg/n266eXd33H"], "facebook": [], "explorer": ["https://cchain.explorer.avax.network/address/0x397bBd6A0E41bdF4C3F971731E180Db8Ad06eBc1/transactions", "https://avascan.info/blockchain/c/address/0x397bbd6a0e41bdf4c3f971731e180db8ad06ebc1"], "reddit": ["https://reddit.com/r/Avaxtars"], "technical_doc": ["https://whitepaper.avaxtars.com/"], "source_code": [], "announcement": ["https://avaxtars.medium.com/"]}, "platform": null, "date_added": "2021-10-06T01:29:50.000Z", "twitter_username": "Avaxtars_Game", "is_hidden": 0, "date_launched": "2021-05-30T00:00:00.000Z", "contract_address": [], "self_reported_circulating_supply": 251287730.0, "self_reported_tags": null, "self_reported_market_cap": 764037.4628120129}]