[{"id": 6038, "name": "Aave WBTC", "symbol": "AWBTC", "category": "token", "description": "Aave WBTC (AWBTC) is a cryptocurrency and operates on the Ethereum platform. Aave WBTC has a current supply of 0. The last known price of Aave WBTC is 39,791.6825797 USD and is down -1.45 over the last 24 hours. More information can be found at https://aave.com/atokens.", "slug": "aave-wbtc", "logo": "https://s2.coinmarketcap.com/static/img/coins/64x64/6038.png", "subreddit": "Aave_Official", "notice": "", "tags": ["aave-tokens"], "tag-names": ["Aave Tokens"], "tag-groups": ["CATEGORY"], "urls": {"website": ["https://aave.com/atokens"], "twitter": ["https://twitter.com/aaveaave"], "message_board": ["https://medium.com/aave"], "chat": ["https://aave.com/discord"], "facebook": [], "explorer": ["https://etherscan.io/token/0xFC4B8ED459e00e5400be803A9BB3954234FD50e3", "https://ethplorer.io/address/0xFC4B8ED459e00e5400be803A9BB3954234FD50e3"], "reddit": ["https://reddit.com/r/Aave_Official"], "technical_doc": ["https://github.com/aave/aave-protocol/blob/master/docs/Aave_Protocol_Whitepaper_v1_0.pdf"], "source_code": ["https://github.com/aave"], "announcement": ["https://bitcointalk.org/index.php?topic=2090735.0"]}, "platform": {"id": "1027", "name": "Ethereum", "slug": "ethereum", "symbol": "ETH", "token_address": "0xFC4B8ED459e00e5400be803A9BB3954234FD50e3"}, "date_added": "2020-08-03T00:00:00.000Z", "twitter_username": "aaveaave", "is_hidden": 0, "date_launched": null, "contract_address": [{"contract_address": "0xFC4B8ED459e00e5400be803A9BB3954234FD50e3", "platform": {"name": "Ethereum", "coin": {"id": "1027", "name": "Ethereum", "symbol": "ETH", "slug": "ethereum"}}}], "self_reported_circulating_supply": null, "self_reported_tags": null, "self_reported_market_cap": null}]