[{"id": 3667, "name": "Atomic Wallet Coin", "symbol": "AWC", "category": "token", "description": "Atomic Wallet Coin (AWC) is a cryptocurrency and operates on the Ethereum platform. Atomic Wallet Coin has a current supply of 100,000,000 with 10,603,658.692008 in circulation. The last known price of Atomic Wallet Coin is 0.65915454 USD and is down -4.44 over the last 24 hours. It is currently trading on 4 active market(s) with $4,820.62 traded over the last 24 hours. More information can be found at https://atomicwallet.io/.", "slug": "atomic-wallet-coin", "logo": "https://s2.coinmarketcap.com/static/img/coins/64x64/3667.png", "subreddit": "atomicwallet", "notice": "", "tags": ["cosmos-ecosystem", "wallet", "injective-ecosystem"], "tag-names": ["Cosmos Ecosystem", "Wallet", "Injective Ecosystem"], "tag-groups": ["INDUSTRY", "CATEGORY", "PLATFORM"], "urls": {"website": ["https://atomicwallet.io/"], "twitter": ["https://twitter.com/atomicwallet"], "message_board": ["https://medium.com/atomic-wallet", "https://steemit.com/@atomicwallet"], "chat": ["https://t.me/atomicwalletchat"], "facebook": [], "explorer": ["https://etherscan.io/token/0xad22f63404f7305e4713ccbd4f296f34770513f4", "https://ethplorer.io/address/0xad22f63404f7305e4713ccbd4f296f34770513f4"], "reddit": ["https://reddit.com/r/atomicwallet"], "technical_doc": ["https://atomicwallet.io/download/atomicwallet-whitepaper.pdf"], "source_code": ["https://github.com/Atomicwallet"], "announcement": ["https://bitcointalk.org/index.php?topic=4437634.0"]}, "platform": {"id": "1027", "name": "Ethereum", "slug": "ethereum", "symbol": "ETH", "token_address": "0xad22f63404f7305e4713ccbd4f296f34770513f4"}, "date_added": "2019-01-04T00:00:00.000Z", "twitter_username": "atomicwallet", "is_hidden": 0, "date_launched": null, "contract_address": [{"contract_address": "0xad22f63404f7305e4713ccbd4f296f34770513f4", "platform": {"name": "Ethereum", "coin": {"id": "1027", "name": "Ethereum", "symbol": "ETH", "slug": "ethereum"}}}, {"contract_address": "0x798aF7725376765e7F3cA86d5e0Cf1BEaEf19F34", "platform": {"name": "BNB Smart Chain (BEP20)", "coin": {"id": "1839", "name": "BNB", "symbol": "BNB", "slug": "bnb"}}}], "self_reported_circulating_supply": null, "self_reported_tags": null, "self_reported_market_cap": null}]