[{"id": 8849, "name": "AXIS Token", "symbol": "AXIS", "category": "token", "description": "AXIS Token (AXIS) is a cryptocurrency launched in 2018and operates on the Ethereum platform. AXIS Token has a current supply of 1,500,000,000 with 320,303,188.40289 in circulation. The last known price of AXIS Token is 0.0051612 USD and is down -0.27 over the last 24 hours. It is currently trading on 4 active market(s) with $1,804.45 traded over the last 24 hours. More information can be found at https://axistoken.io/.", "slug": "axis-token", "logo": "https://s2.coinmarketcap.com/static/img/coins/64x64/8849.png", "subreddit": "", "notice": "", "tags": ["ethereum-ecosystem"], "tag-names": ["Ethereum Ecosystem"], "tag-groups": ["PLATFORM"], "urls": {"website": ["https://axistoken.io/", "https://laneaxis.com/"], "twitter": ["https://twitter.com/LaneAxisNetwork"], "message_board": ["https://laneaxis.medium.com/", "https://www.facebook.com/LaneAxisNetwork"], "chat": ["https://t.me/laneaxis", "https://discord.gg/6XK6WQaDwa"], "facebook": [], "explorer": ["https://etherscan.io/token/0xF0c5831EC3Da15f3696B4DAd8B21c7Ce2f007f28"], "reddit": [], "technical_doc": ["https://axistoken.io/TWP/AxisToken-Whitepaper.pdf"], "source_code": ["https://github.com/laneaxis"], "announcement": ["https://bitcointalk.org/index.php?action=profile;u=2032226"]}, "platform": {"id": "1027", "name": "Ethereum", "slug": "ethereum", "symbol": "ETH", "token_address": "0xF0c5831EC3Da15f3696B4DAd8B21c7Ce2f007f28"}, "date_added": "2021-03-17T00:00:00.000Z", "twitter_username": "LaneAxisNetwork", "is_hidden": 0, "date_launched": "2018-01-31T00:00:00.000Z", "contract_address": [{"contract_address": "0xF0c5831EC3Da15f3696B4DAd8B21c7Ce2f007f28", "platform": {"name": "Ethereum", "coin": {"id": "1027", "name": "Ethereum", "symbol": "ETH", "slug": "ethereum"}}}], "self_reported_circulating_supply": 322542354, "self_reported_tags": ["Logistics", "AI & Big Data", "IoT", "Ethereum Ecosystem"], "self_reported_market_cap": 1664706.4440879698}, {"id": 6670, "name": "Axis DeFi", "symbol": "AXIS", "category": "token", "description": "Axis DeFi (AXIS) is a cryptocurrency and operates on the Ethereum platform. Axis DeFi has a current supply of 24,000,000 with 2,084,401 in circulation. The last known price of Axis DeFi is 0.01996719 USD and is down -3.56 over the last 24 hours. It is currently trading on 10 active market(s) with $15,606.32 traded over the last 24 hours. More information can be found at https://axisdefi.com.", "slug": "axis-defi", "logo": "https://s2.coinmarketcap.com/static/img/coins/64x64/6670.png", "subreddit": "", "notice": "", "tags": null, "tag-names": null, "tag-groups": null, "urls": {"website": ["https://axisdefi.com"], "twitter": ["https://twitter.com/AxisDefi"], "message_board": [], "chat": ["https://t.me/axisdefi"], "facebook": [], "explorer": ["https://etherscan.io/token/0xecc0f1f860a82ab3b442382d93853c02d6384389", "https://ethplorer.io/address/0xecc0f1f860a82ab3b442382d93853c02d6384389"], "reddit": [], "technical_doc": ["https://axisdefi.com/wp-content/uploads/2020/08/AXIS-Whitepaper_Aug13.pdf"], "source_code": ["https://github.com/axisdefi"], "announcement": ["https://medium.com/axis-defi"]}, "platform": {"id": "1027", "name": "Ethereum", "slug": "ethereum", "symbol": "ETH", "token_address": "0xecc0f1f860a82ab3b442382d93853c02d6384389"}, "date_added": "2020-08-22T00:00:00.000Z", "twitter_username": "AxisDefi", "is_hidden": 0, "date_launched": null, "contract_address": [{"contract_address": "0xecc0f1f860a82ab3b442382d93853c02d6384389", "platform": {"name": "Ethereum", "coin": {"id": "1027", "name": "Ethereum", "symbol": "ETH", "slug": "ethereum"}}}], "self_reported_circulating_supply": 2400000, "self_reported_tags": null, "self_reported_market_cap": 47921.251422478825}]