[{"id": 17799, "name": "Axelar", "symbol": "AXL", "category": "token", "description": "Axelar (AXL) is a cryptocurrency launched in 2022and operates on the Ethereum platform. Axelar has a current supply of 1,030,053,259.418102 with 106,567,660.05443698 in circulation. The last known price of Axelar is 0.4959528 USD and is down -4.44 over the last 24 hours. It is currently trading on 20 active market(s) with $868,741.88 traded over the last 24 hours. More information can be found at https://axelar.network/.", "slug": "axelar", "logo": "https://s2.coinmarketcap.com/static/img/coins/64x64/17799.png", "subreddit": "axelar", "notice": "", "tags": ["ethereum-ecosystem", "coinbase-ventures-portfolio", "polychain-capital-portfolio", "binance-labs-portfolio", "galaxy-digital-portfolio"], "tag-names": ["Ethereum Ecosystem", "Coinbase Ventures Portfolio", "Polychain Capital Portfolio", "Binance Labs Portfolio", "Galaxy Digital Portfolio"], "tag-groups": ["PLATFORM", "CATEGORY", "CATEGORY", "CATEGORY", "CATEGORY"], "urls": {"website": ["https://axelar.network/", "https://satellite.money"], "twitter": ["https://twitter.com/axelarcore"], "message_board": ["https://medium.com/axelar"], "chat": ["https://discord.gg/aRZ3Ra6f7D", "https://t.me/axelarcommunity"], "facebook": [], "explorer": ["https://etherscan.io/token/0x467719aD09025FcC6cF6F8311755809d45a5E5f3", "https://www.mintscan.io/axelar", "https://axelarscan.io/"], "reddit": ["https://reddit.com/r/axelar"], "technical_doc": ["https://axelar.network/wp-content/uploads/2021/07/axelar_whitepaper.pdf"], "source_code": ["https://github.com/axelarnetwork"], "announcement": []}, "platform": {"id": "1027", "name": "Ethereum", "slug": "ethereum", "symbol": "ETH", "token_address": "0x467719aD09025FcC6cF6F8311755809d45a5E5f3"}, "date_added": "2022-02-02T02:48:14.000Z", "twitter_username": "axelarcore", "is_hidden": 0, "date_launched": "2022-01-10T00:00:00.000Z", "contract_address": [{"contract_address": "0x467719aD09025FcC6cF6F8311755809d45a5E5f3", "platform": {"name": "Ethereum", "coin": {"id": "1027", "name": "Ethereum", "symbol": "ETH", "slug": "ethereum"}}}, {"contract_address": "ibc/903A61A498756EA560B85A85132D3AEE21B5DEDD41213725D22ABF276EA6945E", "platform": {"name": "Cosmos", "coin": {"id": "3794", "name": "Cosmos", "symbol": "ATOM", "slug": "cosmos"}}}], "self_reported_circulating_supply": NaN, "self_reported_tags": ["Coinbase Ventures Portfolio", "Polychain Capital Portfolio", "DragonFly Capital Portfolio", "Galaxy Digital Portfolio", "Near Protocol Ecosystem", "Cross-Chain"], "self_reported_market_cap": NaN}, {"id": 15853, "name": "Axl Inu", "symbol": "AXL", "category": "token", "description": "Axl Inu (AXL) is a cryptocurrency launched in 2021and operates on the Ethereum platform. Axl Inu has a current supply of 70,352,764,893 with 0 in circulation. The last known price of Axl Inu is 0.00009341 USD and is up 135.99 over the last 24 hours. It is currently trading on 13 active market(s) with $640,951.01 traded over the last 24 hours. More information can be found at https://www.axltoken.com/.", "slug": "axl-inu", "logo": "https://s2.coinmarketcap.com/static/img/coins/64x64/15853.png", "subreddit": "Axltoken", "notice": "", "tags": ["memes", "doggone-doggerel"], "tag-names": ["Memes", "Doggone Doggerel"], "tag-groups": ["INDUSTRY", "CATEGORY"], "urls": {"website": ["https://www.axltoken.com/"], "twitter": ["https://twitter.com/axltoken"], "message_board": ["https://axltoken.medium.com/"], "chat": ["https://t.me/AxlToken", "https://discord.gg/axltoken"], "facebook": [], "explorer": ["https://etherscan.io/token/0x25b24b3c47918b7962b3e49c4f468367f73cc0e0", "https://bscscan.com/token/0x25b24b3c47918b7962b3e49c4f468367f73cc0e0"], "reddit": ["https://reddit.com/r/Axltoken"], "technical_doc": ["https://axlinu.s3.amazonaws.com/documents/axl_whitepaper_v1.pdf"], "source_code": ["https://github.com/aevapay-code/AXl-Codes"], "announcement": ["https://bitcointalk.org/index.php?topic=5371825"]}, "platform": {"id": "1027", "name": "Ethereum", "slug": "ethereum", "symbol": "ETH", "token_address": "0x25b24b3c47918b7962b3e49c4f468367f73cc0e0"}, "date_added": "2021-12-09T09:25:12.000Z", "twitter_username": "axltoken", "is_hidden": 0, "date_launched": "2021-12-29T00:00:00.000Z", "contract_address": [{"contract_address": "0x25b24b3c47918b7962b3e49c4f468367f73cc0e0", "platform": {"name": "Ethereum", "coin": {"id": "1027", "name": "Ethereum", "symbol": "ETH", "slug": "ethereum"}}}, {"contract_address": "0x25b24b3c47918b7962b3e49c4f468367f73cc0e0", "platform": {"name": "BNB Smart Chain (BEP20)", "coin": {"id": "1839", "name": "BNB", "symbol": "BNB", "slug": "bnb"}}}], "self_reported_circulating_supply": 8852764893.0, "self_reported_tags": ["Collectibles & NFTs", "Staking", "Yield Farming", "DEX", "Launchpad", "Doggone Doggerel"], "self_reported_market_cap": 825342.5486995737}, {"id": 5065, "name": "Axial Entertainment Digital Asset", "symbol": "AXL", "category": "token", "description": "Axial Entertainment Digital Asset (AXL) is a cryptocurrency launched in 2018and operates on the Ethereum platform. Axial Entertainment Digital Asset has a current supply of 380,000,000 with 0 in circulation. The last known price of Axial Entertainment Digital Asset is 0.0007198 USD and is up 7.36 over the last 24 hours. More information can be found at http://axl.team.", "slug": "axial-entertainment-digital-asset", "logo": "https://s2.coinmarketcap.com/static/img/coins/64x64/5065.png", "subreddit": "", "notice": "", "tags": null, "tag-names": null, "tag-groups": null, "urls": {"website": ["http://axl.team"], "twitter": ["https://twitter.com/THEAXLTEAM"], "message_board": ["https://medium.com/@theteamaxl"], "chat": ["https://pf.kakao.com/_xfGrBC"], "facebook": [], "explorer": ["https://etherscan.io/token/0x4fac0ccd9e2ed9fd462d42b66fb81ba9a1f6f25e", "https://ethplorer.io/address/0x4fac0ccd9e2ed9fd462d42b66fb81ba9a1f6f25e"], "reddit": [], "technical_doc": ["https://axl.team/assets/doc/AXLWHITEPAPER_Kor.pdf"], "source_code": ["https://github.com/abalabdev/AXLCoin"], "announcement": []}, "platform": {"id": "1027", "name": "Ethereum", "slug": "ethereum", "symbol": "ETH", "token_address": "0x4fac0ccd9e2ed9fd462d42b66fb81ba9a1f6f25e"}, "date_added": "2019-12-20T00:00:00.000Z", "twitter_username": "THEAXLTEAM", "is_hidden": 0, "date_launched": "2018-01-04T00:00:00.000Z", "contract_address": [{"contract_address": "0x4fac0ccd9e2ed9fd462d42b66fb81ba9a1f6f25e", "platform": {"name": "Ethereum", "coin": {"id": "1027", "name": "Ethereum", "symbol": "ETH", "slug": "ethereum"}}}], "self_reported_circulating_supply": NaN, "self_reported_tags": null, "self_reported_market_cap": NaN}]