[{"id": 6783, "name": "Axie Infinity", "symbol": "AXS", "category": "token", "description": "Axie Infinity (AXS) is a cryptocurrency and operates on the Ethereum platform. Axie Infinity has a current supply of 270,000,000 with 100,125,814.25656797 in circulation. The last known price of Axie Infinity is 5.93074102 USD and is down -5.05 over the last 24 hours. It is currently trading on 282 active market(s) with $58,762,761.29 traded over the last 24 hours. More information can be found at https://axieinfinity.com/.", "slug": "axie-infinity", "logo": "https://s2.coinmarketcap.com/static/img/coins/64x64/6783.png", "subreddit": "AxieInfinity", "notice": "", "tags": ["collectibles-nfts", "gaming", "binance-launchpad", "metaverse", "defiance-capital-portfolio", "play-to-earn", "animoca-brands-portfolio"], "tag-names": ["Collectibles & NFTs", "Gaming", "Binance Launchpad", "Metaverse", "DeFiance Capital Portfolio", "Play To Earn", "Animoca Brands Portfolio"], "tag-groups": ["CATEGORY", "INDUSTRY", "CATEGORY", "CATEGORY", "CATEGORY", "CATEGORY", "CATEGORY"], "urls": {"website": ["https://axieinfinity.com/"], "twitter": ["https://twitter.com/AxieInfinity"], "message_board": ["https://axieinfinity.medium.com"], "chat": ["https://discord.com/invite/axie", "https://t.me/axieinfinity"], "facebook": [], "explorer": ["https://etherscan.io/token/0xbb0e17ef65f82ab018d8edd776e8dd940327b28b", "https://bscscan.com/token/0x715d400f88c167884bbcc41c5fea407ed4d2f8a0", "https://explorer.harmony.one/address/0x14a7b318fed66ffdcc80c1517c172c13852865de", "https://solscan.io/account/HysWcbHiYY9888pHbaqhwLYZQeZrcQMXKQWRqS7zcPK5", "https://bscscan.com/token/0x556b60c53fbC1518Ad17E03d52E47368dD4d81B3"], "reddit": ["https://reddit.com/r/AxieInfinity"], "technical_doc": ["https://whitepaper.axieinfinity.com/"], "source_code": [], "announcement": []}, "platform": {"id": "1027", "name": "Ethereum", "slug": "ethereum", "symbol": "ETH", "token_address": "0xbb0e17ef65f82ab018d8edd776e8dd940327b28b"}, "date_added": "2020-08-31T00:00:00.000Z", "twitter_username": "AxieInfinity", "is_hidden": 0, "date_launched": null, "contract_address": [{"contract_address": "0xbb0e17ef65f82ab018d8edd776e8dd940327b28b", "platform": {"name": "Ethereum", "coin": {"id": "1027", "name": "Ethereum", "symbol": "ETH", "slug": "ethereum"}}}, {"contract_address": "0x14a7b318fed66ffdcc80c1517c172c13852865de", "platform": {"name": "Harmony", "coin": {"id": "3945", "name": "Harmony", "symbol": "ONE", "slug": "harmony"}}}, {"contract_address": "HysWcbHiYY9888pHbaqhwLYZQeZrcQMXKQWRqS7zcPK5", "platform": {"name": "Solana", "coin": {"id": "5426", "name": "Solana", "symbol": "SOL", "slug": "solana"}}}, {"contract_address": "0x715d400f88c167884bbcc41c5fea407ed4d2f8a0", "platform": {"name": "BNB Smart Chain (BEP20)", "coin": {"id": "1839", "name": "BNB", "symbol": "BNB", "slug": "bnb"}}}, {"contract_address": "0x97a9107c1793bc407d6f527b77e7fff4d812bece", "platform": {"name": "Ronin", "coin": {"id": "14101", "name": "Ronin", "symbol": "RON", "slug": "ronin"}}}], "self_reported_circulating_supply": null, "self_reported_tags": null, "self_reported_market_cap": null}]