[{"id": 10714, "name": "Babylons", "symbol": "BABI", "category": "token", "description": "Babylons (BABI) is a cryptocurrency launched in 2021and operates on the BNB Smart Chain (BEP20) platform. Babylons has a current supply of 0. The last known price of Babylons is 0.00453572 USD and is down -2.86 over the last 24 hours. It is currently trading on 14 active market(s) with $31,554.83 traded over the last 24 hours. More information can be found at https://babylons.io.", "slug": "babylons", "logo": "https://s2.coinmarketcap.com/static/img/coins/64x64/10714.png", "subreddit": "", "notice": "", "tags": ["launchpad", "ferrum-network"], "tag-names": ["Launchpad", "Ferrum Network"], "tag-groups": ["CATEGORY", "CATEGORY"], "urls": {"website": ["https://babylons.io", "https://app.babylons.io"], "twitter": ["https://twitter.com/BabylonsNFT"], "message_board": ["https://blog.babylons.io/?gi=5cc270bb9306"], "chat": ["https://t.me/babylonsnft", "https://discord.com/invite/3URxf7Syfd"], "facebook": [], "explorer": ["https://bscscan.com/token/0xec15a508a187e8ddfe572a5423faa82bbdd65120"], "reddit": [], "technical_doc": ["https://babylons.io/assets/litepaper.pdf"], "source_code": [], "announcement": ["https://t.me/babylonsNFT_Ann"]}, "platform": {"id": "1839", "name": "BNB", "slug": "bnb", "symbol": "BNB", "token_address": "0xec15a508a187e8ddfe572a5423faa82bbdd65120"}, "date_added": "2021-06-30T00:00:00.000Z", "twitter_username": "BabylonsNFT", "is_hidden": 0, "date_launched": "2021-08-18T00:00:00.000Z", "contract_address": [{"contract_address": "0xec15a508a187e8ddfe572a5423faa82bbdd65120", "platform": {"name": "BNB Smart Chain (BEP20)", "coin": {"id": "1839", "name": "BNB", "symbol": "BNB", "slug": "bnb"}}}], "self_reported_circulating_supply": null, "self_reported_tags": ["Art", "Marketplace", "Platform", "Services", "Collectibles & NFTs", "DeFi", "Gaming", "Entertainment", "Music", "Staking", "Video", "DAO", "DApp", "BNB Smart Chain", "Governance", "Launchpad", "Play To Earn", "Web3"], "self_reported_market_cap": null}]