[{"id": 10886, "name": "BabyShibby Inu", "symbol": "BABYSHIB", "category": "token", "description": "BabyShibby Inu (BABYSHIB) is a cryptocurrency launched in 2021and operates on the BNB Smart Chain (BEP20) platform. BabyShibby Inu has a current supply of 0. The last known price of BabyShibby Inu is 0 USD and is up 0.00 over the last 24 hours. More information can be found at https://www.babyshibbyinu.finance/.", "slug": "babyshibby-inu", "logo": "https://s2.coinmarketcap.com/static/img/coins/64x64/10886.png", "subreddit": "BABYSHIB_COM", "notice": "", "tags": ["doggone-doggerel", "bnb-chain"], "tag-names": ["Doggone Doggerel", "BNB Chain"], "tag-groups": ["CATEGORY", "PLATFORM"], "urls": {"website": ["https://www.babyshibbyinu.finance/"], "twitter": ["https://twitter.com/babyshibbyinu"], "message_board": [], "chat": ["https://t.me/BABYSHIB_COM", "https://discord.gg/xGF8tbA5Tz"], "facebook": [], "explorer": ["https://bscscan.com/token/0xdE87b96FB2b0B6b492Dc1C9B228a7C71FfBA40FB"], "reddit": ["https://reddit.com/r/BABYSHIB_COM"], "technical_doc": ["https://s.ladicdn.com/5e64bea77697996eb3b164b0/babyshibbyinu-whitelist-20210707100718.pdf"], "source_code": ["https://github.com/babyshibbyinu"], "announcement": []}, "platform": {"id": "1839", "name": "BNB", "slug": "bnb", "symbol": "BNB", "token_address": "0xde87b96fb2b0b6b492dc1c9b228a7c71ffba40fb"}, "date_added": "2021-07-13T00:00:00.000Z", "twitter_username": "babyshibbyinu", "is_hidden": 0, "date_launched": "2021-05-31T00:00:00.000Z", "contract_address": [{"contract_address": "0xde87b96fb2b0b6b492dc1c9b228a7c71ffba40fb", "platform": {"name": "BNB Smart Chain (BEP20)", "coin": {"id": "1839", "name": "BNB", "symbol": "BNB", "slug": "bnb"}}}], "self_reported_circulating_supply": null, "self_reported_tags": null, "self_reported_market_cap": null}]