[{"id": 11300, "name": "Baby Saitama Inu", "symbol": "BABYSAITAMA", "category": "token", "description": "Baby Saitama Inu (BABYSAITAMA) is a cryptocurrency launched in 2021and operates on the Ethereum platform. Baby Saitama Inu has a current supply of 0. The last known price of Baby Saitama Inu is 0 USD and is down -0.91 over the last 24 hours. It is currently trading on 6 active market(s) with $60.78 traded over the last 24 hours. More information can be found at https://babysaitama.com/.", "slug": "baby-saitama-inu", "logo": "https://s2.coinmarketcap.com/static/img/coins/64x64/11300.png", "subreddit": "BabySaitamaInuToken", "notice": "", "tags": ["doggone-doggerel"], "tag-names": ["Doggone Doggerel"], "tag-groups": ["CATEGORY"], "urls": {"website": ["https://babysaitama.com/"], "twitter": ["https://twitter.com/BabySaitamaERC"], "message_board": [], "chat": ["https://t.me/BabySaitamaGlobal"], "facebook": [], "explorer": ["https://etherscan.io/token/0xf79f9020560963422ecc9c0c04d3a21190bbf045"], "reddit": ["https://reddit.com/r/BabySaitamaInuToken"], "technical_doc": ["https://drive.google.com/file/d/1NBzTRUlKCsqx6mwU14gUB-GDH5YFbmen/view"], "source_code": [], "announcement": []}, "platform": {"id": "1027", "name": "Ethereum", "slug": "ethereum", "symbol": "ETH", "token_address": "0xf79f9020560963422ecc9c0c04d3a21190bbf045"}, "date_added": "2021-08-18T00:00:00.000Z", "twitter_username": "BabySaitamaERC", "is_hidden": 0, "date_launched": "2021-07-30T00:00:00.000Z", "contract_address": [{"contract_address": "0xf79f9020560963422ecc9c0c04d3a21190bbf045", "platform": {"name": "Ethereum", "coin": {"id": "1027", "name": "Ethereum", "symbol": "ETH", "slug": "ethereum"}}}], "self_reported_circulating_supply": 47460000000000000, "self_reported_tags": ["Philanthropy", "DeFi", "Entertainment", "Memes", "Ethereum Ecosystem"], "self_reported_market_cap": 243498.28662150053}]