[{"id": 10769, "name": "Baby Moon Wolf", "symbol": "BABYWOLF", "category": "token", "description": "Baby Moon Wolf (BABYWOLF) is a cryptocurrency launched in 2021and operates on the BNB Smart Chain (BEP20) platform. Baby Moon Wolf has a current supply of 100,000,000,000,000,000 with 0 in circulation. The last known price of Baby Moon Wolf is 0 USD and is up 3.18 over the last 24 hours. More information can be found at https://www.babywolftoken.com/.", "slug": "baby-moon-wolf", "logo": "https://s2.coinmarketcap.com/static/img/coins/64x64/10769.png", "subreddit": "babywolf", "notice": "", "tags": ["doggone-doggerel", "bnb-chain"], "tag-names": ["Doggone Doggerel", "BNB Chain"], "tag-groups": ["CATEGORY", "PLATFORM"], "urls": {"website": ["https://www.babywolftoken.com/"], "twitter": ["https://twitter.com/babywolf_token"], "message_board": [], "chat": ["https://t.me/BabyWolfBsc", "http://discord.gg/babywolf"], "facebook": [], "explorer": ["https://bscscan.com/token/0x5b5a3a45002736413613b8a4c46cc0d9d1d6f4ae"], "reddit": ["https://reddit.com/r/babywolf"], "technical_doc": ["https://www.babywolftoken.com/includes/whitepaper/whitepaper.pdf"], "source_code": [], "announcement": []}, "platform": {"id": "1839", "name": "BNB", "slug": "bnb", "symbol": "BNB", "token_address": "0x5b5a3a45002736413613b8a4c46cc0d9d1d6f4ae"}, "date_added": "2021-07-06T00:00:00.000Z", "twitter_username": "babywolf_token", "is_hidden": 0, "date_launched": "2021-06-16T00:00:00.000Z", "contract_address": [{"contract_address": "0x5b5a3a45002736413613b8a4c46cc0d9d1d6f4ae", "platform": {"name": "BNB Smart Chain (BEP20)", "coin": {"id": "1839", "name": "BNB", "symbol": "BNB", "slug": "bnb"}}}], "self_reported_circulating_supply": 28000000000000000, "self_reported_tags": null, "self_reported_market_cap": 1312976.882354284}]