[{"id": 17411, "name": "Baby Shiba Coin", "symbol": "BABYSHIBA", "category": "token", "description": "Baby Shiba Coin (BABYSHIBA) is a cryptocurrency launched in 2022and operates on the Ethereum platform. Baby Shiba Coin has a current supply of 420,000,000 with 0 in circulation. The last known price of Baby Shiba Coin is 0.0004824 USD and is up 5.59 over the last 24 hours. It is currently trading on 2 active market(s) with $38.47 traded over the last 24 hours. More information can be found at https://babyshibacoin.io.", "slug": "baby-shiba-coin", "logo": "https://s2.coinmarketcap.com/static/img/coins/64x64/17411.png", "subreddit": "", "notice": "", "tags": ["memes", "ethereum-ecosystem", "doggone-doggerel"], "tag-names": ["Memes", "Ethereum Ecosystem", "Doggone Doggerel"], "tag-groups": ["INDUSTRY", "PLATFORM", "CATEGORY"], "urls": {"website": ["https://babyshibacoin.io"], "twitter": ["https://twitter.com/babyshibacoinio"], "message_board": [], "chat": ["https://t.me/BabyShibaCoinio"], "facebook": [], "explorer": ["https://etherscan.io/token/0x66a64a8a9cdc54ef97e45a051ba1c8f3d4b41a1d"], "reddit": [], "technical_doc": ["https://babyshibacoin.io/Whitepaper.pdf"], "source_code": [], "announcement": []}, "platform": {"id": "1027", "name": "Ethereum", "slug": "ethereum", "symbol": "ETH", "token_address": "0x66A64a8A9cdc54EF97e45a051bA1c8f3D4b41A1D"}, "date_added": "2022-01-17T17:24:46.000Z", "twitter_username": "babyshibacoinio", "is_hidden": 0, "date_launched": "2022-01-16T00:00:00.000Z", "contract_address": [{"contract_address": "0x66A64a8A9cdc54EF97e45a051bA1c8f3D4b41A1D", "platform": {"name": "Ethereum", "coin": {"id": "1027", "name": "Ethereum", "symbol": "ETH", "slug": "ethereum"}}}], "self_reported_circulating_supply": 420000000, "self_reported_tags": null, "self_reported_market_cap": 202606.71375875935}]