[{"id": 10334, "name": "BabySwap", "symbol": "BABY", "category": "token", "description": "BabySwap (BABY) is a cryptocurrency launched in 2021and operates on the BNB Smart Chain (BEP20) platform. BabySwap has a current supply of 1,000,000,000 with 341,525,240 in circulation. The last known price of BabySwap is 0.02630514 USD and is down -2.05 over the last 24 hours. It is currently trading on 58 active market(s) with $352,015.92 traded over the last 24 hours. More information can be found at https://home.babyswap.finance/.", "slug": "babyswap", "logo": "https://s2.coinmarketcap.com/static/img/coins/64x64/10334.png", "subreddit": "", "notice": "", "tags": ["collectibles-nfts", "decentralized-exchange-dex-token", "defi", "gaming", "yield-farming", "amm", "mvb", "bnb-chain"], "tag-names": ["Collectibles & NFTs", "Decentralized Exchange (DEX) Token", "DeFi", "Gaming", "Yield Farming", "AMM", "MVB", "BNB Chain"], "tag-groups": ["CATEGORY", "CATEGORY", "CATEGORY", "INDUSTRY", "CATEGORY", "CATEGORY", "CATEGORY", "PLATFORM"], "urls": {"website": ["https://home.babyswap.finance/"], "twitter": ["https://twitter.com/babyswap_bsc"], "message_board": ["https://babyswap.medium.com/"], "chat": ["https://t.me/baby_swap"], "facebook": [], "explorer": ["https://www.bscscan.com/token/0x53E562b9B7E5E94b81f10e96Ee70Ad06df3D2657"], "reddit": [], "technical_doc": [], "source_code": ["https://github.com/babyswap"], "announcement": []}, "platform": {"id": "1839", "name": "BNB", "slug": "bnb", "symbol": "BNB", "token_address": "0x53E562b9B7E5E94b81f10e96Ee70Ad06df3D2657"}, "date_added": "2021-06-08T00:00:00.000Z", "twitter_username": "babyswap_bsc", "is_hidden": 0, "date_launched": "2021-05-31T00:00:00.000Z", "contract_address": [{"contract_address": "0x53E562b9B7E5E94b81f10e96Ee70Ad06df3D2657", "platform": {"name": "BNB Smart Chain (BEP20)", "coin": {"id": "1839", "name": "BNB", "symbol": "BNB", "slug": "bnb"}}}], "self_reported_circulating_supply": NaN, "self_reported_tags": null, "self_reported_market_cap": NaN}, {"id": 14253, "name": "Baby Samo Coin", "symbol": "BABY", "category": "token", "description": "Baby Samo Coin (BABY) is a cryptocurrency launched in 2021and operates on the Solana platform. Baby Samo Coin has a current supply of 9,724,805,612 with 0 in circulation. The last known price of Baby Samo Coin is 0.00001394 USD and is down -12.99 over the last 24 hours. It is currently trading on 2 active market(s) with $1,407.38 traded over the last 24 hours. More information can be found at https://www.babysamocoin.com/.", "slug": "baby-samo-coin", "logo": "https://s2.coinmarketcap.com/static/img/coins/64x64/14253.png", "subreddit": "BabySamo", "notice": "", "tags": null, "tag-names": null, "tag-groups": null, "urls": {"website": ["https://www.babysamocoin.com/"], "twitter": ["https://twitter.com/BabySamoCoin"], "message_board": ["https://medium.com/@babysamocoin/baby-samo-coin-baby-litepaper-3a4efd0f1cdb"], "chat": ["https://discord.gg/RcC7pCeYDv"], "facebook": [], "explorer": ["https://solscan.io/token/Uuc6hiKT9Y6ASoqs2phonGGw2LAtecfJu9yEohppzWH"], "reddit": ["https://reddit.com/r/BabySamo"], "technical_doc": ["https://medium.com/@babysamocoin/baby-samo-coin-baby-litepaper-3a4efd0f1cdb"], "source_code": [], "announcement": []}, "platform": {"id": "5426", "name": "Solana", "slug": "solana", "symbol": "SOL", "token_address": "Uuc6hiKT9Y6ASoqs2phonGGw2LAtecfJu9yEohppzWH"}, "date_added": "2021-11-10T08:32:59.000Z", "twitter_username": "BabySamoCoin", "is_hidden": 0, "date_launched": "2021-10-30T00:00:00.000Z", "contract_address": [{"contract_address": "Uuc6hiKT9Y6ASoqs2phonGGw2LAtecfJu9yEohppzWH", "platform": {"name": "Solana", "coin": {"id": "5426", "name": "Solana", "symbol": "SOL", "slug": "solana"}}}], "self_reported_circulating_supply": 6108097799.12, "self_reported_tags": ["Collectibles & NFTs", "DeFi", "Memes", "Solana Ecosystem", "Web3"], "self_reported_market_cap": 85164.9863072335}, {"id": 21709, "name": "Metababy", "symbol": "BABY", "category": "token", "description": "Metababy (BABY) is a cryptocurrency and operates on the Ethereum platform. Metababy has a current supply of 1,000,000,000 with 0 in circulation. The last known price of Metababy is 0.01640008 USD and is down -3.01 over the last 24 hours. It is currently trading on 2 active market(s) with $259.71 traded over the last 24 hours. More information can be found at https://mbaby.fun/home.", "slug": "metababy", "logo": "https://s2.coinmarketcap.com/static/img/coins/64x64/21709.png", "subreddit": "", "notice": "", "tags": null, "tag-names": null, "tag-groups": null, "urls": {"website": ["https://mbaby.fun/home"], "twitter": ["https://twitter.com/metababy_dao"], "message_board": [], "chat": ["https://discord.com/invite/NsdUhsdGey"], "facebook": [], "explorer": ["https://etherscan.io/token/0x1cCF27211e8bf052f6255329ed641B4E94E80603", "https://ethplorer.io/address/0x1ccf27211e8bf052f6255329ed641b4e94e80603"], "reddit": [], "technical_doc": [], "source_code": [], "announcement": []}, "platform": {"id": "1027", "name": "Ethereum", "slug": "ethereum", "symbol": "ETH", "token_address": "0x1ccf27211e8bf052f6255329ed641b4e94e80603"}, "date_added": "2022-09-05T12:52:04.000Z", "twitter_username": "metababy_dao", "is_hidden": 0, "date_launched": null, "contract_address": [{"contract_address": "0x1ccf27211e8bf052f6255329ed641b4e94e80603", "platform": {"name": "Ethereum", "coin": {"id": "1027", "name": "Ethereum", "symbol": "ETH", "slug": "ethereum"}}}], "self_reported_circulating_supply": NaN, "self_reported_tags": null, "self_reported_market_cap": NaN}, {"id": 9414, "name": "Babytoken", "symbol": "BABY", "category": "token", "description": "Babytoken (BABY) is a cryptocurrency launched in 2020. Babytoken has a current supply of 2,100,000,000 with 0 in circulation. The last known price of Babytoken is 0.00020466 USD and is up 0.00 over the last 24 hours. More information can be found at https://babytoken.org/.", "slug": "babytoken", "logo": "https://s2.coinmarketcap.com/static/img/coins/64x64/9414.png", "subreddit": "", "notice": "", "tags": ["health"], "tag-names": ["Health"], "tag-groups": ["INDUSTRY"], "urls": {"website": ["https://babytoken.org/"], "twitter": ["https://twitter.com/babytokenorg"], "message_board": ["https://medium.com/@BabyToken"], "chat": ["https://t.me/babytokenorg"], "facebook": [], "explorer": ["https://etherscan.io/token/0xDB13fB60D3fDdaBc41743D9d603CE3F42C17D057"], "reddit": [], "technical_doc": ["https://babytoken.org/Whitepaper_v1.pdf"], "source_code": [], "announcement": ["https://xangle.io/project/BABY/profile"]}, "platform": null, "date_added": "2021-04-21T00:00:00.000Z", "twitter_username": "babytokenorg", "is_hidden": 0, "date_launched": "2020-11-30T00:00:00.000Z", "contract_address": [], "self_reported_circulating_supply": NaN, "self_reported_tags": null, "self_reported_market_cap": NaN}, {"id": 20971, "name": "Babylonia", "symbol": "BABY", "category": "token", "description": "Babylonia (BABY) is a cryptocurrency launched in 2021and operates on the BNB Smart Chain (BEP20) platform. Babylonia has a current supply of 888,888,888 with 0 in circulation. The last known price of Babylonia is 0.01771282 USD and is up 0.00 over the last 24 hours. More information can be found at https://www.babylonia.app/.", "slug": "babylonia", "logo": "https://s2.coinmarketcap.com/static/img/coins/64x64/20971.png", "subreddit": "BabyloniaApplication", "notice": "", "tags": null, "tag-names": null, "tag-groups": null, "urls": {"website": ["https://www.babylonia.app/"], "twitter": ["https://twitter.com/AppBabylonia"], "message_board": ["https://medium.com/@appbabylonia"], "chat": ["https://t.me/babyloniageneralchat", "https://discord.gg/Pe5ZUTnHPS"], "facebook": [], "explorer": ["https://bscscan.com/address/0xa4e26bd6dcba9021dcd3a1159ba52e97cd770b8a", "https://polygonscan.com/token/0xa4e26bd6dcba9021dcd3a1159ba52e97cd770b8a", "https://ftmscan.com/token/0xa4e26bd6dcba9021dcd3a1159ba52e97cd770b8a"], "reddit": ["https://reddit.com/r/BabyloniaApplication"], "technical_doc": ["https://docs.babylonia.app/babylonia.app/"], "source_code": ["https://github.com/babyloniaapp"], "announcement": []}, "platform": {"id": "1839", "name": "BNB", "slug": "bnb", "symbol": "BNB", "token_address": "0xA4E26Bd6DCBa9021DCd3A1159BA52e97CD770b8a"}, "date_added": "2022-07-12T18:23:37.000Z", "twitter_username": "AppBabylonia", "is_hidden": 0, "date_launched": "2021-11-12T00:00:00.000Z", "contract_address": [{"contract_address": "0xA4E26Bd6DCBa9021DCd3A1159BA52e97CD770b8a", "platform": {"name": "BNB Smart Chain (BEP20)", "coin": {"id": "1839", "name": "BNB", "symbol": "BNB", "slug": "bnb"}}}, {"contract_address": "0xA4E26Bd6DCBa9021DCd3A1159BA52e97CD770b8a", "platform": {"name": "Polygon", "coin": {"id": "3890", "name": "Polygon", "symbol": "MATIC", "slug": "polygon"}}}, {"contract_address": "0xA4E26Bd6DCBa9021DCd3A1159BA52e97CD770b8a", "platform": {"name": "Fantom", "coin": {"id": "3513", "name": "Fantom", "symbol": "FTM", "slug": "fantom"}}}], "self_reported_circulating_supply": 88888888.0, "self_reported_tags": null, "self_reported_market_cap": 1574472.8174309274}]