[{"id": 11219, "name": "Baby Doug", "symbol": "BABYDOUG", "category": "token", "description": "Baby Doug (BABYDOUG) is a cryptocurrency launched in 2021. Baby Doug has a current supply of 1,000,000,000,000 with 0 in circulation. The last known price of Baby Doug is 0.00000023 USD and is up -0.00 over the last 24 hours. It is currently trading on 1 active market(s) with $0.00 traded over the last 24 hours. More information can be found at https://babydougtoken.com/.", "slug": "baby-doug", "logo": "https://s2.coinmarketcap.com/static/img/coins/64x64/11219.png", "subreddit": "babydougtoken", "notice": "", "tags": ["memes", "doggone-doggerel"], "tag-names": ["Memes", "Doggone Doggerel"], "tag-groups": ["INDUSTRY", "CATEGORY"], "urls": {"website": ["https://babydougtoken.com/"], "twitter": ["https://twitter.com/babydougtoken"], "message_board": [], "chat": ["https://t.me/babydougchat", "https://t.me/babydoug"], "facebook": [], "explorer": ["https://bscscan.com/token/0xe887e401f43d3d51a245dea84a709c04870c25cf"], "reddit": ["https://reddit.com/r/babydougtoken"], "technical_doc": [], "source_code": [], "announcement": []}, "platform": null, "date_added": "2021-08-11T00:00:00.000Z", "twitter_username": "babydougtoken", "is_hidden": 0, "date_launched": "2021-07-29T00:00:00.000Z", "contract_address": [], "self_reported_circulating_supply": 1000000000000, "self_reported_tags": null, "self_reported_market_cap": 229933.21625322927}]