[{"id": 11060, "name": "Baby Shiba Inu", "symbol": "BABYSHIBAINU", "category": "token", "description": "Baby Shiba Inu (BABYSHIBAINU) is a cryptocurrency launched in 2021and operates on the BNB Smart Chain (BEP20) platform. Baby Shiba Inu has a current supply of 0. The last known price of Baby Shiba Inu is 0 USD and is down -0.52 over the last 24 hours. It is currently trading on 13 active market(s) with $69,654.70 traded over the last 24 hours. More information can be found at https://www.babyshibainutoken.com.", "slug": "baby-shiba-inu", "logo": "https://s2.coinmarketcap.com/static/img/coins/64x64/11060.png", "subreddit": "BabyShibaInuCoin", "notice": "", "tags": ["doggone-doggerel", "bnb-chain"], "tag-names": ["Doggone Doggerel", "BNB Chain"], "tag-groups": ["CATEGORY", "PLATFORM"], "urls": {"website": ["https://www.babyshibainutoken.com", "https://zh.babyshibatoken.com/"], "twitter": ["https://twitter.com/BabyShibaToken"], "message_board": [], "chat": ["https://t.me/babyshibatoken"], "facebook": [], "explorer": ["https://bscscan.com/token/0xaecf6d1aff214fef70042740054f0f6d0caa98ab"], "reddit": ["https://reddit.com/r/BabyShibaInuCoin"], "technical_doc": ["https://1ef4fb43-ab09-401d-9788-7ffaa49d44da.filesusr.com/ugd/c4baae_16883cff3137481c830316ed20107a65.pdf"], "source_code": ["https://github.com/BabyShibaInu"], "announcement": []}, "platform": {"id": "1839", "name": "BNB", "slug": "bnb", "symbol": "BNB", "token_address": "0xaecf6d1aff214fef70042740054f0f6d0caa98ab"}, "date_added": "2021-07-25T00:00:00.000Z", "twitter_username": "BabyShibaToken", "is_hidden": 0, "date_launched": "2021-06-24T00:00:00.000Z", "contract_address": [{"contract_address": "0xaecf6d1aff214fef70042740054f0f6d0caa98ab", "platform": {"name": "BNB Smart Chain (BEP20)", "coin": {"id": "1839", "name": "BNB", "symbol": "BNB", "slug": "bnb"}}}], "self_reported_circulating_supply": null, "self_reported_tags": null, "self_reported_market_cap": null}]