[{"id": 10407, "name": "Baby Doge Coin", "symbol": "BabyDoge", "category": "token", "description": "Baby Doge Coin (BabyDoge) is a cryptocurrency launched in 2021and operates on the BNB Smart Chain (BEP20) platform. Baby Doge Coin has a current supply of 231,942,258,692,909,000 with 115,113,333,036,839,000 in circulation. The last known price of Baby Doge Coin is 0 USD and is up 2.68 over the last 24 hours. It is currently trading on 98 active market(s) with $1,988,784.64 traded over the last 24 hours. More information can be found at https://www.babydoge.com.", "slug": "baby-doge-coin", "logo": "https://s2.coinmarketcap.com/static/img/coins/64x64/10407.png", "subreddit": "", "notice": "", "tags": ["memes", "doggone-doggerel", "bnb-chain"], "tag-names": ["Memes", "Doggone Doggerel", "BNB Chain"], "tag-groups": ["INDUSTRY", "CATEGORY", "PLATFORM"], "urls": {"website": ["https://www.babydoge.com"], "twitter": ["https://twitter.com/babydogecoin"], "message_board": [], "chat": ["https://t.me/babydogecoin", "https://discord.gg/babydogecoin"], "facebook": ["https://www.facebook.com/babydogecoin"], "explorer": ["https://bscscan.com/token/0xc748673057861a797275cd8a068abb95a902e8de"], "reddit": [], "technical_doc": [], "source_code": [], "announcement": []}, "platform": {"id": "1839", "name": "BNB", "slug": "bnb", "symbol": "BNB", "token_address": "0xc748673057861a797275cd8a068abb95a902e8de"}, "date_added": "2021-06-11T00:00:00.000Z", "twitter_username": "babydogecoin", "is_hidden": 0, "date_launched": "2021-06-01T00:00:00.000Z", "contract_address": [{"contract_address": "0xc748673057861a797275cd8a068abb95a902e8de", "platform": {"name": "BNB Smart Chain (BEP20)", "coin": {"id": "1839", "name": "BNB", "symbol": "BNB", "slug": "bnb"}}}], "self_reported_circulating_supply": 153207109891665250, "self_reported_tags": ["BNB Smart Chain", "Doggone Doggerel"], "self_reported_market_cap": 147342056.99043384}, {"id": 10970, "name": "BabyDoge ETH", "symbol": "BABYDOGE", "category": "token", "description": "BabyDoge ETH (BABYDOGE) is a cryptocurrency launched in 2021and operates on the Ethereum platform. BabyDoge ETH has a current supply of 0. The last known price of BabyDoge ETH is 0 USD and is down -2.80 over the last 24 hours. It is currently trading on 14 active market(s) with $11,044.45 traded over the last 24 hours. More information can be found at https://babydogecoin.gg.", "slug": "babydoge-coin", "logo": "https://s2.coinmarketcap.com/static/img/coins/64x64/10970.png", "subreddit": "", "notice": "Kindly note that there are multiple baby doge coins with distinct communities. Please do your own due diligence. [Babydoge](https://coinmarketcap.com/currencies/baby-doge-coin/) was the first one created", "tags": ["doggone-doggerel"], "tag-names": ["Doggone Doggerel"], "tag-groups": ["CATEGORY"], "urls": {"website": ["https://babydogecoin.gg"], "twitter": ["https://twitter.com/BabyDogeETH"], "message_board": ["https://medium.com/@babydogecoin"], "chat": ["https://t.me/babydogecoingg"], "facebook": [], "explorer": ["https://etherscan.io/token/0xAC8E13ecC30Da7Ff04b842f21A62a1fb0f10eBd5", "https://ethplorer.io/address/0xac8e13ecc30da7ff04b842f21a62a1fb0f10ebd5"], "reddit": [], "technical_doc": ["https://babydogecoin.gg/assets/BabyDoge_WhitePaper.pdf"], "source_code": ["https://github.com/babydogecoingg"], "announcement": []}, "platform": {"id": "1027", "name": "Ethereum", "slug": "ethereum", "symbol": "ETH", "token_address": "0xac8e13ecc30da7ff04b842f21a62a1fb0f10ebd5"}, "date_added": "2021-07-20T00:00:00.000Z", "twitter_username": "BabyDogeETH", "is_hidden": 0, "date_launched": "2021-07-11T00:00:00.000Z", "contract_address": [{"contract_address": "0xac8e13ecc30da7ff04b842f21a62a1fb0f10ebd5", "platform": {"name": "Ethereum", "coin": {"id": "1027", "name": "Ethereum", "symbol": "ETH", "slug": "ethereum"}}}], "self_reported_circulating_supply": 485757777293790, "self_reported_tags": null, "self_reported_market_cap": 1939195.6203330671}]