[{"id": 10501, "name": "BaconDAO", "symbol": "BACON", "category": "token", "description": "BaconDAO (BACON) is a cryptocurrency launched in 2021and operates on the Ethereum platform. BaconDAO has a current supply of 16,633,333 with 0 in circulation. The last known price of BaconDAO is 0.00036109 USD and is down -12.18 over the last 24 hours. It is currently trading on 5 active market(s) with $19,229.84 traded over the last 24 hours. More information can be found at https://bacondao.com.", "slug": "bacondao", "logo": "https://s2.coinmarketcap.com/static/img/coins/64x64/10501.png", "subreddit": "", "notice": "", "tags": ["collectibles-nfts", "genpad"], "tag-names": ["Collectibles & NFTs", "Genpad"], "tag-groups": ["CATEGORY", "CATEGORY"], "urls": {"website": ["https://bacondao.com", "https://discord.gg/bacon"], "twitter": ["https://twitter.com/BaconDAO_"], "message_board": ["https://medium.com/virtualbacon-dao"], "chat": ["https://discord.gg/bacon", "https://t.me/BaconDAO"], "facebook": [], "explorer": ["https://etherscan.io/token/0x34f797e7190c131cf630524655a618b5bd8738e7"], "reddit": [], "technical_doc": ["https://medium.com/virtualbacon-dao/introducing-virtualbacon-dao-and-bacon-token-5271a6be5131"], "source_code": ["https://github.com/bacondao"], "announcement": ["https://medium.com/virtualbacon-dao/introducing-virtualbacon-dao-and-bacon-token-5271a6be5131"]}, "platform": {"id": "1027", "name": "Ethereum", "slug": "ethereum", "symbol": "ETH", "token_address": "0x34f797e7190c131cf630524655a618b5bd8738e7"}, "date_added": "2021-06-18T00:00:00.000Z", "twitter_username": "BaconDAO_", "is_hidden": 0, "date_launched": "2021-06-19T00:00:00.000Z", "contract_address": [{"contract_address": "0x34f797e7190c131cf630524655a618b5bd8738e7", "platform": {"name": "Ethereum", "coin": {"id": "1027", "name": "Ethereum", "symbol": "ETH", "slug": "ethereum"}}}], "self_reported_circulating_supply": null, "self_reported_tags": null, "self_reported_market_cap": null}, {"id": 6871, "name": "BaconSwap", "symbol": "BACON", "category": "token", "description": "BaconSwap (BACON) is a cryptocurrency and operates on the Ethereum platform. BaconSwap has a current supply of 0. The last known price of BaconSwap is 0.00586126 USD and is up 4.93 over the last 24 hours. More information can be found at https://www.baconswap.org/.", "slug": "baconswap", "logo": "https://s2.coinmarketcap.com/static/img/coins/64x64/6871.png", "subreddit": "", "notice": "", "tags": ["yield-farming"], "tag-names": ["Yield Farming"], "tag-groups": ["CATEGORY"], "urls": {"website": ["https://www.baconswap.org/"], "twitter": ["https://twitter.com/Bacon_Swap"], "message_board": [], "chat": ["http://discord.gg/WTMt2PH"], "facebook": [], "explorer": ["https://etherscan.io/token/0x175ab41e2cedf3919b2e4426c19851223cf51046", "https://ethplorer.io/address/0x175ab41e2cedf3919b2e4426c19851223cf51046"], "reddit": [], "technical_doc": [], "source_code": [], "announcement": []}, "platform": {"id": "1027", "name": "Ethereum", "slug": "ethereum", "symbol": "ETH", "token_address": "0x175ab41e2cedf3919b2e4426c19851223cf51046"}, "date_added": "2020-09-03T00:00:00.000Z", "twitter_username": "Bacon_Swap", "is_hidden": 0, "date_launched": null, "contract_address": [{"contract_address": "0x175ab41e2cedf3919b2e4426c19851223cf51046", "platform": {"name": "Ethereum", "coin": {"id": "1027", "name": "Ethereum", "symbol": "ETH", "slug": "ethereum"}}}], "self_reported_circulating_supply": null, "self_reported_tags": null, "self_reported_market_cap": null}, {"id": 15410, "name": "BaconCoin", "symbol": "BACON", "category": "token", "description": "BaconCoin (BACON) is a cryptocurrency launched in 2021and operates on the Ethereum platform. BaconCoin has a current supply of 193,817,750 with 0 in circulation. The last known price of BaconCoin is 0.00439543 USD and is up 0.00 over the last 24 hours. More information can be found at https://www.baconcoin.com.", "slug": "bacon-protocol", "logo": "https://s2.coinmarketcap.com/static/img/coins/64x64/15410.png", "subreddit": "BaconProtocol/", "notice": "", "tags": null, "tag-names": null, "tag-groups": null, "urls": {"website": ["https://www.baconcoin.com"], "twitter": ["https://twitter.com/baconprotocol"], "message_board": ["https://mirror.xyz/baconcoin.eth"], "chat": ["https://discord.gg/4kaKKvb25f", "https://t.me/baconcoin"], "facebook": [], "explorer": ["https://etherscan.io/token/0xa54d2EBfD977ad836203c85F18db2F0a0cF88854"], "reddit": ["https://reddit.com/r/BaconProtocol/"], "technical_doc": ["https://files.baconcoin.com/bacon-protocol-whitepaper.pdf"], "source_code": [], "announcement": ["https://cointelegraph.com/news/bacon-protocol-launches-decentralized-mortgage-platform"]}, "platform": {"id": "1027", "name": "Ethereum", "slug": "ethereum", "symbol": "ETH", "token_address": "0xa54d2EBfD977ad836203c85F18db2F0a0cF88854"}, "date_added": "2021-12-01T02:25:54.000Z", "twitter_username": "baconprotocol", "is_hidden": 0, "date_launched": "2021-09-20T00:00:00.000Z", "contract_address": [{"contract_address": "0xa54d2EBfD977ad836203c85F18db2F0a0cF88854", "platform": {"name": "Ethereum", "coin": {"id": "1027", "name": "Ethereum", "symbol": "ETH", "slug": "ethereum"}}}], "self_reported_circulating_supply": null, "self_reported_tags": null, "self_reported_market_cap": null}]