[{"id": 7859, "name": "Badger DAO", "symbol": "BADGER", "category": "token", "description": "Badger DAO (BADGER) is a cryptocurrency and operates on the Ethereum platform. Badger DAO has a current supply of 21,000,000 with 16,928,536 in circulation. The last known price of Badger DAO is 2.11174724 USD and is up 0.90 over the last 24 hours. It is currently trading on 107 active market(s) with $4,792,233.09 traded over the last 24 hours. More information can be found at https://app.badger.finance/.", "slug": "badger-dao", "logo": "https://s2.coinmarketcap.com/static/img/coins/64x64/7859.png", "subreddit": "", "notice": "", "tags": ["defi", "dao", "yield-farming", "yield-aggregator", "governance", "blockchain-capital-portfolio", "arbitrum-ecosytem"], "tag-names": ["DeFi", "DAO", "Yield Farming", "Yield Aggregator", "Governance", "Blockchain Capital Portfolio", "Arbitrum Ecosystem"], "tag-groups": ["CATEGORY", "CATEGORY", "CATEGORY", "CATEGORY", "CATEGORY", "CATEGORY", "PLATFORM"], "urls": {"website": ["https://app.badger.finance/"], "twitter": ["https://twitter.com/badgerdao"], "message_board": ["https://badgerdao.medium.com/"], "chat": ["https://t.me/badger_dao", "https://discord.com/invite/badgerdao"], "facebook": [], "explorer": ["https://etherscan.io/token/0x3472a5a71965499acd81997a54bba8d852c6e53d", "https://blockscout.com/xdai/mainnet/tokens/0xdfc20AE04ED70bd9c7D720F449eEDAe19F659D65/token-transfers", "https://arbiscan.io/token/0xbfa641051ba0a0ad1b0acf549a89536a0d76472e"], "reddit": [], "technical_doc": [], "source_code": [], "announcement": []}, "platform": {"id": "1027", "name": "Ethereum", "slug": "ethereum", "symbol": "ETH", "token_address": "0x3472a5a71965499acd81997a54bba8d852c6e53d"}, "date_added": "2020-12-04T00:00:00.000Z", "twitter_username": "badgerdao", "is_hidden": 0, "date_launched": null, "contract_address": [{"contract_address": "0x3472a5a71965499acd81997a54bba8d852c6e53d", "platform": {"name": "Ethereum", "coin": {"id": "1027", "name": "Ethereum", "symbol": "ETH", "slug": "ethereum"}}}, {"contract_address": "0xdfc20AE04ED70bd9c7D720F449eEDAe19F659D65", "platform": {"name": "Gnosis Chain", "coin": {"id": "1659", "name": "Gnosis", "symbol": "GNO", "slug": "gnosis-gno"}}}], "self_reported_circulating_supply": null, "self_reported_tags": null, "self_reported_market_cap": null}]