[{"id": 8273, "name": "Basis Gold", "symbol": "BAG", "category": "token", "description": "Basis Gold (BAG) is a cryptocurrency launched in 2021and operates on the HECO platform. Basis Gold has a current supply of 0. The last known price of Basis Gold is 0.00768365 USD and is up 0.00 over the last 24 hours. More information can be found at https://basisgold.cc/#/.", "slug": "bag", "logo": "https://s2.coinmarketcap.com/static/img/coins/64x64/8273.png", "subreddit": "", "notice": "", "tags": ["heco-ecosystem"], "tag-names": ["HECO Ecosystem"], "tag-groups": ["PLATFORM"], "urls": {"website": ["https://basisgold.cc/#/"], "twitter": ["https://twitter.com/basis_gold"], "message_board": [], "chat": [], "facebook": [], "explorer": ["https://scan.hecochain.com/address/0xa042fb0e60125a4022670014ac121931e7501af4"], "reddit": [], "technical_doc": ["https://medium.com/@basisgold/basis-gold-the-first-algorithm-stable-coin-on-heco-chain-d4cdaf290473"], "source_code": [], "announcement": []}, "platform": {"id": "2502", "name": "Huobi Token", "slug": "huobi-token", "symbol": "HT", "token_address": "0xa042fb0e60125a4022670014ac121931e7501af4"}, "date_added": "2021-01-18T00:00:00.000Z", "twitter_username": "basis_gold", "is_hidden": 0, "date_launched": "2021-01-05T00:00:00.000Z", "contract_address": [{"contract_address": "0xa042fb0e60125a4022670014ac121931e7501af4", "platform": {"name": "HECO", "coin": {"id": "2502", "name": "Huobi Token", "symbol": "HT", "slug": "huobi-token"}}}], "self_reported_circulating_supply": NaN, "self_reported_tags": null, "self_reported_market_cap": NaN}, {"id": 9322, "name": "BondApp\u00e9tit Governance Token", "symbol": "BAG", "category": "token", "description": "BondApp\u00e9tit Governance Token (BAG) is a cryptocurrency launched in 2021and operates on the Ethereum platform. BondApp\u00e9tit Governance Token has a current supply of 100,000,000 with 10,829,882.46919047 in circulation. The last known price of BondApp\u00e9tit Governance Token is 0.02333356 USD and is up 0.00 over the last 24 hours. More information can be found at https://bondappetit.io/governance.", "slug": "bondappetit-governance-token", "logo": "https://s2.coinmarketcap.com/static/img/coins/64x64/9322.png", "subreddit": "BondAppetit/", "notice": "", "tags": ["defi", "dao", "yield-farming", "governance", "lending-borowing", "bnb-chain"], "tag-names": ["DeFi", "DAO", "Yield Farming", "Governance", "Lending & Borrowing", "BNB Chain"], "tag-groups": ["CATEGORY", "CATEGORY", "CATEGORY", "CATEGORY", "CATEGORY", "PLATFORM"], "urls": {"website": ["https://bondappetit.io/governance"], "twitter": ["https://twitter.com/DefiBonds"], "message_board": ["https://bondappetit.medium.com/", "https://www.youtube.com/channel/UCX1wfAJ3NbZBCgkKx_JakuQ/featured"], "chat": ["https://t.me/BondAppetitEn"], "facebook": [], "explorer": ["https://etherscan.io/token/0x28A06c02287e657ec3F8e151A13C36A1D43814b0", "https://bscscan.com/token/0x1ad0132d8b5ef3cebda1a9692f36ac30be871b6b"], "reddit": ["https://reddit.com/r/BondAppetit/"], "technical_doc": ["https://bondappetit.io/whitepaper#19"], "source_code": ["https://github.com/bondappetit"], "announcement": []}, "platform": {"id": "1027", "name": "Ethereum", "slug": "ethereum", "symbol": "ETH", "token_address": "0x28A06c02287e657ec3F8e151A13C36A1D43814b0"}, "date_added": "2021-04-20T00:00:00.000Z", "twitter_username": "DefiBonds", "is_hidden": 0, "date_launched": "2021-04-04T00:00:00.000Z", "contract_address": [{"contract_address": "0x28A06c02287e657ec3F8e151A13C36A1D43814b0", "platform": {"name": "Ethereum", "coin": {"id": "1027", "name": "Ethereum", "symbol": "ETH", "slug": "ethereum"}}}, {"contract_address": "0x1ad0132d8b5ef3cebda1a9692f36ac30be871b6b", "platform": {"name": "BNB Smart Chain (BEP20)", "coin": {"id": "1839", "name": "BNB", "symbol": "BNB", "slug": "bnb"}}}], "self_reported_circulating_supply": 10000000.0, "self_reported_tags": ["DeFi", "Staking", "DAO", "Ethereum Ecosystem", "Waves", "Yield Farming", "Binance Chain", "Governance", "Lending & Borrowing"], "self_reported_market_cap": 233335.63729038232}, {"id": 13853, "name": "Blockchain Adventurers Guild", "symbol": "BAG", "category": "token", "description": "Blockchain Adventurers Guild (BAG) is a cryptocurrency launched in 2021and operates on the Ethereum platform. Blockchain Adventurers Guild has a current supply of 836,947.51984127 with 0 in circulation. The last known price of Blockchain Adventurers Guild is 0.44271826 USD and is up 0.00 over the last 24 hours. More information can be found at https://thisistheway.finance.", "slug": "blockchain-adventurers-guild", "logo": "https://s2.coinmarketcap.com/static/img/coins/64x64/13853.png", "subreddit": "", "notice": "", "tags": null, "tag-names": null, "tag-groups": null, "urls": {"website": ["https://thisistheway.finance"], "twitter": ["https://twitter.com/BAG_DAO"], "message_board": [], "chat": ["https://t.me/bag_dao", "https://discord.io/BAG-DAO"], "facebook": [], "explorer": ["https://etherscan.io/token/0xf33121A2209609cAdc7349AcC9c40E41CE21c730", "https://ethplorer.io/address/0xf33121A2209609cAdc7349AcC9c40E41CE21c730"], "reddit": [], "technical_doc": ["https://thisistheway.finance/The_Blockchain_Adventurers_Guild_Brown_Paper.pdf"], "source_code": ["https://github.com/thisistheway-finance"], "announcement": []}, "platform": {"id": "1027", "name": "Ethereum", "slug": "ethereum", "symbol": "ETH", "token_address": "0xf33121A2209609cAdc7349AcC9c40E41CE21c730"}, "date_added": "2021-11-03T09:22:07.000Z", "twitter_username": "BAG_DAO", "is_hidden": 0, "date_launched": "2021-04-25T00:00:00.000Z", "contract_address": [{"contract_address": "0xf33121A2209609cAdc7349AcC9c40E41CE21c730", "platform": {"name": "Ethereum", "coin": {"id": "1027", "name": "Ethereum", "symbol": "ETH", "slug": "ethereum"}}}], "self_reported_circulating_supply": 836947.5198412698, "self_reported_tags": null, "self_reported_market_cap": 370531.95170143433}]