[{"id": 10524, "name": "reBaked", "symbol": "BAKED", "category": "token", "description": "reBaked (BAKED) is a cryptocurrency launched in 2021and operates on the Ethereum platform. reBaked has a current supply of 0. The last known price of reBaked is 0.00158333 USD and is up 1.13 over the last 24 hours. It is currently trading on 9 active market(s) with $15,945.04 traded over the last 24 hours. More information can be found at http://rebaked.com/.", "slug": "rebaked", "logo": "https://s2.coinmarketcap.com/static/img/coins/64x64/10524.png", "subreddit": "", "notice": "", "tags": ["genpad"], "tag-names": ["Genpad"], "tag-groups": ["CATEGORY"], "urls": {"website": ["http://rebaked.com/"], "twitter": ["https://twitter.com/rebaked_dao"], "message_board": ["https://medium.com/rebakedinc"], "chat": ["https://t.me/rebaked", "https://t.me/rebakedann"], "facebook": ["https://www.facebook.com/rebaked"], "explorer": ["https://etherscan.io/token/0xa4cb0dce4849bdcad2d553e9e68644cf40e26cce", "https://polygonscan.com/token/0x32515ffdc3a84cfbf9ad4db14ef8f0a535c7afd6"], "reddit": [], "technical_doc": [], "source_code": ["https://etherscan.io/token/0xa4cb0dce4849bdcad2d553e9e68644cf40e26cce#readContract"], "announcement": []}, "platform": {"id": "1027", "name": "Ethereum", "slug": "ethereum", "symbol": "ETH", "token_address": "0xa4cb0dce4849bdcad2d553e9e68644cf40e26cce"}, "date_added": "2021-06-20T00:00:00.000Z", "twitter_username": "rebaked_dao", "is_hidden": 0, "date_launched": "2021-06-06T00:00:00.000Z", "contract_address": [{"contract_address": "0xa4cb0dce4849bdcad2d553e9e68644cf40e26cce", "platform": {"name": "Ethereum", "coin": {"id": "1027", "name": "Ethereum", "symbol": "ETH", "slug": "ethereum"}}}, {"contract_address": "0x32515ffdc3a84cfbf9ad4db14ef8f0a535c7afd6", "platform": {"name": "Polygon", "coin": {"id": "3890", "name": "Polygon", "symbol": "MATIC", "slug": "polygon"}}}, {"contract_address": "0x8973c9ec7b79fe880697cdbca744892682764c37", "platform": {"name": "Aurora", "coin": {"id": "14803", "name": "Aurora", "symbol": "AURORA", "slug": "aurora-near"}}}], "self_reported_circulating_supply": null, "self_reported_tags": ["Marketplace", "Platform", "Crowdfunding", "Crowdsourcing", "Gaming", "Ethereum Ecosystem", "Social Token", "Social Money", "Governance", "Launchpad", "Genpad", "Polygon Ecosystem", "Play To Earn", "Web3", "Near Protocol Ecosystem"], "self_reported_market_cap": null}]