[{"id": 5728, "name": "Balancer", "symbol": "BAL", "category": "token", "description": "Balancer (BAL) is a cryptocurrency and operates on the Ethereum platform. Balancer has a current supply of 54,409,503.28748502 with 46,314,253.04809366 in circulation. The last known price of Balancer is 5.24941203 USD and is down -1.16 over the last 24 hours. It is currently trading on 256 active market(s) with $3,936,011.75 traded over the last 24 hours. More information can be found at https://balancer.finance/.", "slug": "balancer", "logo": "https://s2.coinmarketcap.com/static/img/coins/64x64/5728.png", "subreddit": "", "notice": "", "tags": ["decentralized-exchange-dex-token", "defi", "dao", "yield-farming", "amm", "three-arrows-capital-portfolio", "governance", "coinfund-portfolio", "alameda-research-portfolio", "placeholder-ventures-portfolio", "pantera-capital-portfolio", "near-protocol-ecosystem", "arbitrum-ecosytem"], "tag-names": ["Decentralized Exchange (DEX) Token", "DeFi", "DAO", "Yield Farming", "AMM", "Three Arrows Capital Portfolio", "Governance", "Coinfund Portfolio", "Alameda Research Portfolio", "Placeholder Ventures Portfolio", "Pantera Capital Portfolio", "Near Protocol Ecosystem", "Arbitrum Ecosystem"], "tag-groups": ["CATEGORY", "CATEGORY", "CATEGORY", "CATEGORY", "CATEGORY", "CATEGORY", "CATEGORY", "CATEGORY", "CATEGORY", "CATEGORY", "CATEGORY", "CATEGORY", "PLATFORM"], "urls": {"website": ["https://balancer.finance/", "http://balancer.exchange/"], "twitter": ["https://twitter.com/BalancerLabs"], "message_board": ["https://balancer.finance/blog-feed/", "https://forum.balancer.finance/"], "chat": ["https://discord.gg/ARJWaeF"], "facebook": [], "explorer": ["https://etherscan.io/token/0xba100000625a3754423978a60c9317c58a424e3D", "https://ethplorer.io/address/0xba100000625a3754423978a60c9317c58a424e3D", "https://hecoinfo.com/token/0x045de15ca76e76426e8fc7cba8392a3138078d0f", "https://blockscout.com/xdai/mainnet/tokens/0x7eF541E2a22058048904fE5744f9c7E4C57AF717/token-transfers"], "reddit": [], "technical_doc": ["https://balancer.finance/whitepaper/"], "source_code": ["https://github.com/balancer-labs"], "announcement": []}, "platform": {"id": "1027", "name": "Ethereum", "slug": "ethereum", "symbol": "ETH", "token_address": "0xba100000625a3754423978a60c9317c58a424e3D"}, "date_added": "2020-06-24T00:00:00.000Z", "twitter_username": "BalancerLabs", "is_hidden": 0, "date_launched": null, "contract_address": [{"contract_address": "0xba100000625a3754423978a60c9317c58a424e3D", "platform": {"name": "Ethereum", "coin": {"id": "1027", "name": "Ethereum", "symbol": "ETH", "slug": "ethereum"}}}, {"contract_address": "0x045de15ca76e76426e8fc7cba8392a3138078d0f", "platform": {"name": "HECO", "coin": {"id": "2502", "name": "Huobi Token", "symbol": "HT", "slug": "huobi-token"}}}, {"contract_address": "0x7eF541E2a22058048904fE5744f9c7E4C57AF717", "platform": {"name": "Gnosis Chain", "coin": {"id": "1659", "name": "Gnosis", "symbol": "GNO", "slug": "gnosis-gno"}}}, {"contract_address": "0x9a71012b13ca4d3d0cdc72a177df3ef03b0e76a3", "platform": {"name": "Polygon", "coin": {"id": "3890", "name": "Polygon", "symbol": "MATIC", "slug": "polygon"}}}, {"contract_address": "0xFE8B128bA8C78aabC59d4c64cEE7fF28e9379921", "platform": {"name": "Optimism", "coin": {"id": "11840", "name": "Optimism", "symbol": "OP", "slug": "optimism-ethereum"}}}], "self_reported_circulating_supply": null, "self_reported_tags": null, "self_reported_market_cap": null}]