[{"id": 4679, "name": "Band Protocol", "symbol": "BAND", "category": "token", "description": "Band Protocol (BAND) is a cryptocurrency and operates on the Ethereum platform. Band Protocol has a current supply of 129,302,157.4 with 35,191,821 in circulation. The last known price of Band Protocol is 1.40392024 USD and is up 2.06 over the last 24 hours. It is currently trading on 186 active market(s) with $61,662,200.92 traded over the last 24 hours. More information can be found at https://bandprotocol.com/.", "slug": "band-protocol", "logo": "https://s2.coinmarketcap.com/static/img/coins/64x64/4679.png", "subreddit": "bandprotocol", "notice": "Let's Learn About [\"Band Protocol\"](https://coinmarketcap.com/earn/project/band-protocol) on the Learn & Earn Page!", "tags": ["cosmos-ecosystem", "defi", "oracles", "binance-chain", "binance-launchpad", "binance-labs-portfolio", "solana-ecosystem", "polygon-ecosystem", "fantom-ecosystem", "web3", "near-protocol-ecosystem", "spartan-group", "injective-ecosystem", "bnb-chain"], "tag-names": ["Cosmos Ecosystem", "DeFi", "Oracles", "Binance Chain", "Binance Launchpad", "Binance Labs Portfolio", "Solana Ecosystem", "Polygon Ecosystem", "Fantom Ecosystem", "Web3", "Near Protocol Ecosystem", "Spartan Group", "Injective Ecosystem", "BNB Chain"], "tag-groups": ["INDUSTRY", "CATEGORY", "CATEGORY", "PLATFORM", "CATEGORY", "CATEGORY", "PLATFORM", "PLATFORM", "PLATFORM", "INDUSTRY", "CATEGORY", "CATEGORY", "PLATFORM", "PLATFORM"], "urls": {"website": ["https://bandprotocol.com/"], "twitter": ["https://twitter.com/bandprotocol"], "message_board": ["https://medium.com/bandprotocol"], "chat": ["https://t.me/bandprotocol"], "facebook": [], "explorer": ["https://etherscan.io/token/0xba11d00c5f74255f56a5e366f4f77f5a186d7f55", "https://ethplorer.io/address/0xba11d00c5f74255f56a5e366f4f77f5a186d7f55", "https://bscscan.com/token/0xad6caeb32cd2c308980a548bd0bc5aa4306c6c18", "https://blockscout.com/xdai/mainnet/tokens/0xe154A435408211AC89757B76C4FbE4Dc9ED2Ef27/token-transfers", "https://ftmscan.com/token/0x46E7628E8b4350b2716ab470eE0bA1fa9e76c6C5"], "reddit": ["https://reddit.com/r/bandprotocol"], "technical_doc": ["https://bandprotocol.com/whitepaper-3.0.1.pdf"], "source_code": ["https://github.com/bandprotocol"], "announcement": []}, "platform": {"id": "1027", "name": "Ethereum", "slug": "ethereum", "symbol": "ETH", "token_address": "0xba11d00c5f74255f56a5e366f4f77f5a186d7f55"}, "date_added": "2019-09-18T00:00:00.000Z", "twitter_username": "bandprotocol", "is_hidden": 0, "date_launched": null, "contract_address": [{"contract_address": "0xba11d00c5f74255f56a5e366f4f77f5a186d7f55", "platform": {"name": "Ethereum", "coin": {"id": "1027", "name": "Ethereum", "symbol": "ETH", "slug": "ethereum"}}}, {"contract_address": "0xad6caeb32cd2c308980a548bd0bc5aa4306c6c18", "platform": {"name": "BNB Smart Chain (BEP20)", "coin": {"id": "1839", "name": "BNB", "symbol": "BNB", "slug": "bnb"}}}, {"contract_address": "0xe154A435408211AC89757B76C4FbE4Dc9ED2Ef27", "platform": {"name": "Gnosis Chain", "coin": {"id": "1659", "name": "Gnosis", "symbol": "GNO", "slug": "gnosis-gno"}}}, {"contract_address": "0x46E7628E8b4350b2716ab470eE0bA1fa9e76c6C5", "platform": {"name": "Fantom", "coin": {"id": "3513", "name": "Fantom", "symbol": "FTM", "slug": "fantom"}}}], "self_reported_circulating_supply": null, "self_reported_tags": null, "self_reported_market_cap": null}]