[{"id": 8612, "name": "Float Protocol (Bank)", "symbol": "BANK", "category": "token", "description": "Float Protocol (Bank) (BANK) is a cryptocurrency and operates on the Ethereum platform. Float Protocol (Bank) has a current supply of 288,890.02705089 with 273,577.61892126 in circulation. The last known price of Float Protocol (Bank) is 1.18685908 USD and is down -0.61 over the last 24 hours. It is currently trading on 13 active market(s) with $12,144.87 traded over the last 24 hours. More information can be found at https://floatprotocol.com.", "slug": "float-protocol", "logo": "https://s2.coinmarketcap.com/static/img/coins/64x64/8612.png", "subreddit": "", "notice": "", "tags": ["olympus-pro-ecosystem"], "tag-names": ["Olympus Pro Ecosystem"], "tag-groups": ["CATEGORY"], "urls": {"website": ["https://floatprotocol.com"], "twitter": ["https://twitter.com/FloatProtocol"], "message_board": ["https://medium.com/@floatprotocol"], "chat": ["https://t.me/officialfloatprotocol"], "facebook": [], "explorer": ["https://etherscan.io/token/0x24a6a37576377f63f194caa5f518a60f45b42921"], "reddit": [], "technical_doc": ["https://docs-float.gitbook.io/docs/"], "source_code": ["https://github.com/FloatProtocol"], "announcement": []}, "platform": {"id": "1027", "name": "Ethereum", "slug": "ethereum", "symbol": "ETH", "token_address": "0x24a6a37576377f63f194caa5f518a60f45b42921"}, "date_added": "2021-02-27T00:00:00.000Z", "twitter_username": "FloatProtocol", "is_hidden": 0, "date_launched": null, "contract_address": [{"contract_address": "0x24a6a37576377f63f194caa5f518a60f45b42921", "platform": {"name": "Ethereum", "coin": {"id": "1027", "name": "Ethereum", "symbol": "ETH", "slug": "ethereum"}}}], "self_reported_circulating_supply": NaN, "self_reported_tags": null, "self_reported_market_cap": NaN}, {"id": 9607, "name": "Bankless DAO", "symbol": "BANK", "category": "token", "description": "Bankless DAO (BANK) is a cryptocurrency and operates on the Ethereum platform. Bankless DAO has a current supply of 1,000,000,000 with 0 in circulation. The last known price of Bankless DAO is 0.00829909 USD and is up 1.27 over the last 24 hours. It is currently trading on 15 active market(s) with $15,209.68 traded over the last 24 hours. More information can be found at https://bankless.community/.", "slug": "bankless-dao", "logo": "https://s2.coinmarketcap.com/static/img/coins/64x64/9607.png", "subreddit": "", "notice": "", "tags": ["dao"], "tag-names": ["DAO"], "tag-groups": ["CATEGORY"], "urls": {"website": ["https://bankless.community/"], "twitter": ["https://twitter.com/banklessDAO"], "message_board": ["https://banklessdao.substack.com/"], "chat": ["https://discord.gg/bjPz2w9Zts"], "facebook": [], "explorer": ["https://etherscan.io/token/0x2d94aa3e47d9d5024503ca8491fce9a2fb4da198", "https://ethplorer.io/address/0x2d94aa3e47d9d5024503ca8491fce9a2fb4da198"], "reddit": [], "technical_doc": [], "source_code": [], "announcement": []}, "platform": {"id": "1027", "name": "Ethereum", "slug": "ethereum", "symbol": "ETH", "token_address": "0x2d94aa3e47d9d5024503ca8491fce9a2fb4da198"}, "date_added": "2021-05-05T00:00:00.000Z", "twitter_username": "banklessDAO", "is_hidden": 0, "date_launched": null, "contract_address": [{"contract_address": "0x2d94aa3e47d9d5024503ca8491fce9a2fb4da198", "platform": {"name": "Ethereum", "coin": {"id": "1027", "name": "Ethereum", "symbol": "ETH", "slug": "ethereum"}}}], "self_reported_circulating_supply": 256106469.0, "self_reported_tags": null, "self_reported_market_cap": 2124361.181665739}, {"id": 8112, "name": "Bankcoin", "symbol": "BANK", "category": "coin", "description": "Bankcoin (BANK) is a cryptocurrency launched in 2017. Bankcoin has a current supply of 1,000,000,000 with 0 in circulation. The last known price of Bankcoin is 0.00027116 USD and is down -0.32 over the last 24 hours. It is currently trading on 10 active market(s) with $0.00 traded over the last 24 hours. More information can be found at https://bankcoin.io.", "slug": "the-bank-coin", "logo": "https://s2.coinmarketcap.com/static/img/coins/64x64/8112.png", "subreddit": "BankCoinGlobal", "notice": "", "tags": null, "tag-names": null, "tag-groups": null, "urls": {"website": ["https://bankcoin.io"], "twitter": ["https://twitter.com/BankCexExchange"], "message_board": ["https://www.facebook.com/BankCEX", "https://www.linkedin.com/company/bankcex"], "chat": ["https://t.me/BankCEX"], "facebook": [], "explorer": ["https://scan.bankcoin.io/"], "reddit": ["https://reddit.com/r/BankCoinGlobal"], "technical_doc": [], "source_code": ["https://github.com/bankcex"], "announcement": ["https://bitcointalk.org/index.php?topic=2494308.0"]}, "platform": null, "date_added": "2020-12-24T00:00:00.000Z", "twitter_username": "BankCexExchange", "is_hidden": 0, "date_launched": "2017-11-30T00:00:00.000Z", "contract_address": [], "self_reported_circulating_supply": 1000000000.0, "self_reported_tags": ["DPoS", "Asset Management", "Platform", "Centralized Exchange (CEX) Token", "Payments", "Web3"], "self_reported_market_cap": 271083.7263341019}, {"id": 2743, "name": "[OLD]Bank Coin", "symbol": "BANK", "category": "coin", "description": "[OLD]Bank Coin (BANK) is a cryptocurrency . [OLD]Bank Coin has a current supply of 15,107,217.6556 with 6,180,916.95029 in circulation. The last known price of [OLD]Bank Coin is 0.00638056 USD and is up 0.00 over the last 24 hours. More information can be found at https://bankcoin.io/.", "slug": "bank-coin", "logo": "https://s2.coinmarketcap.com/static/img/coins/64x64/2743.png", "subreddit": "", "notice": "", "tags": ["centralized-exchange"], "tag-names": ["Centralized Exchange (CEX) Token"], "tag-groups": ["CATEGORY"], "urls": {"website": ["https://bankcoin.io/"], "twitter": [], "message_board": [], "chat": ["https://t.me/joinchat/GftwABLxBbT6ZEicvV0BAw"], "facebook": [], "explorer": ["https://explorer.bankcoin.io/"], "reddit": [], "technical_doc": [], "source_code": [], "announcement": ["https://bitcointalk.org/index.php?topic=2494308"]}, "platform": null, "date_added": "2018-05-15T00:00:00.000Z", "twitter_username": "", "is_hidden": 0, "date_launched": null, "contract_address": [], "self_reported_circulating_supply": NaN, "self_reported_tags": null, "self_reported_market_cap": NaN}, {"id": 18157, "name": "CroBank", "symbol": "BANK", "category": "token", "description": "CroBank (BANK) is a cryptocurrency launched in 2022and operates on the Cronos platform. CroBank has a current supply of 0. The last known price of CroBank is 0.01560167 USD and is up 0.00 over the last 24 hours. More information can be found at https://crobank.xyz.", "slug": "crobank", "logo": "https://s2.coinmarketcap.com/static/img/coins/64x64/18157.png", "subreddit": "Crobank", "notice": "", "tags": null, "tag-names": null, "tag-groups": null, "urls": {"website": ["https://crobank.xyz"], "twitter": ["https://twitter.com/cro_bank"], "message_board": [], "chat": ["https://t.me/cro_bank"], "facebook": [], "explorer": ["https://cronos.crypto.org/explorer/address/0x55210C2a69b4c52a9d9289A257D54d35C4a2d2eC/contracts", "https://cronoscan.com/token/0x55210c2a69b4c52a9d9289a257d54d35c4a2d2ec"], "reddit": ["https://reddit.com/r/Crobank"], "technical_doc": ["https://www.docdroid.net/zHFPGrU/crobank-whitepaper-pdf#page=6"], "source_code": [], "announcement": []}, "platform": {"id": "3635", "name": "Cronos", "slug": "cronos", "symbol": "CRO", "token_address": "0x55210C2a69b4c52a9d9289A257D54d35C4a2d2eC"}, "date_added": "2022-02-17T06:56:48.000Z", "twitter_username": "cro_bank", "is_hidden": 0, "date_launched": "2022-02-11T00:00:00.000Z", "contract_address": [{"contract_address": "0x55210C2a69b4c52a9d9289A257D54d35C4a2d2eC", "platform": {"name": "Cronos", "coin": {"id": "3635", "name": "Cronos", "symbol": "CRO", "slug": "cronos"}}}], "self_reported_circulating_supply": 900000.0, "self_reported_tags": ["DApp", "DeFi", "Memes", "Smart Contracts", "Wallet"], "self_reported_market_cap": 14041.505004457797}]