[{"id": 8168, "name": "Bao Finance (old)", "symbol": "BAO", "category": "token", "description": "Bao Finance (old) (BAO) is a cryptocurrency and operates on the Ethereum platform. Bao Finance (old) has a current supply of 560,270,974,250 with 0 in circulation. The last known price of Bao Finance (old) is 0.00003561 USD and is down -2.91 over the last 24 hours. It is currently trading on 29 active market(s) with $4,553.22 traded over the last 24 hours. More information can be found at https://bao.finance/.", "slug": "bao-finance", "logo": "https://s2.coinmarketcap.com/static/img/coins/64x64/8168.png", "subreddit": "", "notice": "Please note that BAO has migrated to [new](https://etherscan.io/token/0xce391315b414d4c7555956120461d21808a69f3a#readContract#F8) contract address. Visit new [page](https://coinmarketcap.com/currencies/bao-finance-new).", "tags": ["yield-farming", "alameda-research-portfolio"], "tag-names": ["Yield Farming", "Alameda Research Portfolio"], "tag-groups": ["CATEGORY", "CATEGORY"], "urls": {"website": ["https://bao.finance/"], "twitter": ["https://twitter.com/BaoCommunity"], "message_board": ["https://thebaoman.medium.com/"], "chat": ["https://discord.com/invite/BW3P62vJXT"], "facebook": [], "explorer": ["https://etherscan.io/token/0x374cb8c27130e2c9e04f44303f3c8351b9de61c1", "https://ethplorer.io/address/0x374cb8c27130e2c9e04f44303f3c8351b9de61c1", "https://blockscout.com/xdai/mainnet/tokens/0x82dFe19164729949fD66Da1a37BC70dD6c4746ce/token-transfers"], "reddit": [], "technical_doc": [], "source_code": [], "announcement": []}, "platform": {"id": "1027", "name": "Ethereum", "slug": "ethereum", "symbol": "ETH", "token_address": "0x374cb8c27130e2c9e04f44303f3c8351b9de61c1"}, "date_added": "2021-01-04T00:00:00.000Z", "twitter_username": "BaoCommunity", "is_hidden": 0, "date_launched": null, "contract_address": [{"contract_address": "0x374cb8c27130e2c9e04f44303f3c8351b9de61c1", "platform": {"name": "Ethereum", "coin": {"id": "1027", "name": "Ethereum", "symbol": "ETH", "slug": "ethereum"}}}, {"contract_address": "0x82dFe19164729949fD66Da1a37BC70dD6c4746ce", "platform": {"name": "Gnosis Chain", "coin": {"id": "1659", "name": "Gnosis", "symbol": "GNO", "slug": "gnosis-gno"}}}], "self_reported_circulating_supply": 34066471176.0, "self_reported_tags": null, "self_reported_market_cap": 1212252.9568967281}, {"id": 22330, "name": "BAO", "symbol": "BAO", "category": "token", "description": "BAO (BAO) is a cryptocurrency launched in 2021and operates on the BNB Smart Chain (BEP20) platform. BAO has a current supply of 10,000,000,000,000,000 with 0 in circulation. The last known price of BAO is 0 USD and is down -5.90 over the last 24 hours. It is currently trading on 6 active market(s) with $3,355.35 traded over the last 24 hours. More information can be found at https://www.sss.city/.", "slug": "bao-token", "logo": "https://s2.coinmarketcap.com/static/img/coins/64x64/22330.png", "subreddit": "", "notice": "BAO [old contract](https://bscscan.com/token/0xac019ee3863984ea66ab357a491d37fb2c9c6f17) has been migrated to a [new one](https://bscscan.com/token/0x1b7cc2E9DfeAdc0AA3c283D727C50DF84558dA59). Smart contract of the following asset can be modified by the contract owner(for example: disable selling, change fees, mint new tokens or transfer tokens). Please exercise caution while trading and always [DYOR](https://support.coinmarketcap.com/hc/en-us/articles/360043659351-Listings-Criteriap).", "tags": null, "tag-names": null, "tag-groups": null, "urls": {"website": ["https://www.sss.city/"], "twitter": ["https://twitter.com/BSCBAO"], "message_board": ["https://baoworld.medium.com/"], "chat": ["https://t.me/BAOinternational"], "facebook": [], "explorer": ["https://bscscan.com/token/0x1b7cc2E9DfeAdc0AA3c283D727C50DF84558dA59"], "reddit": [], "technical_doc": [], "source_code": ["https://github.com/bscbao/contract-code/blob/main/BAO.sol"], "announcement": []}, "platform": {"id": "1839", "name": "BNB", "slug": "bnb", "symbol": "BNB", "token_address": "0x1b7cc2E9DfeAdc0AA3c283D727C50DF84558dA59"}, "date_added": "2022-10-21T06:42:03.000Z", "twitter_username": "BSCBAO", "is_hidden": 0, "date_launched": "2021-09-01T00:00:00.000Z", "contract_address": [{"contract_address": "0x1b7cc2E9DfeAdc0AA3c283D727C50DF84558dA59", "platform": {"name": "BNB Smart Chain (BEP20)", "coin": {"id": "1839", "name": "BNB", "symbol": "BNB", "slug": "bnb"}}}], "self_reported_circulating_supply": 1e+16, "self_reported_tags": null, "self_reported_market_cap": 214751.70302535}, {"id": 18409, "name": "DAOBAO", "symbol": "BAO", "category": "token", "description": "DAOBAO (BAO) is a cryptocurrency and operates on the BNB Smart Chain (BEP20) platform. DAOBAO has a current supply of 5,195,010,404 with 0 in circulation. The last known price of DAOBAO is 0.00000956 USD and is up 0.00 over the last 24 hours. More information can be found at https://daobao.tech/.", "slug": "daobao", "logo": "https://s2.coinmarketcap.com/static/img/coins/64x64/18409.png", "subreddit": "", "notice": "", "tags": null, "tag-names": null, "tag-groups": null, "urls": {"website": ["https://daobao.tech/"], "twitter": ["https://twitter.com/DAOBAOFinance"], "message_board": [], "chat": ["https://t.me/DAOBAOFinance"], "facebook": [], "explorer": ["https://bscscan.com/token/0x21982F0A78e8248f7318Aa7DD6c19dAac9018ECb"], "reddit": [], "technical_doc": [], "source_code": [], "announcement": []}, "platform": {"id": "1839", "name": "BNB", "slug": "bnb", "symbol": "BNB", "token_address": "0x21982F0A78e8248f7318Aa7DD6c19dAac9018ECb"}, "date_added": "2022-02-28T04:22:03.000Z", "twitter_username": "DAOBAOFinance", "is_hidden": 0, "date_launched": null, "contract_address": [{"contract_address": "0x21982F0A78e8248f7318Aa7DD6c19dAac9018ECb", "platform": {"name": "BNB Smart Chain (BEP20)", "coin": {"id": "1839", "name": "BNB", "symbol": "BNB", "slug": "bnb"}}}], "self_reported_circulating_supply": NaN, "self_reported_tags": null, "self_reported_market_cap": NaN}, {"id": 23016, "name": "Bao Finance (new)", "symbol": "BAO", "category": "token", "description": "", "slug": "bao-finance-new", "logo": "https://s2.coinmarketcap.com/static/img/coins/64x64/23016.png", "subreddit": "", "notice": "", "tags": null, "tag-names": null, "tag-groups": null, "urls": {"website": ["https://bao.finance/"], "twitter": ["https://twitter.com/BaoCommunity"], "message_board": ["https://thebaoman.medium.com/"], "chat": ["https://discord.com/invite/BW3P62vJXT"], "facebook": [], "explorer": ["https://etherscan.io/token/0xce391315b414d4c7555956120461d21808a69f3a"], "reddit": [], "technical_doc": [], "source_code": [], "announcement": []}, "platform": null, "date_added": "2021-01-04T00:00:00.000Z", "twitter_username": "BaoCommunity", "is_hidden": 0, "date_launched": null, "contract_address": [], "self_reported_circulating_supply": NaN, "self_reported_tags": null, "self_reported_market_cap": NaN}]