[{"id": 21468, "name": "APEmove Governance Token", "symbol": "BAPE", "category": "token", "description": "APEmove Governance Token (BAPE) is a cryptocurrency launched in 2022and operates on the BNB Smart Chain (BEP20) platform. APEmove Governance Token has a current supply of 6,000,000,000 with 0 in circulation. The last known price of APEmove Governance Token is 0.0009711 USD and is down -0.45 over the last 24 hours. It is currently trading on 2 active market(s) with $15.42 traded over the last 24 hours. More information can be found at https://apemove.io.", "slug": "apemove-bape", "logo": "https://s2.coinmarketcap.com/static/img/coins/64x64/21468.png", "subreddit": "", "notice": "", "tags": null, "tag-names": null, "tag-groups": null, "urls": {"website": ["https://apemove.io"], "twitter": ["https://twitter.com/APEmoveApp"], "message_board": ["https://medium.com/@APEmove"], "chat": ["https://t.me/APEmove_Official", "https://discord.gg/apemove"], "facebook": [], "explorer": ["https://bscscan.com/token/0x70e48Eb0881a8c56BAAD37EB4491eA85Eb47b4b2"], "reddit": [], "technical_doc": ["https://docs.apemove.io/"], "source_code": [], "announcement": ["https://t.me/APEmove"]}, "platform": {"id": "1839", "name": "BNB", "slug": "bnb", "symbol": "BNB", "token_address": "0x70e48Eb0881a8c56BAAD37EB4491eA85Eb47b4b2"}, "date_added": "2022-08-19T07:58:58.000Z", "twitter_username": "APEmoveApp", "is_hidden": 0, "date_launched": "2022-06-18T00:00:00.000Z", "contract_address": [{"contract_address": "0x70e48Eb0881a8c56BAAD37EB4491eA85Eb47b4b2", "platform": {"name": "BNB Smart Chain (BEP20)", "coin": {"id": "1839", "name": "BNB", "symbol": "BNB", "slug": "bnb"}}}], "self_reported_circulating_supply": 270000000, "self_reported_tags": ["Health", "Sports", "Collectibles & NFTs", "DeFi", "Gaming", "Smart Contracts", "DApp", "Play To Earn", "Web3", "Token", "Cross-Chain", "BNB Chain", "Move To Earn"], "self_reported_market_cap": 262195.6827544599}, {"id": 16984, "name": "BAPE Social Club", "symbol": "BAPE", "category": "token", "description": "BAPE Social Club (BAPE) is a cryptocurrency launched in 2021and operates on the Solana platform. BAPE Social Club has a current supply of 31,210,553 with 0 in circulation. The last known price of BAPE Social Club is 0.00201705 USD and is down -41.08 over the last 24 hours. It is currently trading on 2 active market(s) with $13.54 traded over the last 24 hours. More information can be found at https://boredapesocial.club.", "slug": "bored-ape-social-club", "logo": "https://s2.coinmarketcap.com/static/img/coins/64x64/16984.png", "subreddit": "", "notice": "", "tags": ["collectibles-nfts", "solana-ecosystem"], "tag-names": ["Collectibles & NFTs", "Solana Ecosystem"], "tag-groups": ["CATEGORY", "PLATFORM"], "urls": {"website": ["https://boredapesocial.club"], "twitter": ["https://twitter.com/BAPESocialClub"], "message_board": [], "chat": ["https://discord.gg/bapesocialclub"], "facebook": [], "explorer": ["https://explorer.solana.com/address/BgeRyFWWGHeVouqfHfcXUxmvfkgekhrXYVqQWf63kpJB"], "reddit": [], "technical_doc": [], "source_code": [], "announcement": []}, "platform": {"id": "5426", "name": "Solana", "slug": "solana", "symbol": "SOL", "token_address": "BgeRyFWWGHeVouqfHfcXUxmvfkgekhrXYVqQWf63kpJB"}, "date_added": "2022-01-07T04:30:11.000Z", "twitter_username": "BAPESocialClub", "is_hidden": 0, "date_launched": "2021-12-18T00:00:00.000Z", "contract_address": [{"contract_address": "BgeRyFWWGHeVouqfHfcXUxmvfkgekhrXYVqQWf63kpJB", "platform": {"name": "Solana", "coin": {"id": "5426", "name": "Solana", "symbol": "SOL", "slug": "solana"}}}], "self_reported_circulating_supply": 67591, "self_reported_tags": null, "self_reported_market_cap": 136.33450819261466}, {"id": 17825, "name": "Bored Battle Apes", "symbol": "BAPE", "category": "token", "description": "Bored Battle Apes (BAPE) is a cryptocurrency launched in 2021and operates on the BNB Smart Chain (BEP20) platform. Bored Battle Apes has a current supply of 69,000,000,000 with 0 in circulation. The last known price of Bored Battle Apes is 0.00000023 USD and is up 0.00 over the last 24 hours. More information can be found at https://boredbattleapes.com/.", "slug": "bored-battle-apes", "logo": "https://s2.coinmarketcap.com/static/img/coins/64x64/17825.png", "subreddit": "", "notice": "", "tags": null, "tag-names": null, "tag-groups": null, "urls": {"website": ["https://boredbattleapes.com/"], "twitter": ["https://twitter.com/boredbattleapes"], "message_board": [], "chat": ["https://t.me/boredbattleapes"], "facebook": [], "explorer": ["https://bscscan.com/token/0x452c180e8573133c15275c3f81d11de7adb9ae1d"], "reddit": [], "technical_doc": [], "source_code": ["https://github.com/BAPE-Games/BAPE-Contract"], "announcement": []}, "platform": {"id": "1839", "name": "BNB", "slug": "bnb", "symbol": "BNB", "token_address": "0x452c180e8573133c15275c3f81d11de7adb9ae1d"}, "date_added": "2022-02-03T10:15:33.000Z", "twitter_username": "boredbattleapes", "is_hidden": 0, "date_launched": "2021-12-14T00:00:00.000Z", "contract_address": [{"contract_address": "0x452c180e8573133c15275c3f81d11de7adb9ae1d", "platform": {"name": "BNB Smart Chain (BEP20)", "coin": {"id": "1839", "name": "BNB", "symbol": "BNB", "slug": "bnb"}}}], "self_reported_circulating_supply": 69000000000, "self_reported_tags": null, "self_reported_market_cap": 15725.505897470039}, {"id": 19746, "name": "BabyApe", "symbol": "BAPE", "category": "token", "description": "BabyApe (BAPE) is a cryptocurrency launched in 2022and operates on the Ethereum platform. BabyApe has a current supply of 0. The last known price of BabyApe is 0.00000635 USD and is up 0.00 over the last 24 hours. More information can be found at https://babyapeoriginal.com/.", "slug": "babyape", "logo": "https://s2.coinmarketcap.com/static/img/coins/64x64/19746.png", "subreddit": "", "notice": "", "tags": null, "tag-names": null, "tag-groups": null, "urls": {"website": ["https://babyapeoriginal.com/"], "twitter": ["https://twitter.com/apebabyape"], "message_board": [], "chat": ["https://t.me/apebabyape"], "facebook": [], "explorer": ["https://etherscan.io/token/0x9b7f20195a848072feacb4d3a6a75e2beb8f8ca1"], "reddit": [], "technical_doc": [], "source_code": [], "announcement": []}, "platform": {"id": "1027", "name": "Ethereum", "slug": "ethereum", "symbol": "ETH", "token_address": "0x9b7f20195a848072feacb4d3a6a75e2beb8f8ca1"}, "date_added": "2022-04-25T08:41:40.000Z", "twitter_username": "apebabyape", "is_hidden": 0, "date_launched": "2022-04-10T00:00:00.000Z", "contract_address": [{"contract_address": "0x9b7f20195a848072feacb4d3a6a75e2beb8f8ca1", "platform": {"name": "Ethereum", "coin": {"id": "1027", "name": "Ethereum", "symbol": "ETH", "slug": "ethereum"}}}], "self_reported_circulating_supply": 1000000000, "self_reported_tags": null, "self_reported_market_cap": 6346.7781940478335}]