[{"id": 5225, "name": "FC Barcelona Fan Token", "symbol": "BAR", "category": "token", "description": "FC Barcelona Fan Token (BAR) is a cryptocurrency launched in 2020and operates on the Chiliz platform. FC Barcelona Fan Token has a current supply of 40,000,000 with 5,403,989 in circulation. The last known price of FC Barcelona Fan Token is 3.50220951 USD and is up 1.38 over the last 24 hours. It is currently trading on 26 active market(s) with $1,424,315.25 traded over the last 24 hours. More information can be found at https://chiliz.com.", "slug": "fc-barcelona-fan-token", "logo": "https://s2.coinmarketcap.com/static/img/coins/64x64/5225.png", "subreddit": "chiliz", "notice": "", "tags": ["sports", "fan-token", "soccer"], "tag-names": ["Sports", "Fan Token", "Soccer"], "tag-groups": ["INDUSTRY", "CATEGORY", "CATEGORY"], "urls": {"website": ["https://chiliz.com", "https://www.socios.com/fcbarcelona/"], "twitter": ["https://twitter.com/chiliz"], "message_board": ["https://medium.com/chiliz"], "chat": ["https://t.me/chiliztrade"], "facebook": [], "explorer": ["https://explorer.chiliz.com/tokens/0xecc000ebd318bee2a052eb174a71faf2c3c9e898/token_transfers"], "reddit": ["https://reddit.com/r/chiliz"], "technical_doc": [], "source_code": [], "announcement": []}, "platform": {"id": "4066", "name": "Chiliz", "slug": "chiliz", "symbol": "CHZ", "token_address": "0xecc000ebd318bee2a052eb174a71faf2c3c9e898"}, "date_added": "2020-06-24T00:00:00.000Z", "twitter_username": "chiliz", "is_hidden": 0, "date_launched": "2020-06-24T00:00:00.000Z", "contract_address": [{"contract_address": "0xecc000ebd318bee2a052eb174a71faf2c3c9e898", "platform": {"name": "Chiliz", "coin": {"id": "4066", "name": "Chiliz", "symbol": "CHZ", "slug": "chiliz"}}}], "self_reported_circulating_supply": 5403990, "self_reported_tags": ["PoA", "Sports", "Fan Token", "Chiliz"], "self_reported_market_cap": 18919460.573183566}, {"id": 15885, "name": "Hierocoin", "symbol": "BAR", "category": "token", "description": "Hierocoin (BAR) is a cryptocurrency launched in 2021and operates on the BNB Smart Chain (BEP20) platform. Hierocoin has a current supply of 93,000,000 with 0 in circulation. The last known price of Hierocoin is 0.00299693 USD and is up 0.00 over the last 24 hours. More information can be found at https://www.hieroglyphics.com.", "slug": "hierocoin", "logo": "https://s2.coinmarketcap.com/static/img/coins/64x64/15885.png", "subreddit": "", "notice": "", "tags": null, "tag-names": null, "tag-groups": null, "urls": {"website": ["https://www.hieroglyphics.com"], "twitter": ["https://twitter.com/hierocoin"], "message_board": [], "chat": ["https://t.me/hierocoin"], "facebook": [], "explorer": ["https://bscscan.com/address/0x34550001Fbf7d6e42e812763C91eF96F129742AB"], "reddit": [], "technical_doc": ["https://hieroglyphics.com/wp-content/uploads/2021/11/Hierocoin-BAR-Lite-Paper-3.1-1-1.pdf"], "source_code": [], "announcement": []}, "platform": {"id": "1839", "name": "BNB", "slug": "bnb", "symbol": "BNB", "token_address": "0x34550001Fbf7d6e42e812763C91eF96F129742AB"}, "date_added": "2021-12-10T03:53:49.000Z", "twitter_username": "hierocoin", "is_hidden": 0, "date_launched": "2021-12-08T00:00:00.000Z", "contract_address": [{"contract_address": "0x34550001Fbf7d6e42e812763C91eF96F129742AB", "platform": {"name": "BNB Smart Chain (BEP20)", "coin": {"id": "1839", "name": "BNB", "symbol": "BNB", "slug": "bnb"}}}], "self_reported_circulating_supply": 43011757, "self_reported_tags": null, "self_reported_market_cap": 128903.17636289977}]