[{"id": 10340, "name": "BscArmy", "symbol": "BARMY", "category": "token", "description": "BscArmy (BARMY) is a cryptocurrency launched in 2021and operates on the BNB Smart Chain (BEP20) platform. BscArmy has a current supply of 1,500,000,000,000 with 0 in circulation. The last known price of BscArmy is 0.000003 USD and is up 0.00 over the last 24 hours. More information can be found at https://bsc.army.", "slug": "bscarmy", "logo": "https://s2.coinmarketcap.com/static/img/coins/64x64/10340.png", "subreddit": "", "notice": "", "tags": ["launchzone", "bnb-chain"], "tag-names": ["LaunchZone", "BNB Chain"], "tag-groups": ["CATEGORY", "PLATFORM"], "urls": {"website": ["https://bsc.army", "https://docs.bsc.army"], "twitter": ["https://twitter.com/barmy_official"], "message_board": ["https://twitter.com/barmy_official"], "chat": ["https://t.me/bscarmychannel", "https://twitter.com/BARMY_Official"], "facebook": [], "explorer": ["https://bscscan.com/token/0x2c80bc9bfa4ec680efb949c51806bddee5ac8299"], "reddit": [], "technical_doc": [], "source_code": ["https://github.com/BSC-Army"], "announcement": ["https://twitter.com/barmy_official"]}, "platform": {"id": "1839", "name": "BNB", "slug": "bnb", "symbol": "BNB", "token_address": "0x2c80bc9bfa4ec680efb949c51806bddee5ac8299"}, "date_added": "2021-06-08T00:00:00.000Z", "twitter_username": "barmy_official", "is_hidden": 0, "date_launched": "2021-05-19T00:00:00.000Z", "contract_address": [{"contract_address": "0x2c80bc9bfa4ec680efb949c51806bddee5ac8299", "platform": {"name": "BNB Smart Chain (BEP20)", "coin": {"id": "1839", "name": "BNB", "symbol": "BNB", "slug": "bnb"}}}], "self_reported_circulating_supply": null, "self_reported_tags": null, "self_reported_market_cap": null}, {"id": 12512, "name": "BabyArmy", "symbol": "BARMY", "category": "token", "description": "BabyArmy (BARMY) is a cryptocurrency and operates on the BNB Smart Chain (BEP20) platform. BabyArmy has a current supply of 1,000,000,000,000,000 with 0 in circulation. The last known price of BabyArmy is 0 USD and is down -2.29 over the last 24 hours. More information can be found at https://babyarmy.io.", "slug": "babyarmy", "logo": "https://s2.coinmarketcap.com/static/img/coins/64x64/12512.png", "subreddit": "", "notice": "", "tags": null, "tag-names": null, "tag-groups": null, "urls": {"website": ["https://babyarmy.io"], "twitter": ["https://twitter.com/babyarmytoken"], "message_board": [], "chat": ["https://t.me/babyarmytoken"], "facebook": [], "explorer": ["https://bscscan.com/token/0xea04cB26b1Ed692C5D903f16D0C6d2D027f99A0A"], "reddit": [], "technical_doc": [], "source_code": [], "announcement": []}, "platform": {"id": "1839", "name": "BNB", "slug": "bnb", "symbol": "BNB", "token_address": "0xea04cB26b1Ed692C5D903f16D0C6d2D027f99A0A"}, "date_added": "2021-10-08T09:43:03.000Z", "twitter_username": "babyarmytoken", "is_hidden": 0, "date_launched": null, "contract_address": [{"contract_address": "0xea04cB26b1Ed692C5D903f16D0C6d2D027f99A0A", "platform": {"name": "BNB Smart Chain (BEP20)", "coin": {"id": "1839", "name": "BNB", "symbol": "BNB", "slug": "bnb"}}}], "self_reported_circulating_supply": null, "self_reported_tags": null, "self_reported_market_cap": null}]