[{"id": 19587, "name": "DracooMaster", "symbol": "BAS", "category": "token", "description": "DracooMaster (BAS) is a cryptocurrency launched in 2021and operates on the BNB Smart Chain (BEP20) platform. DracooMaster has a current supply of 22,092,253 with 0 in circulation. The last known price of DracooMaster is 0.03403392 USD and is down -3.03 over the last 24 hours. It is currently trading on 4 active market(s) with $43,493.00 traded over the last 24 hours. More information can be found at https://www.dracooworld.com/.", "slug": "dracoomaster-bas", "logo": "https://s2.coinmarketcap.com/static/img/coins/64x64/19587.png", "subreddit": "", "notice": "", "tags": null, "tag-names": null, "tag-groups": null, "urls": {"website": ["https://www.dracooworld.com/"], "twitter": ["https://twitter.com/Dracoo_Master"], "message_board": [], "chat": ["http://discord.gg/dracoomaster", "https://t.me/DracooMasterOfficial"], "facebook": [], "explorer": ["https://bscscan.com/token/0x40FfAFcd7415ed2F7A902312407181140Ad14E68"], "reddit": [], "technical_doc": [], "source_code": [], "announcement": []}, "platform": {"id": "1839", "name": "BNB", "slug": "bnb", "symbol": "BNB", "token_address": "0x40FfAFcd7415ed2F7A902312407181140Ad14E68"}, "date_added": "2022-04-18T05:46:04.000Z", "twitter_username": "Dracoo_Master", "is_hidden": 0, "date_launched": "2021-05-31T00:00:00.000Z", "contract_address": [{"contract_address": "0x40FfAFcd7415ed2F7A902312407181140Ad14E68", "platform": {"name": "BNB Smart Chain (BEP20)", "coin": {"id": "1839", "name": "BNB", "symbol": "BNB", "slug": "bnb"}}}], "self_reported_circulating_supply": 5000000.0, "self_reported_tags": null, "self_reported_market_cap": 169722.04738806846}, {"id": 7816, "name": "Basis Share", "symbol": "BAS", "category": "token", "description": "Basis Share (BAS) is a cryptocurrency and operates on the Ethereum platform. Basis Share has a current supply of 0. The last known price of Basis Share is 0.20584014 USD and is down -0.71 over the last 24 hours. It is currently trading on 6 active market(s) with $12,567.42 traded over the last 24 hours. More information can be found at https://basis.cash/.", "slug": "basis-share", "logo": "https://s2.coinmarketcap.com/static/img/coins/64x64/7816.png", "subreddit": "", "notice": "Basis Share V1 is migraring to BAS v. [Read official announcement here..](https://medium.com/basis-cash/basis-cash-v2-migration-plan-6bdd88198da2)", "tags": ["defi", "yield-farming", "rebase", "seigniorage"], "tag-names": ["DeFi", "Yield Farming", "Rebase", "Seigniorage"], "tag-groups": ["CATEGORY", "CATEGORY", "CATEGORY", "CATEGORY"], "urls": {"website": ["https://basis.cash/"], "twitter": ["https://twitter.com/BasisCash"], "message_board": [], "chat": ["https://t.me/basiscash"], "facebook": [], "explorer": ["https://etherscan.io/token/0x106538CC16F938776c7c180186975BCA23875287"], "reddit": [], "technical_doc": [], "source_code": ["https://github.com/Basis-Cash"], "announcement": []}, "platform": {"id": "1027", "name": "Ethereum", "slug": "ethereum", "symbol": "ETH", "token_address": "0x106538CC16F938776c7c180186975BCA23875287"}, "date_added": "2020-11-30T00:00:00.000Z", "twitter_username": "BasisCash", "is_hidden": 0, "date_launched": null, "contract_address": [{"contract_address": "0x106538CC16F938776c7c180186975BCA23875287", "platform": {"name": "Ethereum", "coin": {"id": "1027", "name": "Ethereum", "symbol": "ETH", "slug": "ethereum"}}}], "self_reported_circulating_supply": NaN, "self_reported_tags": null, "self_reported_market_cap": NaN}, {"id": 11279, "name": "Block Ape Scissors", "symbol": "BAS", "category": "token", "description": "Block Ape Scissors (BAS) is a cryptocurrency launched in 2021and operates on the BNB Smart Chain (BEP20) platform. Block Ape Scissors has a current supply of 100,000,000 with 0 in circulation. The last known price of Block Ape Scissors is 0.04219658 USD and is down -0.30 over the last 24 hours. It is currently trading on 5 active market(s) with $182.19 traded over the last 24 hours. More information can be found at https://www.blockapescissors.com/.", "slug": "block-ape-scissors", "logo": "https://s2.coinmarketcap.com/static/img/coins/64x64/11279.png", "subreddit": "blockapescissors", "notice": "", "tags": ["collectibles-nfts", "binance-labs-portfolio", "metaverse", "play-to-earn", "bnb-chain"], "tag-names": ["Collectibles & NFTs", "Binance Labs Portfolio", "Metaverse", "Play To Earn", "BNB Chain"], "tag-groups": ["CATEGORY", "CATEGORY", "CATEGORY", "CATEGORY", "PLATFORM"], "urls": {"website": ["https://www.blockapescissors.com/", "https://docs.blockapescissors.com"], "twitter": ["https://twitter.com/ApeBlock"], "message_board": ["https://medium.blockapescissors.com/"], "chat": ["https://t.me/blockapescissors", "https://discord.gg/blockapescissors"], "facebook": ["https://www.facebook.com/blockapescissors"], "explorer": ["https://bscscan.com/address/0x8ddeec6b677c7c552c9f3563b99e4ff90b862ebc"], "reddit": ["https://reddit.com/r/blockapescissors"], "technical_doc": ["https://4a2efd3c-d9fb-481c-8c1f-c3d0189ce9e6.filesusr.com/ugd/3e0242_ac77b2349459402dac043bb644c44faa.pdf"], "source_code": ["https://github.com/BlockApeScissors"], "announcement": []}, "platform": {"id": "1839", "name": "BNB", "slug": "bnb", "symbol": "BNB", "token_address": "0x8ddeec6b677c7c552c9f3563b99e4ff90b862ebc"}, "date_added": "2021-08-16T00:00:00.000Z", "twitter_username": "ApeBlock", "is_hidden": 0, "date_launched": "2021-06-23T00:00:00.000Z", "contract_address": [{"contract_address": "0x8ddeec6b677c7c552c9f3563b99e4ff90b862ebc", "platform": {"name": "BNB Smart Chain (BEP20)", "coin": {"id": "1839", "name": "BNB", "symbol": "BNB", "slug": "bnb"}}}], "self_reported_circulating_supply": 49345737.0, "self_reported_tags": ["Collectibles & NFTs", "Gaming", "BNB Smart Chain", "Launchpad", "Binance Labs Portfolio", "Metaverse", "Web3"], "self_reported_market_cap": 2081461.6665798589}, {"id": 1885, "name": "BitAsean", "symbol": "BAS", "category": "token", "description": "BitAsean (BAS) is a cryptocurrency and operates on the Ethereum platform. BitAsean has a current supply of 30,000,000 with 5,000,000 in circulation. The last known price of BitAsean is 0.00063353 USD and is up 0.00 over the last 24 hours. More information can be found at https://www.bitasean.org/.", "slug": "bitasean", "logo": "https://s2.coinmarketcap.com/static/img/coins/64x64/1885.png", "subreddit": "", "notice": "", "tags": null, "tag-names": null, "tag-groups": null, "urls": {"website": ["https://www.bitasean.org/"], "twitter": ["https://twitter.com/BitAseanTeam"], "message_board": [], "chat": [], "facebook": [], "explorer": ["https://etherscan.io/token/0x2a05d22db079bc40c2f77a1d1ff703a56e631cc1", "https://ethplorer.io/address/0x2a05d22db079bc40c2f77a1d1ff703a56e631cc1"], "reddit": [], "technical_doc": [], "source_code": ["https://github.com/ByteCodeTeam/"], "announcement": ["https://bitcointalk.org/index.php?topic=1946768.0"]}, "platform": {"id": "1027", "name": "Ethereum", "slug": "ethereum", "symbol": "ETH", "token_address": "0x2a05d22db079bc40c2f77a1d1ff703a56e631cc1"}, "date_added": "2017-08-12T00:00:00.000Z", "twitter_username": "BitAseanTeam", "is_hidden": 0, "date_launched": null, "contract_address": [{"contract_address": "0x2a05d22db079bc40c2f77a1d1ff703a56e631cc1", "platform": {"name": "Ethereum", "coin": {"id": "1027", "name": "Ethereum", "symbol": "ETH", "slug": "ethereum"}}}], "self_reported_circulating_supply": NaN, "self_reported_tags": null, "self_reported_market_cap": NaN}, {"id": 22939, "name": "Babyapessociety", "symbol": "BAS", "category": "token", "description": "BAS token is the governance and utility token of the BAS ecosystem. BAS TOKEN is administered by a decentralized autonomous organization or DAO. Holders of the coin may cast their vote on relevant governance decisions. BAS token holders may cast votes and decide on issues such as fund allocation, rule framing, partnerships, project selection, and other items.with a max supply 1,000,000,000 $BAS\r\nThe BAS token also has other utilities, including being used as a token used for payments or earnings within BASDEX.  integrated with the upcoming NFT DEX (AMM).", "slug": "babyapessociety", "logo": "https://s2.coinmarketcap.com/static/img/coins/64x64/22939.png", "subreddit": "", "notice": "", "tags": null, "tag-names": null, "tag-groups": null, "urls": {"website": ["https://babyapessociety.com"], "twitter": ["https://twitter.com/Babyapessociety"], "message_board": [], "chat": ["https://discord.gg/babyapessociety"], "facebook": [], "explorer": [], "reddit": [], "technical_doc": [], "source_code": [], "announcement": []}, "platform": null, "date_added": "2022-12-10T02:10:49.000Z", "twitter_username": "Babyapessociety", "is_hidden": 0, "date_launched": "2022-12-14T00:00:00.000Z", "contract_address": [], "self_reported_circulating_supply": 300000000.0, "self_reported_tags": null, "self_reported_market_cap": 0.0}]