[{"id": 7838, "name": "Base Protocol", "symbol": "BASE", "category": "token", "description": "Base Protocol (BASE) is a cryptocurrency and operates on the Ethereum platform. Base Protocol has a current supply of 480,679.61945696. The last known price of Base Protocol is 0.73497507 USD and is up 0.76 over the last 24 hours. It is currently trading on 5 active market(s) with $12,003.72 traded over the last 24 hours. More information can be found at https://www.baseprotocol.org/.", "slug": "base-protocol", "logo": "https://s2.coinmarketcap.com/static/img/coins/64x64/7838.png", "subreddit": "", "notice": "", "tags": ["rebase", "vbc-ventures-portfolio"], "tag-names": ["Rebase", "VBC Ventures Portfolio"], "tag-groups": ["CATEGORY", "CATEGORY"], "urls": {"website": ["https://www.baseprotocol.org/"], "twitter": ["https://twitter.com/baseprotocol"], "message_board": ["https://medium.com/baseprotocol"], "chat": ["https://t.me/baseprotocol", "https://discord.gg/rsPCcYV"], "facebook": [], "explorer": ["https://etherscan.io/token/0x07150e919b4de5fd6a63de1f9384828396f25fdc", "https://blockscout.com/xdai/mainnet/tokens/0x699D001ef13B15335193bC5FAd6CFC6747eeE8BE/token-transfers"], "reddit": [], "technical_doc": [], "source_code": ["https://github.com/Base-Protocol"], "announcement": []}, "platform": {"id": "1027", "name": "Ethereum", "slug": "ethereum", "symbol": "ETH", "token_address": "0x07150e919b4de5fd6a63de1f9384828396f25fdc"}, "date_added": "2020-12-02T00:00:00.000Z", "twitter_username": "baseprotocol", "is_hidden": 0, "date_launched": null, "contract_address": [{"contract_address": "0x07150e919b4de5fd6a63de1f9384828396f25fdc", "platform": {"name": "Ethereum", "coin": {"id": "1027", "name": "Ethereum", "symbol": "ETH", "slug": "ethereum"}}}, {"contract_address": "0x699D001ef13B15335193bC5FAd6CFC6747eeE8BE", "platform": {"name": "Gnosis Chain", "coin": {"id": "1659", "name": "Gnosis", "symbol": "GNO", "slug": "gnosis-gno"}}}], "self_reported_circulating_supply": null, "self_reported_tags": null, "self_reported_market_cap": null}, {"id": 22190, "name": "Maximus BASE", "symbol": "BASE", "category": "token", "description": "Maximus BASE (BASE) is a cryptocurrency and operates on the Ethereum platform. Maximus BASE has a current supply of 100,033,101 with 0 in circulation. The last known price of Maximus BASE is 0.0185459 USD and is down -4.15 over the last 24 hours. It is currently trading on 6 active market(s) with $2,152.40 traded over the last 24 hours. More information can be found at https://perpetuals.maximus.cash/.", "slug": "maximus-base", "logo": "https://s2.coinmarketcap.com/static/img/coins/64x64/22190.png", "subreddit": "", "notice": "", "tags": null, "tag-names": null, "tag-groups": null, "urls": {"website": ["https://perpetuals.maximus.cash/"], "twitter": ["https://twitter.com/maximus_dao"], "message_board": [], "chat": [], "facebook": [], "explorer": ["https://etherscan.io/token/0xe9f84d418B008888A992Ff8c6D22389C2C3504e0", "https://ethplorer.io/address/0xe9f84d418b008888a992ff8c6d22389c2c3504e0"], "reddit": [], "technical_doc": [], "source_code": [], "announcement": []}, "platform": {"id": "1027", "name": "Ethereum", "slug": "ethereum", "symbol": "ETH", "token_address": "0xe9f84d418b008888a992ff8c6d22389c2c3504e0"}, "date_added": "2022-10-14T02:34:57.000Z", "twitter_username": "maximus_dao", "is_hidden": 0, "date_launched": null, "contract_address": [{"contract_address": "0xe9f84d418b008888a992ff8c6d22389c2c3504e0", "platform": {"name": "Ethereum", "coin": {"id": "1027", "name": "Ethereum", "symbol": "ETH", "slug": "ethereum"}}}], "self_reported_circulating_supply": null, "self_reported_tags": null, "self_reported_market_cap": null}]