[{"id": 1697, "name": "Basic Attention Token", "symbol": "BAT", "category": "token", "description": "Basic Attention Token (BAT) is a cryptocurrency and operates on the Ethereum platform. Basic Attention Token has a current supply of 1,500,000,000 with 1,494,373,166.4163349 in circulation. The last known price of Basic Attention Token is 0.16238206 USD and is down -2.81 over the last 24 hours. It is currently trading on 354 active market(s) with $18,234,044.58 traded over the last 24 hours. More information can be found at https://basicattentiontoken.org/.", "slug": "basic-attention-token", "logo": "https://s2.coinmarketcap.com/static/img/coins/64x64/1697.png", "subreddit": "BATProject", "notice": "", "tags": ["marketing", "content-creation", "defi", "payments", "dcg-portfolio", "1confirmation-portfolio", "pantera-capital-portfolio", "web3", "bnb-chain"], "tag-names": ["Marketing", "Content Creation", "DeFi", "Payments", "DCG Portfolio", "1Confirmation Portfolio", "Pantera Capital Portfolio", "Web3", "BNB Chain"], "tag-groups": ["INDUSTRY", "INDUSTRY", "CATEGORY", "INDUSTRY", "CATEGORY", "CATEGORY", "CATEGORY", "INDUSTRY", "PLATFORM"], "urls": {"website": ["https://basicattentiontoken.org/"], "twitter": ["https://twitter.com/attentiontoken"], "message_board": [], "chat": ["https://t.me/batproject"], "facebook": [], "explorer": ["https://etherscan.io/token/0x0d8775f648430679a709e98d2b0cb6250d2887ef", "https://blockchair.com/ethereum/erc-20/token/0x0d8775f648430679a709e98d2b0cb6250d2887ef", "https://bscscan.com/token/0x101d82428437127bf1608f699cd651e6abf9766e", "https://blockscout.com/xdai/mainnet/tokens/0xC6cC63f4AA25BBD4453eB5F3a0DfE546feF9b2f3/token-transfers", "https://solscan.io/account/EPeUFDgHRxs9xxEPVaL6kfGQvCon7jmAWKVUHuux1Tpz"], "reddit": ["https://reddit.com/r/BATProject"], "technical_doc": ["https://basicattentiontoken.org/BasicAttentionTokenWhitePaper-4.pdf"], "source_code": ["https://github.com/brave-intl/bat-ledger"], "announcement": []}, "platform": {"id": "1027", "name": "Ethereum", "slug": "ethereum", "symbol": "ETH", "token_address": "0x0d8775f648430679a709e98d2b0cb6250d2887ef"}, "date_added": "2017-06-01T00:00:00.000Z", "twitter_username": "attentiontoken", "is_hidden": 0, "date_launched": null, "contract_address": [{"contract_address": "0x0d8775f648430679a709e98d2b0cb6250d2887ef", "platform": {"name": "Ethereum", "coin": {"id": "1027", "name": "Ethereum", "symbol": "ETH", "slug": "ethereum"}}}, {"contract_address": "0x101d82428437127bf1608f699cd651e6abf9766e", "platform": {"name": "BNB Smart Chain (BEP20)", "coin": {"id": "1839", "name": "BNB", "symbol": "BNB", "slug": "bnb"}}}, {"contract_address": "0xC6cC63f4AA25BBD4453eB5F3a0DfE546feF9b2f3", "platform": {"name": "Gnosis Chain", "coin": {"id": "1659", "name": "Gnosis", "symbol": "GNO", "slug": "gnosis-gno"}}}, {"contract_address": "0x98443B96EA4b0858FDF3219Cd13e98C7A4690588", "platform": {"name": "Avalanche C-Chain", "coin": {"id": "5805", "name": "Avalanche", "symbol": "AVAX", "slug": "avalanche"}}}, {"contract_address": "EPeUFDgHRxs9xxEPVaL6kfGQvCon7jmAWKVUHuux1Tpz", "platform": {"name": "Solana", "coin": {"id": "5426", "name": "Solana", "symbol": "SOL", "slug": "solana"}}}], "self_reported_circulating_supply": null, "self_reported_tags": null, "self_reported_market_cap": null}, {"id": 10028, "name": "Bat Finance", "symbol": "BAT", "category": "token", "description": "Bat Finance (BAT) is a cryptocurrency launched in 2021and operates on the BNB Smart Chain (BEP20) platform. Bat Finance has a current supply of 0. The last known price of Bat Finance is 0 USD and is down -0.02 over the last 24 hours. More information can be found at https://app.batex.io.", "slug": "bat-finance", "logo": "https://s2.coinmarketcap.com/static/img/coins/64x64/10028.png", "subreddit": "", "notice": "", "tags": ["bnb-chain"], "tag-names": ["BNB Chain"], "tag-groups": ["PLATFORM"], "urls": {"website": ["https://app.batex.io"], "twitter": ["https://twitter.com/BatFinTech"], "message_board": [], "chat": ["https://t.me/batfinanceproject"], "facebook": [], "explorer": ["https://bscscan.com/token/0xe76804b43f17fc41f226d63fd2a676df409d4678"], "reddit": [], "technical_doc": [], "source_code": [], "announcement": []}, "platform": {"id": "1839", "name": "BNB", "slug": "bnb", "symbol": "BNB", "token_address": "0xe76804b43f17fc41f226d63fd2a676df409d4678"}, "date_added": "2021-05-24T00:00:00.000Z", "twitter_username": "BatFinTech", "is_hidden": 0, "date_launched": "2021-05-19T00:00:00.000Z", "contract_address": [{"contract_address": "0xe76804b43f17fc41f226d63fd2a676df409d4678", "platform": {"name": "BNB Smart Chain (BEP20)", "coin": {"id": "1839", "name": "BNB", "symbol": "BNB", "slug": "bnb"}}}], "self_reported_circulating_supply": null, "self_reported_tags": null, "self_reported_market_cap": null}]