[{"id": 18184, "name": "BBS Network", "symbol": "BBS", "category": "token", "description": "BBS Network (BBS) is a cryptocurrency and operates on the Ethereum platform. BBS Network has a current supply of 1,000,000,000 with 70,704,795.65042149 in circulation. The last known price of BBS Network is 0.00998125 USD and is down -7.56 over the last 24 hours. It is currently trading on 11 active market(s) with $52,141.87 traded over the last 24 hours. More information can be found at https://www.bbsnetwork.io/.", "slug": "bbs-network", "logo": "https://s2.coinmarketcap.com/static/img/coins/64x64/18184.png", "subreddit": "", "notice": "", "tags": ["ethereum-ecosystem", "bnb-chain"], "tag-names": ["Ethereum Ecosystem", "BNB Chain"], "tag-groups": ["PLATFORM", "PLATFORM"], "urls": {"website": ["https://www.bbsnetwork.io/"], "twitter": ["https://twitter.com/BBSnetworkIO"], "message_board": [], "chat": [], "facebook": [], "explorer": ["https://etherscan.io/token/0xFe459828c90c0BA4bC8b42F5C5D44F316700B430", "https://ethplorer.io/address/0xfe459828c90c0ba4bc8b42f5c5d44f316700b430", "https://bscscan.com/token/0xa477a79a118a84a0d371a53c8f46f8ce883ec1dd"], "reddit": [], "technical_doc": [], "source_code": [], "announcement": []}, "platform": {"id": "1027", "name": "Ethereum", "slug": "ethereum", "symbol": "ETH", "token_address": "0xFe459828c90c0BA4bC8b42F5C5D44F316700B430"}, "date_added": "2022-02-18T06:38:32.000Z", "twitter_username": "BBSnetworkIO", "is_hidden": 0, "date_launched": null, "contract_address": [{"contract_address": "0xFe459828c90c0BA4bC8b42F5C5D44F316700B430", "platform": {"name": "Ethereum", "coin": {"id": "1027", "name": "Ethereum", "symbol": "ETH", "slug": "ethereum"}}}, {"contract_address": "0xa477a79a118a84a0d371a53c8f46f8ce883ec1dd", "platform": {"name": "BNB Smart Chain (BEP20)", "coin": {"id": "1839", "name": "BNB", "symbol": "BNB", "slug": "bnb"}}}], "self_reported_circulating_supply": 64224887.0, "self_reported_tags": null, "self_reported_market_cap": 641044.6623514948}, {"id": 3093, "name": "BBSCoin", "symbol": "BBS", "category": "coin", "description": "BBSCoin (BBS) is a cryptocurrency launched in 2018. BBSCoin has a current supply of 101,578,614,877.57779. The last known price of BBSCoin is 0.00000067 USD and is up 0.31 over the last 24 hours. It is currently trading on 2 active market(s) with $4.41 traded over the last 24 hours. More information can be found at https://bbscoin.org/.", "slug": "bbscoin", "logo": "https://s2.coinmarketcap.com/static/img/coins/64x64/3093.png", "subreddit": "BBSCoin", "notice": "", "tags": ["social-money"], "tag-names": ["Social Money"], "tag-groups": ["CATEGORY"], "urls": {"website": ["https://bbscoin.org/", "https://bbscoin.click/"], "twitter": ["https://twitter.com/bbs_coin"], "message_board": ["https://medium.com/bbscoin"], "chat": ["https://t.me/bbscoin", "https://t.me/bbscoin_korea"], "facebook": ["https://www.facebook.com/BBSCoin"], "explorer": ["https://explorer.bbscoin.org"], "reddit": ["https://reddit.com/r/BBSCoin"], "technical_doc": ["https://docs.bbscoin.click/"], "source_code": ["https://github.com/bbscoincommunity"], "announcement": ["https://bitcointalk.org/index.php?topic=2861067"]}, "platform": {"id": "1958", "name": "TRON", "slug": "tron", "symbol": "TRX", "token_address": "1003413"}, "date_added": "2018-08-30T00:00:00.000Z", "twitter_username": "bbs_coin", "is_hidden": 0, "date_launched": "2018-01-12T00:00:00.000Z", "contract_address": [{"contract_address": "1003413", "platform": {"name": "Tron10", "coin": {"id": "1958", "name": "TRON", "symbol": "TRX", "slug": "tron"}}}, {"contract_address": "TB3CjdHfkraU7MJLSQESYPY4U2CMKXi3LB", "platform": {"name": "Tron20", "coin": {"id": "1958", "name": "TRON", "symbol": "TRX", "slug": "tron"}}}], "self_reported_circulating_supply": NaN, "self_reported_tags": ["CryptoNight-Lite", "Platform", "TRON Ecosystem", "Social Money"], "self_reported_market_cap": NaN}]