[{"id": 16869, "name": "BabylonDAO", "symbol": "BBY", "category": "token", "description": "BabylonDAO (BBY) is a cryptocurrency and operates on the Solana platform. BabylonDAO has a current supply of 0. The last known price of BabylonDAO is 16.47528154 USD and is down -0.01 over the last 24 hours. It is currently trading on 1 active market(s) with $0.00 traded over the last 24 hours. More information can be found at https://app.babylondao.finance/.", "slug": "babylondao", "logo": "https://s2.coinmarketcap.com/static/img/coins/64x64/16869.png", "subreddit": "", "notice": "", "tags": ["solana-ecosystem"], "tag-names": ["Solana Ecosystem"], "tag-groups": ["PLATFORM"], "urls": {"website": ["https://app.babylondao.finance/"], "twitter": ["https://twitter.com/babylondao"], "message_board": ["https://medium.com/@babylondao"], "chat": ["https://discord.com/invite/babylondao"], "facebook": [], "explorer": ["https://solscan.io/token/5SZSVgnQDgKKxtCe3UA3x4T7tcSRNDaL3NmfdEqpuLzo"], "reddit": [], "technical_doc": [], "source_code": [], "announcement": []}, "platform": {"id": "5426", "name": "Solana", "slug": "solana", "symbol": "SOL", "token_address": "5SZSVgnQDgKKxtCe3UA3x4T7tcSRNDaL3NmfdEqpuLzo"}, "date_added": "2022-01-05T07:10:52.000Z", "twitter_username": "babylondao", "is_hidden": 0, "date_launched": null, "contract_address": [{"contract_address": "5SZSVgnQDgKKxtCe3UA3x4T7tcSRNDaL3NmfdEqpuLzo", "platform": {"name": "Solana", "coin": {"id": "5426", "name": "Solana", "symbol": "SOL", "slug": "solana"}}}], "self_reported_circulating_supply": NaN, "self_reported_tags": null, "self_reported_market_cap": NaN}, {"id": 12491, "name": "BabyYorkie", "symbol": "BBY", "category": "token", "description": "What is BabyYorkie?\r\nBabyYorkie is the primary token of the BabyYorkie Ecosystem. BabyYorkie was born on July 21, 2021 with the clear idea of \u200b\u200bhaving a real utility in the future in the pet and animal sector (zoos, veterinarians, pet stores, pet boutiques ...).\r\n\r\nWhat is BabyYorkie's Supply?\r\nBaby Yorkie has a supply of 21,000,000,000,000 of which more than 20% has already burned.\r\n\r\nWho are the founders of BabyYorkie?\r\nThe BabyYorkie team is 100x100 doxxed. It is made up of three members: an expert in online marketing and fullstak development, an expert in marketing and social media, and an expert in developing business viability plans. You can see their profiles and social networks at www.babyyorkie.finance.\r\n\r\nWhere can you buy BabyYorkie?\r\nYou can buy it at https://pancakeswap.finance. Our contract is: 0x50976c57a3a1923b55b76393451dac1e24a0a08d\r\nSoon we will list in different exchanges.\r\n\r\nWhat are BabyYorkie's future plans?\r\n- Launch on October 8th of our own swap. It will have the functions of swap, staking, farming, pools and lotteries. We will be adding different pools and adding utilities to make a powerful and benchmark platform in the crypto market.\r\n\r\n-Visa card. We will have a payment system for businesses related to animals and pets (zoos, veterinarians, pet stores, boutiques ...), so that when paying with this card, owners obtain advantages and discounts.\r\n\r\n- Charity and donations: We will build a shelter for unprotected animals. It will also be a thematic refuge, with a restaurant, attractions and a guided tour with a presentation of the animals proposed for adoption. This project is already underway, working with \u201cAndaluc\u00eda Emprende\u201d (the platform for promoting Startups of the Junta de Andaluc\u00eda) to give it consistency and make the project sustainable.\r\n\r\n- Creation of a line of organic food for animals, a tokenized company from which the shares of the company can be bought with one of our currencies and thus be able to collect dividends with that currency.\r\n\r\n- A dream: create our own Blockchain network.", "slug": "babyyorkie", "logo": "https://s2.coinmarketcap.com/static/img/coins/64x64/12491.png", "subreddit": "", "notice": "", "tags": null, "tag-names": null, "tag-groups": null, "urls": {"website": ["https://babyyorkie.finance"], "twitter": ["https://twitter.com/babyyorkietoken"], "message_board": [], "chat": ["https://t.me/babyyorkietoken"], "facebook": [], "explorer": ["https://bscscan.com/token/0x50976c57a3a1923b55b76393451dac1e24a0a08d"], "reddit": [], "technical_doc": [], "source_code": ["https://bscscan.com/address/0x50976c57a3a1923b55b76393451dac1e24a0a08d#code"], "announcement": ["https://t.me/babyyorkieofficialchannel"]}, "platform": {"id": "1839", "name": "BNB", "slug": "bnb", "symbol": "BNB", "token_address": "0x50976c57a3a1923b55b76393451dac1e24a0a08d"}, "date_added": "2021-10-08T05:24:06.000Z", "twitter_username": "babyyorkietoken", "is_hidden": 0, "date_launched": "2021-07-20T00:00:00.000Z", "contract_address": [{"contract_address": "0x50976c57a3a1923b55b76393451dac1e24a0a08d", "platform": {"name": "BNB Smart Chain (BEP20)", "coin": {"id": "1839", "name": "BNB", "symbol": "BNB", "slug": "bnb"}}}], "self_reported_circulating_supply": 8619661359814.0, "self_reported_tags": ["DeFi", "Smart Contracts", "Staking"], "self_reported_market_cap": 0.0}]