[{"id": 12751, "name": "Blockchain Monster Hunt", "symbol": "BCMC", "category": "token", "description": "Blockchain Monster Hunt (BCMC) is a cryptocurrency launched in 2021and operates on the Ethereum platform. Blockchain Monster Hunt has a current supply of 994,444,444 with 148,292,829 in circulation. The last known price of Blockchain Monster Hunt is 0.00647862 USD and is down -5.66 over the last 24 hours. It is currently trading on 21 active market(s) with $13,845.06 traded over the last 24 hours. More information can be found at https://bcmhunt.com.", "slug": "blockchain-monster-hunt", "logo": "https://s2.coinmarketcap.com/static/img/coins/64x64/12751.png", "subreddit": "", "notice": "", "tags": ["collectibles-nfts", "gaming", "metaverse", "play-to-earn", "bullperks-launchpad", "animoca-brands-portfolio", "skyvision-capital-portfolio"], "tag-names": ["Collectibles & NFTs", "Gaming", "Metaverse", "Play To Earn", "BullPerks Launchpad", "Animoca Brands Portfolio", "SkyVision Capital Portfolio"], "tag-groups": ["CATEGORY", "INDUSTRY", "CATEGORY", "CATEGORY", "CATEGORY", "CATEGORY", "CATEGORY"], "urls": {"website": ["https://bcmhunt.com"], "twitter": ["https://twitter.com/bcmhunt"], "message_board": ["https://blog.bcmhunt.com", "https://bcmhunt.gitbook.io/bcmhunt/"], "chat": ["https://t.me/BcmHuntGroup", "https://discord.gg/Ee9aJ287J2"], "facebook": ["https://www.facebook.com/bcmhunt"], "explorer": ["https://etherscan.io/address/0x2BA8349123de45E931a8C8264c332E6e9CF593F9", "https://bscscan.com/address/0xc10358f062663448a3489fC258139944534592ac", "https://polygonscan.com/address/0xc10358f062663448a3489fC258139944534592ac"], "reddit": [], "technical_doc": [], "source_code": [], "announcement": []}, "platform": {"id": "1027", "name": "Ethereum", "slug": "ethereum", "symbol": "ETH", "token_address": "0x2BA8349123de45E931a8C8264c332E6e9CF593F9"}, "date_added": "2021-10-14T21:00:24.000Z", "twitter_username": "bcmhunt", "is_hidden": 0, "date_launched": "2021-10-13T00:00:00.000Z", "contract_address": [{"contract_address": "0x2BA8349123de45E931a8C8264c332E6e9CF593F9", "platform": {"name": "Ethereum", "coin": {"id": "1027", "name": "Ethereum", "symbol": "ETH", "slug": "ethereum"}}}, {"contract_address": "0xc10358f062663448a3489fC258139944534592ac", "platform": {"name": "BNB Smart Chain (BEP20)", "coin": {"id": "1839", "name": "BNB", "symbol": "BNB", "slug": "bnb"}}}, {"contract_address": "0xc10358f062663448a3489fC258139944534592ac", "platform": {"name": "Polygon", "coin": {"id": "3890", "name": "Polygon", "symbol": "MATIC", "slug": "polygon"}}}], "self_reported_circulating_supply": 994444211.06, "self_reported_tags": null, "self_reported_market_cap": 6444446.922714218}]