[{"id": 12252, "name": "Bombcrypto", "symbol": "BCOIN", "category": "token", "description": "Bombcrypto (BCOIN) is a cryptocurrency launched in 2021and operates on the BNB Smart Chain (BEP20) platform. Bombcrypto has a current supply of 0. The last known price of Bombcrypto is 0.00743016 USD and is up 0.04 over the last 24 hours. It is currently trading on 26 active market(s) with $401,668.99 traded over the last 24 hours. More information can be found at https://bombcrypto.io/.", "slug": "bombcrypto", "logo": "https://s2.coinmarketcap.com/static/img/coins/64x64/12252.png", "subreddit": "", "notice": "", "tags": ["launchzone", "mvb"], "tag-names": ["LaunchZone", "MVB"], "tag-groups": ["CATEGORY", "CATEGORY"], "urls": {"website": ["https://bombcrypto.io/"], "twitter": ["https://twitter.com/BombCryptoGame"], "message_board": ["https://bombcrypto.medium.com/", "https://www.tiktok.com/@bombcrypto_official"], "chat": ["https://t.me/BombCryptoChannel", "https://discord.link/bombcrypto"], "facebook": [], "explorer": ["https://bscscan.com/address/0x00e1656e45f18ec6747F5a8496Fd39B50b38396D"], "reddit": [], "technical_doc": ["https://whitepaper.bombcrypto.io/"], "source_code": ["https://github.com/Senspark/bombcrypto"], "announcement": ["https://bit.ly/bombcrypto"]}, "platform": {"id": "1839", "name": "BNB", "slug": "bnb", "symbol": "BNB", "token_address": "0x00e1656e45f18ec6747F5a8496Fd39B50b38396D"}, "date_added": "2021-10-01T15:13:22.000Z", "twitter_username": "BombCryptoGame", "is_hidden": 0, "date_launched": "2021-09-20T00:00:00.000Z", "contract_address": [{"contract_address": "0x00e1656e45f18ec6747F5a8496Fd39B50b38396D", "platform": {"name": "BNB Smart Chain (BEP20)", "coin": {"id": "1839", "name": "BNB", "symbol": "BNB", "slug": "bnb"}}}], "self_reported_circulating_supply": 10775558, "self_reported_tags": null, "self_reported_market_cap": 80074.31393380283}]