[{"id": 11338, "name": "Block Commerce Protocol", "symbol": "BCP", "category": "token", "description": "Block Commerce Protocol (BCP) is a cryptocurrency launched in 2021and operates on the Ethereum platform. Block Commerce Protocol has a current supply of 0. The last known price of Block Commerce Protocol is 0.00584476 USD and is down -8.38 over the last 24 hours. It is currently trading on 2 active market(s) with $657.43 traded over the last 24 hours. More information can be found at https://bcprotocol.io.", "slug": "block-commerce-protocol", "logo": "https://s2.coinmarketcap.com/static/img/coins/64x64/11338.png", "subreddit": "", "notice": "", "tags": null, "tag-names": null, "tag-groups": null, "urls": {"website": ["https://bcprotocol.io"], "twitter": ["https://twitter.com/bcp_block"], "message_board": ["https://medium.com/@bcp_official"], "chat": ["https://t.me/bcp_official_channel"], "facebook": [], "explorer": ["https://etherscan.io/token/0x4612021c75809160be60db21fbc9d6add0b32def"], "reddit": [], "technical_doc": ["https://bcprotocol.io/bcp_whitepaper_eng.pdf"], "source_code": ["https://github.com/JoshepJang/BCP/blob/main/BCP.sol"], "announcement": []}, "platform": {"id": "1027", "name": "Ethereum", "slug": "ethereum", "symbol": "ETH", "token_address": "0x4612021c75809160be60db21fbc9d6add0b32def"}, "date_added": "2021-08-20T00:00:00.000Z", "twitter_username": "bcp_block", "is_hidden": 0, "date_launched": "2021-01-17T00:00:00.000Z", "contract_address": [{"contract_address": "0x4612021c75809160be60db21fbc9d6add0b32def", "platform": {"name": "Ethereum", "coin": {"id": "1027", "name": "Ethereum", "symbol": "ETH", "slug": "ethereum"}}}], "self_reported_circulating_supply": NaN, "self_reported_tags": null, "self_reported_market_cap": NaN}, {"id": 11882, "name": "Bitcashpay (new)", "symbol": "BCP", "category": "token", "description": "Bitcashpay (new) (BCP) is a cryptocurrency launched in 2020and operates on the BNB Smart Chain (BEP20) platform. Bitcashpay (new) has a current supply of 85,000,000 with 0 in circulation. The last known price of Bitcashpay (new) is 0.00085862 USD and is up 1.31 over the last 24 hours. It is currently trading on 3 active market(s) with $118.75 traded over the last 24 hours. More information can be found at https://bitcashpay.net.", "slug": "bitcashpay-new", "logo": "https://s2.coinmarketcap.com/static/img/coins/64x64/11882.png", "subreddit": "", "notice": "", "tags": null, "tag-names": null, "tag-groups": null, "urls": {"website": ["https://bitcashpay.net"], "twitter": ["https://twitter.com/Bitcashpay1"], "message_board": [], "chat": ["https://t.me/bitcashpayofficialgroup"], "facebook": [], "explorer": ["https://bscscan.com/address/0x21f1ce0fcf1e9e39f8e79b7762801e8096d9f6cd"], "reddit": [], "technical_doc": ["https://cdn.bitcashpay.net/bitcashpay-whitepaper.pdf"], "source_code": ["https://github.com/bitcashpay-dev/bitcashpay-contract"], "announcement": ["https://bitcashpay.medium.com/bitcashpay-f41fbaf1bcd9"]}, "platform": {"id": "1839", "name": "BNB", "slug": "bnb", "symbol": "BNB", "token_address": "0x21f1ce0fcf1e9e39f8e79b7762801e8096d9f6cd"}, "date_added": "2020-12-06T00:00:00.000Z", "twitter_username": "Bitcashpay1", "is_hidden": 0, "date_launched": "2020-07-31T00:00:00.000Z", "contract_address": [{"contract_address": "0x21f1ce0fcf1e9e39f8e79b7762801e8096d9f6cd", "platform": {"name": "BNB Smart Chain (BEP20)", "coin": {"id": "1839", "name": "BNB", "symbol": "BNB", "slug": "bnb"}}}], "self_reported_circulating_supply": 45500000.0, "self_reported_tags": null, "self_reported_market_cap": 39007.23269715133}, {"id": 4305, "name": "Bitcoin Platinums", "symbol": "BCP", "category": "token", "description": "Bitcoin Platinums (BCP) is the native asset of the BCP exchange.", "slug": "bitcoin-platinums", "logo": "https://s2.coinmarketcap.com/static/img/coins/64x64/4305.png", "subreddit": "", "notice": "", "tags": null, "tag-names": null, "tag-groups": null, "urls": {"website": ["https://bitcoinplatinums.com/"], "twitter": ["https://twitter.com/bitcoinplatinu1"], "message_board": ["https://bitcoinplatinums.com/en/"], "chat": [], "facebook": [], "explorer": ["https://etherscan.io/token/0xd26fb114401ec86887cd09f62eccd95fcf20b571", "https://ethplorer.io/address/0xd26fb114401ec86887cd09f62eccd95fcf20b571"], "reddit": [], "technical_doc": ["http://bitcoinplatinums.com/en/page/whitepaper"], "source_code": [], "announcement": []}, "platform": {"id": "1027", "name": "Ethereum", "slug": "ethereum", "symbol": "ETH", "token_address": "0xd26fb114401ec86887cd09f62eccd95fcf20b571"}, "date_added": "2019-08-29T00:00:00.000Z", "twitter_username": "bitcoinplatinu1", "is_hidden": 0, "date_launched": null, "contract_address": [{"contract_address": "0xd26fb114401ec86887cd09f62eccd95fcf20b571", "platform": {"name": "Ethereum", "coin": {"id": "1027", "name": "Ethereum", "symbol": "ETH", "slug": "ethereum"}}}], "self_reported_circulating_supply": NaN, "self_reported_tags": null, "self_reported_market_cap": NaN}, {"id": 4378, "name": "Blockchain Poland", "symbol": "BCP", "category": "token", "description": "Blockchain Poland (BCP) is a cryptocurrency launched in 2018and operates on the Ethereum platform. Blockchain Poland has a current supply of 0. The last known price of Blockchain Poland is 0.01013532 USD and is up 0.00 over the last 24 hours. More information can be found at http://bcptoken.pl/271-2/.", "slug": "blockchain-poland", "logo": "https://s2.coinmarketcap.com/static/img/coins/64x64/4378.png", "subreddit": "", "notice": "", "tags": null, "tag-names": null, "tag-groups": null, "urls": {"website": ["http://bcptoken.pl/271-2/"], "twitter": [], "message_board": [], "chat": [], "facebook": [], "explorer": ["https://etherscan.io/token/0x72e203a17add19a3099137c9d7015fd3e2b7dba9", "https://ethplorer.io/address/0x72e203a17add19a3099137c9d7015fd3e2b7dba9"], "reddit": [], "technical_doc": [], "source_code": [], "announcement": []}, "platform": {"id": "1027", "name": "Ethereum", "slug": "ethereum", "symbol": "ETH", "token_address": "0x72e203a17add19a3099137c9d7015fd3e2b7dba9"}, "date_added": "2019-09-02T00:00:00.000Z", "twitter_username": "", "is_hidden": 0, "date_launched": "2018-10-26T00:00:00.000Z", "contract_address": [{"contract_address": "0x72e203a17add19a3099137c9d7015fd3e2b7dba9", "platform": {"name": "Ethereum", "coin": {"id": "1027", "name": "Ethereum", "symbol": "ETH", "slug": "ethereum"}}}], "self_reported_circulating_supply": NaN, "self_reported_tags": null, "self_reported_market_cap": NaN}, {"id": 4600, "name": "BCP Exchange", "symbol": "BCP", "category": "token", "description": null, "slug": "bcp-exchange", "logo": "https://s2.coinmarketcap.com/static/img/coins/64x64/4600.png", "subreddit": "", "notice": "", "tags": null, "tag-names": null, "tag-groups": null, "urls": {"website": ["https://bItcoinplatinums.com/"], "twitter": [], "message_board": [], "chat": [], "facebook": [], "explorer": ["https://etherscan.io/token/0xd26fb114401ec86887cd09f62eccd95fcf20b571", "https://ethplorer.io/address/0xd26fb114401ec86887cd09f62eccd95fcf20b571"], "reddit": [], "technical_doc": [], "source_code": [], "announcement": []}, "platform": null, "date_added": "2019-09-14T00:00:00.000Z", "twitter_username": "", "is_hidden": 0, "date_launched": null, "contract_address": [], "self_reported_circulating_supply": NaN, "self_reported_tags": null, "self_reported_market_cap": NaN}, {"id": 7867, "name": "Bitcashpay (old)", "symbol": "BCP", "category": "token", "description": "Bitcashpay (old) (BCP) is a cryptocurrency launched in 2020and operates on the Ethereum platform. Bitcashpay (old) has a current supply of 850,000,000 with 198,655,033.02519366 in circulation. The last known price of Bitcashpay (old) is 0.00009402 USD and is up 0.00 over the last 24 hours. More information can be found at https://bitcashpay.net.", "slug": "bitcashpay", "logo": "https://s2.coinmarketcap.com/static/img/coins/64x64/7867.png", "subreddit": "", "notice": "BitcashPay was hacked and has recently migrated to a new contract. Do not purchase any more of their old tokens. For more information, visit their official Twitter page.", "tags": ["trustswap-launchpad", "bnb-chain"], "tag-names": ["Trustswap Launchpad", "BNB Chain"], "tag-groups": ["CATEGORY", "PLATFORM"], "urls": {"website": ["https://bitcashpay.net"], "twitter": ["https://twitter.com/Bitcashpay1"], "message_board": [], "chat": ["https://t.me/bitcashpayofficialgroup"], "facebook": [], "explorer": ["https://etherscan.io/token/0xe047705117Eb07e712C3d684f5B18E74577e83aC", "https://ethplorer.io/address/0xe047705117Eb07e712C3d684f5B18E74577e83aC"], "reddit": [], "technical_doc": ["https://cdn.bitcashpay.net/bitcashpay-whitepaper.pdf"], "source_code": ["https://github.com/bitcashpay-dev/bitcashpay-contract"], "announcement": ["https://bitcashpay.medium.com/bitcashpay-f41fbaf1bcd9"]}, "platform": {"id": "1027", "name": "Ethereum", "slug": "ethereum", "symbol": "ETH", "token_address": "0xe047705117Eb07e712C3d684f5B18E74577e83aC"}, "date_added": "2020-12-06T00:00:00.000Z", "twitter_username": "Bitcashpay1", "is_hidden": 0, "date_launched": "2020-07-31T00:00:00.000Z", "contract_address": [{"contract_address": "0xe047705117Eb07e712C3d684f5B18E74577e83aC", "platform": {"name": "Ethereum", "coin": {"id": "1027", "name": "Ethereum", "symbol": "ETH", "slug": "ethereum"}}}, {"contract_address": "0xB44a9B6905aF7c801311e8F4E76932ee959c663C", "platform": {"name": "BNB Smart Chain (BEP20)", "coin": {"id": "1839", "name": "BNB", "symbol": "BNB", "slug": "bnb"}}}], "self_reported_circulating_supply": 350030000.0, "self_reported_tags": null, "self_reported_market_cap": 32910.70720887435}, {"id": 8323, "name": "PieDAO Balanced Crypto Pie", "symbol": "BCP", "category": "token", "description": "PieDAO Balanced Crypto Pie (BCP) is a cryptocurrency launched in 2020and operates on the Ethereum platform. PieDAO Balanced Crypto Pie has a current supply of 0. The last known price of PieDAO Balanced Crypto Pie is 1.18348971 USD and is up 0.00 over the last 24 hours. More information can be found at https://pools.piedao.org/#/pie/0xe4f726adc8e89c6a6017f01eada77865db22da14.", "slug": "piedao-balanced-crypto-pie", "logo": "https://s2.coinmarketcap.com/static/img/coins/64x64/8323.png", "subreddit": "PieDAO", "notice": "", "tags": null, "tag-names": null, "tag-groups": null, "urls": {"website": ["https://pools.piedao.org/#/pie/0xe4f726adc8e89c6a6017f01eada77865db22da14"], "twitter": ["https://twitter.com/piedao_DeFI"], "message_board": ["https://medium.com/piedao/announcing-balanced-crypto-pie-bcp-btc-eth-and-defi-7a2423c5d94e"], "chat": ["https://discord.gg/Ze8SHjJ", "https://forum.piedao.org/"], "facebook": [], "explorer": ["https://etherscan.io/token/0xe4f726adc8e89c6a6017f01eada77865db22da14", "https://ethplorer.io/address/0xe4f726adc8e89c6a6017f01eada77865db22da14"], "reddit": ["https://reddit.com/r/PieDAO"], "technical_doc": ["https://docs.piedao.org/"], "source_code": ["https://github.com/pie-dao"], "announcement": []}, "platform": {"id": "1027", "name": "Ethereum", "slug": "ethereum", "symbol": "ETH", "token_address": "0xe4f726adc8e89c6a6017f01eada77865db22da14"}, "date_added": "2021-01-25T00:00:00.000Z", "twitter_username": "piedao_DeFI", "is_hidden": 0, "date_launched": "2020-12-01T00:00:00.000Z", "contract_address": [{"contract_address": "0xe4f726adc8e89c6a6017f01eada77865db22da14", "platform": {"name": "Ethereum", "coin": {"id": "1027", "name": "Ethereum", "symbol": "ETH", "slug": "ethereum"}}}], "self_reported_circulating_supply": NaN, "self_reported_tags": null, "self_reported_market_cap": NaN}]