[{"id": 6789, "name": "Blockchain Cuties Universe Governance", "symbol": "BCUG", "category": "token", "description": "Blockchain Cuties Universe Governance (BCUG) is a cryptocurrency and operates on the Ethereum platform. Blockchain Cuties Universe Governance has a current supply of 1,522,142.47 with 1,377,891.56989452 in circulation. The last known price of Blockchain Cuties Universe Governance is 0.0466931 USD and is up 10.58 over the last 24 hours. It is currently trading on 9 active market(s) with $514.51 traded over the last 24 hours. More information can be found at https://blockchaincuties.com/.", "slug": "blockchain-cuties-universe", "logo": "https://s2.coinmarketcap.com/static/img/coins/64x64/6789.png", "subreddit": "blockchaincuties", "notice": "", "tags": ["collectibles-nfts", "polkastarter"], "tag-names": ["Collectibles & NFTs", "Polkastarter"], "tag-groups": ["CATEGORY", "CATEGORY"], "urls": {"website": ["https://blockchaincuties.com/"], "twitter": ["https://twitter.com/BlockchainCutie"], "message_board": ["https://medium.com/blockchain-cuties", "https://blockchaincuties.com/blog/"], "chat": ["https://discordapp.com/invite/PhbdMW2"], "facebook": [], "explorer": ["https://etherscan.io/token/0x14da7b27b2e0fedefe0a664118b0c9bc68e2e9af", "https://ethplorer.io/address/0x14da7b27b2e0fedefe0a664118b0c9bc68e2e9af"], "reddit": ["https://reddit.com/r/blockchaincuties"], "technical_doc": ["https://docsend.com/view/6e3b2xgsmfn89vbj"], "source_code": [], "announcement": ["https://medium.com/blockchain-cuties/"]}, "platform": {"id": "1027", "name": "Ethereum", "slug": "ethereum", "symbol": "ETH", "token_address": "0x14da7b27b2e0fedefe0a664118b0c9bc68e2e9af"}, "date_added": "2020-08-31T00:00:00.000Z", "twitter_username": "BlockchainCutie", "is_hidden": 0, "date_launched": null, "contract_address": [{"contract_address": "0x14da7b27b2e0fedefe0a664118b0c9bc68e2e9af", "platform": {"name": "Ethereum", "coin": {"id": "1027", "name": "Ethereum", "symbol": "ETH", "slug": "ethereum"}}}], "self_reported_circulating_supply": null, "self_reported_tags": null, "self_reported_market_cap": null}]