[{"id": 8782, "name": "BitcoinVend", "symbol": "BCVT", "category": "token", "description": "BitcoinVend (BCVT) is a cryptocurrency launched in 2021. BitcoinVend has a current supply of 0. The last known price of BitcoinVend is 0.00879857 USD and is up 9.94 over the last 24 hours. More information can be found at https://eve.exchange.", "slug": "bitcoinvend", "logo": "https://s2.coinmarketcap.com/static/img/coins/64x64/8782.png", "subreddit": "", "notice": "", "tags": ["trustswap-launchpad"], "tag-names": ["Trustswap Launchpad"], "tag-groups": ["CATEGORY"], "urls": {"website": ["https://eve.exchange"], "twitter": [], "message_board": ["https://eve.exchange"], "chat": ["https://t.me/eveexchange"], "facebook": [], "explorer": ["https://etherscan.io/token/0x8d717ab5eac1016b64c2a7fd04720fd2d27d1b86"], "reddit": [], "technical_doc": [], "source_code": [], "announcement": ["https://t.me/eveexchangenews"]}, "platform": null, "date_added": "2021-03-10T00:00:00.000Z", "twitter_username": "", "is_hidden": 0, "date_launched": "2021-02-28T00:00:00.000Z", "contract_address": [], "self_reported_circulating_supply": null, "self_reported_tags": ["Retail", "Marketplace", "Platform", "Centralized Exchange (CEX) Token", "Discount Token", "E-commerce", "Mobile", "Reputation", "Staking", "Ethereum Ecosystem", "Yield Farming", "Social Token", "Social Money", "Trustswap Launchpad", "Hedera Hashgraph Ecosystem"], "self_reported_market_cap": null}]