[{"id": 8708, "name": "Big Data Protocol", "symbol": "BDP", "category": "token", "description": "Big Data Protocol (BDP) is a cryptocurrency and operates on the Ethereum platform. Big Data Protocol has a current supply of 64,923,252.85185185 with 48,890,856.08827953 in circulation. The last known price of Big Data Protocol is 0.01657899 USD and is down -1.59 over the last 24 hours. It is currently trading on 17 active market(s) with $203,161.00 traded over the last 24 hours. More information can be found at https://bigdataprotocol.com.", "slug": "big-data-protocol", "logo": "https://s2.coinmarketcap.com/static/img/coins/64x64/8708.png", "subreddit": "", "notice": "", "tags": ["solana-ecosystem", "polygon-ecosystem", "web3", "injective-ecosystem"], "tag-names": ["Solana Ecosystem", "Polygon Ecosystem", "Web3", "Injective Ecosystem"], "tag-groups": ["PLATFORM", "PLATFORM", "INDUSTRY", "PLATFORM"], "urls": {"website": ["https://bigdataprotocol.com"], "twitter": ["https://twitter.com/bigdataprotocol"], "message_board": ["https://medium.com/big-data-protocol"], "chat": ["https://t.me/bigdataprotocol"], "facebook": [], "explorer": ["https://etherscan.io/token/0xf3dcbc6D72a4E1892f7917b7C43b74131Df8480e", "https://ethplorer.io/address/0xf3dcbc6D72a4E1892f7917b7C43b74131Df8480e"], "reddit": [], "technical_doc": [], "source_code": ["https://github.com/bigdataprotocol/bdp-contracts"], "announcement": []}, "platform": {"id": "1027", "name": "Ethereum", "slug": "ethereum", "symbol": "ETH", "token_address": "0xf3dcbc6D72a4E1892f7917b7C43b74131Df8480e"}, "date_added": "2021-03-07T00:00:00.000Z", "twitter_username": "bigdataprotocol", "is_hidden": 0, "date_launched": null, "contract_address": [{"contract_address": "0xf3dcbc6D72a4E1892f7917b7C43b74131Df8480e", "platform": {"name": "Ethereum", "coin": {"id": "1027", "name": "Ethereum", "symbol": "ETH", "slug": "ethereum"}}}], "self_reported_circulating_supply": null, "self_reported_tags": null, "self_reported_market_cap": null}, {"id": 4452, "name": "BidiPass", "symbol": "BDP", "category": "token", "description": "BidiPass (BDP) is a cryptocurrency launched in 2018and operates on the Ethereum platform. BidiPass has a current supply of 1,500,000,000 with 386,631,336.787443 in circulation. The last known price of BidiPass is 0.00013261 USD and is down -0.28 over the last 24 hours. It is currently trading on 5 active market(s) with $11.32 traded over the last 24 hours. More information can be found at https://bidipass.org/.", "slug": "bidipass", "logo": "https://s2.coinmarketcap.com/static/img/coins/64x64/4452.png", "subreddit": "", "notice": "", "tags": null, "tag-names": null, "tag-groups": null, "urls": {"website": ["https://bidipass.org/"], "twitter": ["https://twitter.com/bidipass"], "message_board": ["https://medium.com/@bidipass"], "chat": ["https://t.me/joinchat/F2QNgUcAswpRj_dkooFLLQ"], "facebook": [], "explorer": ["https://etherscan.io/token/0x593114f03a0a575aece9ed675e52ed68d2172b8c", "https://ethplorer.io/address/0x593114f03a0a575aece9ed675e52ed68d2172b8c"], "reddit": [], "technical_doc": ["http://bidipass.org/wp-content/uploads/2019/06/techpaper.pdf"], "source_code": ["https://github.com/BidiPassCompany"], "announcement": []}, "platform": {"id": "1027", "name": "Ethereum", "slug": "ethereum", "symbol": "ETH", "token_address": "0x593114f03a0a575aece9ed675e52ed68d2172b8c"}, "date_added": "2019-09-05T00:00:00.000Z", "twitter_username": "bidipass", "is_hidden": 0, "date_launched": "2018-12-01T00:00:00.000Z", "contract_address": [{"contract_address": "0x593114f03a0a575aece9ed675e52ed68d2172b8c", "platform": {"name": "Ethereum", "coin": {"id": "1027", "name": "Ethereum", "symbol": "ETH", "slug": "ethereum"}}}], "self_reported_circulating_supply": null, "self_reported_tags": null, "self_reported_market_cap": null}]