[{"id": 21514, "name": "Herbee", "symbol": "BEE", "category": "token", "description": "Herbee (BEE) is a cryptocurrency launched in 2021and operates on the Klaytn platform. Herbee has a current supply of 5,000,000,000 with 0 in circulation. The last known price of Herbee is 0.0338785 USD and is down -1.00 over the last 24 hours. It is currently trading on 2 active market(s) with $7,807.82 traded over the last 24 hours. More information can be found at https://www.herbee.co.kr/.", "slug": "herbee", "logo": "https://s2.coinmarketcap.com/static/img/coins/64x64/21514.png", "subreddit": "", "notice": "", "tags": null, "tag-names": null, "tag-groups": null, "urls": {"website": ["https://www.herbee.co.kr/"], "twitter": ["https://twitter.com/HERBEECOIN"], "message_board": [], "chat": ["https://t.me/herbee_official"], "facebook": [], "explorer": ["https://scope.klaytn.com/token/0x618fc4bb03d1300d7318481c6841e8f77ab20484?tabId=tokenTransfer"], "reddit": [], "technical_doc": ["https://main-server-weggle-bucket.s3.ap-northeast-2.amazonaws.com/%ED%97%90%EB%B9%84_IR_%EC%98%81%EB%AC%B8_220715_v2.pptx"], "source_code": ["https://github.com/herbeetech15"], "announcement": []}, "platform": {"id": "4256", "name": "Klaytn", "slug": "klaytn", "symbol": "KLAY", "token_address": "0x618fc4bb03d1300d7318481c6841e8f77ab20484"}, "date_added": "2022-08-22T11:43:07.000Z", "twitter_username": "HERBEECOIN", "is_hidden": 0, "date_launched": "2021-03-31T00:00:00.000Z", "contract_address": [{"contract_address": "0x618fc4bb03d1300d7318481c6841e8f77ab20484", "platform": {"name": "Klaytn", "coin": {"id": "4256", "name": "Klaytn", "symbol": "KLAY", "slug": "klaytn"}}}], "self_reported_circulating_supply": 5000000.0, "self_reported_tags": null, "self_reported_market_cap": 172640.19552097225}, {"id": 20177, "name": "Bee Capital", "symbol": "BEE", "category": "token", "description": "Bee Capital (BEE) is a cryptocurrency launched in 2022and operates on the BNB Smart Chain (BEP20) platform. Bee Capital has a current supply of 0. The last known price of Bee Capital is 0.04810669 USD and is down -0.03 over the last 24 hours. It is currently trading on 7 active market(s) with $41.60 traded over the last 24 hours. More information can be found at https://beecapital.org/.", "slug": "bee-capital", "logo": "https://s2.coinmarketcap.com/static/img/coins/64x64/20177.png", "subreddit": "", "notice": "", "tags": null, "tag-names": null, "tag-groups": null, "urls": {"website": ["https://beecapital.org/"], "twitter": ["https://twitter.com/BeecapitalDAO"], "message_board": [], "chat": ["https://t.me/beecapitaldao"], "facebook": [], "explorer": ["https://bscscan.com/token/0xE070ccA5cdFB3F2B434fB91eAF67FA2084f324D7"], "reddit": [], "technical_doc": ["https://docs.beecapital.org/"], "source_code": [], "announcement": []}, "platform": {"id": "1839", "name": "BNB", "slug": "bnb", "symbol": "BNB", "token_address": "0xE070ccA5cdFB3F2B434fB91eAF67FA2084f324D7"}, "date_added": "2022-05-18T05:29:58.000Z", "twitter_username": "BeecapitalDAO", "is_hidden": 0, "date_launched": "2022-05-16T00:00:00.000Z", "contract_address": [{"contract_address": "0xE070ccA5cdFB3F2B434fB91eAF67FA2084f324D7", "platform": {"name": "BNB Smart Chain (BEP20)", "coin": {"id": "1839", "name": "BNB", "symbol": "BNB", "slug": "bnb"}}}], "self_reported_circulating_supply": 9625600.0, "self_reported_tags": null, "self_reported_market_cap": 463112.8068880936}, {"id": 2557, "name": "Bee Token", "symbol": "BEE", "category": "token", "description": "Bee Token (BEE) is a cryptocurrency and operates on the Ethereum platform. Bee Token has a current supply of 500,000,000 with 236,629,158.70730138 in circulation. The last known price of Bee Token is 0.00041523 USD and is up 5.17 over the last 24 hours. More information can be found at https://www.beetoken.com/.", "slug": "bee-token", "logo": "https://s2.coinmarketcap.com/static/img/coins/64x64/2557.png", "subreddit": "beetoken", "notice": "", "tags": ["real-estate", "sharing-economy"], "tag-names": ["Real Estate", "Sharing Economy"], "tag-groups": ["INDUSTRY", "INDUSTRY"], "urls": {"website": ["https://www.beetoken.com/"], "twitter": ["https://twitter.com/thebeetoken"], "message_board": ["https://medium.com/@thebeetoken"], "chat": ["https://t.me/beetoken"], "facebook": [], "explorer": ["https://etherscan.io/token/0x4d8fc1453a0f359e99c9675954e656d80d996fbf", "https://ethplorer.io/address/0x4d8fc1453a0f359e99c9675954e656d80d996fbf"], "reddit": ["https://reddit.com/r/beetoken"], "technical_doc": ["https://s3-us-west-2.amazonaws.com/beenest-public/whitepaper/bee_whitepaper_v3.pdf"], "source_code": ["https://github.com/thebeetoken/"], "announcement": []}, "platform": {"id": "1027", "name": "Ethereum", "slug": "ethereum", "symbol": "ETH", "token_address": "0x4d8fc1453a0f359e99c9675954e656d80d996fbf"}, "date_added": "2018-03-02T00:00:00.000Z", "twitter_username": "thebeetoken", "is_hidden": 0, "date_launched": null, "contract_address": [{"contract_address": "0x4d8fc1453a0f359e99c9675954e656d80d996fbf", "platform": {"name": "Ethereum", "coin": {"id": "1027", "name": "Ethereum", "symbol": "ETH", "slug": "ethereum"}}}], "self_reported_circulating_supply": NaN, "self_reported_tags": null, "self_reported_market_cap": NaN}, {"id": 5550, "name": "BeeEx", "symbol": "BEE", "category": "token", "description": "BeeEx (BEE) is a cryptocurrency launched in 2019and operates on the Ethereum platform. BeeEx has a current supply of 100,000,000 with 0 in circulation. The last known price of BeeEx is 0.00033969 USD and is down -0.16 over the last 24 hours. More information can be found at https://www.beeex.com/.", "slug": "beeex", "logo": "https://s2.coinmarketcap.com/static/img/coins/64x64/5550.png", "subreddit": "", "notice": "", "tags": null, "tag-names": null, "tag-groups": null, "urls": {"website": ["https://www.beeex.com/", "https://www.beex.one/"], "twitter": ["https://twitter.com/BeeExofficial"], "message_board": ["https://medium.com/@beexofficial"], "chat": ["https://t.me/BEEXoneEN", "https://t.me/BEEXchannel"], "facebook": [], "explorer": ["https://etherscan.io/token/0x1763ad73694d4d64fb71732b068e32ac72a345b1", "https://ethplorer.io/token/0x1763ad73694d4d64fb71732b068e32ac72a345b1"], "reddit": [], "technical_doc": ["https://beex.zendesk.com/hc/zh-cn/articles/360033464172"], "source_code": ["https://github.com/beexopen/BEEX-OpenApi"], "announcement": ["https://beex.zendesk.com/hc/en-us/categories/360002021612-Announcements"]}, "platform": {"id": "1027", "name": "Ethereum", "slug": "ethereum", "symbol": "ETH", "token_address": "0x1763ad73694d4d64fb71732b068e32ac72a345b1"}, "date_added": "2020-05-07T00:00:00.000Z", "twitter_username": "BeeExofficial", "is_hidden": 0, "date_launched": "2019-09-18T00:00:00.000Z", "contract_address": [{"contract_address": "0x1763ad73694d4d64fb71732b068e32ac72a345b1", "platform": {"name": "Ethereum", "coin": {"id": "1027", "name": "Ethereum", "symbol": "ETH", "slug": "ethereum"}}}], "self_reported_circulating_supply": NaN, "self_reported_tags": null, "self_reported_market_cap": NaN}, {"id": 8529, "name": "BeeSwap", "symbol": "BEE", "category": "token", "description": "BeeSwap (BEE) is a cryptocurrency launched in 2021and operates on the HECO platform. BeeSwap has a current supply of 0. The last known price of BeeSwap is 0.1410214 USD and is up 0.00 over the last 24 hours. More information can be found at https://www.beeswap.club/index/.", "slug": "beeswap", "logo": "https://s2.coinmarketcap.com/static/img/coins/64x64/8529.png", "subreddit": "", "notice": "", "tags": null, "tag-names": null, "tag-groups": null, "urls": {"website": ["https://www.beeswap.club/index/"], "twitter": [], "message_board": [], "chat": [], "facebook": [], "explorer": ["https://scan.hecochain.com/token/0xB1F80844a1B84c61ab80CafD88B1f8c09f9342e1"], "reddit": [], "technical_doc": [], "source_code": [], "announcement": []}, "platform": {"id": "2502", "name": "Huobi Token", "slug": "huobi-token", "symbol": "HT", "token_address": "0xB1F80844a1B84c61ab80CafD88B1f8c09f9342e1"}, "date_added": "2021-02-20T00:00:00.000Z", "twitter_username": "", "is_hidden": 0, "date_launched": "2021-02-15T00:00:00.000Z", "contract_address": [{"contract_address": "0xB1F80844a1B84c61ab80CafD88B1f8c09f9342e1", "platform": {"name": "HECO", "coin": {"id": "2502", "name": "Huobi Token", "symbol": "HT", "slug": "huobi-token"}}}], "self_reported_circulating_supply": NaN, "self_reported_tags": null, "self_reported_market_cap": NaN}, {"id": 10466, "name": "Bees", "symbol": "BEE", "category": "token", "description": "Bees (BEE) is a cryptocurrency launched in 2021and operates on the BNB Smart Chain (BEP20) platform. Bees has a current supply of 0. The last known price of Bees is 0 USD and is up 0.00 over the last 24 hours. More information can be found at https://www.beesonbsc.net.", "slug": "bees", "logo": "https://s2.coinmarketcap.com/static/img/coins/64x64/10466.png", "subreddit": "BeesBSC", "notice": "", "tags": ["bnb-chain"], "tag-names": ["BNB Chain"], "tag-groups": ["PLATFORM"], "urls": {"website": ["https://www.beesonbsc.net"], "twitter": ["https://twitter.com/beesonbsc"], "message_board": [], "chat": ["https://t.me/beesonbsc"], "facebook": [], "explorer": ["https://bscscan.com/token/0x7c48834445f81f2f4453eaed510eb8a3a47a7cfa"], "reddit": ["https://reddit.com/r/BeesBSC"], "technical_doc": ["https://beesonbsc.net/wp-content/uploads/2021/05/BeesonBSCWPaper.pdf"], "source_code": ["https://github.com/BeesOnBSC/Bees.sol"], "announcement": ["https://t.me/beesonbsc"]}, "platform": {"id": "1839", "name": "BNB", "slug": "bnb", "symbol": "BNB", "token_address": "0x7c48834445f81f2f4453eaed510eb8a3a47a7cfa"}, "date_added": "2021-06-16T00:00:00.000Z", "twitter_username": "beesonbsc", "is_hidden": 0, "date_launched": "2021-05-14T00:00:00.000Z", "contract_address": [{"contract_address": "0x7c48834445f81f2f4453eaed510eb8a3a47a7cfa", "platform": {"name": "BNB Smart Chain (BEP20)", "coin": {"id": "1839", "name": "BNB", "symbol": "BNB", "slug": "bnb"}}}], "self_reported_circulating_supply": NaN, "self_reported_tags": null, "self_reported_market_cap": NaN}, {"id": 13111, "name": "HoneyBee", "symbol": "BEE", "category": "token", "description": "HoneyBee (BEE) is a cryptocurrency launched in 2021and operates on the BNB Smart Chain (BEP20) platform. HoneyBee has a current supply of 26,654.792753 with 0 in circulation. The last known price of HoneyBee is 0.10403986 USD and is up 0.00 over the last 24 hours. More information can be found at https://honeyfarm.finance.", "slug": "honeybee", "logo": "https://s2.coinmarketcap.com/static/img/coins/64x64/13111.png", "subreddit": "HoneyFarm_Official", "notice": "", "tags": null, "tag-names": null, "tag-groups": null, "urls": {"website": ["https://honeyfarm.finance", "https://bee.honeyfarm.finance"], "twitter": ["https://twitter.com/HoneyFarmFi"], "message_board": ["https://medium.com/@honeyfarmchef"], "chat": ["https://t.me/HoneyFarmChat"], "facebook": [], "explorer": ["https://bscscan.com/token/0x1A8d7AC01d21991BF5249A3657C97b2B6d919222"], "reddit": ["https://reddit.com/r/HoneyFarm_Official"], "technical_doc": ["https://docs.honeyfarm.finance/"], "source_code": ["https://github.com/HoneyFarmFi/HoneyFarmContracts"], "announcement": ["https://t.me/HoneyFarmAnn"]}, "platform": {"id": "1839", "name": "BNB", "slug": "bnb", "symbol": "BNB", "token_address": "0x1A8d7AC01d21991BF5249A3657C97b2B6d919222"}, "date_added": "2021-10-25T01:35:56.000Z", "twitter_username": "HoneyFarmFi", "is_hidden": 0, "date_launched": "2021-10-15T00:00:00.000Z", "contract_address": [{"contract_address": "0x1A8d7AC01d21991BF5249A3657C97b2B6d919222", "platform": {"name": "BNB Smart Chain (BEP20)", "coin": {"id": "1839", "name": "BNB", "symbol": "BNB", "slug": "bnb"}}}], "self_reported_circulating_supply": NaN, "self_reported_tags": null, "self_reported_market_cap": NaN}, {"id": 20835, "name": "Bee Financial", "symbol": "BEE", "category": "token", "description": "Bee Financial (BEE) is a cryptocurrency launched in 2022and operates on the BNB Smart Chain (BEP20) platform. Bee Financial has a current supply of 450,000,000 with 0 in circulation. The last known price of Bee Financial is 0.00000551 USD and is up 0.00 over the last 24 hours. More information can be found at https://beefinancial.io/.", "slug": "bee-financial", "logo": "https://s2.coinmarketcap.com/static/img/coins/64x64/20835.png", "subreddit": "", "notice": "", "tags": null, "tag-names": null, "tag-groups": null, "urls": {"website": ["https://beefinancial.io/"], "twitter": ["https://twitter.com/Bee_Financial_"], "message_board": ["https://medium.com/@BeeFinancial"], "chat": ["https://t.me/beefinancialofficial", "https://discord.com/invite/DwMfmuAHss"], "facebook": [], "explorer": ["https://bscscan.com/token/0x3a7dB00BcAEBc3DFCB7AFE351Fcf056fa146E87A"], "reddit": [], "technical_doc": ["https://beefinancial.io/wp-content/uploads/2022/06/Bee_Financial.pdf"], "source_code": [], "announcement": []}, "platform": {"id": "1839", "name": "BNB", "slug": "bnb", "symbol": "BNB", "token_address": "0x3a7dB00BcAEBc3DFCB7AFE351Fcf056fa146E87A"}, "date_added": "2022-07-01T04:32:54.000Z", "twitter_username": "Bee_Financial_", "is_hidden": 0, "date_launched": "2022-02-20T00:00:00.000Z", "contract_address": [{"contract_address": "0x3a7dB00BcAEBc3DFCB7AFE351Fcf056fa146E87A", "platform": {"name": "BNB Smart Chain (BEP20)", "coin": {"id": "1839", "name": "BNB", "symbol": "BNB", "slug": "bnb"}}}], "self_reported_circulating_supply": 50000000.0, "self_reported_tags": null, "self_reported_market_cap": 275.384283950397}, {"id": 22266, "name": "CryptoBee", "symbol": "BEE", "category": "token", "description": "CryptoBee (BEE) is a cryptocurrency launched in 2022and operates on the BNB Smart Chain (BEP20) platform. CryptoBee has a current supply of 0. The last known price of CryptoBee is 0.00002438 USD and is up 0.00 over the last 24 hours. More information can be found at https://cryptobee.net.", "slug": "cryptobee", "logo": "https://s2.coinmarketcap.com/static/img/coins/64x64/22266.png", "subreddit": "", "notice": "", "tags": null, "tag-names": null, "tag-groups": null, "urls": {"website": ["https://cryptobee.net"], "twitter": ["https://twitter.com/cryptobee_"], "message_board": [], "chat": ["https://t.me/cryptobeegroup"], "facebook": [], "explorer": ["https://bscscan.com/token/0xcdcf5271f8cd1f29a76d5cefae1f24d42451128b"], "reddit": [], "technical_doc": ["https://docs.cryptobee.net"], "source_code": [], "announcement": []}, "platform": {"id": "1839", "name": "BNB", "slug": "bnb", "symbol": "BNB", "token_address": "0xCDCf5271F8cD1F29A76d5CEfaE1f24d42451128b"}, "date_added": "2022-10-18T06:43:11.000Z", "twitter_username": "cryptobee_", "is_hidden": 0, "date_launched": "2022-10-13T00:00:00.000Z", "contract_address": [{"contract_address": "0xCDCf5271F8cD1F29A76d5CEfaE1f24d42451128b", "platform": {"name": "BNB Smart Chain (BEP20)", "coin": {"id": "1839", "name": "BNB", "symbol": "BNB", "slug": "bnb"}}}], "self_reported_circulating_supply": 150000000.0, "self_reported_tags": null, "self_reported_market_cap": 3656.548756741876}]