[{"id": 18797, "name": "Beefy Escrowed Fantom", "symbol": "BEFTM", "category": "token", "description": "Beefy Escrowed Fantom (BEFTM) is a cryptocurrency and operates on the Fantom platform. Beefy Escrowed Fantom has a current supply of 12,720,005 with 0 in circulation. The last known price of Beefy Escrowed Fantom is 0.17689027 USD and is down -0.58 over the last 24 hours. It is currently trading on 15 active market(s) with $1,373.15 traded over the last 24 hours. More information can be found at https://beefy.com/.", "slug": "beefy-escrowed-fantom", "logo": "https://s2.coinmarketcap.com/static/img/coins/64x64/18797.png", "subreddit": "", "notice": "", "tags": ["fantom-ecosystem"], "tag-names": ["Fantom Ecosystem"], "tag-groups": ["PLATFORM"], "urls": {"website": ["https://beefy.com/"], "twitter": ["https://twitter.com/beefyfinance"], "message_board": [], "chat": ["https://t.me/beefyfinance"], "facebook": [], "explorer": ["https://ftmscan.com/token/0x7381ed41f6de418dde5e84b55590422a57917886"], "reddit": [], "technical_doc": [], "source_code": [], "announcement": []}, "platform": {"id": "3513", "name": "Fantom", "slug": "fantom", "symbol": "FTM", "token_address": "0x7381ed41f6de418dde5e84b55590422a57917886"}, "date_added": "2022-03-14T12:52:44.000Z", "twitter_username": "beefyfinance", "is_hidden": 0, "date_launched": null, "contract_address": [{"contract_address": "0x7381ed41f6de418dde5e84b55590422a57917886", "platform": {"name": "Fantom", "coin": {"id": "3513", "name": "Fantom", "symbol": "FTM", "slug": "fantom"}}}], "self_reported_circulating_supply": null, "self_reported_tags": null, "self_reported_market_cap": null}]