[{"id": 6928, "name": "Bella Protocol", "symbol": "BEL", "category": "token", "description": "Bella Protocol (BEL) is a cryptocurrency and operates on the Ethereum platform. Bella Protocol has a current supply of 100,000,000 with 48,000,000 in circulation. The last known price of Bella Protocol is 0.38041497 USD and is down -2.15 over the last 24 hours. It is currently trading on 60 active market(s) with $1,482,144.39 traded over the last 24 hours. More information can be found at https://bella.fi/.", "slug": "bella-protocol", "logo": "https://s2.coinmarketcap.com/static/img/coins/64x64/6928.png", "subreddit": "", "notice": "Bella Protocol will be launched through Binance Launchpool, please refer to this [announcement from Binance](https://www.binance.com/en/support/articles/372ac176ec224df7bb53654861555ac3).", "tags": ["defi", "ethereum-ecosystem", "yield-aggregator", "binance-launchpool", "chromia-ecosystem", "polygon-ecosystem", "bnb-chain"], "tag-names": ["DeFi", "Ethereum Ecosystem", "Yield Aggregator", "Binance Launchpool", "Chromia Ecosystem", "Polygon Ecosystem", "BNB Chain"], "tag-groups": ["CATEGORY", "PLATFORM", "CATEGORY", "CATEGORY", "CATEGORY", "PLATFORM", "PLATFORM"], "urls": {"website": ["https://bella.fi/"], "twitter": ["https://twitter.com/BellaProtocol"], "message_board": ["https://medium.com/@Bellaofficial"], "chat": ["https://t.me/bellaprotocol", "https://discord.com/invite/JamMH5P"], "facebook": [], "explorer": ["https://etherscan.io/token/0xa91ac63d040deb1b7a5e4d4134ad23eb0ba07e14", "https://bscscan.com/token/0x8443f091997f06a61670b735ed92734f5628692f"], "reddit": [], "technical_doc": [], "source_code": [], "announcement": ["https://xangle.io/project/BEL/recent-disclosure"]}, "platform": {"id": "1027", "name": "Ethereum", "slug": "ethereum", "symbol": "ETH", "token_address": "0xa91ac63d040deb1b7a5e4d4134ad23eb0ba07e14"}, "date_added": "2020-09-07T00:00:00.000Z", "twitter_username": "BellaProtocol", "is_hidden": 0, "date_launched": null, "contract_address": [{"contract_address": "0xa91ac63d040deb1b7a5e4d4134ad23eb0ba07e14", "platform": {"name": "Ethereum", "coin": {"id": "1027", "name": "Ethereum", "symbol": "ETH", "slug": "ethereum"}}}, {"contract_address": "0x8443f091997f06a61670b735ed92734f5628692f", "platform": {"name": "BNB Smart Chain (BEP20)", "coin": {"id": "1839", "name": "BNB", "symbol": "BNB", "slug": "bnb"}}}, {"contract_address": "0x28c388fb1f4fa9f9eb445f0579666849ee5eeb42", "platform": {"name": "Polygon", "coin": {"id": "3890", "name": "Polygon", "symbol": "MATIC", "slug": "polygon"}}}], "self_reported_circulating_supply": null, "self_reported_tags": null, "self_reported_market_cap": null}, {"id": 15192, "name": "Belrium", "symbol": "BEL", "category": "token", "description": "Belrium (BEL) is a cryptocurrency launched in 2018. Belrium has a current supply of 22,742,000 with 0 in circulation. The last known price of Belrium is 4.48737279 USD and is up 0.27 over the last 24 hours. It is currently trading on 3 active market(s) with $96,791.91 traded over the last 24 hours. More information can be found at https://www.belrium.com/.", "slug": "belrium", "logo": "https://s2.coinmarketcap.com/static/img/coins/64x64/15192.png", "subreddit": "", "notice": "", "tags": null, "tag-names": null, "tag-groups": null, "urls": {"website": ["https://www.belrium.com/"], "twitter": ["https://twitter.com/belrium"], "message_board": [], "chat": ["https://t.me/joinchat/nIAxz7kf1fZhMjU1"], "facebook": [], "explorer": ["https://explorer.belrium.io/home"], "reddit": [], "technical_doc": [], "source_code": [], "announcement": []}, "platform": null, "date_added": "2021-11-25T23:11:42.000Z", "twitter_username": "belrium", "is_hidden": 0, "date_launched": "2018-06-17T00:00:00.000Z", "contract_address": [], "self_reported_circulating_supply": null, "self_reported_tags": null, "self_reported_market_cap": null}, {"id": 848, "name": "Bellscoin", "symbol": "BEL", "category": "coin", "description": "Bellscoin (BEL) is a cryptocurrency . Users are able to generate BEL through the process of mining. Bellscoin has a current supply of 57,959,843. The last known price of Bellscoin is 0.00001788 USD and is up 0.00 over the last 24 hours. More information can be found at http://www.bellscoin.org.", "slug": "bellscoin", "logo": "https://s2.coinmarketcap.com/static/img/coins/64x64/848.png", "subreddit": "", "notice": "", "tags": ["mineable"], "tag-names": ["Mineable"], "tag-groups": ["OTHERS"], "urls": {"website": ["http://www.bellscoin.org"], "twitter": [], "message_board": [], "chat": [], "facebook": [], "explorer": ["http://explorer.cryptoblox.com/chain/BellsCoin/"], "reddit": [], "technical_doc": [], "source_code": [], "announcement": ["https://bitcointalk.org/index.php?topic=540656.0"]}, "platform": null, "date_added": "2015-03-09T00:00:00.000Z", "twitter_username": "", "is_hidden": 0, "date_launched": null, "contract_address": [], "self_reported_circulating_supply": null, "self_reported_tags": null, "self_reported_market_cap": null}]