[{"id": 15703, "name": "Crypto Piece", "symbol": "BELLY", "category": "token", "description": "Crypto Piece (BELLY) is a cryptocurrency launched in 2021and operates on the BNB Smart Chain (BEP20) platform. Crypto Piece has a current supply of 1,000,000,000 with 72,037,492.69877936 in circulation. The last known price of Crypto Piece is 0.0000279 USD and is down -38.24 over the last 24 hours. It is currently trading on 4 active market(s) with $12.39 traded over the last 24 hours. More information can be found at https://cryptopiece.online/.", "slug": "crypto-piece", "logo": "https://s2.coinmarketcap.com/static/img/coins/64x64/15703.png", "subreddit": "", "notice": "", "tags": ["gaming", "launchzone"], "tag-names": ["Gaming", "LaunchZone"], "tag-groups": ["INDUSTRY", "CATEGORY"], "urls": {"website": ["https://cryptopiece.online/"], "twitter": ["https://twitter.com/cryptopiecenft"], "message_board": [], "chat": ["https://t.me/cryptopiece_official"], "facebook": [], "explorer": ["https://bscscan.com/token/0x3dfa90540ccdc77d543e6e61cacd5880f5c62391"], "reddit": [], "technical_doc": [], "source_code": [], "announcement": []}, "platform": {"id": "1839", "name": "BNB", "slug": "bnb", "symbol": "BNB", "token_address": "0x3dfa90540ccdc77d543e6e61cacd5880f5c62391"}, "date_added": "2021-12-07T00:35:36.000Z", "twitter_username": "cryptopiecenft", "is_hidden": 0, "date_launched": "2021-12-27T00:00:00.000Z", "contract_address": [{"contract_address": "0x3dfa90540ccdc77d543e6e61cacd5880f5c62391", "platform": {"name": "BNB Smart Chain (BEP20)", "coin": {"id": "1839", "name": "BNB", "symbol": "BNB", "slug": "bnb"}}}], "self_reported_circulating_supply": null, "self_reported_tags": null, "self_reported_market_cap": null}]