[{"id": 12878, "name": "BEMIL Coin", "symbol": "BEM", "category": "token", "description": "BEMIL Coin (BEM) is a cryptocurrency and operates on the BNB Smart Chain (BEP20) platform. BEMIL Coin has a current supply of 1,000,000,000 with 997,939,596.6972374 in circulation. The last known price of BEMIL Coin is 0.00006627 USD and is up 63.64 over the last 24 hours. It is currently trading on 9 active market(s) with $30,632.82 traded over the last 24 hours. More information can be found at https://bemil.io/.", "slug": "bemil-coin", "logo": "https://s2.coinmarketcap.com/static/img/coins/64x64/12878.png", "subreddit": "", "notice": "", "tags": ["gaming", "entertainment", "dao-maker", "polkafoundry-red-kite", "play-to-earn", "icetea-labs", "farastarter", "moon-knight-labs", "bnb-chain"], "tag-names": ["Gaming", "Entertainment", "DAO Maker", "PolkaFoundry Red Kite", "Play To Earn", "Icetea Labs", "Farastarter", "Moon Knight Labs", "BNB Chain"], "tag-groups": ["INDUSTRY", "INDUSTRY", "CATEGORY", "CATEGORY", "CATEGORY", "CATEGORY", "CATEGORY", "CATEGORY", "PLATFORM"], "urls": {"website": ["https://bemil.io/"], "twitter": ["https://twitter.com/BemilGame"], "message_board": [], "chat": ["https://t.me/bemil_chat"], "facebook": [], "explorer": ["https://bscscan.com/token/0x7B86b0836f3454e50C6F6a190cd692bB17da1928"], "reddit": [], "technical_doc": ["https://bemil.io/pitchdeck.pdf"], "source_code": [], "announcement": ["https://t.me/bemil_official_channel"]}, "platform": {"id": "1839", "name": "BNB", "slug": "bnb", "symbol": "BNB", "token_address": "0x7B86b0836f3454e50C6F6a190cd692bB17da1928"}, "date_added": "2021-11-25T14:05:02.000Z", "twitter_username": "BemilGame", "is_hidden": 0, "date_launched": null, "contract_address": [{"contract_address": "0x7B86b0836f3454e50C6F6a190cd692bB17da1928", "platform": {"name": "BNB Smart Chain (BEP20)", "coin": {"id": "1839", "name": "BNB", "symbol": "BNB", "slug": "bnb"}}}], "self_reported_circulating_supply": 102835000, "self_reported_tags": null, "self_reported_market_cap": 7065.78782078173}]