[{"id": 5062, "name": "BEPRO Network", "symbol": "BEPRO", "category": "token", "description": "BEPRO Network (BEPRO) is a cryptocurrency launched in 2019and operates on the Ethereum platform. BEPRO Network has a current supply of 10,000,000,000. The last known price of BEPRO Network is 0.00061183 USD and is down -2.18 over the last 24 hours. It is currently trading on 10 active market(s) with $214,636.21 traded over the last 24 hours. More information can be found at https://bepro.network.", "slug": "bepro-network", "logo": "https://s2.coinmarketcap.com/static/img/coins/64x64/5062.png", "subreddit": "", "notice": "", "tags": ["enterprise-solutions", "distributed-computing", "defi", "dapp", "web3"], "tag-names": ["Enterprise Solutions", "Distributed Computing", "DeFi", "DApp", "Web3"], "tag-groups": ["INDUSTRY", "INDUSTRY", "CATEGORY", "CATEGORY", "INDUSTRY"], "urls": {"website": ["https://bepro.network"], "twitter": ["https://twitter.com/bepronet"], "message_board": ["https://bepronetwork.medium.com/"], "chat": ["https://discord.gg/bepronetwork", "https://t.me/betprotocol"], "facebook": [], "explorer": ["https://etherscan.io/token/0xcf3c8be2e2c42331da80ef210e9b1b307c03d36a", "https://moonbeam.moonscan.io/token/0x4EdF8E0778967012D46968ceadb75436d0426f88", "https://moonriver.moonscan.io/token/0xcb4a593ce512d78162c58384f0b2fd6e802c2c47"], "reddit": [], "technical_doc": ["https://docs.bepro.network"], "source_code": ["https://github.com/bepronetwork/"], "announcement": []}, "platform": {"id": "1027", "name": "Ethereum", "slug": "ethereum", "symbol": "ETH", "token_address": "0xcf3c8be2e2c42331da80ef210e9b1b307c03d36a"}, "date_added": "2019-12-20T00:00:00.000Z", "twitter_username": "bepronet", "is_hidden": 0, "date_launched": "2019-12-12T00:00:00.000Z", "contract_address": [{"contract_address": "0xcf3c8be2e2c42331da80ef210e9b1b307c03d36a", "platform": {"name": "Ethereum", "coin": {"id": "1027", "name": "Ethereum", "symbol": "ETH", "slug": "ethereum"}}}, {"contract_address": "0x4EdF8E0778967012D46968ceadb75436d0426f88", "platform": {"name": "Moonbeam", "coin": {"id": "6836", "name": "Moonbeam", "symbol": "GLMR", "slug": "moonbeam"}}}, {"contract_address": "0xCb4a593ce512D78162C58384f0b2Fd6e802c2c47", "platform": {"name": "Moonriver", "coin": {"id": "9285", "name": "Moonriver", "symbol": "MOVR", "slug": "moonriver"}}}], "self_reported_circulating_supply": 10000000000, "self_reported_tags": ["DeFi", "Oracles", "Reputation", "DApp"], "self_reported_market_cap": 6052734.302205597}]