[{"id": 11307, "name": "Beta Finance", "symbol": "BETA", "category": "token", "description": "Beta Finance (BETA) is a cryptocurrency launched in 2021and operates on the Ethereum platform. Beta Finance has a current supply of 1,000,000,000 with 616,666,667 in circulation. The last known price of Beta Finance is 0.06574612 USD and is down -2.77 over the last 24 hours. It is currently trading on 55 active market(s) with $1,434,476.27 traded over the last 24 hours. More information can be found at https://betafinance.org/.", "slug": "beta-finance", "logo": "https://s2.coinmarketcap.com/static/img/coins/64x64/11307.png", "subreddit": "", "notice": "", "tags": ["binance-launchpad", "defiance-capital-portfolio", "multicoin-capital-portfolio", "parafi-capital", "spartan-group"], "tag-names": ["Binance Launchpad", "DeFiance Capital Portfolio", "Multicoin Capital Portfolio", "ParaFi Capital", "Spartan Group"], "tag-groups": ["CATEGORY", "CATEGORY", "CATEGORY", "CATEGORY", "CATEGORY"], "urls": {"website": ["https://betafinance.org/", "https://app.betafinance.org/"], "twitter": ["https://twitter.com/beta_finance"], "message_board": ["https://medium.com/beta-finance"], "chat": ["https://t.me/BetaFinanceProtocol", "https://discord.gg/kcecQQRyZJ"], "facebook": [], "explorer": ["https://bscscan.com/token/0xbe1a001fe942f96eea22ba08783140b9dcc09d28", "https://etherscan.io/token/0xbe1a001fe942f96eea22ba08783140b9dcc09d28"], "reddit": [], "technical_doc": ["https://betafinance.gitbook.io/betafinance/"], "source_code": ["https://betafinance.org/BetaWhitepaperAndDisclaimer.pdf"], "announcement": ["https://t.me/betafinanceannounce"]}, "platform": {"id": "1027", "name": "Ethereum", "slug": "ethereum", "symbol": "ETH", "token_address": "0xbe1a001fe942f96eea22ba08783140b9dcc09d28"}, "date_added": "2021-08-18T00:00:00.000Z", "twitter_username": "beta_finance", "is_hidden": 0, "date_launched": "2021-10-08T00:00:00.000Z", "contract_address": [{"contract_address": "0xbe1a001fe942f96eea22ba08783140b9dcc09d28", "platform": {"name": "Ethereum", "coin": {"id": "1027", "name": "Ethereum", "symbol": "ETH", "slug": "ethereum"}}}, {"contract_address": "0xbe1a001fe942f96eea22ba08783140b9dcc09d28", "platform": {"name": "BNB Smart Chain (BEP20)", "coin": {"id": "1839", "name": "BNB", "symbol": "BNB", "slug": "bnb"}}}], "self_reported_circulating_supply": NaN, "self_reported_tags": null, "self_reported_market_cap": NaN}, {"id": 12537, "name": "PolyBeta Finance", "symbol": "BETA", "category": "token", "description": "PolyBeta Finance (BETA) is a cryptocurrency launched in 2021and operates on the Polygon platform. PolyBeta Finance has a current supply of 0. The last known price of PolyBeta Finance is 0.30966433 USD and is down -1.08 over the last 24 hours. It is currently trading on 10 active market(s) with $12.42 traded over the last 24 hours. More information can be found at https://polybeta.finance/.", "slug": "polybeta-finance", "logo": "https://s2.coinmarketcap.com/static/img/coins/64x64/12537.png", "subreddit": "", "notice": "", "tags": null, "tag-names": null, "tag-groups": null, "urls": {"website": ["https://polybeta.finance/"], "twitter": ["https://twitter.com/PolyAlphaFi"], "message_board": [], "chat": ["https://t.me/PolyAlphaFi", "https://t.me/PolyAlphaFi"], "facebook": [], "explorer": ["https://polygonscan.com/token/0xaC3090B7042FCA2cDBF233022e4a9823a032600c"], "reddit": [], "technical_doc": [], "source_code": ["https://github.com/PolyAlphaFinance"], "announcement": ["https://t.me/PolyAlphaFin"]}, "platform": {"id": "3890", "name": "Polygon", "slug": "polygon", "symbol": "MATIC", "token_address": "0xaC3090B7042FCA2cDBF233022e4a9823a032600c"}, "date_added": "2021-10-08T19:09:06.000Z", "twitter_username": "PolyAlphaFi", "is_hidden": 0, "date_launched": "2021-10-02T00:00:00.000Z", "contract_address": [{"contract_address": "0xaC3090B7042FCA2cDBF233022e4a9823a032600c", "platform": {"name": "Polygon", "coin": {"id": "3890", "name": "Polygon", "symbol": "MATIC", "slug": "polygon"}}}], "self_reported_circulating_supply": 15000.0, "self_reported_tags": null, "self_reported_market_cap": 4650.084510724888}]