[{"id": 8353, "name": "Beacon ETH", "symbol": "BETH", "category": "token", "description": "Beacon ETH (BETH) is a cryptocurrency and operates on the BNB Smart Chain (BEP20) platform. Beacon ETH has a current supply of 0. The last known price of Beacon ETH is 1,139.86207853 USD and is down -0.64 over the last 24 hours. It is currently trading on 33 active market(s) with $3,960,761.36 traded over the last 24 hours. More information can be found at https://ethereum.org/en/eth2/beacon-chain/.", "slug": "beacon-eth", "logo": "https://s2.coinmarketcap.com/static/img/coins/64x64/8353.png", "subreddit": "ethereum", "notice": "", "tags": ["eth-2-staking", "bnb-chain"], "tag-names": ["ETH 2.0 Staking", "BNB Chain"], "tag-groups": ["PLATFORM", "PLATFORM"], "urls": {"website": ["https://ethereum.org/en/eth2/beacon-chain/"], "twitter": ["https://twitter.com/ethereum"], "message_board": [], "chat": ["https://gitter.im/ethereum/home"], "facebook": [], "explorer": ["https://beaconscan.com/"], "reddit": ["https://reddit.com/r/ethereum"], "technical_doc": ["https://ethos.dev/beacon-chain/"], "source_code": [], "announcement": ["https://bitcointalk.org/index.php?topic=428589.0"]}, "platform": {"id": "1839", "name": "BNB", "slug": "bnb", "symbol": "BNB", "token_address": "0x250632378e573c6be1ac2f97fcdf00515d0aa91b"}, "date_added": "2021-01-28T00:00:00.000Z", "twitter_username": "ethereum", "is_hidden": 0, "date_launched": null, "contract_address": [{"contract_address": "0x250632378e573c6be1ac2f97fcdf00515d0aa91b", "platform": {"name": "BNB Smart Chain (BEP20)", "coin": {"id": "1839", "name": "BNB", "symbol": "BNB", "slug": "bnb"}}}], "self_reported_circulating_supply": null, "self_reported_tags": null, "self_reported_market_cap": null}, {"id": 15308, "name": "Anchor bETH Token", "symbol": "BETH", "category": "token", "description": "Anchor bETH Token (BETH) is a cryptocurrency and operates on the Terra Classic platform. Anchor bETH Token has a current supply of 0. The last known price of Anchor bETH Token is 1,138.42886322 USD and is up 0.00 over the last 24 hours. More information can be found at https://anchorprotocol.com/.", "slug": "anchor-beth-token", "logo": "https://s2.coinmarketcap.com/static/img/coins/64x64/15308.png", "subreddit": "", "notice": "", "tags": null, "tag-names": null, "tag-groups": null, "urls": {"website": ["https://anchorprotocol.com/"], "twitter": ["https://twitter.com/anchor_protocol"], "message_board": [], "chat": ["https://t.me/anchor_official"], "facebook": [], "explorer": ["https://finder.terra.money/columbus-5/account/terra1dzhzukyezv0etz22ud940z7adyv7xgcjkahuun"], "reddit": [], "technical_doc": [], "source_code": [], "announcement": []}, "platform": {"id": "4172", "name": "Terra Classic", "slug": "terra-luna", "symbol": "LUNC", "token_address": "terra1dzhzukyezv0etz22ud940z7adyv7xgcjkahuun"}, "date_added": "2021-11-29T13:29:21.000Z", "twitter_username": "anchor_protocol", "is_hidden": 0, "date_launched": null, "contract_address": [{"contract_address": "terra1dzhzukyezv0etz22ud940z7adyv7xgcjkahuun", "platform": {"name": "Terra Classic", "coin": {"id": "4172", "name": "Terra Classic", "symbol": "LUNC", "slug": "terra-luna"}}}], "self_reported_circulating_supply": null, "self_reported_tags": null, "self_reported_market_cap": null}]