[{"id": 18215, "name": "GambleFi", "symbol": "BETIFY", "category": "token", "description": "GambleFi (BETIFY) is a cryptocurrency launched in 2022and operates on the Cronos platform. GambleFi has a current supply of 0. The last known price of GambleFi is 0.03205805 USD and is up 0.00 over the last 24 hours. It is currently trading on 4 active market(s) with $0.00 traded over the last 24 hours. More information can be found at https://gamblefi.io/.", "slug": "gamblefi", "logo": "https://s2.coinmarketcap.com/static/img/coins/64x64/18215.png", "subreddit": "", "notice": "", "tags": ["cronos-ecosystem"], "tag-names": ["Cronos Ecosystem"], "tag-groups": ["PLATFORM"], "urls": {"website": ["https://gamblefi.io/", "https://app.gamblefi.io/"], "twitter": ["https://twitter.com/GambleFinance"], "message_board": ["https://gamblefi.medium.com/"], "chat": ["https://discord.gg/gamblefi", "https://t.me/gamblefi"], "facebook": [], "explorer": ["https://cronoscan.com/token/0xD465b6B4937D768075414D413e981Af0b49349Cc"], "reddit": [], "technical_doc": ["http://whitepaper.gamblefi.io/"], "source_code": ["https://github.com/gamblefinance"], "announcement": []}, "platform": {"id": "3635", "name": "Cronos", "slug": "cronos", "symbol": "CRO", "token_address": "0xD465b6B4937D768075414D413e981Af0b49349Cc"}, "date_added": "2022-02-21T06:44:42.000Z", "twitter_username": "GambleFinance", "is_hidden": 0, "date_launched": "2022-02-15T00:00:00.000Z", "contract_address": [{"contract_address": "0xD465b6B4937D768075414D413e981Af0b49349Cc", "platform": {"name": "Cronos", "coin": {"id": "3635", "name": "Cronos", "symbol": "CRO", "slug": "cronos"}}}], "self_reported_circulating_supply": 183.602817922, "self_reported_tags": null, "self_reported_market_cap": 5.885948429497544}]