[{"id": 11685, "name": "BetU", "symbol": "BETU", "category": "token", "description": "BetU (BETU) is a cryptocurrency launched in 2021and operates on the BNB Smart Chain (BEP20) platform. BetU has a current supply of 923,811,536 with 107,608,037.64800005 in circulation. The last known price of BetU is 0.02496037 USD and is down -1.25 over the last 24 hours. It is currently trading on 9 active market(s) with $139,335.09 traded over the last 24 hours. More information can be found at https://betu.io.", "slug": "betu", "logo": "https://s2.coinmarketcap.com/static/img/coins/64x64/11685.png", "subreddit": "", "notice": "", "tags": ["gambling", "sports", "collectibles-nfts", "gaming", "metaverse", "play-to-earn"], "tag-names": ["Gambling", "Sports", "Collectibles & NFTs", "Gaming", "Metaverse", "Play To Earn"], "tag-groups": ["INDUSTRY", "INDUSTRY", "CATEGORY", "INDUSTRY", "CATEGORY", "CATEGORY"], "urls": {"website": ["https://betu.io", "https://earnu.io"], "twitter": ["https://twitter.com/betuglobal"], "message_board": ["https://betutoken.io"], "chat": ["https://t.me/betucommunity", "https://discord.gg/betu"], "facebook": [], "explorer": ["https://bscscan.com/token/0x0df1b3f30865c5b324797f8db9d339514cac4e94"], "reddit": [], "technical_doc": ["https://betu-1.gitbook.io/betu/"], "source_code": [], "announcement": ["https://t.me/betuglobal"]}, "platform": {"id": "1839", "name": "BNB", "slug": "bnb", "symbol": "BNB", "token_address": "0x0df1b3f30865c5b324797f8db9d339514cac4e94"}, "date_added": "2021-09-06T17:23:47.000Z", "twitter_username": "betuglobal", "is_hidden": 0, "date_launched": "2021-07-27T00:00:00.000Z", "contract_address": [{"contract_address": "0x0df1b3f30865c5b324797f8db9d339514cac4e94", "platform": {"name": "BNB Smart Chain (BEP20)", "coin": {"id": "1839", "name": "BNB", "symbol": "BNB", "slug": "bnb"}}}], "self_reported_circulating_supply": 101252561, "self_reported_tags": null, "self_reported_market_cap": 2526370.844216424}]