[{"id": 7817, "name": "Bifrost", "symbol": "BFC", "category": "token", "description": "Bifrost (BFC) is a cryptocurrency and operates on the Ethereum platform. Bifrost has a current supply of 2,368,584,074 with 1,088,467,441 in circulation. The last known price of Bifrost is 0.05308003 USD and is up 1.38 over the last 24 hours. It is currently trading on 14 active market(s) with $552,619.79 traded over the last 24 hours. More information can be found at https://thebifrost.io/.", "slug": "bifrost", "logo": "https://s2.coinmarketcap.com/static/img/coins/64x64/7817.png", "subreddit": "", "notice": "", "tags": ["platform", "interoperability", "avalanche-ecosystem", "exnetwork-capital-portfolio", "vbc-ventures-portfolio"], "tag-names": ["Platform", "Interoperability", "Avalanche Ecosystem", "Exnetwork Capital Portfolio", "VBC Ventures Portfolio"], "tag-groups": ["CATEGORY", "CATEGORY", "PLATFORM", "CATEGORY", "CATEGORY"], "urls": {"website": ["https://thebifrost.io/"], "twitter": ["https://twitter.com/BIFROSTio"], "message_board": ["https://medium.com/bifrost/bfc-initial-uniswap-listing-8f38e1179b16"], "chat": ["https://t.me/Bifrost_Global", "https://t.me/Bifrostnotice"], "facebook": [], "explorer": ["https://etherscan.io/token/0x0c7D5ae016f806603CB1782bEa29AC69471CAb9c", "https://ethplorer.io/address/0x0c7D5ae016f806603CB1782bEa29AC69471CAb9c"], "reddit": [], "technical_doc": ["https://thebifrost.io/static/Bifrost_WP_Eng.pdf"], "source_code": [], "announcement": []}, "platform": {"id": "1027", "name": "Ethereum", "slug": "ethereum", "symbol": "ETH", "token_address": "0x0c7D5ae016f806603CB1782bEa29AC69471CAb9c"}, "date_added": "2020-11-30T00:00:00.000Z", "twitter_username": "BIFROSTio", "is_hidden": 0, "date_launched": null, "contract_address": [{"contract_address": "0x0c7D5ae016f806603CB1782bEa29AC69471CAb9c", "platform": {"name": "Ethereum", "coin": {"id": "1027", "name": "Ethereum", "symbol": "ETH", "slug": "ethereum"}}}], "self_reported_circulating_supply": 466758274.0, "self_reported_tags": null, "self_reported_market_cap": 24775422.340411376}, {"id": 4827, "name": "BEFULL", "symbol": "BFC", "category": "token", "description": "The BEFULL Community aims to promote community token airdrops for projects around the world to popularize blockchain education.  The BeFull community operates under the POC mechanism and claims to have more than 200,000 members. The entire community is reportedly managed and run by its own members. The community\u2019s supernodes will check the contributions of their nodes ( every member of the community is treated as a node) to give out rewards. Throughout the process, BeFull will play the role of a platform.", "slug": "befull", "logo": "https://s2.coinmarketcap.com/static/img/coins/64x64/4827.png", "subreddit": "", "notice": "", "tags": null, "tag-names": null, "tag-groups": null, "urls": {"website": ["https://www.befullc.com/en/"], "twitter": ["https://twitter.com/BEFULL7"], "message_board": [], "chat": ["https://www.befullc.com/zh/2019/01/16/line/", "https://www.befullc.com/en/2019/01/11/wechat-subscriptions/"], "facebook": [], "explorer": ["https://eospark.com/token/bfc/befullcoin33"], "reddit": [], "technical_doc": ["http://whitepaper.fupin.pro/BeFullWhitePaper-EN.pdf"], "source_code": [], "announcement": []}, "platform": null, "date_added": "2019-10-22T00:00:00.000Z", "twitter_username": "BEFULL7", "is_hidden": 0, "date_launched": "2019-08-02T00:00:00.000Z", "contract_address": [], "self_reported_circulating_supply": NaN, "self_reported_tags": null, "self_reported_market_cap": NaN}, {"id": 5051, "name": "Bitcoin Free Cash", "symbol": "BFC", "category": "coin", "description": "Bitcoin Free Cash (BFC) is a cryptocurrency launched in 2019. Bitcoin Free Cash has a current supply of 6,894,200 with 3,744,200 in circulation. The last known price of Bitcoin Free Cash is 0.0243 USD and is down -0.04 over the last 24 hours. More information can be found at https://www.bitfree.vip/en/.", "slug": "bitcoin-free-cash", "logo": "https://s2.coinmarketcap.com/static/img/coins/64x64/5051.png", "subreddit": "", "notice": "", "tags": null, "tag-names": null, "tag-groups": null, "urls": {"website": ["https://www.bitfree.vip/en/"], "twitter": ["https://twitter.com/BitfreeCash"], "message_board": [], "chat": ["https://t.me/bitfree_Cash", "https://discord.gg/j2KtRNg"], "facebook": [], "explorer": ["https://explore.bitfree.vip/"], "reddit": [], "technical_doc": ["https://www.bitfree.vip/downloads/BITFREE-WhitePaper-Eng.pdf"], "source_code": ["https://github.com/bitfreecash/bitfree"], "announcement": ["https://bitcointalk.org/index.php?topic=5209540.msg53342490#msg53342490"]}, "platform": null, "date_added": "2019-12-18T00:00:00.000Z", "twitter_username": "BitfreeCash", "is_hidden": 0, "date_launched": "2019-06-15T00:00:00.000Z", "contract_address": [], "self_reported_circulating_supply": NaN, "self_reported_tags": null, "self_reported_market_cap": NaN}, {"id": 7432, "name": "Bit Financial", "symbol": "BFC", "category": "token", "description": "Bit Financial (BFC) is a cryptocurrency and operates on the Ethereum platform. Bit Financial has a current supply of 10,000,000,000 with 0 in circulation. The last known price of Bit Financial is 0.00000075 USD and is up 0.00 over the last 24 hours. More information can be found at http://bitfinancialcoin.io/.", "slug": "bit-financial", "logo": "https://s2.coinmarketcap.com/static/img/coins/64x64/7432.png", "subreddit": "", "notice": "", "tags": null, "tag-names": null, "tag-groups": null, "urls": {"website": ["http://bitfinancialcoin.io/"], "twitter": ["https://twitter.com/HxkWTHbBq640IAh"], "message_board": ["https://medium.com/@bfcproject1"], "chat": [], "facebook": [], "explorer": ["https://etherscan.io/token/0x4d31200e6d7854c2f664af7fc38a21600960f74d"], "reddit": [], "technical_doc": ["https://drive.google.com/file/d/1hEKIjhf5LNlJjLw6fD0IAvUluXtJyPPC/view"], "source_code": [], "announcement": []}, "platform": {"id": "1027", "name": "Ethereum", "slug": "ethereum", "symbol": "ETH", "token_address": "0x4d31200e6d7854c2f664af7fc38a21600960f74d"}, "date_added": "2020-10-16T00:00:00.000Z", "twitter_username": "HxkWTHbBq640IAh", "is_hidden": 0, "date_launched": null, "contract_address": [{"contract_address": "0x4d31200e6d7854c2f664af7fc38a21600960f74d", "platform": {"name": "Ethereum", "coin": {"id": "1027", "name": "Ethereum", "symbol": "ETH", "slug": "ethereum"}}}], "self_reported_circulating_supply": NaN, "self_reported_tags": null, "self_reported_market_cap": NaN}, {"id": 12146, "name": "Block Farm Club", "symbol": "BFC", "category": "token", "description": "Block Farm Club (BFC) is a cryptocurrency and operates on the BNB Smart Chain (BEP20) platform. Block Farm Club has a current supply of 300,000,000 with 0 in circulation. The last known price of Block Farm Club is 0.00009326 USD and is up 0.00 over the last 24 hours. More information can be found at https://blockfarm.club/.", "slug": "block-farm", "logo": "https://s2.coinmarketcap.com/static/img/coins/64x64/12146.png", "subreddit": "", "notice": "", "tags": ["gaming", "play-to-earn"], "tag-names": ["Gaming", "Play To Earn"], "tag-groups": ["INDUSTRY", "CATEGORY"], "urls": {"website": ["https://blockfarm.club/"], "twitter": ["https://twitter.com/BlockFarmClub"], "message_board": [], "chat": ["https://t.me/blockfarmclubofficial"], "facebook": [], "explorer": ["https://bscscan.com/token/0x727b531038198e27a1a4d0fd83e1693c1da94892"], "reddit": [], "technical_doc": ["https://blockfarm.club/whitepaper"], "source_code": [], "announcement": []}, "platform": {"id": "1839", "name": "BNB", "slug": "bnb", "symbol": "BNB", "token_address": "0x727b531038198e27a1a4d0fd83e1693c1da94892"}, "date_added": "2021-09-26T04:55:09.000Z", "twitter_username": "BlockFarmClub", "is_hidden": 0, "date_launched": null, "contract_address": [{"contract_address": "0x727b531038198e27a1a4d0fd83e1693c1da94892", "platform": {"name": "BNB Smart Chain (BEP20)", "coin": {"id": "1839", "name": "BNB", "symbol": "BNB", "slug": "bnb"}}}], "self_reported_circulating_supply": NaN, "self_reported_tags": null, "self_reported_market_cap": NaN}, {"id": 15479, "name": "Big Fund Capital DAO", "symbol": "BFC", "category": "token", "description": "Big Fund Capital DAO (BFC) is a cryptocurrency and operates on the Avalanche C-Chain platform. Big Fund Capital DAO has a current supply of 1,000,000,000,000 with 0 in circulation. The last known price of Big Fund Capital DAO is 0.00000001 USD and is up 0.00 over the last 24 hours. More information can be found at https://www.bigfund.capital.", "slug": "big-fund-capital-dao", "logo": "https://s2.coinmarketcap.com/static/img/coins/64x64/15479.png", "subreddit": "", "notice": "", "tags": ["dao", "avalanche-ecosystem"], "tag-names": ["DAO", "Avalanche Ecosystem"], "tag-groups": ["CATEGORY", "PLATFORM"], "urls": {"website": ["https://www.bigfund.capital"], "twitter": ["https://twitter.com/BigFundDao"], "message_board": ["https://bigfundcapital.medium.com/"], "chat": ["https://t.me/bigfundcapital", "https://discord.gg/4uJs89Fu"], "facebook": [], "explorer": ["https://snowtrace.io/token/0x2D5433E9D475C78542dbd0d16d7016b9AaB99c1c"], "reddit": [], "technical_doc": [], "source_code": ["https://github.com/bigfundcapital"], "announcement": []}, "platform": {"id": "5805", "name": "Avalanche", "slug": "avalanche", "symbol": "AVAX", "token_address": "0x2D5433E9D475C78542dbd0d16d7016b9AaB99c1c"}, "date_added": "2021-12-02T04:30:34.000Z", "twitter_username": "BigFundDao", "is_hidden": 0, "date_launched": null, "contract_address": [{"contract_address": "0x2D5433E9D475C78542dbd0d16d7016b9AaB99c1c", "platform": {"name": "Avalanche C-Chain", "coin": {"id": "5805", "name": "Avalanche", "symbol": "AVAX", "slug": "avalanche"}}}], "self_reported_circulating_supply": NaN, "self_reported_tags": null, "self_reported_market_cap": NaN}, {"id": 16912, "name": "Bologna FC Fan Token", "symbol": "BFC", "category": "token", "description": "## **What are Fan tokens?**\n\nFan Tokens allow fans across multiple sports verticals to exercise their share of influence within their favourite teams/leagues/clubs. Through Socios.com, fans empowered to participate in certain club decisions, for example, choosing a goal celebration song in a football stadium, choosing which fighters should go head to head in MMA and more. Thanks to Fan Tokens, holders receive access to once in a lifetime experiences such as player meet and greets, training day events & much much more.\n\nThe growing list of partnerships launching their Fan Tokens on the Socios.com platform include some of the biggest sporting organizations in the world such as FC Barcelona, Inter Milan, AC Milan, Manchester City, UFC, ROUSH Fenway Racing, Aston Martin, just to name a few.\n\n\n\n## **How do Fan tokens work?**\n[Chiliz ($CHZ)](https://coinmarketcap.com/currencies/chiliz/) is an ERC20 utility token on the Ethereum blockchain that serves as the digital currency for the Chiliz and Socios.com platform. In launching their platform, alongside other sports blockchain ventures, a new category of token has emerged\u200a\u2014\u200athe Fan Token. Once onboard the Socios.com platform, yet to-be-announced club partners host what has been called a Fan Token Offering (FTO). Fans must purchase $CHZ via a cryptocurrency [exchange](https://coinmarketcap.com/alexandria/glossary/exchange/) in order to acquire Fan Tokens. These tokens\u200a\u2014\u200awhich are specific to a team or club\u200a\u2014\u200aare a finite, digital asset that provide access to an encrypted ledger of voting and membership rights ownership.\n\n## **What is Chiliz Chain?**\nFan Tokens are minted on an EVM compatiable permissioned sidechain called Chiliz Chain. Chiliz Chain does not currently require any transaction fee, making the sending and receiving of Fan Tokens fast and inexpensive. \n\nChiliz have future plans to upgrade the Chiliz Chain to position themselves as a leader in sports blockchain space, potentially making way for the minting of NFTs, staking & much more.", "slug": "bologna-fc-fan-token", "logo": "https://s2.coinmarketcap.com/static/img/coins/64x64/16912.png", "subreddit": "chiliz", "notice": "", "tags": ["sports", "fan-token"], "tag-names": ["Sports", "Fan Token"], "tag-groups": ["INDUSTRY", "CATEGORY"], "urls": {"website": ["https://www.socios.com"], "twitter": ["https://twitter.com/chiliz"], "message_board": ["https://medium.com/chiliz"], "chat": ["https://t.me/chiliztrade"], "facebook": ["https://www.facebook.com/sociosdotcom"], "explorer": ["https://explorer.chiliz.com/address/0x2D1ACF8c9070c8CA1e9DAdD3D6Ce84a6668B9d6b/transactions"], "reddit": ["https://reddit.com/r/chiliz"], "technical_doc": [], "source_code": [], "announcement": []}, "platform": {"id": "4066", "name": "Chiliz", "slug": "chiliz", "symbol": "CHZ", "token_address": "0x2D1ACF8c9070c8CA1e9DAdD3D6Ce84a6668B9d6b"}, "date_added": "2022-01-05T19:12:47.000Z", "twitter_username": "chiliz", "is_hidden": 0, "date_launched": null, "contract_address": [{"contract_address": "0x2D1ACF8c9070c8CA1e9DAdD3D6Ce84a6668B9d6b", "platform": {"name": "Chiliz", "coin": {"id": "4066", "name": "Chiliz", "symbol": "CHZ", "slug": "chiliz"}}}], "self_reported_circulating_supply": NaN, "self_reported_tags": null, "self_reported_market_cap": NaN}]