[{"id": 8405, "name": "Butterfly Protocol", "symbol": "BFLY", "category": "token", "description": "Butterfly Protocol (BFLY) is a cryptocurrency and operates on the Ethereum platform. Butterfly Protocol has a current supply of 98,412,010 with 0 in circulation. The last known price of Butterfly Protocol is 0.01229585 USD and is down -0.81 over the last 24 hours. It is currently trading on 6 active market(s) with $51.70 traded over the last 24 hours. More information can be found at https://www.butterflyprotocol.io/.", "slug": "butterfly-protocol-2", "logo": "https://s2.coinmarketcap.com/static/img/coins/64x64/8405.png", "subreddit": "", "notice": "", "tags": ["polkastarter"], "tag-names": ["Polkastarter"], "tag-groups": ["CATEGORY"], "urls": {"website": ["https://www.butterflyprotocol.io/"], "twitter": ["https://twitter.com/butterflyproto"], "message_board": ["https://medium.com/bproto"], "chat": ["https://t.me/butterflyprotocol"], "facebook": [], "explorer": ["https://etherscan.io/token/0xf680429328caaaCabee69b7A9FdB21a71419c063", "https://ethplorer.io/address/0xf680429328caaaCabee69b7A9FdB21a71419c063"], "reddit": [], "technical_doc": [], "source_code": ["https://github.com/ButterflyProtocol"], "announcement": []}, "platform": {"id": "1027", "name": "Ethereum", "slug": "ethereum", "symbol": "ETH", "token_address": "0xf680429328caaaCabee69b7A9FdB21a71419c063"}, "date_added": "2021-02-05T00:00:00.000Z", "twitter_username": "butterflyproto", "is_hidden": 0, "date_launched": null, "contract_address": [{"contract_address": "0xf680429328caaaCabee69b7A9FdB21a71419c063", "platform": {"name": "Ethereum", "coin": {"id": "1027", "name": "Ethereum", "symbol": "ETH", "slug": "ethereum"}}}, {"contract_address": "0x5B0a0CD03e9Df1829E00128ebE277Cc3247da346", "platform": {"name": "Polygon", "coin": {"id": "3890", "name": "Polygon", "symbol": "MATIC", "slug": "polygon"}}}], "self_reported_circulating_supply": 18878851, "self_reported_tags": null, "self_reported_market_cap": 232128.58064892585}]