[{"id": 12440, "name": "Buffer Finance", "symbol": "BFR", "category": "token", "description": "Buffer Finance (BFR) is a cryptocurrency launched in 2021and operates on the Arbitrum platform. Buffer Finance has a current supply of 100,000,000 with 0 in circulation. The last known price of Buffer Finance is 0.21609401 USD and is down -4.44 over the last 24 hours. It is currently trading on 12 active market(s) with $133,595.99 traded over the last 24 hours. More information can be found at https://www.buffer.finance/.", "slug": "buffer-finance", "logo": "https://s2.coinmarketcap.com/static/img/coins/64x64/12440.png", "subreddit": "", "notice": "Please note that Buffer Finance has migrated to Arbitrum [contract address](https://arbiscan.io/token/0x1a5b0aaf478bf1fda7b934c76e7692d722982a6d). For more info please visit this [page](https://app.buffer.finance/BSC/migration).", "tags": ["arbitrum-ecosytem"], "tag-names": ["Arbitrum Ecosystem"], "tag-groups": ["PLATFORM"], "urls": {"website": ["https://www.buffer.finance/", "https://testnet.buffer.finance/"], "twitter": ["https://twitter.com/Buffer_Finance"], "message_board": ["https://buffer-finance.medium.com/"], "chat": ["https://discord.com/invite/gpWVt3GyBe"], "facebook": [], "explorer": ["https://arbiscan.io/token/0x1a5b0aaf478bf1fda7b934c76e7692d722982a6d"], "reddit": [], "technical_doc": ["https://docs.buffer.finance/"], "source_code": ["https://github.com/Buffer-Finance"], "announcement": ["https://twitter.com/Buffer_Finance"]}, "platform": null, "date_added": "2021-10-07T08:15:38.000Z", "twitter_username": "Buffer_Finance", "is_hidden": 0, "date_launched": "2021-09-19T00:00:00.000Z", "contract_address": [], "self_reported_circulating_supply": 4699990.0, "self_reported_tags": ["DeFi", "Derivatives", "Staking", "DApp", "Options", "Arbitrum Ecosystem"], "self_reported_market_cap": 1015717.013435938}, {"id": 7941, "name": "Bridge Finance", "symbol": "BFR", "category": "token", "description": "Bridge Finance (BFR) is a cryptocurrency and operates on the Ethereum platform. Bridge Finance has a current supply of 100,000,000 with 0 in circulation. The last known price of Bridge Finance is 0.00168781 USD and is down -3.81 over the last 24 hours. More information can be found at https://bridgefinance.net.", "slug": "bridge-finance", "logo": "https://s2.coinmarketcap.com/static/img/coins/64x64/7941.png", "subreddit": "", "notice": "", "tags": null, "tag-names": null, "tag-groups": null, "urls": {"website": ["https://bridgefinance.net"], "twitter": ["https://twitter.com/_bridgefinance"], "message_board": ["https://bridgefinance.medium.com/"], "chat": ["https://t.me/bridgefinance"], "facebook": [], "explorer": ["https://etherscan.io/token/0x244c5276ea5bb927575417156038d7381b44ab2c"], "reddit": [], "technical_doc": [], "source_code": [], "announcement": []}, "platform": {"id": "1027", "name": "Ethereum", "slug": "ethereum", "symbol": "ETH", "token_address": "0x244c5276ea5bb927575417156038d7381b44ab2c"}, "date_added": "2020-12-12T00:00:00.000Z", "twitter_username": "_bridgefinance", "is_hidden": 0, "date_launched": null, "contract_address": [{"contract_address": "0x244c5276ea5bb927575417156038d7381b44ab2c", "platform": {"name": "Ethereum", "coin": {"id": "1027", "name": "Ethereum", "symbol": "ETH", "slug": "ethereum"}}}], "self_reported_circulating_supply": NaN, "self_reported_tags": null, "self_reported_market_cap": NaN}]