[{"id": 16745, "name": "Battle of Guardians", "symbol": "BGS", "category": "token", "description": "Battle of Guardians (BGS) is a cryptocurrency launched in 2022and operates on the BNB Smart Chain (BEP20) platform. Battle of Guardians has a current supply of 0. The last known price of Battle of Guardians is 0.00040386 USD and is up -0.00 over the last 24 hours. It is currently trading on 5 active market(s) with $44,459.73 traded over the last 24 hours. More information can be found at https://battleofguardians.com/.", "slug": "battle-of-guardians", "logo": "https://s2.coinmarketcap.com/static/img/coins/64x64/16745.png", "subreddit": "", "notice": "", "tags": ["collectibles-nfts", "gaming", "solana-ecosystem", "play-to-earn", "bullperks-launchpad", "solrazr-launchpad"], "tag-names": ["Collectibles & NFTs", "Gaming", "Solana Ecosystem", "Play To Earn", "BullPerks Launchpad", "SolRazr"], "tag-groups": ["CATEGORY", "INDUSTRY", "PLATFORM", "CATEGORY", "CATEGORY", "CATEGORY"], "urls": {"website": ["https://battleofguardians.com/"], "twitter": ["https://twitter.com/BOG_Official_"], "message_board": ["https://medium.com/@battleofguardians"], "chat": ["https://t.me/battleofguardianschat"], "facebook": [], "explorer": ["https://bscscan.com/token/0xf339e8c294046e6e7ef6ad4f6fa9e202b59b556b", "https://solscan.io/token/At7RLMbA6ZUjj7riyvFq2j5NHQ19aJabCju2VxLDAqso"], "reddit": [], "technical_doc": ["https://docs.battleofguardians.com/"], "source_code": ["https://github.com/bofguardians"], "announcement": ["http://t.me/battleofguardians"]}, "platform": {"id": "1839", "name": "BNB", "slug": "bnb", "symbol": "BNB", "token_address": "0xf339e8c294046e6e7ef6ad4f6fa9e202b59b556b"}, "date_added": "2022-01-03T04:06:28.000Z", "twitter_username": "BOG_Official_", "is_hidden": 0, "date_launched": "2022-01-14T00:00:00.000Z", "contract_address": [{"contract_address": "0xf339e8c294046e6e7ef6ad4f6fa9e202b59b556b", "platform": {"name": "BNB Smart Chain (BEP20)", "coin": {"id": "1839", "name": "BNB", "symbol": "BNB", "slug": "bnb"}}}, {"contract_address": "At7RLMbA6ZUjj7riyvFq2j5NHQ19aJabCju2VxLDAqso", "platform": {"name": "Solana", "coin": {"id": "5426", "name": "Solana", "symbol": "SOL", "slug": "solana"}}}], "self_reported_circulating_supply": null, "self_reported_tags": null, "self_reported_market_cap": null}]