[{"id": 6943, "name": "Baguette Token", "symbol": "BGTT", "category": "token", "description": "Baguette Token (BGTT) is a cryptocurrency launched in 2020and operates on the Ethereum platform. Baguette Token has a current supply of 50,000,000 with 11,609,997.84236199 in circulation. The last known price of Baguette Token is 0.00091462 USD and is up 0.00 over the last 24 hours. More information can be found at https://baguettetoken.com.", "slug": "baguette-token", "logo": "https://s2.coinmarketcap.com/static/img/coins/64x64/6943.png", "subreddit": "", "notice": "", "tags": ["memes", "yield-farming", "avalanche-ecosystem"], "tag-names": ["Memes", "Yield Farming", "Avalanche Ecosystem"], "tag-groups": ["INDUSTRY", "CATEGORY", "PLATFORM"], "urls": {"website": ["https://baguettetoken.com"], "twitter": ["https://twitter.com/BaguetteToken"], "message_board": [], "chat": ["https://t.me/BaguetteToken", "https://t.me/BaguetteTokenNews"], "facebook": [], "explorer": ["https://etherscan.io/token/0x7a545Ed3863221A974F327199Ac22F7f12535F11", "https://ethplorer.io/address/0x7a545Ed3863221A974F327199Ac22F7f12535F11", "https://avascan.info/blockchain/c/token/0xa1144a6A1304bd9cbb16c800F7a867508726566E"], "reddit": [], "technical_doc": [], "source_code": [], "announcement": []}, "platform": {"id": "1027", "name": "Ethereum", "slug": "ethereum", "symbol": "ETH", "token_address": "0x7a545Ed3863221A974F327199Ac22F7f12535F11"}, "date_added": "2020-09-08T00:00:00.000Z", "twitter_username": "BaguetteToken", "is_hidden": 0, "date_launched": "2020-08-25T00:00:00.000Z", "contract_address": [{"contract_address": "0x7a545Ed3863221A974F327199Ac22F7f12535F11", "platform": {"name": "Ethereum", "coin": {"id": "1027", "name": "Ethereum", "symbol": "ETH", "slug": "ethereum"}}}, {"contract_address": "0xa1144a6A1304bd9cbb16c800F7a867508726566E", "platform": {"name": "Avalanche C-Chain", "coin": {"id": "5805", "name": "Avalanche", "symbol": "AVAX", "slug": "avalanche"}}}], "self_reported_circulating_supply": null, "self_reported_tags": null, "self_reported_market_cap": null}]