[{"id": 20232, "name": "BH Network", "symbol": "BHAT", "category": "token", "description": "BH Network (BHAT) is a cryptocurrency launched in 2022and operates on the Elrond platform. BH Network has a current supply of 500,000,000 with 0 in circulation. The last known price of BH Network is 0.02812997 USD and is down -3.20 over the last 24 hours. It is currently trading on 2 active market(s) with $40,338.95 traded over the last 24 hours. More information can be found at https://bh.network.", "slug": "bh-network", "logo": "https://s2.coinmarketcap.com/static/img/coins/64x64/20232.png", "subreddit": "BHNetwork", "notice": "", "tags": ["elrond-ecosystem"], "tag-names": ["Elrond Ecosystem"], "tag-groups": ["CATEGORY"], "urls": {"website": ["https://bh.network", "https://bhero.com"], "twitter": ["https://twitter.com/BlackHatNetwork"], "message_board": ["https://bh.network/blog", "https://bhero.com/blog"], "chat": ["https://t.me/bhnetwork", "https://t.me/bhnetwork_ro"], "facebook": [], "explorer": ["https://explorer.elrond.com/tokens/BHAT-c1fde3"], "reddit": ["https://reddit.com/r/BHNetwork"], "technical_doc": ["https://bh.network/Whitepaper.pdf"], "source_code": ["https://github.com/bh-network"], "announcement": ["https://t.me/bhnetwork_announcements"]}, "platform": {"id": "6892", "name": "MultiversX (Elrond)", "slug": "elrond-egld", "symbol": "EGLD", "token_address": "BHAT-c1fde3"}, "date_added": "2022-05-23T09:26:38.000Z", "twitter_username": "BlackHatNetwork", "is_hidden": 0, "date_launched": "2022-05-18T00:00:00.000Z", "contract_address": [{"contract_address": "BHAT-c1fde3", "platform": {"name": "Elrond", "coin": {"id": "6892", "name": "MultiversX (Elrond)", "symbol": "EGLD", "slug": "elrond-egld"}}}], "self_reported_circulating_supply": 162634285, "self_reported_tags": ["E-commerce", "Escrow", "Jobs", "Staking", "Governance", "Launchpad", "Web3", "DeFi 2.0", "Elrond Ecosystem"], "self_reported_market_cap": 4576493.349890051}]