[{"id": 9543, "name": "Biconomy", "symbol": "BICO", "category": "token", "description": "Biconomy (BICO) is a cryptocurrency launched in 2021and operates on the Ethereum platform. Biconomy has a current supply of 1,000,000,000 with 255,027,523.8855556 in circulation. The last known price of Biconomy is 0.26396068 USD and is up 0.14 over the last 24 hours. It is currently trading on 69 active market(s) with $1,893,318.07 traded over the last 24 hours. More information can be found at https://biconomy.io.", "slug": "biconomy", "logo": "https://s2.coinmarketcap.com/static/img/coins/64x64/9543.png", "subreddit": "", "notice": "", "tags": ["platform", "interoperability", "coinbase-ventures-portfolio", "binance-labs-portfolio", "fenbushi-capital-portfolio", "mvb"], "tag-names": ["Platform", "Interoperability", "Coinbase Ventures Portfolio", "Binance Labs Portfolio", "Fenbushi Capital Portfolio", "MVB"], "tag-groups": ["CATEGORY", "CATEGORY", "CATEGORY", "CATEGORY", "CATEGORY", "CATEGORY"], "urls": {"website": ["https://biconomy.io"], "twitter": ["https://twitter.com/biconomy"], "message_board": ["https://medium.com/biconomy"], "chat": ["https://t.me/biconomy"], "facebook": [], "explorer": ["https://etherscan.com/token/0xf17e65822b568b3903685a7c9f496cf7656cc6c2"], "reddit": [], "technical_doc": ["https://www.biconomy.io/litepaper"], "source_code": ["https://github.com/bcnmy"], "announcement": []}, "platform": {"id": "1027", "name": "Ethereum", "slug": "ethereum", "symbol": "ETH", "token_address": "0xf17e65822b568b3903685a7c9f496cf7656cc6c2"}, "date_added": "2021-12-01T10:12:17.000Z", "twitter_username": "biconomy", "is_hidden": 0, "date_launched": "2021-12-01T00:00:00.000Z", "contract_address": [{"contract_address": "0xf17e65822b568b3903685a7c9f496cf7656cc6c2", "platform": {"name": "Ethereum", "coin": {"id": "1027", "name": "Ethereum", "symbol": "ETH", "slug": "ethereum"}}}], "self_reported_circulating_supply": null, "self_reported_tags": ["Platform", "Interoperability"], "self_reported_market_cap": null}]