[{"id": 7311, "name": "Beefy Finance", "symbol": "BIFI", "category": "token", "description": "Beefy Finance (BIFI) is a cryptocurrency and operates on the BNB Smart Chain (BEP20) platform. Beefy Finance has a current supply of 80,000. The last known price of Beefy Finance is 355.80188023 USD and is up 4.96 over the last 24 hours. It is currently trading on 104 active market(s) with $3,957,341.87 traded over the last 24 hours. More information can be found at https://beefy.finance/.", "slug": "beefy-finance", "logo": "https://s2.coinmarketcap.com/static/img/coins/64x64/7311.png", "subreddit": "beefy/", "notice": "", "tags": ["defi", "yield-farming", "yield-aggregator", "governance", "heco-ecosystem", "avalanche-ecosystem", "polygon-ecosystem", "fantom-ecosystem", "arbitrum-ecosytem", "moonriver-ecosystem", "bnb-chain"], "tag-names": ["DeFi", "Yield Farming", "Yield Aggregator", "Governance", "HECO Ecosystem", "Avalanche Ecosystem", "Polygon Ecosystem", "Fantom Ecosystem", "Arbitrum Ecosystem", "Moonriver Ecosystem", "BNB Chain"], "tag-groups": ["CATEGORY", "CATEGORY", "CATEGORY", "CATEGORY", "PLATFORM", "PLATFORM", "PLATFORM", "PLATFORM", "PLATFORM", "CATEGORY", "PLATFORM"], "urls": {"website": ["https://beefy.finance/"], "twitter": ["https://twitter.com/beefyfinance"], "message_board": ["https://blog.beefy.finance/"], "chat": ["https://t.me/beefyfinance", "https://discord.gg/beefyfinance"], "facebook": [], "explorer": ["https://bscscan.com/token/0xCa3F508B8e4Dd382eE878A314789373D80A5190A", "https://hecoinfo.com/token/0x765277eebeca2e31912c9946eae1021199b39c61", "https://polygonscan.com/token/0xfbdd194376de19a88118e84e279b977f165d01b8", "https://avascan.info/blockchain/c/address/0xd6070ae98b8069de6B494332d1A1a81B6179D960/token", "https://ftmscan.com/token/0xd6070ae98b8069de6b494332d1a1a81b6179d960"], "reddit": ["https://reddit.com/r/beefy/"], "technical_doc": [], "source_code": ["https://github.com/beefyfinance"], "announcement": ["https://blog.beefy.finance/"]}, "platform": {"id": "1839", "name": "BNB", "slug": "bnb", "symbol": "BNB", "token_address": "0xCa3F508B8e4Dd382eE878A314789373D80A5190A"}, "date_added": "2020-10-06T00:00:00.000Z", "twitter_username": "beefyfinance", "is_hidden": 0, "date_launched": null, "contract_address": [{"contract_address": "0xCa3F508B8e4Dd382eE878A314789373D80A5190A", "platform": {"name": "BNB Smart Chain (BEP20)", "coin": {"id": "1839", "name": "BNB", "symbol": "BNB", "slug": "bnb"}}}, {"contract_address": "0x765277eebeca2e31912c9946eae1021199b39c61", "platform": {"name": "HECO", "coin": {"id": "2502", "name": "Huobi Token", "symbol": "HT", "slug": "huobi-token"}}}, {"contract_address": "0xd6070ae98b8069de6b494332d1a1a81b6179d960", "platform": {"name": "Fantom", "coin": {"id": "3513", "name": "Fantom", "symbol": "FTM", "slug": "fantom"}}}, {"contract_address": "0xFbdd194376de19a88118e84E279b977f165d01b8", "platform": {"name": "Polygon", "coin": {"id": "3890", "name": "Polygon", "symbol": "MATIC", "slug": "polygon"}}}, {"contract_address": "0xd6070ae98b8069de6B494332d1A1a81B6179D960", "platform": {"name": "Avalanche C-Chain", "coin": {"id": "5805", "name": "Avalanche", "symbol": "AVAX", "slug": "avalanche"}}}, {"contract_address": "0x639A647fbe20b6c8ac19E48E2de44ea792c62c5C", "platform": {"name": "Celo", "coin": {"id": "5567", "name": "Celo", "symbol": "CELO", "slug": "celo"}}}, {"contract_address": "0x6ab6d61428fde76768d7b45d8bfeec19c6ef91a8", "platform": {"name": "Harmony", "coin": {"id": "3945", "name": "Harmony", "symbol": "ONE", "slug": "harmony"}}}, {"contract_address": "0x173fd7434B8B50dF08e3298f173487ebDB35FD14", "platform": {"name": "Moonriver", "coin": {"id": "9285", "name": "Moonriver", "symbol": "MOVR", "slug": "moonriver"}}}, {"contract_address": "0xe6801928061CDbE32AC5AD0634427E140EFd05F9", "platform": {"name": "Cronos", "coin": {"id": "3635", "name": "Cronos", "symbol": "CRO", "slug": "cronos"}}}], "self_reported_circulating_supply": NaN, "self_reported_tags": ["DeFi", "Smart Contracts", "DAO", "DApp", "BNB Smart Chain", "Yield Aggregator", "HECO Ecosystem", "Avalanche Ecosystem", "Polygon Ecosystem", "Fantom Ecosystem", "Arbitrum Ecosystem", "Celo Ecosystem", "MVB"], "self_reported_market_cap": NaN}, {"id": 8132, "name": "BiFi", "symbol": "BIFI", "category": "token", "description": "BiFi (BIFI) is a cryptocurrency launched in 2021and operates on the Ethereum platform. BiFi has a current supply of 998,206,747 with 390,645,468 in circulation. The last known price of BiFi is 0.00570965 USD and is down -0.31 over the last 24 hours. It is currently trading on 11 active market(s) with $20,093.43 traded over the last 24 hours. More information can be found at https://bifi.finance/.", "slug": "bifi", "logo": "https://s2.coinmarketcap.com/static/img/coins/64x64/8132.png", "subreddit": "", "notice": "", "tags": ["defi"], "tag-names": ["DeFi"], "tag-groups": ["CATEGORY"], "urls": {"website": ["https://bifi.finance/", "https://thebifrost.io/"], "twitter": ["https://twitter.com/bifi_lending"], "message_board": ["https://bifi-lending.medium.com/", "https://medium.com/bifrost/bifi/home"], "chat": ["https://t.me/Bifrost_Global"], "facebook": [], "explorer": ["https://etherscan.io/token/0x2791bfd60d232150bff86b39b7146c0eaaa2ba81", "https://ethplorer.io/address/0x2791bfd60d232150bff86b39b7146c0eaaa2ba81"], "reddit": [], "technical_doc": ["https://s3.ap-northeast-2.amazonaws.com/bifi.finance/resource/BiFi-White-Paper-V1.0-EN.pdf"], "source_code": ["https://github.com/bifrost-platform/BIFI"], "announcement": ["https://t.me/Bifrostnotice"]}, "platform": {"id": "1027", "name": "Ethereum", "slug": "ethereum", "symbol": "ETH", "token_address": "0x2791bfd60d232150bff86b39b7146c0eaaa2ba81"}, "date_added": "2020-12-29T00:00:00.000Z", "twitter_username": "bifi_lending", "is_hidden": 0, "date_launched": "2021-01-01T00:00:00.000Z", "contract_address": [{"contract_address": "0x2791bfd60d232150bff86b39b7146c0eaaa2ba81", "platform": {"name": "Ethereum", "coin": {"id": "1027", "name": "Ethereum", "symbol": "ETH", "slug": "ethereum"}}}], "self_reported_circulating_supply": 77268329.0, "self_reported_tags": null, "self_reported_market_cap": 441175.49375166366}, {"id": 2994, "name": "Bitcoin File", "symbol": "BIFI", "category": "coin", "description": "Bitcoin File (BIFI) is a cryptocurrency . Bitcoin File has a current supply of 21,050,000,000 with 0 in circulation. The last known price of Bitcoin File is 0.00043714 USD and is up 0.23 over the last 24 hours. It is currently trading on 4 active market(s) with $4,155.64 traded over the last 24 hours. More information can be found at https://www.bitcoinfile.org/.", "slug": "bitcoin-file", "logo": "https://s2.coinmarketcap.com/static/img/coins/64x64/2994.png", "subreddit": "", "notice": "", "tags": null, "tag-names": null, "tag-groups": null, "urls": {"website": ["https://www.bitcoinfile.org/"], "twitter": ["https://twitter.com/BitcoinFile"], "message_board": [], "chat": ["https://t.me/bitcoinfile"], "facebook": [], "explorer": ["https://explorer.bitcoinfile.org/"], "reddit": [], "technical_doc": [], "source_code": ["https://github.com/bitcoinfile/bitcoinfile"], "announcement": []}, "platform": null, "date_added": "2018-07-28T00:00:00.000Z", "twitter_username": "BitcoinFile", "is_hidden": 0, "date_launched": null, "contract_address": [], "self_reported_circulating_supply": NaN, "self_reported_tags": null, "self_reported_market_cap": NaN}]