[{"id": 11412, "name": "Binemon", "symbol": "BIN", "category": "token", "description": "Binemon (BIN) is a cryptocurrency launched in 2021and operates on the BNB Smart Chain (BEP20) platform. Binemon has a current supply of 934,870,751 with 404,980,165 in circulation. The last known price of Binemon is 0.00394247 USD and is down -8.31 over the last 24 hours. It is currently trading on 21 active market(s) with $68,497.58 traded over the last 24 hours. More information can be found at https://binemon.io/.", "slug": "binemon", "logo": "https://s2.coinmarketcap.com/static/img/coins/64x64/11412.png", "subreddit": "", "notice": "", "tags": ["collectibles-nfts", "gaming", "play-to-earn"], "tag-names": ["Collectibles & NFTs", "Gaming", "Play To Earn"], "tag-groups": ["CATEGORY", "INDUSTRY", "CATEGORY"], "urls": {"website": ["https://binemon.io/", "https://app.binemon.io/"], "twitter": ["https://twitter.com/BinemonApple"], "message_board": [], "chat": ["https://t.me/binemon", "https://t.me/binemonchat"], "facebook": [], "explorer": [], "reddit": [], "technical_doc": ["https://docs.binemon.io/"], "source_code": ["https://github.com/solidproof/smart-contract-audits/blob/main/SmartContract_Audit_Solidproof_Binemon.pdf"], "announcement": []}, "platform": {"id": "1839", "name": "BNB", "slug": "bnb", "symbol": "BNB", "token_address": "0xe56842ed550ff2794f010738554db45e60730371"}, "date_added": "2021-08-26T07:47:51.000Z", "twitter_username": "BinemonApple", "is_hidden": 0, "date_launched": "2021-08-23T00:00:00.000Z", "contract_address": [{"contract_address": "0xe56842ed550ff2794f010738554db45e60730371", "platform": {"name": "BNB Smart Chain (BEP20)", "coin": {"id": "1839", "name": "BNB", "symbol": "BNB", "slug": "bnb"}}}], "self_reported_circulating_supply": null, "self_reported_tags": ["Collectibles & NFTs", "DeFi", "Privacy", "Gaming", "Memes", "Metaverse", "Doggone Doggerel", "Play To Earn"], "self_reported_market_cap": null}]