[{"id": 11221, "name": "BitDAO", "symbol": "BIT", "category": "token", "description": "BitDAO (BIT) is a cryptocurrency launched in 2021and operates on the Ethereum platform. BitDAO has a current supply of 10,000,000,000 with 2,090,946,168.860899 in circulation. The last known price of BitDAO is 0.33434494 USD and is up 4.91 over the last 24 hours. It is currently trading on 51 active market(s) with $37,128,497.15 traded over the last 24 hours. More information can be found at https://www.bitdao.io/.", "slug": "bitdao", "logo": "https://s2.coinmarketcap.com/static/img/coins/64x64/11221.png", "subreddit": "", "notice": "", "tags": ["dao", "governance", "dragonfly-capital-portfolio", "fenbushi-capital-portfolio", "pantera-capital-portfolio", "spartan-group"], "tag-names": ["DAO", "Governance", "DragonFly Capital Portfolio", "Fenbushi Capital Portfolio", "Pantera Capital Portfolio", "Spartan Group"], "tag-groups": ["CATEGORY", "CATEGORY", "CATEGORY", "CATEGORY", "CATEGORY", "CATEGORY"], "urls": {"website": ["https://www.bitdao.io/"], "twitter": ["https://twitter.com/BitDAO_Official"], "message_board": ["https://medium.com/bitdao"], "chat": ["https://t.me/BitDAO_Official"], "facebook": [], "explorer": ["https://etherscan.io/token/0x1A4b46696b2bB4794Eb3D4c26f1c55F9170fa4C5"], "reddit": [], "technical_doc": ["https://docs.bitdao.io/"], "source_code": [], "announcement": ["https://medium.com/bitdao/introducing-bitdao-464ebf80eb56"]}, "platform": {"id": "1027", "name": "Ethereum", "slug": "ethereum", "symbol": "ETH", "token_address": "0x1A4b46696b2bB4794Eb3D4c26f1c55F9170fa4C5"}, "date_added": "2021-08-11T00:00:00.000Z", "twitter_username": "BitDAO_Official", "is_hidden": 0, "date_launched": "2021-08-16T00:00:00.000Z", "contract_address": [{"contract_address": "0x1A4b46696b2bB4794Eb3D4c26f1c55F9170fa4C5", "platform": {"name": "Ethereum", "coin": {"id": "1027", "name": "Ethereum", "symbol": "ETH", "slug": "ethereum"}}}], "self_reported_circulating_supply": 3000000000.0, "self_reported_tags": ["DeFi", "DAO", "Ethereum Ecosystem", "Governance", "DragonFly Capital Portfolio", "Pantera Capital Portfolio"], "self_reported_market_cap": 1003071647.9114991}, {"id": 2977, "name": "BitRewards", "symbol": "BIT", "category": "token", "description": "BitRewards (BIT) is a cryptocurrency and operates on the Ethereum platform. BitRewards has a current supply of 544,070,955.5837462 with 342,725,113.8483099 in circulation. The last known price of BitRewards is 0.00000919 USD and is down -63.51 over the last 24 hours. It is currently trading on 1 active market(s) with $0.09 traded over the last 24 hours. More information can be found at https://bitrewards.network/.", "slug": "bitrewards", "logo": "https://s2.coinmarketcap.com/static/img/coins/64x64/2977.png", "subreddit": "BitRewards_Official", "notice": "", "tags": null, "tag-names": null, "tag-groups": null, "urls": {"website": ["https://bitrewards.network/"], "twitter": ["https://twitter.com/bitrewards"], "message_board": ["https://medium.com/@bitrewards"], "chat": ["https://t.me/bitrewards"], "facebook": [], "explorer": ["https://etherscan.io/token/0x47da42696a866cdc61a4c809a515500a242909c1", "https://ethplorer.io/address/0x47da42696a866cdc61a4c809a515500a242909c1"], "reddit": ["https://reddit.com/r/BitRewards_Official"], "technical_doc": [], "source_code": ["https://github.com/BitRewards"], "announcement": ["https://bitcointalk.org/index.php?topic=2409919"]}, "platform": {"id": "1027", "name": "Ethereum", "slug": "ethereum", "symbol": "ETH", "token_address": "0x47da42696a866cdc61a4c809a515500a242909c1"}, "date_added": "2018-07-25T00:00:00.000Z", "twitter_username": "bitrewards", "is_hidden": 0, "date_launched": null, "contract_address": [{"contract_address": "0x47da42696a866cdc61a4c809a515500a242909c1", "platform": {"name": "Ethereum", "coin": {"id": "1027", "name": "Ethereum", "symbol": "ETH", "slug": "ethereum"}}}], "self_reported_circulating_supply": NaN, "self_reported_tags": null, "self_reported_market_cap": NaN}, {"id": 11500, "name": "Biconomy Exchange Token", "symbol": "BIT", "category": "token", "description": "Biconomy Exchange Token (BIT) is a cryptocurrency launched in 2021and operates on the BNB Smart Chain (BEP20) platform. Biconomy Exchange Token has a current supply of 1,000,000,000,000 with 0 in circulation. The last known price of Biconomy Exchange Token is 0.00000739 USD and is down -3.09 over the last 24 hours. It is currently trading on 15 active market(s) with $20,479.06 traded over the last 24 hours. More information can be found at https://www.biconomy.com/.", "slug": "biconomy-token", "logo": "https://s2.coinmarketcap.com/static/img/coins/64x64/11500.png", "subreddit": "biconomyExchange/", "notice": "", "tags": ["centralized-exchange"], "tag-names": ["Centralized Exchange (CEX) Token"], "tag-groups": ["CATEGORY"], "urls": {"website": ["https://www.biconomy.com/"], "twitter": ["https://twitter.com/BiconomyCom"], "message_board": ["https://biconomy.zendesk.com/hc/en-us"], "chat": ["https://t.me/Biconomycom", "https://t.me/biconomy_Ann"], "facebook": ["https://www.facebook.com/BiconomyCom"], "explorer": ["https://bscscan.com/token/0xc864019047b864b6ab609a968ae2725dfaee808a"], "reddit": ["https://reddit.com/r/biconomyExchange/"], "technical_doc": ["https://biconomy.com/whitepaper/english.pdf"], "source_code": [], "announcement": ["https://t.me/biconomy_Ann"]}, "platform": {"id": "1839", "name": "BNB", "slug": "bnb", "symbol": "BNB", "token_address": "0xc864019047b864b6ab609a968ae2725dfaee808a"}, "date_added": "2021-08-30T19:48:26.000Z", "twitter_username": "BiconomyCom", "is_hidden": 0, "date_launched": "2021-08-06T00:00:00.000Z", "contract_address": [{"contract_address": "0xc864019047b864b6ab609a968ae2725dfaee808a", "platform": {"name": "BNB Smart Chain (BEP20)", "coin": {"id": "1839", "name": "BNB", "symbol": "BNB", "slug": "bnb"}}}], "self_reported_circulating_supply": 447700716382.0, "self_reported_tags": ["Platform", "Centralized Exchange (CEX) Token", "Collectibles & NFTs", "DeFi", "Staking", "DAO", "Social Token", "LP Tokens", "Governance", "Launchpad", "Lending & Borrowing", "Metaverse", "Token"], "self_reported_market_cap": 3313984.1181288976}, {"id": 19857, "name": "Bitmon", "symbol": "BIT", "category": "token", "description": "Bitmon (BIT) is a cryptocurrency and operates on the Solana platform. Bitmon has a current supply of 182,060,554.61 with 0 in circulation. The last known price of Bitmon is 0.00023577 USD and is down -2.04 over the last 24 hours. It is currently trading on 1 active market(s) with $44.40 traded over the last 24 hours. More information can be found at https://bitmon.io/.", "slug": "bitmon", "logo": "https://s2.coinmarketcap.com/static/img/coins/64x64/19857.png", "subreddit": "", "notice": "", "tags": null, "tag-names": null, "tag-groups": null, "urls": {"website": ["https://bitmon.io/"], "twitter": ["https://twitter.com/BitmonWorld"], "message_board": [], "chat": ["https://discord.gg/bitmon"], "facebook": [], "explorer": ["https://solscan.io/token/EGiWZhNk3vUNJr35MbL2tY5YD6D81VVZghR2LgEFyXZh"], "reddit": [], "technical_doc": [], "source_code": ["https://github.com/bitmon-world"], "announcement": []}, "platform": {"id": "5426", "name": "Solana", "slug": "solana", "symbol": "SOL", "token_address": "EGiWZhNk3vUNJr35MbL2tY5YD6D81VVZghR2LgEFyXZh"}, "date_added": "2022-04-29T03:38:36.000Z", "twitter_username": "BitmonWorld", "is_hidden": 0, "date_launched": null, "contract_address": [{"contract_address": "EGiWZhNk3vUNJr35MbL2tY5YD6D81VVZghR2LgEFyXZh", "platform": {"name": "Solana", "coin": {"id": "5426", "name": "Solana", "symbol": "SOL", "slug": "solana"}}}], "self_reported_circulating_supply": NaN, "self_reported_tags": null, "self_reported_market_cap": NaN}, {"id": 1323, "name": "First Bitcoin", "symbol": "BIT", "category": "coin", "description": "First Bitcoin (BIT) is a cryptocurrency . Users are able to generate BIT through the process of mining. First Bitcoin has a current supply of 20,707,629,255.20859 with 0 in circulation. The last known price of First Bitcoin is 0.00558929 USD and is up 8.65 over the last 24 hours. More information can be found at http://bitcoincapitalcorp.com/.", "slug": "first-bitcoin", "logo": "https://s2.coinmarketcap.com/static/img/coins/64x64/1323.png", "subreddit": "", "notice": "", "tags": ["mineable"], "tag-names": ["Mineable"], "tag-groups": ["OTHERS"], "urls": {"website": ["http://bitcoincapitalcorp.com/"], "twitter": ["https://twitter.com/First_Bitcoin"], "message_board": [], "chat": [], "facebook": [], "explorer": ["http://explorer.altcoinmarketcap.com/bit/chain"], "reddit": [], "technical_doc": [], "source_code": [], "announcement": []}, "platform": null, "date_added": "2016-07-25T00:00:00.000Z", "twitter_username": "First_Bitcoin", "is_hidden": 0, "date_launched": null, "contract_address": [], "self_reported_circulating_supply": NaN, "self_reported_tags": null, "self_reported_market_cap": NaN}, {"id": 3478, "name": "BitMoney", "symbol": "BIT", "category": "coin", "description": "BitMoney (BIT) is a cryptocurrency . Users are able to generate BIT through the process of mining. BitMoney has a current supply of 87,904,512.722227 with 82,497,697.956387 in circulation. The last known price of BitMoney is 0.00004669 USD and is down -1.79 over the last 24 hours. More information can be found at https://bitmoney.ws/.", "slug": "bitmoney", "logo": "https://s2.coinmarketcap.com/static/img/coins/64x64/3478.png", "subreddit": "", "notice": "", "tags": ["mineable"], "tag-names": ["Mineable"], "tag-groups": ["OTHERS"], "urls": {"website": ["https://bitmoney.ws/"], "twitter": ["https://twitter.com/BitMoney6"], "message_board": [], "chat": ["https://discord.gg/8TWB5CR"], "facebook": [], "explorer": ["https://bit.ccore.online/"], "reddit": [], "technical_doc": [], "source_code": ["https://github.com/CryptVenture/BitMoneyV2"], "announcement": ["https://bitcointalk.org/index.php?topic=5048071"]}, "platform": null, "date_added": "2018-10-19T00:00:00.000Z", "twitter_username": "BitMoney6", "is_hidden": 0, "date_launched": null, "contract_address": [], "self_reported_circulating_supply": NaN, "self_reported_tags": null, "self_reported_market_cap": NaN}, {"id": 21974, "name": "Metaverse Network BIT", "symbol": "BIT", "category": "token", "description": "BIT is the in-game utility token of Bit.Country. It is the fundamental material and energy source of Bit.Country. BIT can only be mined or burnt.  It cannot be purchased, only transferred. Users earn BIT through the Material Campaign.\n\nBIT is perpetual and settled on the blockchain, making it highly secure, similar to cold storage. It is used for future on-chain activities such as decentralized exchanges. Users should accumulate BIT on the blockchain and convert amounts into BIT(Spot) for daily transactions.\n\nUltility of BIT: \n* Minting NFTs.\n* Run metaverse events and campaigns. \n* Building, placing, and removing voxels.\n* Placing and removing 3D assets.\n* Placing and removing props. \n* Customization of Estate images.\n* Customization of Metaverse Settings.\n* Pulse page posts.\n* Other in-metaverse transactions\n", "slug": "metaverse-network-pioneer", "logo": "https://s2.coinmarketcap.com/static/img/coins/64x64/21974.png", "subreddit": "", "notice": "", "tags": null, "tag-names": null, "tag-groups": null, "urls": {"website": ["https://www.metaverse.network/", "https://www.bit.country/"], "twitter": ["https://twitter.com/BitDotCountry"], "message_board": [], "chat": ["https://discord.com/invite/PaMAXZZ59N"], "facebook": [], "explorer": [], "reddit": [], "technical_doc": [], "source_code": [], "announcement": []}, "platform": null, "date_added": "2022-09-28T05:41:19.000Z", "twitter_username": "BitDotCountry", "is_hidden": 0, "date_launched": "2022-09-12T00:00:00.000Z", "contract_address": [], "self_reported_circulating_supply": NaN, "self_reported_tags": null, "self_reported_market_cap": NaN}]