[{"id": 12255, "name": "BitOrbit", "symbol": "BITORB", "category": "token", "description": "BitOrbit (BITORB) is a cryptocurrency launched in 2021and operates on the BNB Smart Chain (BEP20) platform. BitOrbit has a current supply of 1,000,000,000 with 0 in circulation. The last known price of BitOrbit is 0.00422523 USD and is down -4.01 over the last 24 hours. It is currently trading on 15 active market(s) with $349.67 traded over the last 24 hours. More information can be found at https://bitorbit.com.", "slug": "bitorbit", "logo": "https://s2.coinmarketcap.com/static/img/coins/64x64/12255.png", "subreddit": "", "notice": "", "tags": ["bluezilla"], "tag-names": ["BlueZilla"], "tag-groups": ["CATEGORY"], "urls": {"website": ["https://bitorbit.com"], "twitter": ["https://twitter.com/bitorbit1"], "message_board": ["https://medium.com/@Bitorbit1"], "chat": ["https://t.me/bitorbitofficial"], "facebook": [], "explorer": ["https://bscscan.com/token/0xEd0c1C9c64Ff7C7cC37c3AF0dfcf5B02eFE0Bb5f"], "reddit": [], "technical_doc": [], "source_code": [], "announcement": ["https://t.me/BitOrbitAnnouncements"]}, "platform": {"id": "1839", "name": "BNB", "slug": "bnb", "symbol": "BNB", "token_address": "0xEd0c1C9c64Ff7C7cC37c3AF0dfcf5B02eFE0Bb5f"}, "date_added": "2021-10-02T05:49:34.000Z", "twitter_username": "bitorbit1", "is_hidden": 0, "date_launched": "2021-11-04T00:00:00.000Z", "contract_address": [{"contract_address": "0xEd0c1C9c64Ff7C7cC37c3AF0dfcf5B02eFE0Bb5f", "platform": {"name": "BNB Smart Chain (BEP20)", "coin": {"id": "1839", "name": "BNB", "symbol": "BNB", "slug": "bnb"}}}, {"contract_address": "0x09bce7716d46459df7473982fd27a96eabd6ee4d", "platform": {"name": "Velas", "coin": {"id": "4747", "name": "Velas", "symbol": "VLX", "slug": "velas"}}}], "self_reported_circulating_supply": 44000000, "self_reported_tags": null, "self_reported_market_cap": 186851.08997401092}]