[{"id": 22882, "name": "Black Token", "symbol": "BLACK", "category": "token", "description": "Black Token (BLACK) is a cryptocurrency launched in 2022and operates on the BNB Smart Chain (BEP20) platform. Black Token has a current supply of 1,000,000,000 with 0 in circulation. The last known price of Black Token is 0.0028187 USD and is up 57.70 over the last 24 hours. It is currently trading on 1 active market(s) with $399,492.27 traded over the last 24 hours. More information can be found at https://blackproject.tech.", "slug": "black-token", "logo": "https://s2.coinmarketcap.com/static/img/coins/64x64/22882.png", "subreddit": "", "notice": "", "tags": null, "tag-names": null, "tag-groups": null, "urls": {"website": ["https://blackproject.tech"], "twitter": ["https://twitter.com/BlackFinTechX"], "message_board": ["https://t.me/Blackwalletproject"], "chat": ["https://t.me/Blackproject_chat"], "facebook": [], "explorer": ["https://bscscan.com/token/0xa2F1a99a74d4cc072B810b1696239e4Dd76221C4"], "reddit": [], "technical_doc": ["https://black-fintech.gitbook.io/copy-of-white-paper-black-fintech-1/"], "source_code": [], "announcement": []}, "platform": {"id": "1839", "name": "BNB", "slug": "bnb", "symbol": "BNB", "token_address": "0xa2F1a99a74d4cc072B810b1696239e4Dd76221C4"}, "date_added": "2022-12-05T18:26:08.000Z", "twitter_username": "BlackFinTechX", "is_hidden": 0, "date_launched": "2022-12-04T00:00:00.000Z", "contract_address": [{"contract_address": "0xa2F1a99a74d4cc072B810b1696239e4Dd76221C4", "platform": {"name": "BNB Smart Chain (BEP20)", "coin": {"id": "1839", "name": "BNB", "symbol": "BNB", "slug": "bnb"}}}], "self_reported_circulating_supply": 1000000000.0, "self_reported_tags": null, "self_reported_market_cap": 2811035.1294331388}, {"id": 9450, "name": "BLACKHOLE PROTOCOL", "symbol": "BLACK", "category": "token", "description": "BLACKHOLE PROTOCOL (BLACK) is a cryptocurrency launched in 2021and operates on the Ethereum platform. BLACKHOLE PROTOCOL has a current supply of 0. The last known price of BLACKHOLE PROTOCOL is 0.00196252 USD and is up 4.97 over the last 24 hours. It is currently trading on 8 active market(s) with $16,257.70 traded over the last 24 hours. More information can be found at https://blackhole.black/#/.", "slug": "blackhole-protocol", "logo": "https://s2.coinmarketcap.com/static/img/coins/64x64/9450.png", "subreddit": "", "notice": "", "tags": ["bounce-launchpad"], "tag-names": ["Bounce Launchpad"], "tag-groups": ["CATEGORY"], "urls": {"website": ["https://blackhole.black/#/"], "twitter": ["https://twitter.com/BlackHoleBurn"], "message_board": ["https://blackholeprotocol.medium.com/"], "chat": ["https://t.me/BlackholeProtocolOfficial"], "facebook": [], "explorer": ["https://etherscan.io/token/0xd714d91A169127e11D8FAb3665d72E8b7ef9Dbe2", "https://hecoinfo.com/token/0xd714d91a169127e11d8fab3665d72e8b7ef9dbe2"], "reddit": [], "technical_doc": ["https://docsend.com/view/5sagkb87dt96mccm"], "source_code": [], "announcement": []}, "platform": {"id": "1027", "name": "Ethereum", "slug": "ethereum", "symbol": "ETH", "token_address": "0xd714d91A169127e11D8FAb3665d72E8b7ef9Dbe2"}, "date_added": "2021-04-26T00:00:00.000Z", "twitter_username": "BlackHoleBurn", "is_hidden": 0, "date_launched": "2021-04-27T00:00:00.000Z", "contract_address": [{"contract_address": "0xd714d91A169127e11D8FAb3665d72E8b7ef9Dbe2", "platform": {"name": "Ethereum", "coin": {"id": "1027", "name": "Ethereum", "symbol": "ETH", "slug": "ethereum"}}}, {"contract_address": "0xd714d91a169127e11d8fab3665d72e8b7ef9dbe2", "platform": {"name": "HECO", "coin": {"id": "2502", "name": "Huobi Token", "symbol": "HT", "slug": "huobi-token"}}}], "self_reported_circulating_supply": NaN, "self_reported_tags": null, "self_reported_market_cap": NaN}, {"id": 3253, "name": "eosBLACK", "symbol": "BLACK", "category": "token", "description": "eosBLACK (BLACK) is a cryptocurrency and operates on the EOS platform. eosBLACK has a current supply of 3,000,000,000 with 0 in circulation. The last known price of eosBLACK is 0.00003479 USD and is up 0.01 over the last 24 hours. More information can be found at https://eosblack.io/.", "slug": "eosblack", "logo": "https://s2.coinmarketcap.com/static/img/coins/64x64/3253.png", "subreddit": "", "notice": "", "tags": null, "tag-names": null, "tag-groups": null, "urls": {"website": ["https://eosblack.io/"], "twitter": ["https://twitter.com/EOSBLACK_IO"], "message_board": ["https://medium.com/@eosblack"], "chat": ["https://t.me/eosBLACK_English", "https://t.me/eosBLACK_Korea"], "facebook": [], "explorer": ["https://bloks.io/account/eosblackteam", "https://eospark.com/MainNet/account/eosblackteam", "https://www.eosx.io/account/eosblackteam?partner=coinmarketcap"], "reddit": [], "technical_doc": [], "source_code": [], "announcement": []}, "platform": {"id": "1765", "name": "EOS", "slug": "eos", "symbol": "EOS", "token_address": "eosblackteam"}, "date_added": "2018-09-06T00:00:00.000Z", "twitter_username": "EOSBLACK_IO", "is_hidden": 0, "date_launched": null, "contract_address": [{"contract_address": "eosblackteam", "platform": {"name": "EOS", "coin": {"id": "1765", "name": "EOS", "symbol": "EOS", "slug": "eos"}}}], "self_reported_circulating_supply": NaN, "self_reported_tags": null, "self_reported_market_cap": NaN}]