[{"id": 8695, "name": "BlockWallet", "symbol": "BLANK", "category": "token", "description": "BlockWallet (BLANK) is a cryptocurrency launched in 2021and operates on the Ethereum platform. BlockWallet has a current supply of 124,999,999.99998416 with 19,394,814 in circulation. The last known price of BlockWallet is 0.1136595 USD and is down -1.92 over the last 24 hours. It is currently trading on 23 active market(s) with $88,136.50 traded over the last 24 hours. More information can be found at https://www.blockwallet.io/.", "slug": "blank-wallet", "logo": "https://s2.coinmarketcap.com/static/img/coins/64x64/8695.png", "subreddit": "", "notice": "", "tags": ["privacy", "wallet", "polkastarter"], "tag-names": ["Privacy", "Wallet", "Polkastarter"], "tag-groups": ["CATEGORY", "CATEGORY", "CATEGORY"], "urls": {"website": ["https://www.blockwallet.io/"], "twitter": ["https://twitter.com/GetBlockWallet"], "message_board": ["https://blockwallet.medium.com/"], "chat": ["https://t.me/blockwallet"], "facebook": ["https://www.facebook.com/blockwallet"], "explorer": ["https://etherscan.io/token/0x41a3dba3d677e573636ba691a70ff2d606c29666", "https://polygonscan.com/token/0xf4c83080e80ae530d6f8180572cbbf1ac9d5d435"], "reddit": [], "technical_doc": [], "source_code": ["https://github.com/Block-Wallet"], "announcement": []}, "platform": {"id": "1027", "name": "Ethereum", "slug": "ethereum", "symbol": "ETH", "token_address": "0x41a3dba3d677e573636ba691a70ff2d606c29666"}, "date_added": "2021-03-04T00:00:00.000Z", "twitter_username": "GetBlockWallet", "is_hidden": 0, "date_launched": "2021-03-04T00:00:00.000Z", "contract_address": [{"contract_address": "0x41a3dba3d677e573636ba691a70ff2d606c29666", "platform": {"name": "Ethereum", "coin": {"id": "1027", "name": "Ethereum", "symbol": "ETH", "slug": "ethereum"}}}, {"contract_address": "0xf4c83080e80ae530d6f8180572cbbf1ac9d5d435", "platform": {"name": "Polygon", "coin": {"id": "3890", "name": "Polygon", "symbol": "MATIC", "slug": "polygon"}}}], "self_reported_circulating_supply": 39052251, "self_reported_tags": null, "self_reported_market_cap": 4437713.676142101}]