[{"id": 16337, "name": "Blanc", "symbol": "BLANC", "category": "token", "description": "Blanc (BLANC) is a cryptocurrency and operates on the Avalanche C-Chain platform. Blanc has a current supply of 0. The last known price of Blanc is 0.06628751 USD and is up 0.00 over the last 24 hours. More information can be found at https://ape.avalps.finance/.", "slug": "blanc", "logo": "https://s2.coinmarketcap.com/static/img/coins/64x64/16337.png", "subreddit": "", "notice": "", "tags": ["avalanche-ecosystem"], "tag-names": ["Avalanche Ecosystem"], "tag-groups": ["PLATFORM"], "urls": {"website": ["https://ape.avalps.finance/"], "twitter": ["https://twitter.com/AvalpsFinance"], "message_board": ["https://medium.com/@AVALPS"], "chat": ["https://discord.gg/AVALPS"], "facebook": [], "explorer": ["https://snowtrace.io/token/0xf481eec738c46f675e077ee966a680a19210af11"], "reddit": [], "technical_doc": [], "source_code": [], "announcement": []}, "platform": {"id": "5805", "name": "Avalanche", "slug": "avalanche", "symbol": "AVAX", "token_address": "0xf481eec738c46f675e077ee966a680a19210af11"}, "date_added": "2021-12-21T10:11:21.000Z", "twitter_username": "AvalpsFinance", "is_hidden": 0, "date_launched": null, "contract_address": [{"contract_address": "0xf481eec738c46f675e077ee966a680a19210af11", "platform": {"name": "Avalanche C-Chain", "coin": {"id": "5805", "name": "Avalanche", "symbol": "AVAX", "slug": "avalanche"}}}], "self_reported_circulating_supply": null, "self_reported_tags": null, "self_reported_market_cap": null}]