[{"id": 16697, "name": "Agoric", "symbol": "BLD", "category": "coin", "description": "Agoric (BLD) is a cryptocurrency launched in 2020. Agoric has a current supply of 1,006,745,147 with 0 in circulation. The last known price of Agoric is 0.42826369 USD and is down -7.59 over the last 24 hours. It is currently trading on 2 active market(s) with $625,557.08 traded over the last 24 hours. More information can be found at https://agoric.com/.", "slug": "agoric", "logo": "https://s2.coinmarketcap.com/static/img/coins/64x64/16697.png", "subreddit": "", "notice": "", "tags": ["spartan-group"], "tag-names": ["Spartan Group"], "tag-groups": ["CATEGORY"], "urls": {"website": ["https://agoric.com/"], "twitter": ["https://twitter.com/agoric"], "message_board": [], "chat": ["https://t.me/agoricsystems"], "facebook": [], "explorer": ["https://bigdipper.live/agoric", "https://agoric.explorers.guru/", "https://ping.pub/agoric"], "reddit": [], "technical_doc": ["https://agoric.com/wp-content/uploads/2022/08/Agoric-White-Paper-v1.1.pdf"], "source_code": ["https://github.com/agoric/agoric-sdk"], "announcement": ["https://discord.com/invite/qDW8DRes4s"]}, "platform": {"id": "3794", "name": "Cosmos", "slug": "cosmos", "symbol": "ATOM", "token_address": "agoric1"}, "date_added": "2021-12-30T19:55:49.000Z", "twitter_username": "agoric", "is_hidden": 0, "date_launched": "2020-12-25T00:00:00.000Z", "contract_address": [{"contract_address": "agoric1", "platform": {"name": "Cosmos", "coin": {"id": "3794", "name": "Cosmos", "symbol": "ATOM", "slug": "cosmos"}}}], "self_reported_circulating_supply": 272522041.526186, "self_reported_tags": ["PoS", "Platform", "DeFi", "Smart Contracts", "Cosmos", "Web3"], "self_reported_market_cap": 116711293.90178308}]