[{"id": 11966, "name": "Blizzard Network", "symbol": "BLIZZ", "category": "token", "description": "Blizzard Network (BLIZZ) is a cryptocurrency and operates on the Avalanche C-Chain platform. Blizzard Network has a current supply of 600,000 with 540,000 in circulation. The last known price of Blizzard Network is 0.00065535 USD and is down -4.19 over the last 24 hours. It is currently trading on 1 active market(s) with $0.00 traded over the last 24 hours. More information can be found at https://blizzard.network/.", "slug": "blizzard-network", "logo": "https://s2.coinmarketcap.com/static/img/coins/64x64/11966.png", "subreddit": "", "notice": "Contract has migrated to 0xa2776a53da0bf664ea34b8efa1c8ab4241a10968. Read more at: https://twitter.com/BlizzardAVAX/status/1463585781956718595", "tags": ["avalanche-ecosystem"], "tag-names": ["Avalanche Ecosystem"], "tag-groups": ["PLATFORM"], "urls": {"website": ["https://blizzard.network/"], "twitter": ["https://twitter.com/BlizzardAVAX"], "message_board": [], "chat": ["https://t.me/BlizzardYield"], "facebook": [], "explorer": ["https://avascan.info/blockchain/c/token/0xa2776a53da0bf664ea34b8efa1c8ab4241a10968"], "reddit": [], "technical_doc": ["https://blizzard.network/blizzard_litepaper.pdf"], "source_code": [], "announcement": []}, "platform": {"id": "5805", "name": "Avalanche", "slug": "avalanche", "symbol": "AVAX", "token_address": "0xa2776a53da0bf664ea34b8efa1c8ab4241a10968"}, "date_added": "2021-09-19T04:45:24.000Z", "twitter_username": "BlizzardAVAX", "is_hidden": 0, "date_launched": null, "contract_address": [{"contract_address": "0xa2776a53da0bf664ea34b8efa1c8ab4241a10968", "platform": {"name": "Avalanche C-Chain", "coin": {"id": "5805", "name": "Avalanche", "symbol": "AVAX", "slug": "avalanche"}}}], "self_reported_circulating_supply": 540000, "self_reported_tags": null, "self_reported_market_cap": 353.1903539103923}]