[{"id": 11206, "name": "Bloktopia", "symbol": "BLOK", "category": "token", "description": "Bloktopia (BLOK) is a cryptocurrency launched in 2021and operates on the BNB Smart Chain (BEP20) platform. Bloktopia has a current supply of 200,000,000,000 with 17,536,640,676 in circulation. The last known price of Bloktopia is 0.00184242 USD and is down -2.53 over the last 24 hours. It is currently trading on 42 active market(s) with $552,853.44 traded over the last 24 hours. More information can be found at https://www.bloktopia.com/.", "slug": "bloktopia", "logo": "https://s2.coinmarketcap.com/static/img/coins/64x64/11206.png", "subreddit": "", "notice": "", "tags": ["metaverse", "polkafoundry-red-kite", "bullperks-launchpad", "animoca-brands-portfolio", "oxbull"], "tag-names": ["Metaverse", "PolkaFoundry Red Kite", "BullPerks Launchpad", "Animoca Brands Portfolio", "Oxbull"], "tag-groups": ["CATEGORY", "CATEGORY", "CATEGORY", "CATEGORY", "CATEGORY"], "urls": {"website": ["https://www.bloktopia.com/"], "twitter": ["https://twitter.com/bloktopia"], "message_board": [], "chat": ["https://t.me/Bloktopia", "https://t.me/Bloktopia"], "facebook": [], "explorer": ["https://polygonscan.com/token/0x229b1b6c23ff8953d663c4cbb519717e323a0a84", "https://bscscan.com/token/0xA0d96fD642156FC7E964949642257b3572f10cD6"], "reddit": [], "technical_doc": ["https://www.bloktopia.com/wp-content/uploads/2021/10/Bloktopia-Lightpaper-.pdf"], "source_code": [], "announcement": []}, "platform": {"id": "1839", "name": "BNB", "slug": "bnb", "symbol": "BNB", "token_address": "0xA0d96fD642156FC7E964949642257b3572f10cD6"}, "date_added": "2021-08-09T00:00:00.000Z", "twitter_username": "bloktopia", "is_hidden": 0, "date_launched": "2021-10-05T00:00:00.000Z", "contract_address": [{"contract_address": "0xA0d96fD642156FC7E964949642257b3572f10cD6", "platform": {"name": "BNB Smart Chain (BEP20)", "coin": {"id": "1839", "name": "BNB", "symbol": "BNB", "slug": "bnb"}}}, {"contract_address": "0x229b1b6c23ff8953d663c4cbb519717e323a0a84", "platform": {"name": "Polygon", "coin": {"id": "3890", "name": "Polygon", "symbol": "MATIC", "slug": "polygon"}}}], "self_reported_circulating_supply": 13052608383, "self_reported_tags": ["Metaverse"], "self_reported_market_cap": 24050278.37209027}]