[{"id": 10326, "name": "BullPerks", "symbol": "BLP", "category": "token", "description": "BullPerks (BLP) is a cryptocurrency launched in 2021and operates on the BNB Smart Chain (BEP20) platform. BullPerks has a current supply of 295,932,540 with 82,019,284.85 in circulation. The last known price of BullPerks is 0.02456149 USD and is down -5.99 over the last 24 hours. It is currently trading on 8 active market(s) with $198,514.96 traded over the last 24 hours. More information can be found at https://bullperks.com/.", "slug": "bullperks", "logo": "https://s2.coinmarketcap.com/static/img/coins/64x64/10326.png", "subreddit": "", "notice": "According to the Bullperks team, the asset was listed without their permission on Latoken.", "tags": ["launchpad", "bullperks-launchpad", "bnb-chain"], "tag-names": ["Launchpad", "BullPerks Launchpad", "BNB Chain"], "tag-groups": ["CATEGORY", "CATEGORY", "PLATFORM"], "urls": {"website": ["https://bullperks.com/"], "twitter": ["https://twitter.com/bullperks"], "message_board": ["https://medium.com/bull-perks"], "chat": ["https://t.me/BullPerks_Official", "https://t.me/BullPerksAnnouncements"], "facebook": [], "explorer": ["https://bscscan.com/token/0xfe1d7f7a8f0bda6e415593a2e4f82c64b446d404"], "reddit": [], "technical_doc": ["https://bullperks.com/wp-content/uploads/2021/07/BullPerks-Whitepaper.pdf"], "source_code": [], "announcement": []}, "platform": {"id": "1839", "name": "BNB", "slug": "bnb", "symbol": "BNB", "token_address": "0xfe1d7f7a8f0bda6e415593a2e4f82c64b446d404"}, "date_added": "2021-06-08T00:00:00.000Z", "twitter_username": "bullperks", "is_hidden": 0, "date_launched": "2021-06-15T00:00:00.000Z", "contract_address": [{"contract_address": "0xfe1d7f7a8f0bda6e415593a2e4f82c64b446d404", "platform": {"name": "BNB Smart Chain (BEP20)", "coin": {"id": "1839", "name": "BNB", "symbol": "BNB", "slug": "bnb"}}}], "self_reported_circulating_supply": NaN, "self_reported_tags": null, "self_reported_market_cap": NaN}, {"id": 18974, "name": "Boost Love Potion", "symbol": "BLP", "category": "token", "description": "Boost Love Potion (BLP) is a cryptocurrency launched in 2021and operates on the BNB Smart Chain (BEP20) platform. Boost Love Potion has a current supply of 45,000,000 with 0 in circulation. The last known price of Boost Love Potion is 0.0006766 USD and is up 0.00 over the last 24 hours. More information can be found at https://www.brixelwar.com.", "slug": "boost-love-potion", "logo": "https://s2.coinmarketcap.com/static/img/coins/64x64/18974.png", "subreddit": "BrixelWar", "notice": "The smart contract for following token contains variable tax rate function - this open the opportunity for contract owners to modify contract behaviour (ie. change fees, or transfer tokens). Please exercise with extra caution if you are investing in this token.", "tags": null, "tag-names": null, "tag-groups": null, "urls": {"website": ["https://www.brixelwar.com"], "twitter": ["https://twitter.com/BrixelWar"], "message_board": [], "chat": ["https://discord.com/invite/U9rSvwdVEv", "https://t.me/BrixelWar"], "facebook": [], "explorer": ["https://bscscan.com/address/0x0cdb96dd08d5c21fb5d679f5631e7bda60b118c3"], "reddit": ["https://reddit.com/r/BrixelWar"], "technical_doc": ["https://whitepaper.brixelwar.com/"], "source_code": [], "announcement": []}, "platform": {"id": "1839", "name": "BNB", "slug": "bnb", "symbol": "BNB", "token_address": "0x0cdb96dd08d5c21fb5d679f5631e7bda60b118c3"}, "date_added": "2022-03-22T03:40:45.000Z", "twitter_username": "BrixelWar", "is_hidden": 0, "date_launched": "2021-12-14T00:00:00.000Z", "contract_address": [{"contract_address": "0x0cdb96dd08d5c21fb5d679f5631e7bda60b118c3", "platform": {"name": "BNB Smart Chain (BEP20)", "coin": {"id": "1839", "name": "BNB", "symbol": "BNB", "slug": "bnb"}}}], "self_reported_circulating_supply": 42000000.0, "self_reported_tags": null, "self_reported_market_cap": 28417.36165642903}]