[{"id": 2340, "name": "Bloom", "symbol": "BLT", "category": "token", "description": "Bloom (BLT) is a cryptocurrency and operates on the Ethereum platform. Bloom has a current supply of 150,000,000 with 56,642,696.5152388 in circulation. The last known price of Bloom is 0.0290912 USD and is down -0.41 over the last 24 hours. It is currently trading on 4 active market(s) with $0.00 traded over the last 24 hours. More information can be found at https://hellobloom.io/.", "slug": "bloomtoken", "logo": "https://s2.coinmarketcap.com/static/img/coins/64x64/2340.png", "subreddit": "BloomToken", "notice": "", "tags": ["platform", "identity", "fabric-ventures-portfolio", "pantera-capital-portfolio", "web3"], "tag-names": ["Platform", "Identity", "Fabric Ventures Portfolio", "Pantera Capital Portfolio", "Web3"], "tag-groups": ["CATEGORY", "INDUSTRY", "CATEGORY", "CATEGORY", "INDUSTRY"], "urls": {"website": ["https://hellobloom.io/"], "twitter": ["https://twitter.com/bloom"], "message_board": [], "chat": ["https://t.me/joinchat/FFWDdQ1hxqIg3jLe7zBVFQ"], "facebook": [], "explorer": ["https://etherscan.io/token/0x107c4504cd79c5d2696ea0030a8dd4e92601b82e", "https://ethplorer.io/address/0x107c4504cd79c5d2696ea0030a8dd4e92601b82e"], "reddit": ["https://reddit.com/r/BloomToken"], "technical_doc": ["https://bloom.co/whitepaper.pdf"], "source_code": ["https://github.com/hellobloom/core"], "announcement": []}, "platform": {"id": "1027", "name": "Ethereum", "slug": "ethereum", "symbol": "ETH", "token_address": "0x107c4504cd79c5d2696ea0030a8dd4e92601b82e"}, "date_added": "2018-01-04T00:00:00.000Z", "twitter_username": "bloom", "is_hidden": 0, "date_launched": null, "contract_address": [{"contract_address": "0x107c4504cd79c5d2696ea0030a8dd4e92601b82e", "platform": {"name": "Ethereum", "coin": {"id": "1027", "name": "Ethereum", "symbol": "ETH", "slug": "ethereum"}}}], "self_reported_circulating_supply": NaN, "self_reported_tags": null, "self_reported_market_cap": NaN}, {"id": 12182, "name": "Blocto Token", "symbol": "BLT", "category": "token", "description": "Blocto Token (BLT) is a cryptocurrency launched in 2021and operates on the BNB Smart Chain (BEP20) platform. Blocto Token has a current supply of 50,000,002 with 0 in circulation. The last known price of Blocto Token is 0.02699407 USD and is up 2.72 over the last 24 hours. It is currently trading on 10 active market(s) with $24,102.01 traded over the last 24 hours. More information can be found at https://blocto.portto.com/.", "slug": "blocto", "logo": "https://s2.coinmarketcap.com/static/img/coins/64x64/12182.png", "subreddit": "", "notice": "", "tags": ["collectibles-nfts", "animoca-brands-portfolio"], "tag-names": ["Collectibles & NFTs", "Animoca Brands Portfolio"], "tag-groups": ["CATEGORY", "CATEGORY"], "urls": {"website": ["https://blocto.portto.com/", "https://token.blocto.app/"], "twitter": ["https://twitter.com/BloctoApp"], "message_board": ["https://medium.com/portto"], "chat": ["https://t.me/blocto"], "facebook": [], "explorer": ["https://solscan.io/token/BLT1noyNr3GttckEVrtcfC6oyK6yV1DpPgSyXbncMwef", "https://flowscan.org/contract/A.0f9df91c9121c460.BloctoToken", "https://bscscan.com/token/0x02Bdf640fba368E7Ba5c6429cCaF251512273865"], "reddit": [], "technical_doc": ["https://drive.google.com/file/d/1C4TKAEzCcJ6uyiA8QBTCx78xE9szdnFU/view"], "source_code": ["https://github.com/portto"], "announcement": []}, "platform": {"id": "1839", "name": "BNB", "slug": "bnb", "symbol": "BNB", "token_address": "0x02Bdf640fba368E7Ba5c6429cCaF251512273865"}, "date_added": "2021-09-28T09:26:27.000Z", "twitter_username": "BloctoApp", "is_hidden": 0, "date_launched": "2021-07-22T00:00:00.000Z", "contract_address": [{"contract_address": "0x02Bdf640fba368E7Ba5c6429cCaF251512273865", "platform": {"name": "BNB Smart Chain (BEP20)", "coin": {"id": "1839", "name": "BNB", "symbol": "BNB", "slug": "bnb"}}}, {"contract_address": "BLT1noyNr3GttckEVrtcfC6oyK6yV1DpPgSyXbncMwef", "platform": {"name": "Solana", "coin": {"id": "5426", "name": "Solana", "symbol": "SOL", "slug": "solana"}}}], "self_reported_circulating_supply": 25000000.0, "self_reported_tags": ["Collectibles & NFTs", "DeFi", "Wallet"], "self_reported_market_cap": 675488.464090093}, {"id": 20977, "name": "Bullet App", "symbol": "BLT", "category": "token", "description": "Bullet App (BLT) is a cryptocurrency launched in 2022and operates on the BNB Smart Chain (BEP20) platform. Bullet App has a current supply of 1,000,000,000 with 0 in circulation. The last known price of Bullet App is 0.00030948 USD and is up 3.08 over the last 24 hours. It is currently trading on 1 active market(s) with $411.14 traded over the last 24 hours. More information can be found at https://tradersclub.app/.", "slug": "bullet-app", "logo": "https://s2.coinmarketcap.com/static/img/coins/64x64/20977.png", "subreddit": "tradersclubbullet", "notice": "Smart contract of the following asset can be modified by the contract creator (for example: disable selling, change fees, mint new tokens, or transfer tokens). Please exercise caution before taking any action and DYOR", "tags": null, "tag-names": null, "tag-groups": null, "urls": {"website": ["https://tradersclub.app/"], "twitter": ["https://twitter.com/TradersClub13"], "message_board": ["https://tradersclubbullet.medium.com/"], "chat": ["https://t.me/BulletTokenLaunch"], "facebook": [], "explorer": ["https://bscscan.com/address/0x13c944ef30a2b9b1e4d5cfcec65411278b7b7524"], "reddit": ["https://reddit.com/r/tradersclubbullet"], "technical_doc": ["https://tradersclub.app/whitepaper.pdf"], "source_code": ["https://github.com/TradersClubB"], "announcement": []}, "platform": {"id": "1839", "name": "BNB", "slug": "bnb", "symbol": "BNB", "token_address": "0x13c944ef30a2b9b1e4d5cfcec65411278b7b7524"}, "date_added": "2022-07-13T17:28:49.000Z", "twitter_username": "TradersClub13", "is_hidden": 0, "date_launched": "2022-06-07T00:00:00.000Z", "contract_address": [{"contract_address": "0x13c944ef30a2b9b1e4d5cfcec65411278b7b7524", "platform": {"name": "BNB Smart Chain (BEP20)", "coin": {"id": "1839", "name": "BNB", "symbol": "BNB", "slug": "bnb"}}}], "self_reported_circulating_supply": 800000000.0, "self_reported_tags": null, "self_reported_market_cap": 247961.0762882156}, {"id": 18669, "name": "BLASTER TOKEN", "symbol": "BLT", "category": "token", "description": "BLASTER TOKEN (BLT) is a cryptocurrency launched in 2022and operates on the BNB Smart Chain (BEP20) platform. BLASTER TOKEN has a current supply of 100,000,000 with 0 in circulation. The last known price of BLASTER TOKEN is 0.00006925 USD and is down -9.79 over the last 24 hours. It is currently trading on 1 active market(s) with $271.97 traded over the last 24 hours. More information can be found at https://blaster.digital/.", "slug": "blaster-token", "logo": "https://s2.coinmarketcap.com/static/img/coins/64x64/18669.png", "subreddit": "", "notice": "", "tags": null, "tag-names": null, "tag-groups": null, "urls": {"website": ["https://blaster.digital/"], "twitter": ["https://twitter.com/blastertoken"], "message_board": [], "chat": ["https://t.me/blasterlaunchpad", "https://t.me/blastercointurk, https://t.me/blasterchina"], "facebook": [], "explorer": ["https://bscscan.com/address/0x316b15d571977c0a120730e5df0efb9681176052", "https://bscscan.com/address/0x316b15d571977c0a120730e5df0efb9681176052"], "reddit": [], "technical_doc": [], "source_code": ["https://github.com/BLTToken/BlasterToken/blob/main/BlasterToken.sol"], "announcement": []}, "platform": {"id": "1839", "name": "BNB", "slug": "bnb", "symbol": "BNB", "token_address": "0x316b15d571977c0a120730e5df0efb9681176052"}, "date_added": "2022-03-09T10:30:40.000Z", "twitter_username": "blastertoken", "is_hidden": 0, "date_launched": "2022-03-03T00:00:00.000Z", "contract_address": [{"contract_address": "0x316b15d571977c0a120730e5df0efb9681176052", "platform": {"name": "BNB Smart Chain (BEP20)", "coin": {"id": "1839", "name": "BNB", "symbol": "BNB", "slug": "bnb"}}}], "self_reported_circulating_supply": NaN, "self_reported_tags": ["Marketing", "Mobile", "Wallet", "BNB Smart Chain"], "self_reported_market_cap": NaN}, {"id": 2463, "name": "Bitcoin Lightning", "symbol": "BLT", "category": "coin", "description": "Bitcoin Lightning (BLT) is a cryptocurrency . Users are able to generate BLT through the process of mining. Bitcoin Lightning has a current supply of 0. The last known price of Bitcoin Lightning is 3.05351591 USD and is up 0.00 over the last 24 hours. More information can be found at http://www.bitcoinlightning.co.uk/.", "slug": "bitcoin-lightning", "logo": "https://s2.coinmarketcap.com/static/img/coins/64x64/2463.png", "subreddit": "", "notice": "", "tags": ["mineable"], "tag-names": ["Mineable"], "tag-groups": ["OTHERS"], "urls": {"website": ["http://www.bitcoinlightning.co.uk/"], "twitter": ["https://twitter.com/bitcoinLT"], "message_board": [], "chat": ["https://discord.gg/YXkHcY4"], "facebook": [], "explorer": ["http://165.227.219.245:3001"], "reddit": [], "technical_doc": [], "source_code": ["https://github.com/Bitcoinlightning/Bitcoin-Lightning"], "announcement": ["https://bitcointalk.org/index.php?topic=2695744.0"]}, "platform": null, "date_added": "2018-01-24T00:00:00.000Z", "twitter_username": "bitcoinLT", "is_hidden": 0, "date_launched": null, "contract_address": [], "self_reported_circulating_supply": NaN, "self_reported_tags": null, "self_reported_market_cap": NaN}, {"id": 5708, "name": "Billetcoin", "symbol": "BLT", "category": "coin", "description": "Billetcoin describes itself as a global decentralized network to initiate and preserve real estate assets transactions cryptographically on the blockchain.", "slug": "billetcoin", "logo": "https://s2.coinmarketcap.com/static/img/coins/64x64/5708.png", "subreddit": "", "notice": "", "tags": null, "tag-names": null, "tag-groups": null, "urls": {"website": ["https://www.coinbillet.com/"], "twitter": ["https://twitter.com/billetcoin"], "message_board": [], "chat": ["https://discord.gg/cBkpn29", "https://t.me/billetcoin"], "facebook": [], "explorer": ["https://blt.cryptoscope.cc/"], "reddit": [], "technical_doc": [], "source_code": ["https://github.com/billetcoin/blt"], "announcement": ["https://bitcointalk.org/index.php?topic=5254579"]}, "platform": null, "date_added": "2020-06-18T00:00:00.000Z", "twitter_username": "billetcoin", "is_hidden": 0, "date_launched": "2020-06-08T00:00:00.000Z", "contract_address": [], "self_reported_circulating_supply": NaN, "self_reported_tags": null, "self_reported_market_cap": NaN}]