[{"id": 2505, "name": "Bluzelle", "symbol": "BLZ", "category": "token", "description": "Bluzelle (BLZ) is a cryptocurrency and operates on the Ethereum platform. Bluzelle has a current supply of 500,000,000 with 340,999,973.8365144 in circulation. The last known price of Bluzelle is 0.04974073 USD and is down -4.70 over the last 24 hours. It is currently trading on 68 active market(s) with $4,460,167.50 traded over the last 24 hours. More information can be found at https://bluzelle.com/.", "slug": "bluzelle", "logo": "https://s2.coinmarketcap.com/static/img/coins/64x64/2505.png", "subreddit": "Bluzelle", "notice": "", "tags": ["platform", "cosmos-ecosystem", "distributed-computing", "filesharing", "smart-contracts", "storage", "polkadot-ecosystem", "kenetic-capital-portfolio", "injective-ecosystem"], "tag-names": ["Platform", "Cosmos Ecosystem", "Distributed Computing", "Filesharing", "Smart Contracts", "Storage", "Polkadot Ecosystem", "Kenetic Capital Portfolio", "Injective Ecosystem"], "tag-groups": ["CATEGORY", "INDUSTRY", "INDUSTRY", "INDUSTRY", "CATEGORY", "CATEGORY", "PLATFORM", "CATEGORY", "PLATFORM"], "urls": {"website": ["https://bluzelle.com/"], "twitter": ["https://twitter.com/bluzellehq"], "message_board": [], "chat": ["https://t.me/bluzelle"], "facebook": [], "explorer": ["https://etherscan.io/token/0x5732046a883704404f284ce41ffadd5b007fd668", "https://bscscan.com/token/0x935a544bf5816e3a7c13db2efe3009ffda0acda2"], "reddit": ["https://reddit.com/r/Bluzelle"], "technical_doc": ["https://bluzelle.com/wp-content/uploads/2017/10/bluzelle-whitepaper-english1-4.pdf"], "source_code": [], "announcement": []}, "platform": {"id": "1027", "name": "Ethereum", "slug": "ethereum", "symbol": "ETH", "token_address": "0x5732046a883704404f284ce41ffadd5b007fd668"}, "date_added": "2018-02-06T00:00:00.000Z", "twitter_username": "bluzellehq", "is_hidden": 0, "date_launched": null, "contract_address": [{"contract_address": "0x5732046a883704404f284ce41ffadd5b007fd668", "platform": {"name": "Ethereum", "coin": {"id": "1027", "name": "Ethereum", "symbol": "ETH", "slug": "ethereum"}}}, {"contract_address": "0x935a544bf5816e3a7c13db2efe3009ffda0acda2", "platform": {"name": "BNB Smart Chain (BEP20)", "coin": {"id": "1839", "name": "BNB", "symbol": "BNB", "slug": "bnb"}}}], "self_reported_circulating_supply": null, "self_reported_tags": null, "self_reported_market_cap": null}, {"id": 415, "name": "BlazeCoin", "symbol": "BLZ", "category": "coin", "description": "BlazeCoin (BLZ) is a cryptocurrency . Users are able to generate BLZ through the process of mining. BlazeCoin has a current supply of 608,557,393.5. The last known price of BlazeCoin is 0.00007813 USD and is up 0.00 over the last 24 hours. More information can be found at http://blazeco.in/.", "slug": "blazecoin", "logo": "https://s2.coinmarketcap.com/static/img/coins/64x64/415.png", "subreddit": "blazecoin", "notice": "", "tags": ["mineable"], "tag-names": ["Mineable"], "tag-groups": ["OTHERS"], "urls": {"website": ["http://blazeco.in/"], "twitter": ["https://twitter.com/blazecoin"], "message_board": [], "chat": [], "facebook": [], "explorer": ["https://prohashing.com/explorer/Blazecoin/"], "reddit": ["https://reddit.com/r/blazecoin"], "technical_doc": ["http://blazeco.in/#about"], "source_code": ["https://github.com/wpstudio/blazecoin"], "announcement": ["https://bitcointalk.org/index.php?topic=624778.0"]}, "platform": null, "date_added": "2014-06-28T00:00:00.000Z", "twitter_username": "blazecoin", "is_hidden": 0, "date_launched": null, "contract_address": [], "self_reported_circulating_supply": null, "self_reported_tags": null, "self_reported_market_cap": null}]