[{"id": 8364, "name": "Bridge Mutual", "symbol": "BMI", "category": "token", "description": "Bridge Mutual (BMI) is a cryptocurrency and operates on the Ethereum platform. Bridge Mutual has a current supply of 160,000,000 with 64,697,071.16816 in circulation. The last known price of Bridge Mutual is 0.0123253 USD and is up 1.27 over the last 24 hours. It is currently trading on 20 active market(s) with $42,923.25 traded over the last 24 hours. More information can be found at https://bridgemutual.io.", "slug": "bridge-mutual", "logo": "https://s2.coinmarketcap.com/static/img/coins/64x64/8364.png", "subreddit": "", "notice": "", "tags": ["insurance", "polkadot-ecosystem", "polkastarter", "exnetwork-capital-portfolio"], "tag-names": ["Insurance", "Polkadot Ecosystem", "Polkastarter", "Exnetwork Capital Portfolio"], "tag-groups": ["INDUSTRY", "PLATFORM", "CATEGORY", "CATEGORY"], "urls": {"website": ["https://bridgemutual.io"], "twitter": ["https://twitter.com/Bridge_Mutual"], "message_board": ["https://bridgemutual.medium.com/"], "chat": ["https://t.me/bridge_mutual"], "facebook": [], "explorer": ["https://etherscan.io/token/0x725c263e32c72ddc3a19bea12c5a0479a81ee688", "https://ethplorer.io/address/0x725c263e32c72ddc3a19bea12c5a0479a81ee688"], "reddit": [], "technical_doc": [], "source_code": [], "announcement": []}, "platform": {"id": "1027", "name": "Ethereum", "slug": "ethereum", "symbol": "ETH", "token_address": "0x725c263e32c72ddc3a19bea12c5a0479a81ee688"}, "date_added": "2021-01-31T00:00:00.000Z", "twitter_username": "Bridge_Mutual", "is_hidden": 0, "date_launched": null, "contract_address": [{"contract_address": "0x725c263e32c72ddc3a19bea12c5a0479a81ee688", "platform": {"name": "Ethereum", "coin": {"id": "1027", "name": "Ethereum", "symbol": "ETH", "slug": "ethereum"}}}], "self_reported_circulating_supply": null, "self_reported_tags": null, "self_reported_market_cap": null}]