[{"id": 10704, "name": "Binamon", "symbol": "BMON", "category": "token", "description": "Binamon (BMON) is a cryptocurrency launched in 2021and operates on the BNB Smart Chain (BEP20) platform. Binamon has a current supply of 231,713,307 with 115,453,949 in circulation. The last known price of Binamon is 0.00712561 USD and is up 0.59 over the last 24 hours. It is currently trading on 25 active market(s) with $211,177.69 traded over the last 24 hours. More information can be found at https://binamon.org/.", "slug": "binamon", "logo": "https://s2.coinmarketcap.com/static/img/coins/64x64/10704.png", "subreddit": "", "notice": "", "tags": ["collectibles-nfts", "gaming", "play-to-earn", "mvb", "bnb-chain"], "tag-names": ["Collectibles & NFTs", "Gaming", "Play To Earn", "MVB", "BNB Chain"], "tag-groups": ["CATEGORY", "INDUSTRY", "CATEGORY", "CATEGORY", "PLATFORM"], "urls": {"website": ["https://binamon.org/", "https://nft.binamon.org/"], "twitter": ["https://twitter.com/binamonok"], "message_board": [], "chat": ["https://t.me/binamon", "Chinese: https://t.me/binamonCN\r\nSpanish: https://t.me/binamonSP"], "facebook": [], "explorer": ["https://bscscan.com/token/0x08ba0619b1e7A582E0BCe5BBE9843322C954C340"], "reddit": [], "technical_doc": ["https://docs.binamon.org/"], "source_code": [], "announcement": []}, "platform": {"id": "1839", "name": "BNB", "slug": "bnb", "symbol": "BNB", "token_address": "0x08ba0619b1e7a582e0bce5bbe9843322c954c340"}, "date_added": "2021-06-29T00:00:00.000Z", "twitter_username": "binamonok", "is_hidden": 0, "date_launched": "2021-06-13T00:00:00.000Z", "contract_address": [{"contract_address": "0x08ba0619b1e7a582e0bce5bbe9843322c954c340", "platform": {"name": "BNB Smart Chain (BEP20)", "coin": {"id": "1839", "name": "BNB", "symbol": "BNB", "slug": "bnb"}}}], "self_reported_circulating_supply": 116111015, "self_reported_tags": null, "self_reported_market_cap": 828580.0459784712}]