[{"id": 1839, "name": "BNB", "symbol": "BNB", "category": "coin", "description": "BNB (BNB) is a cryptocurrency . BNB has a current supply of 159,979,963.59042934 with 159,964,974.67996016 in circulation. The last known price of BNB is 243.84008158 USD and is down -0.93 over the last 24 hours. It is currently trading on 1163 active market(s) with $341,062,983.75 traded over the last 24 hours. More information can be found at https://bnbchain.org/en.", "slug": "bnb", "logo": "https://s2.coinmarketcap.com/static/img/coins/64x64/1839.png", "subreddit": "bnbchainofficial", "notice": "", "tags": ["marketplace", "centralized-exchange", "payments", "smart-contracts", "alameda-research-portfolio", "multicoin-capital-portfolio", "bnb-chain"], "tag-names": ["Marketplace", "Centralized Exchange (CEX) Token", "Payments", "Smart Contracts", "Alameda Research Portfolio", "Multicoin Capital Portfolio", "BNB Chain"], "tag-groups": ["INDUSTRY", "CATEGORY", "INDUSTRY", "CATEGORY", "CATEGORY", "CATEGORY", "PLATFORM"], "urls": {"website": ["https://bnbchain.org/en"], "twitter": ["https://twitter.com/bnbchain"], "message_board": [], "chat": ["https://t.me/BNBchaincommunity", "https://t.me/bnbchain"], "facebook": [], "explorer": ["https://explorer.binance.org/", "https://etherscan.io/token/0xB8c77482e45F1F44dE1745F52C74426C631bDD52", "https://bscscan.com/token/0xbb4CdB9CBd36B01bD1cBaEBF2De08d9173bc095c", "https://blockchair.com/ethereum/erc-20/token/0xb8c77482e45f1f44de1745f52c74426c631bdd52"], "reddit": ["https://reddit.com/r/bnbchainofficial"], "technical_doc": [], "source_code": ["https://github.com/bnb-chain"], "announcement": []}, "platform": null, "date_added": "2017-07-25T00:00:00.000Z", "twitter_username": "bnbchain", "is_hidden": 0, "date_launched": null, "contract_address": [{"contract_address": "0xb8c77482e45f1f44de1745f52c74426c631bdd52", "platform": {"name": "Ethereum", "coin": {"id": "1027", "name": "Ethereum", "symbol": "ETH", "slug": "ethereum"}}}], "self_reported_circulating_supply": null, "self_reported_tags": null, "self_reported_market_cap": null}]