[{"id": 8705, "name": "Bifrost", "symbol": "BNC", "category": "token", "description": "Bifrost (BNC) is a cryptocurrency launched in 2021. Bifrost has a current supply of 80,000,000 with 20,382,189 in circulation. The last known price of Bifrost is 0.10027649 USD and is down -1.47 over the last 24 hours. It is currently trading on 7 active market(s) with $74,267.07 traded over the last 24 hours. More information can be found at https://bifrost.finance.", "slug": "bifrost-bnc", "logo": "https://s2.coinmarketcap.com/static/img/coins/64x64/8705.png", "subreddit": "bifrostfinance", "notice": "", "tags": ["defi", "derivatives", "substrate", "polkadot", "yield-farming", "polkadot-ecosystem", "lending-borowing"], "tag-names": ["DeFi", "Derivatives", "Substrate", "Polkadot", "Yield Farming", "Polkadot Ecosystem", "Lending & Borrowing"], "tag-groups": ["CATEGORY", "CATEGORY", "CATEGORY", "PLATFORM", "CATEGORY", "PLATFORM", "CATEGORY"], "urls": {"website": ["https://bifrost.finance"], "twitter": ["https://twitter.com/bifrost_finance"], "message_board": ["https://app.subsocial.network/@Bifrost"], "chat": ["https://discord.gg/bifrost-finance", "https://t.me/bifrost_finance"], "facebook": [], "explorer": ["https://bifrost.subscan.io/", "https://dash.bifrost.finance/#/explorer"], "reddit": ["https://reddit.com/r/bifrostfinance"], "technical_doc": ["https://wiki.bifrost.finance/#white-paper"], "source_code": ["https://github.com/bifrost-finance/bifrost"], "announcement": ["https://medium.com/bifrost-finance"]}, "platform": null, "date_added": "2021-03-06T00:00:00.000Z", "twitter_username": "bifrost_finance", "is_hidden": 0, "date_launched": "2021-10-21T00:00:00.000Z", "contract_address": [], "self_reported_circulating_supply": 20382189.0, "self_reported_tags": ["DPoS", "Derivatives", "Discount Token", "Sharding", "Smart Contracts", "Staking", "Substrate", "Polkadot Ecosystem", "Governance", "Lending & Borrowing", "ETH 2.0 Staking", "CMS Holdings Portfolio", "Web3", "DeFi 2.0"], "self_reported_market_cap": 2042319.6346466565}, {"id": 3222, "name": "Bionic", "symbol": "BNC", "category": "token", "description": "Bionic (BNC) is a cryptocurrency and operates on the Ethereum platform. Bionic has a current supply of 700,000,000 with 518,931,720.71935016 in circulation. The last known price of Bionic is 0.00002691 USD and is up 0.00 over the last 24 hours. More information can be found at https://bionic-coin.io/.", "slug": "bionic", "logo": "https://s2.coinmarketcap.com/static/img/coins/64x64/3222.png", "subreddit": "", "notice": "", "tags": null, "tag-names": null, "tag-groups": null, "urls": {"website": ["https://bionic-coin.io/"], "twitter": ["https://twitter.com/bionic_coin"], "message_board": ["https://medium.com/@bioniccoin"], "chat": ["https://t.me/joinchat/FjxGNQ8X2G9OTBMFO1GkkQ"], "facebook": [], "explorer": ["https://etherscan.io/token/0xef51c9377feb29856e61625caf9390bd0b67ea18", "https://ethplorer.io/address/0xef51c9377feb29856e61625caf9390bd0b67ea18"], "reddit": [], "technical_doc": ["https://bionic-coin.io/whitepaper.pdf"], "source_code": ["https://github.com/bioniccoin/BNC"], "announcement": ["https://bitcointalk.org/index.php?topic=4404010"]}, "platform": {"id": "1027", "name": "Ethereum", "slug": "ethereum", "symbol": "ETH", "token_address": "0xef51c9377feb29856e61625caf9390bd0b67ea18"}, "date_added": "2018-08-28T00:00:00.000Z", "twitter_username": "bionic_coin", "is_hidden": 0, "date_launched": null, "contract_address": [{"contract_address": "0xef51c9377feb29856e61625caf9390bd0b67ea18", "platform": {"name": "Ethereum", "coin": {"id": "1027", "name": "Ethereum", "symbol": "ETH", "slug": "ethereum"}}}], "self_reported_circulating_supply": NaN, "self_reported_tags": null, "self_reported_market_cap": NaN}, {"id": 4606, "name": "BitNowCoin", "symbol": "BNC", "category": "coin", "description": null, "slug": "bitnowcoin", "logo": "https://s2.coinmarketcap.com/static/img/coins/64x64/4606.png", "subreddit": "", "notice": "", "tags": null, "tag-names": null, "tag-groups": null, "urls": {"website": ["http://bitnowcoinn.rf.gd/"], "twitter": [], "message_board": [], "chat": [], "facebook": [], "explorer": [], "reddit": [], "technical_doc": [], "source_code": [], "announcement": ["https://bitcointalk.org/index.php?topic=5034105.0"]}, "platform": null, "date_added": "2019-09-14T00:00:00.000Z", "twitter_username": "", "is_hidden": 0, "date_launched": null, "contract_address": [], "self_reported_circulating_supply": NaN, "self_reported_tags": null, "self_reported_market_cap": NaN}, {"id": 5675, "name": "BNC TOKEN", "symbol": "BNC", "category": "token", "description": "BNC Token offers access to cryptocurrency tools that promote the cultivation of personal wealth and transactional currency which is both currency and money.", "slug": "bnc-token", "logo": "https://s2.coinmarketcap.com/static/img/coins/64x64/5675.png", "subreddit": "", "notice": "", "tags": null, "tag-names": null, "tag-groups": null, "urls": {"website": ["https://bnctoken.net/"], "twitter": ["https://twitter.com/bnoincoin"], "message_board": [], "chat": [], "facebook": [], "explorer": ["https://etherscan.io/token/0xbe5b336ef62d1626940363cf34be079e0ab89f20", "https://ethplorer.io/address/0xbe5b336ef62d1626940363cf34be079e0ab89f20"], "reddit": [], "technical_doc": ["https://bnctoken.net/wp-content/uploads/2020/05/bnctokenwhitepaper-1.pdf"], "source_code": ["https://github.com/BNCToken"], "announcement": ["https://bitcointalk.org/index.php?topic=5250439.new#new"]}, "platform": {"id": "1027", "name": "Ethereum", "slug": "ethereum", "symbol": "ETH", "token_address": "0xbe5b336ef62d1626940363cf34be079e0ab89f20"}, "date_added": "2020-06-08T00:00:00.000Z", "twitter_username": "bnoincoin", "is_hidden": 0, "date_launched": "2020-01-26T00:00:00.000Z", "contract_address": [{"contract_address": "0xbe5b336ef62d1626940363cf34be079e0ab89f20", "platform": {"name": "Ethereum", "coin": {"id": "1027", "name": "Ethereum", "symbol": "ETH", "slug": "ethereum"}}}], "self_reported_circulating_supply": NaN, "self_reported_tags": null, "self_reported_market_cap": NaN}, {"id": 19836, "name": "Billionaer Coin", "symbol": "BNC", "category": "coin", "description": "Billionaer Coin is an open source, Global Payment network that is fully decentralized.\nWe are working hard to make an everyday use crypto that can handle millions of transactions in matter of seconds.\nOur aim is to make Billionaer Coin available in the real world shops all around the world. Wouldn\u2019t it be nice to pay your coffee, cinema ticket, your new shoes directly from youR Billionaer Coin wallet.\nImagine a life where you can travel everywhere and don\u2019t have to think about the local currency exchange rate or bank fees that will eat up half of your assets. \n\nJoin Billionaer Coin now and make life easier for yourself and for the rest of people all around the world.", "slug": "billionaer-coin", "logo": "https://s2.coinmarketcap.com/static/img/coins/64x64/19836.png", "subreddit": "", "notice": "", "tags": null, "tag-names": null, "tag-groups": null, "urls": {"website": ["https://www.billionaercoin.com/"], "twitter": ["https://twitter.com/billionaercoin"], "message_board": ["https://bitcointalk.org/index.php?topic=5395963", "https://bitcointalk.org/index.php?topic=5395963"], "chat": ["https://discord.gg/billionaer", "https://t.me/BillionaerCoin"], "facebook": [], "explorer": ["https://explorer.billionaercoin.com"], "reddit": [], "technical_doc": ["https://billionaercoin.com/BillionaerCoinWhitePaper.pdf"], "source_code": ["https://github.com/billionaercoin"], "announcement": ["https://bitcointalk.org/index.php?topic=5394835.0"]}, "platform": null, "date_added": "2022-04-28T00:36:07.000Z", "twitter_username": "billionaercoin", "is_hidden": 0, "date_launched": "2022-01-31T00:00:00.000Z", "contract_address": [], "self_reported_circulating_supply": NaN, "self_reported_tags": null, "self_reported_market_cap": NaN}]