[{"id": 1727, "name": "Bancor", "symbol": "BNT", "category": "token", "description": "Bancor (BNT) is a cryptocurrency and operates on the Ethereum platform. Bancor has a current supply of 162,496,863.69762197. The last known price of Bancor is 0.32737153 USD and is down -1.19 over the last 24 hours. It is currently trading on 327 active market(s) with $2,389,639.92 traded over the last 24 hours. More information can be found at https://bancor.network/.", "slug": "bancor", "logo": "https://s2.coinmarketcap.com/static/img/coins/64x64/1727.png", "subreddit": "Bancor", "notice": "", "tags": ["marketplace", "decentralized-exchange-dex-token", "defi", "payments", "scaling", "amm", "kenetic-capital-portfolio", "arbitrum-ecosytem"], "tag-names": ["Marketplace", "Decentralized Exchange (DEX) Token", "DeFi", "Payments", "Scaling", "AMM", "Kenetic Capital Portfolio", "Arbitrum Ecosystem"], "tag-groups": ["INDUSTRY", "CATEGORY", "CATEGORY", "INDUSTRY", "CATEGORY", "CATEGORY", "CATEGORY", "PLATFORM"], "urls": {"website": ["https://bancor.network/"], "twitter": ["https://twitter.com/Bancor"], "message_board": ["https://blog.bancor.network"], "chat": ["https://telegram.me/bancor"], "facebook": [], "explorer": ["https://etherscan.io/token/Bancor", "https://www.eosx.io/account/bntbntbntbnt?partner=coinmarketcap", "https://blockchair.com/ethereum/erc-20/token/0x1f573d6fb3f13d689ff844b4ce37794d79a7ff1c", "https://blockscout.com/xdai/mainnet/tokens/0x9a495a281D959192343B0e007284bf130bd05F86/token-transfers", "https://solscan.io/account/EDVVEYW4fPJ6vKw5LZXRGUSPzxoHrv6eWvTqhCr8oShs"], "reddit": ["https://reddit.com/r/Bancor"], "technical_doc": ["https://about.bancor.network/static/bancor_protocol_whitepaper_en.pdf"], "source_code": ["https://github.com/bancorprotocol/"], "announcement": ["https://bitcointalk.org/index.php?topic=1789222.0"]}, "platform": {"id": "1027", "name": "Ethereum", "slug": "ethereum", "symbol": "ETH", "token_address": "0x1f573d6fb3f13d689ff844b4ce37794d79a7ff1c"}, "date_added": "2017-06-18T00:00:00.000Z", "twitter_username": "Bancor", "is_hidden": 0, "date_launched": null, "contract_address": [{"contract_address": "0x1f573d6fb3f13d689ff844b4ce37794d79a7ff1c", "platform": {"name": "Ethereum", "coin": {"id": "1027", "name": "Ethereum", "symbol": "ETH", "slug": "ethereum"}}}, {"contract_address": "EDVVEYW4fPJ6vKw5LZXRGUSPzxoHrv6eWvTqhCr8oShs", "platform": {"name": "Solana", "coin": {"id": "5426", "name": "Solana", "symbol": "SOL", "slug": "solana"}}}, {"contract_address": "0x9a495a281D959192343B0e007284bf130bd05F86", "platform": {"name": "Gnosis Chain", "coin": {"id": "1659", "name": "Gnosis", "symbol": "GNO", "slug": "gnosis-gno"}}}], "self_reported_circulating_supply": null, "self_reported_tags": null, "self_reported_market_cap": null}, {"id": 1138, "name": "Bantam", "symbol": "BNT", "category": "coin", "description": "Bantam (BNT) is a cryptocurrency . Users are able to generate BNT through the process of mining. Bantam has a current supply of 15,157,435.2280305 with 5,212,435.2280305 in circulation. The last known price of Bantam is 0.00023358 USD and is up 0.00 over the last 24 hours.", "slug": "bantam", "logo": "https://s2.coinmarketcap.com/static/img/coins/64x64/1138.png", "subreddit": "", "notice": "", "tags": ["mineable"], "tag-names": ["Mineable"], "tag-groups": ["OTHERS"], "urls": {"website": [], "twitter": [], "message_board": [], "chat": [], "facebook": [], "explorer": ["https://chainz.cryptoid.info/bnt/"], "reddit": [], "technical_doc": [], "source_code": [], "announcement": ["https://bitcointalk.org/index.php?topic=1301227.0"]}, "platform": null, "date_added": "2016-01-01T00:00:00.000Z", "twitter_username": "", "is_hidden": 0, "date_launched": null, "contract_address": [], "self_reported_circulating_supply": null, "self_reported_tags": null, "self_reported_market_cap": null}]