[{"id": 10121, "name": "ByteNext", "symbol": "BNU", "category": "token", "description": "ByteNext (BNU) is a cryptocurrency launched in 2021and operates on the BNB Smart Chain (BEP20) platform. ByteNext has a current supply of 200,000,000 with 17,250,000 in circulation. The last known price of ByteNext is 0.00769138 USD and is down -0.81 over the last 24 hours. It is currently trading on 2 active market(s) with $0.00 traded over the last 24 hours. More information can be found at https://bytenext.io.", "slug": "bytenext", "logo": "https://s2.coinmarketcap.com/static/img/coins/64x64/10121.png", "subreddit": "Bytenext", "notice": "", "tags": ["collectibles-nfts", "defi", "yield-farming", "vbc-ventures-portfolio", "bnb-chain"], "tag-names": ["Collectibles & NFTs", "DeFi", "Yield Farming", "VBC Ventures Portfolio", "BNB Chain"], "tag-groups": ["CATEGORY", "CATEGORY", "CATEGORY", "CATEGORY", "PLATFORM"], "urls": {"website": ["https://bytenext.io"], "twitter": ["https://twitter.com/bytenextio"], "message_board": ["http://medium.com/bytenext"], "chat": ["https://t.me/ByteNextAnnouncement", "https://t.me/ByteNextOfficial"], "facebook": [], "explorer": ["https://bscscan.com/token/0x4954e0062e0a7668a2fe3df924cd20e6440a7b77"], "reddit": ["https://reddit.com/r/Bytenext"], "technical_doc": ["https://bytenext.io/files/document/whitepaper/en.pdf?v=637572869227742618"], "source_code": ["https://github.com/bytenext"], "announcement": []}, "platform": {"id": "1839", "name": "BNB", "slug": "bnb", "symbol": "BNB", "token_address": "0x4954e0062e0a7668a2fe3df924cd20e6440a7b77"}, "date_added": "2021-05-28T00:00:00.000Z", "twitter_username": "bytenextio", "is_hidden": 0, "date_launched": "2021-06-02T00:00:00.000Z", "contract_address": [{"contract_address": "0x4954e0062e0a7668a2fe3df924cd20e6440a7b77", "platform": {"name": "BNB Smart Chain (BEP20)", "coin": {"id": "1839", "name": "BNB", "symbol": "BNB", "slug": "bnb"}}}], "self_reported_circulating_supply": null, "self_reported_tags": null, "self_reported_market_cap": null}]