[{"id": 9891, "name": "BinaryX", "symbol": "BNX", "category": "token", "description": "BinaryX (BNX) is a cryptocurrency launched in 2021and operates on the BNB Smart Chain (BEP20) platform. BinaryX has a current supply of 6,192,031.63505325 with 2,838,861.22321128 in circulation. The last known price of BinaryX is 70.96054708 USD and is up 1.79 over the last 24 hours. It is currently trading on 76 active market(s) with $4,255,408.99 traded over the last 24 hours. More information can be found at https://www.binaryx.pro?cmc.", "slug": "binaryx", "logo": "https://s2.coinmarketcap.com/static/img/coins/64x64/9891.png", "subreddit": "", "notice": "", "tags": ["mvb", "bnb-chain"], "tag-names": ["MVB", "BNB Chain"], "tag-groups": ["CATEGORY", "PLATFORM"], "urls": {"website": ["https://www.binaryx.pro?cmc"], "twitter": ["https://twitter.com/binary_x"], "message_board": [], "chat": ["https://t.me/binaryxGlobal"], "facebook": [], "explorer": ["https://bscscan.com/address/0x8C851d1a123Ff703BD1f9dabe631b69902Df5f97"], "reddit": [], "technical_doc": [], "source_code": [], "announcement": ["https://binary-x.medium.com/"]}, "platform": {"id": "1839", "name": "BNB", "slug": "bnb", "symbol": "BNB", "token_address": "0x8C851d1a123Ff703BD1f9dabe631b69902Df5f97"}, "date_added": "2021-05-18T00:00:00.000Z", "twitter_username": "binary_x", "is_hidden": 0, "date_launched": "2021-05-06T00:00:00.000Z", "contract_address": [{"contract_address": "0x8C851d1a123Ff703BD1f9dabe631b69902Df5f97", "platform": {"name": "BNB Smart Chain (BEP20)", "coin": {"id": "1839", "name": "BNB", "symbol": "BNB", "slug": "bnb"}}}], "self_reported_circulating_supply": null, "self_reported_tags": ["Platform", "Collectibles & NFTs", "Metaverse", "Play To Earn", "Web3"], "self_reported_market_cap": null}, {"id": 1773, "name": "BnrtxCoin", "symbol": "BNX", "category": "coin", "description": "BnrtxCoin (BNX) is a cryptocurrency . Users are able to generate BNX through the process of mining. BnrtxCoin has a current supply of 34,774,501.0245 with 0 in circulation. The last known price of BnrtxCoin is 0.00058283 USD and is up 0.00 over the last 24 hours. More information can be found at http://www.bnrtx.com/.", "slug": "bnrtxcoin", "logo": "https://s2.coinmarketcap.com/static/img/coins/64x64/1773.png", "subreddit": "", "notice": "", "tags": ["mineable"], "tag-names": ["Mineable"], "tag-groups": ["OTHERS"], "urls": {"website": ["http://www.bnrtx.com/"], "twitter": ["https://twitter.com/bnrtx"], "message_board": [], "chat": [], "facebook": [], "explorer": ["http://bnx.miningalts.com/"], "reddit": [], "technical_doc": [], "source_code": ["https://github.com/bnrtx/bnrtxcoin/"], "announcement": ["https://bitcointalk.org/index.php?topic=1094221.0"]}, "platform": null, "date_added": "2017-07-02T00:00:00.000Z", "twitter_username": "bnrtx", "is_hidden": 0, "date_launched": null, "contract_address": [], "self_reported_circulating_supply": null, "self_reported_tags": null, "self_reported_market_cap": null}]