[{"id": 4217, "name": "BOSAGORA", "symbol": "BOA", "category": "token", "description": "BOSAGORA (BOA) is a cryptocurrency launched in 2019and operates on the Ethereum platform. BOSAGORA has a current supply of 450,000,000 with 313,595,030.7367921 in circulation. The last known price of BOSAGORA is 0.03408518 USD and is up 1.26 over the last 24 hours. It is currently trading on 9 active market(s) with $674,680.03 traded over the last 24 hours. More information can be found at https://www.bosagora.io/.", "slug": "bosagora", "logo": "https://s2.coinmarketcap.com/static/img/coins/64x64/4217.png", "subreddit": "", "notice": "", "tags": ["dao", "metaverse"], "tag-names": ["DAO", "Metaverse"], "tag-groups": ["CATEGORY", "CATEGORY"], "urls": {"website": ["https://www.bosagora.io/"], "twitter": ["https://twitter.com/BOSAGORA1"], "message_board": ["https://medium.com/bosagora"], "chat": ["https://t.me/bosagora_eng", "https://t.me/bpf_korea"], "facebook": [], "explorer": ["https://etherscan.io/token/0x746dda2ea243400d5a63e0700f190ab79f06489e", "https://ethplorer.io/address/0x746dda2ea243400d5a63e0700f190ab79f06489e"], "reddit": [], "technical_doc": ["https://bosagora.io/wp-content/uploads/2020/01/BOSAGORA-Whitepaper-En.pdf"], "source_code": ["https://github.com/bpfkorea/agora"], "announcement": ["https://xangle.io/project/BOA/recent-disclosure"]}, "platform": {"id": "1027", "name": "Ethereum", "slug": "ethereum", "symbol": "ETH", "token_address": "0x746dda2ea243400d5a63e0700f190ab79f06489e"}, "date_added": "2019-08-05T00:00:00.000Z", "twitter_username": "BOSAGORA1", "is_hidden": 0, "date_launched": "2019-05-16T00:00:00.000Z", "contract_address": [{"contract_address": "0x746dda2ea243400d5a63e0700f190ab79f06489e", "platform": {"name": "Ethereum", "coin": {"id": "1027", "name": "Ethereum", "symbol": "ETH", "slug": "ethereum"}}}], "self_reported_circulating_supply": null, "self_reported_tags": null, "self_reported_market_cap": null}, {"id": 6746, "name": "BOA", "symbol": "BOA", "category": "token", "description": "Game token linked with TOB-XAMP. BOA Taxes sellers, rewards hodlers", "slug": "boa", "logo": "https://s2.coinmarketcap.com/static/img/coins/64x64/6746.png", "subreddit": "", "notice": "", "tags": null, "tag-names": null, "tag-groups": null, "urls": {"website": ["https://boa-token.webflow.io"], "twitter": ["https://twitter.com/burn_the_state"], "message_board": [], "chat": ["https://t.me/burn_the_state"], "facebook": [], "explorer": ["https://etherscan.io/token/0xf9c36c7ad7fa0f0862589c919830268d1a2581a1"], "reddit": [], "technical_doc": [], "source_code": [], "announcement": []}, "platform": {"id": "1027", "name": "Ethereum", "slug": "ethereum", "symbol": "ETH", "token_address": "0xf9c36c7ad7fa0f0862589c919830268d1a2581a1"}, "date_added": "2020-08-28T00:00:00.000Z", "twitter_username": "burn_the_state", "is_hidden": 0, "date_launched": null, "contract_address": [{"contract_address": "0xf9c36c7ad7fa0f0862589c919830268d1a2581a1", "platform": {"name": "Ethereum", "coin": {"id": "1027", "name": "Ethereum", "symbol": "ETH", "slug": "ethereum"}}}], "self_reported_circulating_supply": null, "self_reported_tags": null, "self_reported_market_cap": null}]