[{"id": 7440, "name": "BarnBridge", "symbol": "BOND", "category": "token", "description": "BarnBridge (BOND) is a cryptocurrency and operates on the Ethereum platform. BarnBridge has a current supply of 10,000,000 with 7,905,233.09504445 in circulation. The last known price of BarnBridge is 3.23784163 USD and is down -2.04 over the last 24 hours. It is currently trading on 71 active market(s) with $1,655,952.75 traded over the last 24 hours. More information can be found at https://barnbridge.com/.", "slug": "barnbridge", "logo": "https://s2.coinmarketcap.com/static/img/coins/64x64/7440.png", "subreddit": "", "notice": "", "tags": ["defi", "dao", "yield-farming", "governance", "parafi-capital"], "tag-names": ["DeFi", "DAO", "Yield Farming", "Governance", "ParaFi Capital"], "tag-groups": ["CATEGORY", "CATEGORY", "CATEGORY", "CATEGORY", "CATEGORY"], "urls": {"website": ["https://barnbridge.com/"], "twitter": ["https://twitter.com/barn_bridge"], "message_board": [], "chat": ["https://discord.com/invite/FfEhsVk"], "facebook": [], "explorer": ["https://etherscan.io/token/0x0391D2021f89DC339F60Fff84546EA23E337750f", "https://ethplorer.io/address/0x0391D2021f89DC339F60Fff84546EA23E337750f"], "reddit": [], "technical_doc": [], "source_code": ["https://github.com/BarnBridge/"], "announcement": []}, "platform": {"id": "1027", "name": "Ethereum", "slug": "ethereum", "symbol": "ETH", "token_address": "0x0391D2021f89DC339F60Fff84546EA23E337750f"}, "date_added": "2020-10-19T00:00:00.000Z", "twitter_username": "barn_bridge", "is_hidden": 0, "date_launched": null, "contract_address": [{"contract_address": "0x0391D2021f89DC339F60Fff84546EA23E337750f", "platform": {"name": "Ethereum", "coin": {"id": "1027", "name": "Ethereum", "symbol": "ETH", "slug": "ethereum"}}}], "self_reported_circulating_supply": 7899229.095044447, "self_reported_tags": null, "self_reported_market_cap": 25571374.080423642}, {"id": 22597, "name": "Bondly", "symbol": "BOND", "category": "token", "description": "Bondly (BOND) is a cryptocurrency launched in 2022and operates on the BNB Smart Chain (BEP20) platform. Bondly has a current supply of 50,000,000 with 0 in circulation. The last known price of Bondly is 0.00036359 USD and is down -0.22 over the last 24 hours. It is currently trading on 1 active market(s) with $24.55 traded over the last 24 hours. More information can be found at https://bondlydefi.io.", "slug": "bondly-", "logo": "https://s2.coinmarketcap.com/static/img/coins/64x64/22597.png", "subreddit": "", "notice": "", "tags": null, "tag-names": null, "tag-groups": null, "urls": {"website": ["https://bondlydefi.io"], "twitter": ["https://twitter.com/bondlydefi?t=eP6Is0eMvtu5HAWAuzdR7w&s=09"], "message_board": [], "chat": ["https://t.me/bondlydefi"], "facebook": [], "explorer": ["https://bscscan.com/token/0xB19a3f8761E4EcFd26AaA2e3a302b45692daCeD3"], "reddit": [], "technical_doc": ["https://drive.google.com/file/d/1yc8wRRw0At0fNI7kJ1FEqb1N6IPFUzgy/view?usp=drivesdk"], "source_code": [], "announcement": []}, "platform": {"id": "1839", "name": "BNB", "slug": "bnb", "symbol": "BNB", "token_address": "0xB19a3f8761E4EcFd26AaA2e3a302b45692daCeD3"}, "date_added": "2022-11-08T09:58:37.000Z", "twitter_username": "bondlydefi?t=eP6Is0eMvtu5HAWAuzdR7w&s=09", "is_hidden": 0, "date_launched": "2022-11-07T00:00:00.000Z", "contract_address": [{"contract_address": "0xB19a3f8761E4EcFd26AaA2e3a302b45692daCeD3", "platform": {"name": "BNB Smart Chain (BEP20)", "coin": {"id": "1839", "name": "BNB", "symbol": "BNB", "slug": "bnb"}}}], "self_reported_circulating_supply": 23000000.0, "self_reported_tags": null, "self_reported_market_cap": 8339.747830575889}, {"id": 1545, "name": "Bond", "symbol": "BOND", "category": "token", "description": "Bond (BOND) is a cryptocurrency . Bond has a current supply of 295.42258473. The last known price of Bond is 0 USD and is up 0.00 over the last 24 hours. More information can be found at http://bondonblockchain.com/.", "slug": "bond", "logo": "https://s2.coinmarketcap.com/static/img/coins/64x64/1545.png", "subreddit": "", "notice": "", "tags": null, "tag-names": null, "tag-groups": null, "urls": {"website": ["http://bondonblockchain.com/"], "twitter": ["https://twitter.com/blockchainyield"], "message_board": [], "chat": [], "facebook": [], "explorer": ["http://omniexplorer.info/lookupsp.aspx?sp=118"], "reddit": [], "technical_doc": [], "source_code": [], "announcement": []}, "platform": null, "date_added": "2017-02-20T00:00:00.000Z", "twitter_username": "blockchainyield", "is_hidden": 0, "date_launched": null, "contract_address": [], "self_reported_circulating_supply": NaN, "self_reported_tags": null, "self_reported_market_cap": NaN}, {"id": 7500, "name": "Bonded Finance", "symbol": "BOND", "category": "token", "description": "Bonded Finance (BOND) is a cryptocurrency and operates on the Ethereum platform. Bonded Finance has a current supply of 1,000,000,000 with 384,149,391 in circulation. The last known price of Bonded Finance is 0.01881351 USD and is up 1,034.14 over the last 24 hours. More information can be found at https://bonded.finance/#firstsec.", "slug": "bonded-finance", "logo": "https://s2.coinmarketcap.com/static/img/coins/64x64/7500.png", "subreddit": "", "notice": "Bonded Finance has rebranded to [Fringe Finance](https://coinmarketcap.com/currencies/fringe-finance/), For more info [click here](https://fringefinance.medium.com/december-monthly-update-9e28fdcb2d09)", "tags": ["exnetwork-capital-portfolio", "polygon-ecosystem"], "tag-names": ["Exnetwork Capital Portfolio", "Polygon Ecosystem"], "tag-groups": ["CATEGORY", "PLATFORM"], "urls": {"website": ["https://bonded.finance/#firstsec"], "twitter": ["https://twitter.com/Bondedfinance"], "message_board": [], "chat": ["https://t.me/bondedfinance"], "facebook": [], "explorer": ["https://etherscan.io/token/0x5dc02ea99285e17656b8350722694c35154db1e8"], "reddit": [], "technical_doc": ["https://bonded.finance/litepaper-Bonded-sep-29.pdf"], "source_code": ["https://github.com/Bondedfinance"], "announcement": ["https://medium.com/@bondedfinance"]}, "platform": {"id": "1027", "name": "Ethereum", "slug": "ethereum", "symbol": "ETH", "token_address": "0x5dc02ea99285e17656b8350722694c35154db1e8"}, "date_added": "2020-11-25T00:00:00.000Z", "twitter_username": "Bondedfinance", "is_hidden": 0, "date_launched": null, "contract_address": [{"contract_address": "0x5dc02ea99285e17656b8350722694c35154db1e8", "platform": {"name": "Ethereum", "coin": {"id": "1027", "name": "Ethereum", "symbol": "ETH", "slug": "ethereum"}}}], "self_reported_circulating_supply": NaN, "self_reported_tags": null, "self_reported_market_cap": NaN}]