[{"id": 7931, "name": "Forj(Bondly)", "symbol": "BONDLY", "category": "token", "description": "Forj(Bondly) (BONDLY) is a cryptocurrency launched in 2021and operates on the Ethereum platform. Forj(Bondly) has a current supply of 983,620,759 with 788,287,426 in circulation. The last known price of Forj(Bondly) is 0.00545921 USD and is up 3.04 over the last 24 hours. It is currently trading on 36 active market(s) with $58,502.74 traded over the last 24 hours. More information can be found at https://forj.network/.", "slug": "bondly", "logo": "https://s2.coinmarketcap.com/static/img/coins/64x64/7931.png", "subreddit": "", "notice": "", "tags": ["collectibles-nfts", "defi", "polkadot-ecosystem", "polygon-ecosystem", "cardano-ecosystem", "animoca-brands-portfolio", "ferrum-network", "okex-blockdream-ventures-portfolio", "bnb-chain"], "tag-names": ["Collectibles & NFTs", "DeFi", "Polkadot Ecosystem", "Polygon Ecosystem", "Cardano Ecosystem", "Animoca Brands Portfolio", "Ferrum Network", "OKEx Blockdream Ventures Portfolio", "BNB Chain"], "tag-groups": ["CATEGORY", "CATEGORY", "PLATFORM", "PLATFORM", "CATEGORY", "CATEGORY", "CATEGORY", "CATEGORY", "PLATFORM"], "urls": {"website": ["https://forj.network/"], "twitter": ["https://twitter.com/ForjOfficial"], "message_board": ["https://forj.medium.com/"], "chat": ["https://t.me/ForjOfficial", "https://discord.com/invite/5AkCCuw"], "facebook": [], "explorer": ["https://etherscan.io/token/0x91dfbee3965baaee32784c2d546b7a0c62f268c9", "https://bscscan.com/token/0x5d0158a5c3ddf47d4ea4517d8db0d76aa2e87563"], "reddit": [], "technical_doc": [], "source_code": ["https://github.com/bondly/"], "announcement": []}, "platform": {"id": "1027", "name": "Ethereum", "slug": "ethereum", "symbol": "ETH", "token_address": "0x91dfbee3965baaee32784c2d546b7a0c62f268c9"}, "date_added": "2020-12-09T00:00:00.000Z", "twitter_username": "ForjOfficial", "is_hidden": 0, "date_launched": "2021-08-29T00:00:00.000Z", "contract_address": [{"contract_address": "0x91dfbee3965baaee32784c2d546b7a0c62f268c9", "platform": {"name": "Ethereum", "coin": {"id": "1027", "name": "Ethereum", "symbol": "ETH", "slug": "ethereum"}}}, {"contract_address": "0x64ca1571d1476b7a21c5aaf9f1a750a193a103c0", "platform": {"name": "Polygon", "coin": {"id": "3890", "name": "Polygon", "symbol": "MATIC", "slug": "polygon"}}}, {"contract_address": "0x5d0158a5c3ddf47d4ea4517d8db0d76aa2e87563", "platform": {"name": "BNB Smart Chain (BEP20)", "coin": {"id": "1839", "name": "BNB", "symbol": "BNB", "slug": "bnb"}}}], "self_reported_circulating_supply": null, "self_reported_tags": null, "self_reported_market_cap": null}]