[{"id": 17144, "name": "Moonshots Farm", "symbol": "BONES", "category": "token", "description": "Moonshots Farm (BONES) is a cryptocurrency launched in 2022and operates on the BNB Smart Chain (BEP20) platform. Moonshots Farm has a current supply of 603,000 with 0 in circulation. The last known price of Moonshots Farm is 0.01227421 USD and is down -1.55 over the last 24 hours. It is currently trading on 2 active market(s) with $16.06 traded over the last 24 hours. More information can be found at https://moonshots.farm/.", "slug": "moonshots-farm", "logo": "https://s2.coinmarketcap.com/static/img/coins/64x64/17144.png", "subreddit": "", "notice": "", "tags": ["fantom-ecosystem"], "tag-names": ["Fantom Ecosystem"], "tag-groups": ["PLATFORM"], "urls": {"website": ["https://moonshots.farm/"], "twitter": ["https://twitter.com/MoonshotsFarm"], "message_board": [], "chat": ["https://t.me/MoonshotsFarm", "https://discord.gg/zMjN3QX"], "facebook": [], "explorer": ["https://bscscan.com/token/0x08426874d46f90e5e527604fa5e3e30486770eb3#balances"], "reddit": [], "technical_doc": [], "source_code": [], "announcement": []}, "platform": {"id": "1839", "name": "BNB", "slug": "bnb", "symbol": "BNB", "token_address": "0x08426874d46f90e5e527604fa5e3e30486770eb3"}, "date_added": "2022-01-11T14:53:10.000Z", "twitter_username": "MoonshotsFarm", "is_hidden": 0, "date_launched": "2022-01-07T00:00:00.000Z", "contract_address": [{"contract_address": "0x08426874d46f90e5e527604fa5e3e30486770eb3", "platform": {"name": "BNB Smart Chain (BEP20)", "coin": {"id": "1839", "name": "BNB", "symbol": "BNB", "slug": "bnb"}}}], "self_reported_circulating_supply": 603000.0, "self_reported_tags": null, "self_reported_market_cap": 7402.402979433888}, {"id": 240, "name": "Bones", "symbol": "BONES", "category": "coin", "description": "Bones (BONES) is a cryptocurrency . Users are able to generate BONES through the process of mining. Bones has a current supply of 2,721,637. The last known price of Bones is 0.0000411 USD and is up 0.00 over the last 24 hours. More information can be found at http://bonescoin.com/.", "slug": "bones", "logo": "https://s2.coinmarketcap.com/static/img/coins/64x64/240.png", "subreddit": "", "notice": "", "tags": ["mineable"], "tag-names": ["Mineable"], "tag-groups": ["OTHERS"], "urls": {"website": ["http://bonescoin.com/"], "twitter": [], "message_board": [], "chat": [], "facebook": [], "explorer": ["http://cryptexplorer.com/chain/BONES/"], "reddit": [], "technical_doc": [], "source_code": [], "announcement": []}, "platform": null, "date_added": "2014-03-29T00:00:00.000Z", "twitter_username": "", "is_hidden": 0, "date_launched": null, "contract_address": [], "self_reported_circulating_supply": NaN, "self_reported_tags": null, "self_reported_market_cap": NaN}]