[{"id": 11865, "name": "Bone ShibaSwap", "symbol": "BONE", "category": "token", "description": "Bone ShibaSwap (BONE) is a cryptocurrency launched in 2021and operates on the Ethereum platform. Bone ShibaSwap has a current supply of 229,930,888.64529708 with 161,384,702.92843065 in circulation. The last known price of Bone ShibaSwap is 0.81303212 USD and is up 2.57 over the last 24 hours. It is currently trading on 67 active market(s) with $3,027,899.56 traded over the last 24 hours. More information can be found at https://www.shibatoken.com/.", "slug": "bone-shibaswap", "logo": "https://s2.coinmarketcap.com/static/img/coins/64x64/11865.png", "subreddit": "SHIBArmy", "notice": "", "tags": ["doggone-doggerel"], "tag-names": ["Doggone Doggerel"], "tag-groups": ["CATEGORY"], "urls": {"website": ["https://www.shibatoken.com/", "https://shibaswap.com/#/"], "twitter": ["https://twitter.com/shibtoken"], "message_board": ["https://shytoshikusama.medium.com/"], "chat": ["https://t.me/bonedogekiller", "https://instagram.com/shibatoken_official?utm_medium=copy_link"], "facebook": [], "explorer": ["https://etherscan.io/token/0x9813037ee2218799597d83D4a5B6F3b6778218d9"], "reddit": ["https://reddit.com/r/SHIBArmy"], "technical_doc": [], "source_code": [], "announcement": []}, "platform": {"id": "1027", "name": "Ethereum", "slug": "ethereum", "symbol": "ETH", "token_address": "0x9813037ee2218799597d83D4a5B6F3b6778218d9"}, "date_added": "2021-09-13T19:17:01.000Z", "twitter_username": "shibtoken", "is_hidden": 0, "date_launched": "2021-07-05T00:00:00.000Z", "contract_address": [{"contract_address": "0x9813037ee2218799597d83D4a5B6F3b6778218d9", "platform": {"name": "Ethereum", "coin": {"id": "1027", "name": "Ethereum", "symbol": "ETH", "slug": "ethereum"}}}], "self_reported_circulating_supply": 172365374.0, "self_reported_tags": null, "self_reported_market_cap": 140175487.3938207}, {"id": 20809, "name": "Bone", "symbol": "BONE", "category": "token", "description": "Bone (BONE) is a cryptocurrency and operates on the BNB Smart Chain (BEP20) platform. Bone has a current supply of 10,000,000 with 0 in circulation. The last known price of Bone is 0.02215049 USD and is up 5.52 over the last 24 hours. It is currently trading on 1 active market(s) with $354.66 traded over the last 24 hours. More information can be found at https://dogdata.io/.", "slug": "bone-2", "logo": "https://s2.coinmarketcap.com/static/img/coins/64x64/20809.png", "subreddit": "", "notice": "Smart contract of the following asset can be modified by the contract creator (for example: disable selling, change fees, mint new tokens, or transfer tokens). Please exercise caution before taking any action and [DYOR](https://support.coinmarketcap.com/hc/en-us/articles/360043659351-Listings-Criteria).", "tags": null, "tag-names": null, "tag-groups": null, "urls": {"website": ["https://dogdata.io/"], "twitter": [], "message_board": [], "chat": ["https://www.linkedin.com/company/DogData/", "https://discord.gg/wKWTCzE"], "facebook": [], "explorer": ["https://bscscan.com/token/0x67915e893b68fbc436a288564fff1476b632b009"], "reddit": [], "technical_doc": [], "source_code": [], "announcement": ["https://medium.com/@dogsdata"]}, "platform": {"id": "1839", "name": "BNB", "slug": "bnb", "symbol": "BNB", "token_address": "0x67915e893b68fbc436a288564fff1476b632b009"}, "date_added": "2022-06-28T14:21:32.000Z", "twitter_username": "", "is_hidden": 0, "date_launched": null, "contract_address": [{"contract_address": "0x67915e893b68fbc436a288564fff1476b632b009", "platform": {"name": "BNB Smart Chain (BEP20)", "coin": {"id": "1839", "name": "BNB", "symbol": "BNB", "slug": "bnb"}}}], "self_reported_circulating_supply": NaN, "self_reported_tags": null, "self_reported_market_cap": NaN}, {"id": 19086, "name": "Bulldog Billionaires", "symbol": "BONE", "category": "token", "description": "Bulldog Billionaires (BONE) is a cryptocurrency and operates on the Solana platform. Bulldog Billionaires has a current supply of 10,000,000 with 0 in circulation. The last known price of Bulldog Billionaires is 0.00179217 USD and is up -0.00 over the last 24 hours. It is currently trading on 1 active market(s) with $0.00 traded over the last 24 hours. More information can be found at https://www.bulldogbillionaires.club/.", "slug": "bulldog-billionaires", "logo": "https://s2.coinmarketcap.com/static/img/coins/64x64/19086.png", "subreddit": "", "notice": "", "tags": null, "tag-names": null, "tag-groups": null, "urls": {"website": ["https://www.bulldogbillionaires.club/"], "twitter": ["https://twitter.com/bbsolana"], "message_board": [], "chat": ["https://discord.gg/bulldogbillionaires"], "facebook": [], "explorer": ["https://solscan.io/token/D3eyBjfgJMPHZyYDRtbf1cSxeLiNwKumwHzQK3h3TRRq"], "reddit": [], "technical_doc": [], "source_code": [], "announcement": []}, "platform": {"id": "5426", "name": "Solana", "slug": "solana", "symbol": "SOL", "token_address": "D3eyBjfgJMPHZyYDRtbf1cSxeLiNwKumwHzQK3h3TRRq"}, "date_added": "2022-03-26T13:36:49.000Z", "twitter_username": "bbsolana", "is_hidden": 0, "date_launched": null, "contract_address": [{"contract_address": "D3eyBjfgJMPHZyYDRtbf1cSxeLiNwKumwHzQK3h3TRRq", "platform": {"name": "Solana", "coin": {"id": "5426", "name": "Solana", "symbol": "SOL", "slug": "solana"}}}], "self_reported_circulating_supply": NaN, "self_reported_tags": null, "self_reported_market_cap": NaN}, {"id": 5915, "name": "Bone", "symbol": "BONE", "category": "token", "description": "Bone (BONE) is a cryptocurrency launched in 2020and operates on the Ethereum platform. Bone has a current supply of 1,000,000,000 with 0 in circulation. The last known price of Bone is 0.00097731 USD and is up 0.00 over the last 24 hours. More information can be found at https://mydogdata.com/.", "slug": "bone", "logo": "https://s2.coinmarketcap.com/static/img/coins/64x64/5915.png", "subreddit": "", "notice": "", "tags": null, "tag-names": null, "tag-groups": null, "urls": {"website": ["https://mydogdata.com/", "https://dogdata.io/"], "twitter": ["https://twitter.com/FaceBook4Dog"], "message_board": [], "chat": ["https://discord.gg/wKWTCzE", "https://t.me/DogDataICO"], "facebook": [], "explorer": ["https://etherscan.io/token/0x5C84bc60a796534bfeC3439Af0E6dB616A966335", "https://ethplorer.io/address/0x5C84bc60a796534bfeC3439Af0E6dB616A966335"], "reddit": [], "technical_doc": ["https://mydogdata.com/pdf/Whitepaper.pdf"], "source_code": ["https://github.com/yem583/DogData"], "announcement": ["https://bitcointalk.org/index.php?topic=5260919"]}, "platform": {"id": "1027", "name": "Ethereum", "slug": "ethereum", "symbol": "ETH", "token_address": "0x5C84bc60a796534bfeC3439Af0E6dB616A966335"}, "date_added": "2020-07-27T00:00:00.000Z", "twitter_username": "FaceBook4Dog", "is_hidden": 0, "date_launched": "2020-07-15T00:00:00.000Z", "contract_address": [{"contract_address": "0x5C84bc60a796534bfeC3439Af0E6dB616A966335", "platform": {"name": "Ethereum", "coin": {"id": "1027", "name": "Ethereum", "symbol": "ETH", "slug": "ethereum"}}}], "self_reported_circulating_supply": NaN, "self_reported_tags": null, "self_reported_market_cap": NaN}]