[{"id": 9608, "name": "SpookySwap", "symbol": "BOO", "category": "token", "description": "SpookySwap (BOO) is a cryptocurrency launched in 2021and operates on the Ethereum platform. SpookySwap has a current supply of 9,390,930.32215674. The last known price of SpookySwap is 1.28645744 USD and is up 0.97 over the last 24 hours. It is currently trading on 119 active market(s) with $343,190.72 traded over the last 24 hours. More information can be found at https://spooky.fi.", "slug": "spookyswap", "logo": "https://s2.coinmarketcap.com/static/img/coins/64x64/9608.png", "subreddit": "SpookySwap/", "notice": "", "tags": ["fantom-ecosystem"], "tag-names": ["Fantom Ecosystem"], "tag-groups": ["PLATFORM"], "urls": {"website": ["https://spooky.fi"], "twitter": ["https://twitter.com/spookyswap"], "message_board": [], "chat": ["https://discord.gg/spookyswap"], "facebook": [], "explorer": ["https://ftmscan.com/token/0x841fad6eae12c286d1fd18d1d525dffa75c7effe", "https://snowtrace.io/address/0xbd83010eb60f12112908774998f65761cf9f6f9a", "https://etherscan.io/address/0x55af5865807b196bd0197e0902746f31fbccfa58"], "reddit": ["https://reddit.com/r/SpookySwap/"], "technical_doc": ["https://docs.spookyswap.finance/"], "source_code": ["https://github.com/SpookySwap"], "announcement": []}, "platform": {"id": "1027", "name": "Ethereum", "slug": "ethereum", "symbol": "ETH", "token_address": "0x55af5865807b196bd0197e0902746f31fbccfa58"}, "date_added": "2021-05-05T00:00:00.000Z", "twitter_username": "spookyswap", "is_hidden": 0, "date_launched": "2021-04-24T00:00:00.000Z", "contract_address": [{"contract_address": "0x55af5865807b196bd0197e0902746f31fbccfa58", "platform": {"name": "Ethereum", "coin": {"id": "1027", "name": "Ethereum", "symbol": "ETH", "slug": "ethereum"}}}, {"contract_address": "0x841fad6eae12c286d1fd18d1d525dffa75c7effe", "platform": {"name": "Fantom", "coin": {"id": "3513", "name": "Fantom", "symbol": "FTM", "slug": "fantom"}}}, {"contract_address": "0xbD83010eB60F12112908774998F65761cf9f6f9a", "platform": {"name": "Avalanche C-Chain", "coin": {"id": "5805", "name": "Avalanche", "symbol": "AVAX", "slug": "avalanche"}}}], "self_reported_circulating_supply": 5885000.0, "self_reported_tags": ["Decentralized Exchange (DEX) Token", "DeFi", "Smart Contracts", "Staking", "DAO", "DApp", "Yield Farming", "AMM", "DEX", "Yearn Partnerships", "LP Tokens", "Software", "Sidechain", "Governance", "Fantom Ecosystem", "Web3", "Token"], "self_reported_market_cap": 7560769.783280482}, {"id": 5345, "name": "Boogle", "symbol": "BOO", "category": "coin", "description": "Boogle (BOO) is a cryptocurrency launched in 2019. Boogle has a current supply of 0. The last known price of Boogle is 0.00071621 USD and is up 0.09 over the last 24 hours. More information can be found at https://boogle.com/.", "slug": "boogle", "logo": "https://s2.coinmarketcap.com/static/img/coins/64x64/5345.png", "subreddit": "BoogleOfficial", "notice": "", "tags": null, "tag-names": null, "tag-groups": null, "urls": {"website": ["https://boogle.com/"], "twitter": ["https://twitter.com/Boogle_HQ"], "message_board": ["https://medium.com/@boogleofficial"], "chat": ["https://t.me/boogleannounce", "https://discord.gg/KQAEuBe"], "facebook": [], "explorer": ["https://explorer.boogle.io/#/"], "reddit": ["https://reddit.com/r/BoogleOfficial"], "technical_doc": ["https://boogle.com/Boogle_WP_En_1.41.pdf"], "source_code": [], "announcement": []}, "platform": null, "date_added": "2020-03-19T00:00:00.000Z", "twitter_username": "Boogle_HQ", "is_hidden": 0, "date_launched": "2019-02-11T00:00:00.000Z", "contract_address": [], "self_reported_circulating_supply": NaN, "self_reported_tags": null, "self_reported_market_cap": NaN}, {"id": 9683, "name": "Booster", "symbol": "BOO", "category": "token", "description": "Booster (BOO) is a cryptocurrency launched in 2021and operates on the HECO platform. Booster has a current supply of 0. The last known price of Booster is 0.00565418 USD and is up 0.00 over the last 24 hours. More information can be found at https://www.booster.farm.", "slug": "booster", "logo": "https://s2.coinmarketcap.com/static/img/coins/64x64/9683.png", "subreddit": "", "notice": "", "tags": ["heco-ecosystem"], "tag-names": ["HECO Ecosystem"], "tag-groups": ["PLATFORM"], "urls": {"website": ["https://www.booster.farm"], "twitter": ["https://twitter.com/BoosterFarm"], "message_board": [], "chat": ["https://t.me/boosterfarm"], "facebook": [], "explorer": ["https://hecoinfo.com/token/0xff96dccf2763d512b6038dc60b7e96d1a9142507"], "reddit": [], "technical_doc": [], "source_code": [], "announcement": []}, "platform": {"id": "2502", "name": "Huobi Token", "slug": "huobi-token", "symbol": "HT", "token_address": "0xff96dccf2763d512b6038dc60b7e96d1a9142507"}, "date_added": "2021-05-11T00:00:00.000Z", "twitter_username": "BoosterFarm", "is_hidden": 0, "date_launched": "2021-04-15T00:00:00.000Z", "contract_address": [{"contract_address": "0xff96dccf2763d512b6038dc60b7e96d1a9142507", "platform": {"name": "HECO", "coin": {"id": "2502", "name": "Huobi Token", "symbol": "HT", "slug": "huobi-token"}}}], "self_reported_circulating_supply": NaN, "self_reported_tags": null, "self_reported_market_cap": NaN}]