[{"id": 7509, "name": "BoringDAO", "symbol": "BOR", "category": "token", "description": "BoringDAO (BOR) is a cryptocurrency and operates on the Ethereum platform. BoringDAO has a current supply of 200,000 with 143,641.91672746 in circulation. The last known price of BoringDAO is 24.09522801 USD and is up 0.00 over the last 24 hours. It is currently trading on 7 active market(s) with $0.00 traded over the last 24 hours. More information can be found at https://www.boringdao.com/.", "slug": "boringdao", "logo": "https://s2.coinmarketcap.com/static/img/coins/64x64/7509.png", "subreddit": "", "notice": "BoringDAO(BOR) has undergone a 1:10000 Token Split to $BORING. To read more about this, see the official post [here](https://docs.boringdao.com/tutorials/how-to-split-1-bor-into-10-000-boring).", "tags": ["defi", "polygon-ecosystem"], "tag-names": ["DeFi", "Polygon Ecosystem"], "tag-groups": ["CATEGORY", "PLATFORM"], "urls": {"website": ["https://www.boringdao.com/"], "twitter": ["https://twitter.com/TheBoringDAO"], "message_board": ["https://theboringdao.medium.com/"], "chat": ["https://t.me/boringdao_official", "https://discord.com/invite/zCQ2ddp"], "facebook": [], "explorer": ["https://etherscan.io/token/0x3c9d6c1c73b31c837832c72e04d3152f051fc1a9", "https://ethplorer.io/address/0x3c9d6c1c73b31c837832c72e04d3152f051fc1a9"], "reddit": [], "technical_doc": [], "source_code": ["https://github.com/BoringDAO"], "announcement": []}, "platform": {"id": "1027", "name": "Ethereum", "slug": "ethereum", "symbol": "ETH", "token_address": "0x3c9d6c1c73b31c837832c72e04d3152f051fc1a9"}, "date_added": "2020-10-26T00:00:00.000Z", "twitter_username": "TheBoringDAO", "is_hidden": 0, "date_launched": null, "contract_address": [{"contract_address": "0x3c9d6c1c73b31c837832c72e04d3152f051fc1a9", "platform": {"name": "Ethereum", "coin": {"id": "1027", "name": "Ethereum", "symbol": "ETH", "slug": "ethereum"}}}], "self_reported_circulating_supply": 55954, "self_reported_tags": ["Asset Management", "DeFi", "DAO", "Ethereum Ecosystem", "Yield Farming"], "self_reported_market_cap": 1348224.3883370413}]