[{"id": 8827, "name": "Boson Protocol", "symbol": "BOSON", "category": "token", "description": "Boson Protocol (BOSON) is a cryptocurrency launched in 2021and operates on the Ethereum platform. Boson Protocol has a current supply of 200,000,000 with 104,070,384.18 in circulation. The last known price of Boson Protocol is 0.18120707 USD and is down -0.43 over the last 24 hours. It is currently trading on 37 active market(s) with $845,511.48 traded over the last 24 hours. More information can be found at http://bosonprotocol.io.", "slug": "boson-protocol", "logo": "https://s2.coinmarketcap.com/static/img/coins/64x64/8827.png", "subreddit": "", "notice": "", "tags": ["marketplace", "collectibles-nfts", "e-commerce", "payments", "metaverse", "exnetwork-capital-portfolio", "play-to-earn"], "tag-names": ["Marketplace", "Collectibles & NFTs", "E-commerce", "Payments", "Metaverse", "Exnetwork Capital Portfolio", "Play To Earn"], "tag-groups": ["INDUSTRY", "CATEGORY", "INDUSTRY", "INDUSTRY", "CATEGORY", "CATEGORY", "CATEGORY"], "urls": {"website": ["http://bosonprotocol.io"], "twitter": ["https://twitter.com/BosonProtocol"], "message_board": ["https://medium.com/bosonprotocol"], "chat": ["https://t.me/bosonprotocol"], "facebook": [], "explorer": ["https://etherscan.io/token/0xC477D038d5420C6A9e0b031712f61c5120090de9"], "reddit": [], "technical_doc": ["https://docsend.com/view/p7g9u8d8wiwnf9jn"], "source_code": ["https://github.com/bosonprotocol"], "announcement": []}, "platform": {"id": "1027", "name": "Ethereum", "slug": "ethereum", "symbol": "ETH", "token_address": "0xC477D038d5420C6A9e0b031712f61c5120090de9"}, "date_added": "2021-03-16T00:00:00.000Z", "twitter_username": "BosonProtocol", "is_hidden": 0, "date_launched": "2021-04-14T00:00:00.000Z", "contract_address": [{"contract_address": "0xC477D038d5420C6A9e0b031712f61c5120090de9", "platform": {"name": "Ethereum", "coin": {"id": "1027", "name": "Ethereum", "symbol": "ETH", "slug": "ethereum"}}}], "self_reported_circulating_supply": null, "self_reported_tags": null, "self_reported_market_cap": null}]