[{"id": 16238, "name": "BOT", "symbol": "BOT", "category": "token", "description": "BOT (BOT) is a cryptocurrency launched in 2022and operates on the BNB Smart Chain (BEP20) platform. BOT has a current supply of 991,207,402 with 0 in circulation. The last known price of BOT is 0.00300809 USD and is down -1.00 over the last 24 hours. It is currently trading on 4 active market(s) with $1,129.10 traded over the last 24 hours. More information can be found at https://botpla.net/.", "slug": "bot-planet", "logo": "https://s2.coinmarketcap.com/static/img/coins/64x64/16238.png", "subreddit": "", "notice": "", "tags": null, "tag-names": null, "tag-groups": null, "urls": {"website": ["https://botpla.net/"], "twitter": ["https://twitter.com/BotPlanet_"], "message_board": ["https://botplanet.medium.com/"], "chat": ["https://t.me/botplanetglobal", "https://discord.com/invite/botplanet"], "facebook": [], "explorer": ["https://bscscan.com/token/0x1ab7e7deda201e5ea820f6c02c65fce7ec6bed32"], "reddit": [], "technical_doc": ["https://www.botpla.net/wp-content/uploads/2022/02/White-Paper.pdf"], "source_code": ["https://github.com/BOTDeFi"], "announcement": ["https://bitcointalk.org/index.php?topic=5357949.msg57845384#msg57845384"]}, "platform": {"id": "1839", "name": "BNB", "slug": "bnb", "symbol": "BNB", "token_address": "0x1Ab7E7DEdA201E5Ea820F6C02C65Fce7ec6bEd32"}, "date_added": "2021-12-20T01:51:12.000Z", "twitter_username": "BotPlanet_", "is_hidden": 0, "date_launched": "2022-03-28T00:00:00.000Z", "contract_address": [{"contract_address": "0x1Ab7E7DEdA201E5Ea820F6C02C65Fce7ec6bEd32", "platform": {"name": "BNB Smart Chain (BEP20)", "coin": {"id": "1839", "name": "BNB", "symbol": "BNB", "slug": "bnb"}}}], "self_reported_circulating_supply": 70453464.0, "self_reported_tags": ["Platform", "Collectibles & NFTs", "Decentralized Exchange (DEX) Token", "DeFi", "Staking", "Wallet"], "self_reported_market_cap": 212070.90677441447}, {"id": 16262, "name": "Starbots", "symbol": "BOT", "category": "token", "description": "Starbots (BOT) is a cryptocurrency launched in 2022and operates on the BNB Smart Chain (BEP20) platform. Starbots has a current supply of 200,000,000 with 0 in circulation. The last known price of Starbots is 0.00750402 USD and is down -3.53 over the last 24 hours. It is currently trading on 4 active market(s) with $81.79 traded over the last 24 hours. More information can be found at https://starbots.net/.", "slug": "starbots", "logo": "https://s2.coinmarketcap.com/static/img/coins/64x64/16262.png", "subreddit": "", "notice": "", "tags": ["collectibles-nfts", "gaming", "governance", "solana-ecosystem", "play-to-earn", "okex-blockdream-ventures-portfolio", "solrazr-launchpad"], "tag-names": ["Collectibles & NFTs", "Gaming", "Governance", "Solana Ecosystem", "Play To Earn", "OKEx Blockdream Ventures Portfolio", "SolRazr"], "tag-groups": ["CATEGORY", "INDUSTRY", "CATEGORY", "PLATFORM", "CATEGORY", "CATEGORY", "CATEGORY"], "urls": {"website": ["https://starbots.net/"], "twitter": ["https://twitter.com/Starbots_game"], "message_board": ["https://medium.com/@starbots_game"], "chat": ["https://t.me/starbotsofficial", "https://discord.com/invite/arCt64m2ms"], "facebook": [], "explorer": ["https://solscan.io/token/AkhdZGVbJXPuQZ53u2LrimCjkRP6ZyxG1SoM85T98eE1"], "reddit": [], "technical_doc": ["https://whitepaper.starbots.net"], "source_code": ["https://github.com/StarBots-NFT"], "announcement": []}, "platform": {"id": "1839", "name": "BNB", "slug": "bnb", "symbol": "BNB", "token_address": "0xdbccd9131405dd1fe7320090af337952b9845dfa"}, "date_added": "2021-12-20T07:12:33.000Z", "twitter_username": "Starbots_game", "is_hidden": 0, "date_launched": "2022-01-11T00:00:00.000Z", "contract_address": [{"contract_address": "0xdbccd9131405dd1fe7320090af337952b9845dfa", "platform": {"name": "BNB Smart Chain (BEP20)", "coin": {"id": "1839", "name": "BNB", "symbol": "BNB", "slug": "bnb"}}}, {"contract_address": "AkhdZGVbJXPuQZ53u2LrimCjkRP6ZyxG1SoM85T98eE1", "platform": {"name": "Solana", "coin": {"id": "5426", "name": "Solana", "symbol": "SOL", "slug": "solana"}}}], "self_reported_circulating_supply": 28424219.528226227, "self_reported_tags": ["Collectibles & NFTs", "Gaming", "Solana Ecosystem"], "self_reported_market_cap": 213464.02536727776}, {"id": 1055, "name": "Botcoin", "symbol": "BOT", "category": "coin", "description": "Botcoin (BOT) is a cryptocurrency . Botcoin has a current supply of 44,707.82280385. The last known price of Botcoin is 0.00041818 USD and is up 0.00 over the last 24 hours.", "slug": "botcoin", "logo": "https://s2.coinmarketcap.com/static/img/coins/64x64/1055.png", "subreddit": "", "notice": "", "tags": null, "tag-names": null, "tag-groups": null, "urls": {"website": [], "twitter": [], "message_board": [], "chat": [], "facebook": [], "explorer": ["https://chainz.cryptoid.info/bot/"], "reddit": [], "technical_doc": [], "source_code": [], "announcement": ["https://bitcointalk.org/index.php?topic=1167349.0"]}, "platform": null, "date_added": "2015-09-08T00:00:00.000Z", "twitter_username": "", "is_hidden": 0, "date_launched": null, "contract_address": [], "self_reported_circulating_supply": NaN, "self_reported_tags": null, "self_reported_market_cap": NaN}, {"id": 2211, "name": "Bodhi", "symbol": "BOT", "category": "token", "description": "Bodhi (BOT) is a cryptocurrency . Bodhi has a current supply of 100,000,000 with 40,000,000 in circulation. The last known price of Bodhi is 0.04188161 USD and is down -10.15 over the last 24 hours. More information can be found at http://www.bodhi.network/.", "slug": "bodhi", "logo": "https://s2.coinmarketcap.com/static/img/coins/64x64/2211.png", "subreddit": "", "notice": "", "tags": ["marketplace", "prediction-markets"], "tag-names": ["Marketplace", "Prediction Markets"], "tag-groups": ["INDUSTRY", "CATEGORY"], "urls": {"website": ["http://www.bodhi.network/"], "twitter": ["https://twitter.com/bodhitoken"], "message_board": [], "chat": ["http://t.me/bodhifoundation"], "facebook": [], "explorer": ["https://explorer.qtum.org/token/6b8bf98ff497c064e8f0bde13e0c4f5ed5bf8ce7", "https://qtumexplorer.io/contract/6b8bf98ff497c064e8f0bde13e0c4f5ed5bf8ce7"], "reddit": [], "technical_doc": ["http://www.bodhi.network/file/whitepaper/Bodhi_English_White_Paper.pdf"], "source_code": ["https://github.com/bodhiproject/"], "announcement": []}, "platform": null, "date_added": "2017-11-20T00:00:00.000Z", "twitter_username": "bodhitoken", "is_hidden": 0, "date_launched": null, "contract_address": [], "self_reported_circulating_supply": NaN, "self_reported_tags": null, "self_reported_market_cap": NaN}, {"id": 6365, "name": "Bounce Token (OLD)", "symbol": "BOT", "category": "token", "description": "Bounce Token (OLD) (BOT) is a cryptocurrency and operates on the Ethereum platform. Bounce Token (OLD) has a current supply of 76,716.17434915 with 12,256.74407996 in circulation. The last known price of Bounce Token (OLD) is 2,723.92494846 USD and is down -22.95 over the last 24 hours. More information can be found at https://bounce.finance/.", "slug": "bounce-token-old", "logo": "https://s2.coinmarketcap.com/static/img/coins/64x64/6365.png", "subreddit": "", "notice": "Bounce.Finance BOT token is undergoing a Migration to [AUCTION](https://coinmarketcap.com/currencies/bounce-token/) (from 0x5beabaebb3146685dd74176f68a0721f91297d37 to 0xa9b1eb5908cfc3cdf91f9b8b3a74108598009096). For more information, please refer to the [official announcement](https://bouncefinance.medium.com/bounce-token-migration-has-started-important-notice-af3dd7a41e05).", "tags": ["decentralized-exchange-dex-token", "defi", "bnb-chain"], "tag-names": ["Decentralized Exchange (DEX) Token", "DeFi", "BNB Chain"], "tag-groups": ["CATEGORY", "CATEGORY", "PLATFORM"], "urls": {"website": ["https://bounce.finance/"], "twitter": ["https://twitter.com/bounce_finance"], "message_board": ["https://medium.com/@bouncefinance"], "chat": [], "facebook": [], "explorer": ["https://etherscan.io/token/0x5beabaebb3146685dd74176f68a0721f91297d37", "https://ethplorer.io/address/0x5beabaebb3146685dd74176f68a0721f91297d37", "https://bscscan.com/token/0x48DC0190dF5ece990c649A7A07bA19D3650a9572"], "reddit": [], "technical_doc": [], "source_code": [], "announcement": []}, "platform": {"id": "1027", "name": "Ethereum", "slug": "ethereum", "symbol": "ETH", "token_address": "0x5beabaebb3146685dd74176f68a0721f91297d37"}, "date_added": "2020-08-07T00:00:00.000Z", "twitter_username": "bounce_finance", "is_hidden": 0, "date_launched": null, "contract_address": [{"contract_address": "0x5beabaebb3146685dd74176f68a0721f91297d37", "platform": {"name": "Ethereum", "coin": {"id": "1027", "name": "Ethereum", "symbol": "ETH", "slug": "ethereum"}}}], "self_reported_circulating_supply": NaN, "self_reported_tags": null, "self_reported_market_cap": NaN}]