[{"id": 13522, "name": "Bouje Token", "symbol": "BOUJE", "category": "token", "description": "Bouje Token (BOUJE) is a cryptocurrency and operates on the Fantom platform. Bouje Token has a current supply of 480 with 0 in circulation. The last known price of Bouje Token is 0.02591611 USD and is down -0.29 over the last 24 hours. More information can be found at https://bouje.finance.", "slug": "bouje-token", "logo": "https://s2.coinmarketcap.com/static/img/coins/64x64/13522.png", "subreddit": "", "notice": "", "tags": ["fantom-ecosystem"], "tag-names": ["Fantom Ecosystem"], "tag-groups": ["PLATFORM"], "urls": {"website": ["https://bouje.finance"], "twitter": ["https://twitter.com/BoujeFinance"], "message_board": [], "chat": ["https://t.me/boujefinance"], "facebook": [], "explorer": ["https://ftmscan.com/token/0x37F70aa9fEfc8971117BD53A1Ddc2372aa7Eec41"], "reddit": [], "technical_doc": [], "source_code": ["https://github.com/BoujeFi"], "announcement": []}, "platform": {"id": "3513", "name": "Fantom", "slug": "fantom", "symbol": "FTM", "token_address": "0x37F70aa9fEfc8971117BD53A1Ddc2372aa7Eec41"}, "date_added": "2021-10-29T04:07:29.000Z", "twitter_username": "BoujeFinance", "is_hidden": 0, "date_launched": null, "contract_address": [{"contract_address": "0x37F70aa9fEfc8971117BD53A1Ddc2372aa7Eec41", "platform": {"name": "Fantom", "coin": {"id": "3513", "name": "Fantom", "symbol": "FTM", "slug": "fantom"}}}], "self_reported_circulating_supply": null, "self_reported_tags": null, "self_reported_market_cap": null}]