[{"id": 18982, "name": "Bountie Hunter", "symbol": "BOUNTIE", "category": "token", "description": "Bountie Hunter (BOUNTIE) is a cryptocurrency launched in 2022and operates on the BNB Smart Chain (BEP20) platform. Bountie Hunter has a current supply of 500,000,000 with 0 in circulation. The last known price of Bountie Hunter is 0.0002124 USD and is down -0.87 over the last 24 hours. It is currently trading on 3 active market(s) with $46.67 traded over the last 24 hours. More information can be found at https://bountiehunter.io/.", "slug": "bountie", "logo": "https://s2.coinmarketcap.com/static/img/coins/64x64/18982.png", "subreddit": "", "notice": "", "tags": ["collectibles-nfts", "gaming", "binance-smart-chain", "bullperks-launchpad"], "tag-names": ["Collectibles & NFTs", "Gaming", "BNB Smart Chain", "BullPerks Launchpad"], "tag-groups": ["CATEGORY", "INDUSTRY", "PLATFORM", "CATEGORY"], "urls": {"website": ["https://bountiehunter.io/"], "twitter": ["https://twitter.com/bountie_hunter"], "message_board": ["https://medium.com/@bountiehunter.io"], "chat": ["https://t.me/bountiehunterofficial"], "facebook": ["https://www.facebook.com/bountiehunter.io"], "explorer": ["https://bscscan.com/token/0x00f80a8f39bb4D04a3038C497E3642bf1B0A304e"], "reddit": [], "technical_doc": ["https://bountie.notion.site/bountie/Bountie-Hunter-Official-Wiki-7fb09ba88a524392aa8a7d1409375647"], "source_code": [], "announcement": ["https://t.me/BountieHunter"]}, "platform": {"id": "1839", "name": "BNB", "slug": "bnb", "symbol": "BNB", "token_address": "0x00f80a8f39bb4D04a3038C497E3642bf1B0A304e"}, "date_added": "2022-03-22T06:19:57.000Z", "twitter_username": "bountie_hunter", "is_hidden": 0, "date_launched": "2022-04-08T00:00:00.000Z", "contract_address": [{"contract_address": "0x00f80a8f39bb4D04a3038C497E3642bf1B0A304e", "platform": {"name": "BNB Smart Chain (BEP20)", "coin": {"id": "1839", "name": "BNB", "symbol": "BNB", "slug": "bnb"}}}], "self_reported_circulating_supply": 6105729.03, "self_reported_tags": ["Marketing", "Marketplace", "Platform", "Gaming", "Entertainment", "Staking", "DApp", "Yield Farming", "BNB Smart Chain", "Launchpad", "Play To Earn", "Web3", "Token", "BullPerks Launchpad", "Gaming Guild", "Oxbull", "Kommunitas Launchpad"], "self_reported_market_cap": 1300.008203133975}]