[{"id": 1494, "name": "Bitpark Coin", "symbol": "BPC", "category": "token", "description": "Bitpark Coin (BPC) is a cryptocurrency and operates on the Ethereum platform. Bitpark Coin has a current supply of 100,000,000 with 75,000,000 in circulation. The last known price of Bitpark Coin is 0.0084062 USD and is up 0.00 over the last 24 hours. More information can be found at https://bitpark.net/.", "slug": "bitpark-coin", "logo": "https://s2.coinmarketcap.com/static/img/coins/64x64/1494.png", "subreddit": "", "notice": "", "tags": null, "tag-names": null, "tag-groups": null, "urls": {"website": ["https://bitpark.net/"], "twitter": ["https://twitter.com/BITPARK_"], "message_board": [], "chat": [], "facebook": [], "explorer": ["https://etherscan.io/token/0xf3d29fb98d2dc5e78c87198deef99377345fd6f1"], "reddit": [], "technical_doc": ["https://bitpark.net/BITPARK_whitepaper1.2.pdf"], "source_code": [], "announcement": ["https://bitcointalk.org/index.php?topic=1575177.0"]}, "platform": {"id": "1027", "name": "Ethereum", "slug": "ethereum", "symbol": "ETH", "token_address": "0xf3d29fb98d2dc5e78c87198deef99377345fd6f1"}, "date_added": "2016-12-30T00:00:00.000Z", "twitter_username": "BITPARK_", "is_hidden": 0, "date_launched": null, "contract_address": [{"contract_address": "0xf3d29fb98d2dc5e78c87198deef99377345fd6f1", "platform": {"name": "Ethereum", "coin": {"id": "1027", "name": "Ethereum", "symbol": "ETH", "slug": "ethereum"}}}], "self_reported_circulating_supply": null, "self_reported_tags": null, "self_reported_market_cap": null}, {"id": 5641, "name": "BackPacker Coin", "symbol": "BPC", "category": "coin", "description": "BackPacker Coin (BPC) is a cryptocurrency launched in 2019. BackPacker Coin has a current supply of 7,178,286.25. The last known price of BackPacker Coin is 0.00187723 USD and is down -15.93 over the last 24 hours. More information can be found at https://backpackercoin.com/.", "slug": "backpacker-coin", "logo": "https://s2.coinmarketcap.com/static/img/coins/64x64/5641.png", "subreddit": "", "notice": "", "tags": ["tourism"], "tag-names": ["Tourism"], "tag-groups": ["CATEGORY"], "urls": {"website": ["https://backpackercoin.com/"], "twitter": ["https://twitter.com/BACKPACKERCOIN2"], "message_board": ["https://medium.com/@backpackercoin.marketing", "https://backpackercoin.com/blog"], "chat": [], "facebook": [], "explorer": ["https://bpcexplorer.com/"], "reddit": [], "technical_doc": ["https://backpackercoin.com/images/White_Paper.pdf"], "source_code": ["https://github.com/backpackercoin577/backpackercoin"], "announcement": []}, "platform": null, "date_added": "2020-05-28T00:00:00.000Z", "twitter_username": "BACKPACKERCOIN2", "is_hidden": 0, "date_launched": "2019-07-07T00:00:00.000Z", "contract_address": [], "self_reported_circulating_supply": null, "self_reported_tags": null, "self_reported_market_cap": null}]