[{"id": 14591, "name": "Brinc.fi", "symbol": "BRC", "category": "token", "description": "Brinc.fi (BRC) is a cryptocurrency launched in 2020and operates on the Arbitrum platform. Brinc.fi has a current supply of 6,189,391 with 0 in circulation. The last known price of Brinc.fi is 0.0582438 USD and is up 16.09 over the last 24 hours. It is currently trading on 8 active market(s) with $77.66 traded over the last 24 hours. More information can be found at https://brinc.fi.", "slug": "brinc-fi", "logo": "https://s2.coinmarketcap.com/static/img/coins/64x64/14591.png", "subreddit": "BrincFi", "notice": "", "tags": ["layer-2", "arbitrum-ecosytem", "defi-2"], "tag-names": ["Layer 2", "Arbitrum Ecosystem", "DeFi 2.0"], "tag-groups": ["CATEGORY", "PLATFORM", "CATEGORY"], "urls": {"website": ["https://brinc.fi"], "twitter": ["https://twitter.com/BrincFi"], "message_board": [], "chat": ["https://discord.gg/HhNnFtbH", "https://t.me/BrincFi"], "facebook": [], "explorer": ["https://arbiscan.io/token/0xB5de3f06aF62D8428a8BF7b4400Ea42aD2E0bc53"], "reddit": ["https://reddit.com/r/BrincFi"], "technical_doc": ["https://app.gitbook.com/o/-MYzx0Id3L2CDGWkBCQr/s/-MYzxBgC-MEgJqdVa0vs/"], "source_code": ["https://github.com/brinc-finance"], "announcement": []}, "platform": null, "date_added": "2021-11-16T05:43:53.000Z", "twitter_username": "BrincFi", "is_hidden": 0, "date_launched": "2020-07-20T00:00:00.000Z", "contract_address": [], "self_reported_circulating_supply": 6189391.0, "self_reported_tags": ["DAO", "DApp", "DeFi", "Stablecoin", "Staking", "Layer 2"], "self_reported_market_cap": 360366.7613173075}, {"id": 1003, "name": "Biebercoin", "symbol": "BRC", "category": "coin", "description": "Biebercoin (BRC) is a cryptocurrency . Users are able to generate BRC through the process of mining. Biebercoin has a current supply of 0. The last known price of Biebercoin is 0.00001148 USD and is up 0.00 over the last 24 hours.", "slug": "biebercoin", "logo": "https://s2.coinmarketcap.com/static/img/coins/64x64/1003.png", "subreddit": "", "notice": "", "tags": ["mineable"], "tag-names": ["Mineable"], "tag-groups": ["OTHERS"], "urls": {"website": [], "twitter": [], "message_board": [], "chat": [], "facebook": [], "explorer": [], "reddit": [], "technical_doc": [], "source_code": [], "announcement": ["https://bitcointalk.org/index.php?topic=636530.0"]}, "platform": null, "date_added": "2015-07-21T00:00:00.000Z", "twitter_username": "", "is_hidden": 0, "date_launched": null, "contract_address": [], "self_reported_circulating_supply": NaN, "self_reported_tags": null, "self_reported_market_cap": NaN}, {"id": 3653, "name": "Baer Chain", "symbol": "BRC", "category": "coin", "description": "Baer Chain (BRC) is a cryptocurrency . Baer Chain has a current supply of 580,000,000 with 0 in circulation. The last known price of Baer Chain is 0.01852018 USD and is up -0.00 over the last 24 hours. More information can be found at https://baerchain.com/.", "slug": "baer-chain", "logo": "https://s2.coinmarketcap.com/static/img/coins/64x64/3653.png", "subreddit": "", "notice": "", "tags": null, "tag-names": null, "tag-groups": null, "urls": {"website": ["https://baerchain.com/"], "twitter": ["https://twitter.com/BaerChain"], "message_board": [], "chat": ["https://0.plus/#/BaerChainCN"], "facebook": [], "explorer": ["http://baerscan.io/#"], "reddit": [], "technical_doc": ["https://baerchain.com/statics/BaerChainWhitePaper1.2_1.pdf"], "source_code": [], "announcement": []}, "platform": null, "date_added": "2018-12-28T00:00:00.000Z", "twitter_username": "BaerChain", "is_hidden": 0, "date_launched": null, "contract_address": [], "self_reported_circulating_supply": NaN, "self_reported_tags": null, "self_reported_market_cap": NaN}, {"id": 4729, "name": "Bryllite", "symbol": "BRC", "category": "token", "description": "Bryllite describes itself as a global blockchain game ecosystem. Bryllite's platform provides a system that stores information, gaming logs, and game assets of users securely in a decentralized distributed network, enabling users to trade game assets.", "slug": "bryllite", "logo": "https://s2.coinmarketcap.com/static/img/coins/64x64/4729.png", "subreddit": "", "notice": "", "tags": null, "tag-names": null, "tag-groups": null, "urls": {"website": ["https://www.bryllite.com/en/"], "twitter": ["https://twitter.com/Bryllite_"], "message_board": [], "chat": ["https://t.me/joinchat/EotoXg7zXJfjfgPWCyTN8g"], "facebook": [], "explorer": ["https://etherscan.io/token/0x8f7a9b503aa7f9255368bd34d01aea2b502164c2", "https://ethplorer.io/address/0x8f7a9b503aa7f9255368bd34d01aea2b502164c2"], "reddit": [], "technical_doc": ["https://www.bryllite.com/common/doc/whitePaper_en.pdf?ver=1569855649"], "source_code": ["https://github.com/bryllite"], "announcement": ["https://bitcointalk.org/index.php?topic=3238347.0"]}, "platform": {"id": "1027", "name": "Ethereum", "slug": "ethereum", "symbol": "ETH", "token_address": "0x8f7a9b503aa7f9255368bd34d01aea2b502164c2"}, "date_added": "2019-10-01T00:00:00.000Z", "twitter_username": "Bryllite_", "is_hidden": 0, "date_launched": "2018-03-01T00:00:00.000Z", "contract_address": [{"contract_address": "0x8f7a9b503aa7f9255368bd34d01aea2b502164c2", "platform": {"name": "Ethereum", "coin": {"id": "1027", "name": "Ethereum", "symbol": "ETH", "slug": "ethereum"}}}], "self_reported_circulating_supply": NaN, "self_reported_tags": null, "self_reported_market_cap": NaN}, {"id": 20424, "name": "BridgeCoin", "symbol": "BRC", "category": "token", "description": "BridgeCoin (BRC) is a cryptocurrency launched in 2022and operates on the Ethereum platform. BridgeCoin has a current supply of 200,000,000,000 with 0 in circulation. The last known price of BridgeCoin is 0.00000029 USD and is up 0.00 over the last 24 hours. More information can be found at https://bridgecoin.pro/.", "slug": "bridge-coin", "logo": "https://s2.coinmarketcap.com/static/img/coins/64x64/20424.png", "subreddit": "", "notice": "", "tags": null, "tag-names": null, "tag-groups": null, "urls": {"website": ["https://bridgecoin.pro/"], "twitter": ["https://twitter.com/BRCoinfinance"], "message_board": [], "chat": ["https://t.me/BridgeCoin_Official", "https://discord.com/invite/DmsPHTWdEQ\r\nhttps://www.instagram.com/accounts/login/?next=/bridgecoin/"], "facebook": [], "explorer": ["https://etherscan.io/address/0x11C49E5cA7222f89909A6Ec42D81Eb6b2Af5ff40"], "reddit": [], "technical_doc": ["https://bridgecoin.pro/Bridge-zh.pdf"], "source_code": ["https://www.certik.com/projects/bridgecoin"], "announcement": []}, "platform": {"id": "1027", "name": "Ethereum", "slug": "ethereum", "symbol": "ETH", "token_address": "0x11C49E5cA7222f89909A6Ec42D81Eb6b2Af5ff40"}, "date_added": "2022-06-01T21:46:24.000Z", "twitter_username": "BRCoinfinance", "is_hidden": 0, "date_launched": "2022-05-24T00:00:00.000Z", "contract_address": [{"contract_address": "0x11C49E5cA7222f89909A6Ec42D81Eb6b2Af5ff40", "platform": {"name": "Ethereum", "coin": {"id": "1027", "name": "Ethereum", "symbol": "ETH", "slug": "ethereum"}}}], "self_reported_circulating_supply": NaN, "self_reported_tags": null, "self_reported_market_cap": NaN}]