[{"id": 2306, "name": "Bread", "symbol": "BRD", "category": "token", "description": "Bread (BRD) is a cryptocurrency and operates on the Ethereum platform. Bread has a current supply of 88,862,718. The last known price of Bread is 0.00464471 USD and is down -1.66 over the last 24 hours. It is currently trading on 12 active market(s) with $8.07 traded over the last 24 hours. More information can be found at https://BRD.com .", "slug": "bread", "logo": "https://s2.coinmarketcap.com/static/img/coins/64x64/2306.png", "subreddit": "BRDapp", "notice": "", "tags": ["services", "wallet", "binance-launchpad", "kenetic-capital-portfolio"], "tag-names": ["Services", "Wallet", "Binance Launchpad", "Kenetic Capital Portfolio"], "tag-groups": ["INDUSTRY", "CATEGORY", "CATEGORY", "CATEGORY"], "urls": {"website": ["https://BRD.com "], "twitter": ["https://twitter.com/BRDHQ"], "message_board": [], "chat": ["https://t.me/breadchat"], "facebook": [], "explorer": ["https://etherscan.io/token/0x558ec3152e2eb2174905cd19aea4e34a23de9ad6", "https://ethplorer.io/address/0x558ec3152e2eb2174905cd19aea4e34a23de9ad6"], "reddit": ["https://reddit.com/r/BRDapp"], "technical_doc": ["https://token.breadapp.com/en/#white-paper"], "source_code": [], "announcement": []}, "platform": {"id": "1027", "name": "Ethereum", "slug": "ethereum", "symbol": "ETH", "token_address": "0x558ec3152e2eb2174905cd19aea4e34a23de9ad6"}, "date_added": "2017-12-24T00:00:00.000Z", "twitter_username": "BRDHQ", "is_hidden": 0, "date_launched": null, "contract_address": [{"contract_address": "0x558ec3152e2eb2174905cd19aea4e34a23de9ad6", "platform": {"name": "Ethereum", "coin": {"id": "1027", "name": "Ethereum", "symbol": "ETH", "slug": "ethereum"}}}], "self_reported_circulating_supply": null, "self_reported_tags": null, "self_reported_market_cap": null}]