[{"id": 19663, "name": "Octus Bridge", "symbol": "BRIDGE", "category": "token", "description": "Octus Bridge (BRIDGE) is a cryptocurrency launched in 2021and operates on the Everscale platform. Octus Bridge has a current supply of 13,984,347 with 0 in circulation. The last known price of Octus Bridge is 0.51156412 USD and is up 0.08 over the last 24 hours. It is currently trading on 1 active market(s) with $2,227.20 traded over the last 24 hours. More information can be found at https://octusbridge.io/.", "slug": "octus-bridge", "logo": "https://s2.coinmarketcap.com/static/img/coins/64x64/19663.png", "subreddit": "", "notice": "", "tags": ["everscale-ecosystem"], "tag-names": ["Everscale Ecosystem"], "tag-groups": ["CATEGORY"], "urls": {"website": ["https://octusbridge.io/"], "twitter": ["https://twitter.com/OctusBridge"], "message_board": ["https://octusbridge.medium.com/"], "chat": ["https://t.me/OctusBridge", "https://discord.com/invite/6dryaZQNmC"], "facebook": [], "explorer": [], "reddit": [], "technical_doc": ["https://docs.octusbridge.io/"], "source_code": ["https://github.com/broxus/octusbridge-contracts"], "announcement": ["https://twitter.com/OctusBridge"]}, "platform": {"id": "7505", "name": "Everscale", "slug": "everscale", "symbol": "EVER", "token_address": "0:f2679d80b682974e065e03bf42bbee285ce7c587eb153b41d761ebfd954c45e1"}, "date_added": "2022-04-21T04:34:24.000Z", "twitter_username": "OctusBridge", "is_hidden": 0, "date_launched": "2021-02-15T00:00:00.000Z", "contract_address": [{"contract_address": "0:f2679d80b682974e065e03bf42bbee285ce7c587eb153b41d761ebfd954c45e1", "platform": {"name": "Everscale", "coin": {"id": "7505", "name": "Everscale", "symbol": "EVER", "slug": "everscale"}}}], "self_reported_circulating_supply": 4263717.0, "self_reported_tags": null, "self_reported_market_cap": 2181164.650182263}, {"id": 14399, "name": "Cross-Chain Bridge Token", "symbol": "BRIDGE", "category": "token", "description": "Cross-Chain Bridge Token (BRIDGE) is a cryptocurrency and operates on the Ethereum platform. Cross-Chain Bridge Token has a current supply of 53,012,841.25744893 with 0 in circulation. The last known price of Cross-Chain Bridge Token is 0.00628927 USD and is down -7.29 over the last 24 hours. It is currently trading on 9 active market(s) with $657.88 traded over the last 24 hours. More information can be found at https://crosschainbridge.org/.", "slug": "cross-chain-bridge-token", "logo": "https://s2.coinmarketcap.com/static/img/coins/64x64/14399.png", "subreddit": "", "notice": "", "tags": null, "tag-names": null, "tag-groups": null, "urls": {"website": ["https://crosschainbridge.org/", "https://tixl.org"], "twitter": ["https://twitter.com/CCB_Bridge"], "message_board": ["https://crosschainbridge.medium.com/"], "chat": ["https://discord.com/invite/5gMJpWQfSX", "https://discord.com/invite/5gMJpWQfSX"], "facebook": [], "explorer": ["https://etherscan.io/token/0x92868a5255c628da08f550a858a802f5351c5223", "https://bscscan.com/token/0x92868a5255c628da08f550a858a802f5351c5223", "https://polygonscan.com/token/0x92868a5255c628da08f550a858a802f5351c5223", "https://snowtrace.io/token/0xc0367f9b1f84ca8de127226ac2a994ea4bf1e41b", "https://ftmscan.com/token/0x92868a5255c628da08f550a858a802f5351c5223"], "reddit": [], "technical_doc": ["https://docs.crosschainbridge.org"], "source_code": ["https://github.com/crosschainbridge"], "announcement": []}, "platform": {"id": "1027", "name": "Ethereum", "slug": "ethereum", "symbol": "ETH", "token_address": "0x92868a5255c628da08f550a858a802f5351c5223"}, "date_added": "2021-11-12T06:44:22.000Z", "twitter_username": "CCB_Bridge", "is_hidden": 0, "date_launched": null, "contract_address": [{"contract_address": "0x92868a5255c628da08f550a858a802f5351c5223", "platform": {"name": "Ethereum", "coin": {"id": "1027", "name": "Ethereum", "symbol": "ETH", "slug": "ethereum"}}}, {"contract_address": "0x92868a5255c628da08f550a858a802f5351c5223", "platform": {"name": "BNB Smart Chain (BEP20)", "coin": {"id": "1839", "name": "BNB", "symbol": "BNB", "slug": "bnb"}}}, {"contract_address": "0x92868a5255c628da08f550a858a802f5351c5223", "platform": {"name": "Fantom", "coin": {"id": "3513", "name": "Fantom", "symbol": "FTM", "slug": "fantom"}}}, {"contract_address": "0x92868a5255c628da08f550a858a802f5351c5223", "platform": {"name": "Polygon", "coin": {"id": "3890", "name": "Polygon", "symbol": "MATIC", "slug": "polygon"}}}, {"contract_address": "0xC0367f9b1f84Ca8DE127226AC2A994EA4bf1e41b", "platform": {"name": "Avalanche C-Chain", "coin": {"id": "5805", "name": "Avalanche", "symbol": "AVAX", "slug": "avalanche"}}}], "self_reported_circulating_supply": 53012841.257448934, "self_reported_tags": ["DeFi", "Interoperability", "Staking", "Ethereum Ecosystem", "Yield Farming", "BNB Smart Chain", "Avalanche Ecosystem", "Polygon Ecosystem", "Fantom Ecosystem", "DeFi 2.0"], "self_reported_market_cap": 334388.5707005491}]