[{"id": 11962, "name": "Bright Token", "symbol": "BRIGHT", "category": "token", "description": "Bright Token (BRIGHT) is a cryptocurrency and operates on the Ethereum platform. Bright Token has a current supply of 25,000,000 with 0 in circulation. The last known price of Bright Token is 0.18809616 USD and is up -0.00 over the last 24 hours. It is currently trading on 7 active market(s) with $0.00 traded over the last 24 hours. More information can be found at https://www.brightid.org/.", "slug": "bright-token", "logo": "https://s2.coinmarketcap.com/static/img/coins/64x64/11962.png", "subreddit": "", "notice": "", "tags": null, "tag-names": null, "tag-groups": null, "urls": {"website": ["https://www.brightid.org/"], "twitter": ["https://twitter.com/BrightIDProject"], "message_board": [], "chat": ["https://t.me/brightidofficial", "https://discord.com/invite/nTtuB2M"], "facebook": [], "explorer": ["https://etherscan.io/token/0x5dd57da40e6866c9fcc34f4b6ddc89f1ba740dfe", "https://ethplorer.io/address/0x5dd57da40e6866c9fcc34f4b6ddc89f1ba740dfe"], "reddit": [], "technical_doc": [], "source_code": [], "announcement": []}, "platform": {"id": "1027", "name": "Ethereum", "slug": "ethereum", "symbol": "ETH", "token_address": "0x5dd57da40e6866c9fcc34f4b6ddc89f1ba740dfe"}, "date_added": "2021-09-18T17:01:24.000Z", "twitter_username": "BrightIDProject", "is_hidden": 0, "date_launched": null, "contract_address": [{"contract_address": "0x5dd57da40e6866c9fcc34f4b6ddc89f1ba740dfe", "platform": {"name": "Ethereum", "coin": {"id": "1027", "name": "Ethereum", "symbol": "ETH", "slug": "ethereum"}}}], "self_reported_circulating_supply": NaN, "self_reported_tags": null, "self_reported_market_cap": NaN}, {"id": 11193, "name": "Bright Union", "symbol": "BRIGHT", "category": "token", "description": "Bright Union (BRIGHT) is a cryptocurrency launched in 2021and operates on the Ethereum platform. Bright Union has a current supply of 0. The last known price of Bright Union is 0.01022943 USD and is up 0.00 over the last 24 hours. More information can be found at https://brightunion.io/.", "slug": "bright-union", "logo": "https://s2.coinmarketcap.com/static/img/coins/64x64/11193.png", "subreddit": "", "notice": "", "tags": ["insurance"], "tag-names": ["Insurance"], "tag-groups": ["INDUSTRY"], "urls": {"website": ["https://brightunion.io/"], "twitter": ["https://twitter.com/bright_union"], "message_board": ["https://brightunion.medium.com/"], "chat": ["https://t.me/brightunion"], "facebook": [], "explorer": ["https://etherscan.io/token/0xbeab712832112bd7664226db7cd025b153d3af55"], "reddit": [], "technical_doc": ["https://brightunion.io/documents/Bright%20Union%20Litepaper.pdf"], "source_code": ["https://github.com/Bright-Union/"], "announcement": ["https://icodrops.com/bright-union/"]}, "platform": {"id": "1027", "name": "Ethereum", "slug": "ethereum", "symbol": "ETH", "token_address": "0xbeab712832112bd7664226db7cd025b153d3af55"}, "date_added": "2021-08-09T00:00:00.000Z", "twitter_username": "bright_union", "is_hidden": 0, "date_launched": "2021-08-04T00:00:00.000Z", "contract_address": [{"contract_address": "0xbeab712832112bd7664226db7cd025b153d3af55", "platform": {"name": "Ethereum", "coin": {"id": "1027", "name": "Ethereum", "symbol": "ETH", "slug": "ethereum"}}}], "self_reported_circulating_supply": 15000000.0, "self_reported_tags": ["Marketplace", "DeFi", "Insurance", "Ethereum Ecosystem", "Yield Farming"], "self_reported_market_cap": 153441.45127490678}]