[{"id": 13229, "name": "PaintSwap", "symbol": "BRUSH", "category": "token", "description": "PaintSwap (BRUSH) is a cryptocurrency and operates on the Fantom platform. PaintSwap has a current supply of 164,014,824 with 0 in circulation. The last known price of PaintSwap is 0.00762903 USD and is up 2.23 over the last 24 hours. It is currently trading on 20 active market(s) with $20,676.86 traded over the last 24 hours. More information can be found at https://paintswap.finance/.", "slug": "paintswap", "logo": "https://s2.coinmarketcap.com/static/img/coins/64x64/13229.png", "subreddit": "", "notice": "", "tags": ["fantom-ecosystem"], "tag-names": ["Fantom Ecosystem"], "tag-groups": ["PLATFORM"], "urls": {"website": ["https://paintswap.finance/"], "twitter": ["https://twitter.com/paint_swap"], "message_board": ["https://medium.com/paint-swap-finance"], "chat": ["https://discord.com/invite/3fVYdk9ugv"], "facebook": [], "explorer": ["https://ftmscan.com/token/0x85dec8c4B2680793661bCA91a8F129607571863d"], "reddit": [], "technical_doc": [], "source_code": ["https://github.com/PaintSwap"], "announcement": []}, "platform": {"id": "3513", "name": "Fantom", "slug": "fantom", "symbol": "FTM", "token_address": "0x85dec8c4B2680793661bCA91a8F129607571863d"}, "date_added": "2021-10-26T02:49:06.000Z", "twitter_username": "paint_swap", "is_hidden": 0, "date_launched": null, "contract_address": [{"contract_address": "0x85dec8c4B2680793661bCA91a8F129607571863d", "platform": {"name": "Fantom", "coin": {"id": "3513", "name": "Fantom", "symbol": "FTM", "slug": "fantom"}}}], "self_reported_circulating_supply": 142842414, "self_reported_tags": null, "self_reported_market_cap": 1087417.3568844819}]