[{"id": 8660, "name": "BSCPAD", "symbol": "BSCPAD", "category": "token", "description": "BSCPAD (BSCPAD) is a cryptocurrency launched in 2021and operates on the BNB Smart Chain (BEP20) platform. BSCPAD has a current supply of 175,600,000 with 79,211,621 in circulation. The last known price of BSCPAD is 0.07688787 USD and is up 1.22 over the last 24 hours. It is currently trading on 16 active market(s) with $74,509.95 traded over the last 24 hours. More information can be found at https://bscpad.com/.", "slug": "bscpad", "logo": "https://s2.coinmarketcap.com/static/img/coins/64x64/8660.png", "subreddit": "", "notice": "", "tags": ["launchpad", "exnetwork-capital-portfolio", "bluezilla", "bnb-chain"], "tag-names": ["Launchpad", "Exnetwork Capital Portfolio", "BlueZilla", "BNB Chain"], "tag-groups": ["CATEGORY", "CATEGORY", "CATEGORY", "PLATFORM"], "urls": {"website": ["https://bscpad.com/"], "twitter": ["https://twitter.com/BSCPad"], "message_board": ["https://bscpad.medium.com/binance-smart-chain-launch-pad-bscpad-24e3d77e6697"], "chat": ["https://t.me/bscpad"], "facebook": [], "explorer": ["https://bscscan.com/address/0x5a3010d4d8d3b5fb49f8b6e57fb9e48063f16700"], "reddit": [], "technical_doc": [], "source_code": [], "announcement": ["https://t.me/Bscpannouncements"]}, "platform": {"id": "1839", "name": "BNB", "slug": "bnb", "symbol": "BNB", "token_address": "0x5a3010d4d8d3b5fb49f8b6e57fb9e48063f16700"}, "date_added": "2021-03-03T00:00:00.000Z", "twitter_username": "BSCPad", "is_hidden": 0, "date_launched": "2021-02-28T00:00:00.000Z", "contract_address": [{"contract_address": "0x5a3010d4d8d3b5fb49f8b6e57fb9e48063f16700", "platform": {"name": "BNB Smart Chain (BEP20)", "coin": {"id": "1839", "name": "BNB", "symbol": "BNB", "slug": "bnb"}}}], "self_reported_circulating_supply": 72344249, "self_reported_tags": null, "self_reported_market_cap": 5563849.375936622}]