[{"id": 9345, "name": "BSCStation", "symbol": "BSCS", "category": "token", "description": "BSCStation (BSCS) is a cryptocurrency launched in 2021and operates on the BNB Smart Chain (BEP20) platform. BSCStation has a current supply of 400,758,843 with 154,968,120 in circulation. The last known price of BSCStation is 0.00851333 USD and is up 1.35 over the last 24 hours. It is currently trading on 21 active market(s) with $55,901.93 traded over the last 24 hours. More information can be found at https://bscstation.finance/.", "slug": "bsc-station", "logo": "https://s2.coinmarketcap.com/static/img/coins/64x64/9345.png", "subreddit": "", "notice": "", "tags": ["bounce-launchpad", "bnb-chain"], "tag-names": ["Bounce Launchpad", "BNB Chain"], "tag-groups": ["CATEGORY", "PLATFORM"], "urls": {"website": ["https://bscstation.finance/"], "twitter": ["https://twitter.com/bscstation"], "message_board": ["https://bscstation.substack.com/"], "chat": ["https://t.me/bscstation", "https://t.me/bscstationvn"], "facebook": [], "explorer": ["https://bscscan.com/token/0xbcb24afb019be7e93ea9c43b7e22bb55d5b7f45d"], "reddit": [], "technical_doc": ["https://docs.bscstation.finance/"], "source_code": [], "announcement": ["https://t.me/bscstation_media"]}, "platform": {"id": "1839", "name": "BNB", "slug": "bnb", "symbol": "BNB", "token_address": "0xbcb24afb019be7e93ea9c43b7e22bb55d5b7f45d"}, "date_added": "2021-04-20T00:00:00.000Z", "twitter_username": "bscstation", "is_hidden": 0, "date_launched": "2021-04-21T00:00:00.000Z", "contract_address": [{"contract_address": "0xbcb24afb019be7e93ea9c43b7e22bb55d5b7f45d", "platform": {"name": "BNB Smart Chain (BEP20)", "coin": {"id": "1839", "name": "BNB", "symbol": "BNB", "slug": "bnb"}}}], "self_reported_circulating_supply": 163393177, "self_reported_tags": ["Platform", "DeFi", "Yield Farming", "AMM", "DEX", "Launchpad", "BNB Chain"], "self_reported_market_cap": 1387241.972658281}]