[{"id": 18022, "name": "Beskar", "symbol": "BSK-BAA025", "category": "token", "description": "Beskar (BSK-BAA025) is a cryptocurrency launched in 2021and operates on the Elrond platform. Beskar has a current supply of 21,000,000,000 with 0 in circulation. The last known price of Beskar is 0.00000344 USD and is down -1.20 over the last 24 hours. It is currently trading on 1 active market(s) with $31.96 traded over the last 24 hours. More information can be found at https://beskardao.org/.", "slug": "beskar", "logo": "https://s2.coinmarketcap.com/static/img/coins/64x64/18022.png", "subreddit": "", "notice": "", "tags": ["elrond-ecosystem"], "tag-names": ["Elrond Ecosystem"], "tag-groups": ["CATEGORY"], "urls": {"website": ["https://beskardao.org/"], "twitter": ["https://twitter.com/BeskarDAO"], "message_board": [], "chat": ["https://t.me/BeskarDAO"], "facebook": [], "explorer": ["https://explorer.elrond.com/tokens/BSK-baa025"], "reddit": [], "technical_doc": [], "source_code": [], "announcement": []}, "platform": {"id": "6892", "name": "MultiversX (Elrond)", "slug": "elrond-egld", "symbol": "EGLD", "token_address": "BSK-baa025"}, "date_added": "2022-02-10T07:17:46.000Z", "twitter_username": "BeskarDAO", "is_hidden": 0, "date_launched": "2021-08-31T00:00:00.000Z", "contract_address": [{"contract_address": "BSK-baa025", "platform": {"name": "Elrond", "coin": {"id": "6892", "name": "MultiversX (Elrond)", "symbol": "EGLD", "slug": "elrond-egld"}}}], "self_reported_circulating_supply": 7756667663, "self_reported_tags": null, "self_reported_market_cap": 26718.154669127573}]