[{"id": 10746, "name": "Biswap", "symbol": "BSW", "category": "token", "description": "Biswap (BSW) is a cryptocurrency launched in 2021and operates on the BNB Smart Chain (BEP20) platform. Biswap has a current supply of 421,264,928 with 361,459,066 in circulation. The last known price of Biswap is 0.16856634 USD and is up 4.07 over the last 24 hours. It is currently trading on 106 active market(s) with $8,178,123.39 traded over the last 24 hours. More information can be found at https://biswap.org/.", "slug": "biswap", "logo": "https://s2.coinmarketcap.com/static/img/coins/64x64/10746.png", "subreddit": "", "notice": "", "tags": ["collectibles-nfts", "decentralized-exchange-dex-token", "defi", "gaming", "staking", "yield-farming", "amm", "dex", "metaverse", "play-to-earn", "bnb-chain"], "tag-names": ["Collectibles & NFTs", "Decentralized Exchange (DEX) Token", "DeFi", "Gaming", "Staking", "Yield Farming", "AMM", "DEX", "Metaverse", "Play To Earn", "BNB Chain"], "tag-groups": ["CATEGORY", "CATEGORY", "CATEGORY", "INDUSTRY", "CATEGORY", "CATEGORY", "CATEGORY", "CATEGORY", "CATEGORY", "CATEGORY", "PLATFORM"], "urls": {"website": ["https://biswap.org/"], "twitter": ["https://twitter.com/Biswap_DEX"], "message_board": ["https://biswap-dex.medium.com/"], "chat": ["https://t.me/biswap"], "facebook": [], "explorer": ["https://bscscan.com/token/0x965f527d9159dce6288a2219db51fc6eef120dd1"], "reddit": [], "technical_doc": ["https://docs.biswap.org/"], "source_code": ["https://github.com/biswap-org"], "announcement": ["https://t.me/biswap_news"]}, "platform": {"id": "1839", "name": "BNB", "slug": "bnb", "symbol": "BNB", "token_address": "0x965f527d9159dce6288a2219db51fc6eef120dd1"}, "date_added": "2021-07-02T00:00:00.000Z", "twitter_username": "Biswap_DEX", "is_hidden": 0, "date_launched": "2021-05-24T00:00:00.000Z", "contract_address": [{"contract_address": "0x965f527d9159dce6288a2219db51fc6eef120dd1", "platform": {"name": "BNB Smart Chain (BEP20)", "coin": {"id": "1839", "name": "BNB", "symbol": "BNB", "slug": "bnb"}}}], "self_reported_circulating_supply": 136010239, "self_reported_tags": null, "self_reported_market_cap": 22836680.464986004}]