[{"id": 16363, "name": "Minto", "symbol": "BTCMT", "category": "token", "description": "Minto (BTCMT) is a cryptocurrency launched in 2021and operates on the BNB Smart Chain (BEP20) platform. Minto has a current supply of 6,000,000 with 0 in circulation. The last known price of Minto is 0.67110002 USD and is up 1.73 over the last 24 hours. It is currently trading on 5 active market(s) with $24,328.86 traded over the last 24 hours. More information can be found at https://minto.finance/.", "slug": "minto", "logo": "https://s2.coinmarketcap.com/static/img/coins/64x64/16363.png", "subreddit": "BTCMTOfficial", "notice": "", "tags": ["defi", "binance-smart-chain", "heco-ecosystem", "web3", "bnb-chain"], "tag-names": ["DeFi", "BNB Smart Chain", "HECO Ecosystem", "Web3", "BNB Chain"], "tag-groups": ["CATEGORY", "PLATFORM", "PLATFORM", "INDUSTRY", "PLATFORM"], "urls": {"website": ["https://minto.finance/"], "twitter": ["https://twitter.com/btcmtofficial"], "message_board": ["https://minto.finance/blog"], "chat": ["https://t.me/btcmtofficialchat", "https://discord.gg/Minto"], "facebook": [], "explorer": ["https://hecoinfo.com/token/0x410a56541bD912F9B60943fcB344f1E3D6F09567", "https://bscscan.com/token/0x410a56541bd912f9b60943fcb344f1e3d6f09567"], "reddit": ["https://reddit.com/r/BTCMTOfficial"], "technical_doc": ["https://docs.minto.finance/the-company/whitepaper"], "source_code": [], "announcement": ["https://t.me/btcmtofficial"]}, "platform": {"id": "1839", "name": "BNB", "slug": "bnb", "symbol": "BNB", "token_address": "0x410a56541bd912f9b60943fcb344f1e3d6f09567"}, "date_added": "2021-12-22T03:39:30.000Z", "twitter_username": "btcmtofficial", "is_hidden": 0, "date_launched": "2021-08-18T00:00:00.000Z", "contract_address": [{"contract_address": "0x410a56541bd912f9b60943fcb344f1e3d6f09567", "platform": {"name": "BNB Smart Chain (BEP20)", "coin": {"id": "1839", "name": "BNB", "symbol": "BNB", "slug": "bnb"}}}, {"contract_address": "0x410a56541bD912F9B60943fcB344f1E3D6F09567", "platform": {"name": "HECO", "coin": {"id": "2502", "name": "Huobi Token", "symbol": "HT", "slug": "huobi-token"}}}], "self_reported_circulating_supply": 4408503.677269196, "self_reported_tags": ["Platform", "Privacy", "Smart Contracts", "Staking", "DApp", "Token"], "self_reported_market_cap": 2955404.5349624087}]