[{"id": 14490, "name": "Bit Hotel", "symbol": "BTH", "category": "token", "description": "Bit Hotel (BTH) is a cryptocurrency launched in 2021and operates on the BNB Smart Chain (BEP20) platform. Bit Hotel has a current supply of 1,000,000,000 with 0 in circulation. The last known price of Bit Hotel is 0.00264778 USD and is down -1.54 over the last 24 hours. It is currently trading on 9 active market(s) with $42,950.12 traded over the last 24 hours. More information can be found at https://bithotel.io/#/.", "slug": "bit-hotel", "logo": "https://s2.coinmarketcap.com/static/img/coins/64x64/14490.png", "subreddit": "bithotelcommunity", "notice": "", "tags": ["collectibles-nfts", "gaming", "metaverse", "play-to-earn", "ferrum-network"], "tag-names": ["Collectibles & NFTs", "Gaming", "Metaverse", "Play To Earn", "Ferrum Network"], "tag-groups": ["CATEGORY", "INDUSTRY", "CATEGORY", "CATEGORY", "CATEGORY"], "urls": {"website": ["https://bithotel.io/#/"], "twitter": ["https://twitter.com/playbithotel"], "message_board": ["https://medium.com/@bithotelnftgame"], "chat": ["https://t.me/bithotelcommunity"], "facebook": [], "explorer": ["https://www.bscscan.com/token/0x57bc18f6177cdaffb34ace048745bc913a1b1b54"], "reddit": ["https://reddit.com/r/bithotelcommunity"], "technical_doc": ["https://bithotel.io/#/whitepaper"], "source_code": [], "announcement": ["https://t.me/bithotel"]}, "platform": {"id": "1839", "name": "BNB", "slug": "bnb", "symbol": "BNB", "token_address": "0x57bc18f6177cdaffb34ace048745bc913a1b1b54"}, "date_added": "2021-11-15T05:21:20.000Z", "twitter_username": "playbithotel", "is_hidden": 0, "date_launched": "2021-12-20T00:00:00.000Z", "contract_address": [{"contract_address": "0x57bc18f6177cdaffb34ace048745bc913a1b1b54", "platform": {"name": "BNB Smart Chain (BEP20)", "coin": {"id": "1839", "name": "BNB", "symbol": "BNB", "slug": "bnb"}}}], "self_reported_circulating_supply": 130480759.14337718, "self_reported_tags": ["Events", "Communications & Social Media", "Collectibles & NFTs", "DeFi", "Gaming", "Entertainment", "BNB Smart Chain", "Governance", "Metaverse", "Play To Earn", "Ferrum Network"], "self_reported_market_cap": 345726.143990057}, {"id": 4130, "name": "Bithereum", "symbol": "BTH", "category": "coin", "description": "Bithereum aims to meld the visions of both Bitcoin and Ethereum, innovate on node incentives, improve scalability, and increase network security. Bithereum uses a PoS-influenced incentive model called PoU, or Proof-of-Uptime.", "slug": "bithereum", "logo": "https://s2.coinmarketcap.com/static/img/coins/64x64/4130.png", "subreddit": "bithereum", "notice": "", "tags": null, "tag-names": null, "tag-groups": null, "urls": {"website": ["https://bithereum.network/#!/"], "twitter": ["https://twitter.com/BithereumBTH"], "message_board": ["https://medium.com/bithereum-network"], "chat": ["https://t.me/BithereumNetwork", "https://discord.gg/wbsnuGN"], "facebook": [], "explorer": ["https://insight.bithereum.network/"], "reddit": ["https://reddit.com/r/bithereum"], "technical_doc": ["https://bithereum.network/whitepaper"], "source_code": ["https://github.com/BTHPOS"], "announcement": ["https://bitcointalk.org/index.php?topic=4738533.0"]}, "platform": null, "date_added": "2019-07-18T00:00:00.000Z", "twitter_username": "BithereumBTH", "is_hidden": 0, "date_launched": null, "contract_address": [], "self_reported_circulating_supply": NaN, "self_reported_tags": null, "self_reported_market_cap": NaN}, {"id": 6221, "name": "Bitcoin Hot", "symbol": "BTH", "category": "coin", "description": "Bitcoin Hot claims to be a fork of Bitcoin blockchain at block height 498848 with a new PoW algorithm, which is claimed to be an upgraded systems with large block size, quicker block interval and larger supply. It is claimed that Bitcoin Hot miners could begin creating blocks in the new block chain system with the original bitcoin blockchain system unaffected. It is further claimed that Bitcoin Hot new chain had distributed Bitcoin Hot to bitcoin owners with a scale of 100:1.\r\n\r\n\r\n\r\nThe content is for informational purposes only, you should not construe any such information or other material as legal, tax, investment, financial, or other advice. Nothing contained on our site constitutes a solicitation, recommendation, endorsement, or offer by Coinmarketcap. You shall assume the sole responsibility of evaluating the merits and risks associated with the use of any information or other content on Coinmarketcap before making any decisions based on such information or other content. There are risks associated with investing in cryptocurrencies. Investing in cryptocurrencies involves risk of loss and loss of principal is possible.", "slug": "bitcoin-hot", "logo": "https://s2.coinmarketcap.com/static/img/coins/64x64/6221.png", "subreddit": "", "notice": "The project's [explorer](http://block.bithot.org/) cannot be reached, please review the information carefully.", "tags": null, "tag-names": null, "tag-groups": null, "urls": {"website": ["https://www.bithot.org/"], "twitter": ["https://twitter.com/Bitcoinhotf"], "message_board": [], "chat": ["https://bitcoinhotfoundation.slack.com/?redir=%2Fthreads%2F"], "facebook": [], "explorer": ["http://block.bithot.org/"], "reddit": [], "technical_doc": ["https://www.bithot.org/assets/static/Bitcoin_Hot.pdf"], "source_code": ["https://github.com/bitcoin-hot/BitcoinHot-Project/"], "announcement": []}, "platform": null, "date_added": "2020-08-05T00:00:00.000Z", "twitter_username": "Bitcoinhotf", "is_hidden": 0, "date_launched": null, "contract_address": [], "self_reported_circulating_supply": NaN, "self_reported_tags": null, "self_reported_market_cap": NaN}]