[{"id": 15762, "name": "Bitlocus", "symbol": "BTL", "category": "token", "description": "Bitlocus (BTL) is a cryptocurrency launched in 2021and operates on the BNB Smart Chain (BEP20) platform. Bitlocus has a current supply of 500,000,000 with 0 in circulation. The last known price of Bitlocus is 0.00053981 USD and is down -0.26 over the last 24 hours. It is currently trading on 7 active market(s) with $10,480.66 traded over the last 24 hours. More information can be found at https://btl.bitlocus.com.", "slug": "bitlocus", "logo": "https://s2.coinmarketcap.com/static/img/coins/64x64/15762.png", "subreddit": "bitlocus_official", "notice": "", "tags": ["defi", "dao-maker", "terra-ecosystem"], "tag-names": ["DeFi", "DAO Maker", "Terra Ecosystem"], "tag-groups": ["CATEGORY", "CATEGORY", "CATEGORY"], "urls": {"website": ["https://btl.bitlocus.com"], "twitter": ["https://twitter.com/bitlocus?s=20"], "message_board": ["https://medium.com/@bitlocus"], "chat": ["https://t.me/bitlocus", "https://discord.gg/6MputMys5d"], "facebook": ["https://www.facebook.com/bitlocus"], "explorer": ["https://bscscan.com/token/0x51e7b598c9155b9dccb04eb42519f6eec9c841e9", "https://etherscan.io/token/0x93e32efafd24973d45f363a76d73ccb9edf59986"], "reddit": ["https://reddit.com/r/bitlocus_official"], "technical_doc": ["https://bitlocus.gitbook.io/bitlocus/"], "source_code": [], "announcement": []}, "platform": {"id": "1839", "name": "BNB", "slug": "bnb", "symbol": "BNB", "token_address": "0x51e7b598c9155b9dccb04eb42519f6eec9c841e9"}, "date_added": "2021-12-08T01:49:41.000Z", "twitter_username": "bitlocus?s=20", "is_hidden": 0, "date_launched": "2021-11-29T00:00:00.000Z", "contract_address": [{"contract_address": "0x51e7b598c9155b9dccb04eb42519f6eec9c841e9", "platform": {"name": "BNB Smart Chain (BEP20)", "coin": {"id": "1839", "name": "BNB", "symbol": "BNB", "slug": "bnb"}}}, {"contract_address": "terra193c42lfwmlkasvcw22l9qqzc5q2dx208tkd7wl", "platform": {"name": "Terra Classic", "coin": {"id": "4172", "name": "Terra Classic", "symbol": "LUNC", "slug": "terra-luna"}}}], "self_reported_circulating_supply": NaN, "self_reported_tags": null, "self_reported_market_cap": NaN}, {"id": 16296, "name": "Battle Saga", "symbol": "BTL", "category": "token", "description": "Battle Saga (BTL) is a cryptocurrency launched in 2021and operates on the BNB Smart Chain (BEP20) platform. Battle Saga has a current supply of 300,000,000 with 0 in circulation. The last known price of Battle Saga is 0.00048061 USD and is down -1.56 over the last 24 hours. It is currently trading on 2 active market(s) with $88.83 traded over the last 24 hours. More information can be found at https://battlesaga.io/.", "slug": "battlesaga", "logo": "https://s2.coinmarketcap.com/static/img/coins/64x64/16296.png", "subreddit": "BattleSagaOfficial", "notice": "", "tags": ["collectibles-nfts", "gaming", "smart-contracts", "dao", "dapp", "play-to-earn", "bnb-chain"], "tag-names": ["Collectibles & NFTs", "Gaming", "Smart Contracts", "DAO", "DApp", "Play To Earn", "BNB Chain"], "tag-groups": ["CATEGORY", "INDUSTRY", "CATEGORY", "CATEGORY", "CATEGORY", "CATEGORY", "PLATFORM"], "urls": {"website": ["https://battlesaga.io/"], "twitter": ["https://twitter.com/BattleSagaio"], "message_board": ["https://medium.com/@BattleSagaOfficial"], "chat": ["https://discord.gg/battlesaga", "https://t.me/BattleSaga_Official"], "facebook": [], "explorer": ["https://bscscan.com/token/0x708955Db0d4c52FFBf9AA34aF7f3CA8bf07390a8"], "reddit": ["https://reddit.com/r/BattleSagaOfficial"], "technical_doc": ["https://battle-saga.gitbook.io/untitled/"], "source_code": ["https://bscscan.com/address/0x708955Db0d4c52FFBf9AA34aF7f3CA8bf07390a8#code"], "announcement": ["https://t.me/battlesaga_announcements"]}, "platform": {"id": "1839", "name": "BNB", "slug": "bnb", "symbol": "BNB", "token_address": "0x708955Db0d4c52FFBf9AA34aF7f3CA8bf07390a8"}, "date_added": "2021-12-20T16:41:38.000Z", "twitter_username": "BattleSagaio", "is_hidden": 0, "date_launched": "2021-12-22T00:00:00.000Z", "contract_address": [{"contract_address": "0x708955Db0d4c52FFBf9AA34aF7f3CA8bf07390a8", "platform": {"name": "BNB Smart Chain (BEP20)", "coin": {"id": "1839", "name": "BNB", "symbol": "BNB", "slug": "bnb"}}}], "self_reported_circulating_supply": 11236674.0, "self_reported_tags": ["Metaverse", "Web3"], "self_reported_market_cap": 5392.603328331026}, {"id": 243, "name": "Bitleu", "symbol": "BTL", "category": "coin", "description": "Bitleu (BTL) is a cryptocurrency . Users are able to generate BTL through the process of mining. Bitleu has a current supply of 2,522,806,848.51787 with 22,806,848.5178699 in circulation. The last known price of Bitleu is 0.00000316 USD and is up 0.00 over the last 24 hours. More information can be found at http://www.bitleu.org/.", "slug": "bitleu", "logo": "https://s2.coinmarketcap.com/static/img/coins/64x64/243.png", "subreddit": "", "notice": "", "tags": ["mineable"], "tag-names": ["Mineable"], "tag-groups": ["OTHERS"], "urls": {"website": ["http://www.bitleu.org/"], "twitter": [], "message_board": [], "chat": [], "facebook": [], "explorer": ["http://89.38.132.118/chain/Bitleu/"], "reddit": [], "technical_doc": [], "source_code": [], "announcement": []}, "platform": null, "date_added": "2014-03-29T00:00:00.000Z", "twitter_username": "", "is_hidden": 0, "date_launched": null, "contract_address": [], "self_reported_circulating_supply": NaN, "self_reported_tags": null, "self_reported_market_cap": NaN}, {"id": 20727, "name": "BitLegacy", "symbol": "BTL", "category": "token", "description": "BitLegacy team has many years of experience in the field of cryptocurrencies and trading the same.\r\nBy constantly an analyzing the market, we came to the onclusion the most of the newly created coins do not provide investors with security and stability.", "slug": "bitlegacy", "logo": "https://s2.coinmarketcap.com/static/img/coins/64x64/20727.png", "subreddit": "", "notice": "", "tags": null, "tag-names": null, "tag-groups": null, "urls": {"website": ["https://bitlegacytoken.com/"], "twitter": ["https://twitter.com/bitlegacyc"], "message_board": [], "chat": ["https://t.me/bitlegacy"], "facebook": [], "explorer": ["https://solscan.io/token/aYZPYgohjK6LYM8o1v6pnr3ZinhuRzSHd6TRDVDUBkK", "https://raydium.io/swap/?inputCurrency=sol&outputCurrency=aYZPYgohjK6LYM8o1v6pnr3ZinhuRzSHd6TRDVDUBkK&outputAmount=0&fixed=in"], "reddit": [], "technical_doc": ["https://www.bitlegacytoken.com/files/2022/05/whitepaper.pdf"], "source_code": [], "announcement": []}, "platform": {"id": "5426", "name": "Solana", "slug": "solana", "symbol": "SOL", "token_address": "aYZPYgohjK6LYM8o1v6pnr3ZinhuRzSHd6TRDVDUBkK"}, "date_added": "2022-06-23T03:05:39.000Z", "twitter_username": "bitlegacyc", "is_hidden": 0, "date_launched": "2022-05-23T00:00:00.000Z", "contract_address": [{"contract_address": "aYZPYgohjK6LYM8o1v6pnr3ZinhuRzSHd6TRDVDUBkK", "platform": {"name": "Solana", "coin": {"id": "5426", "name": "Solana", "symbol": "SOL", "slug": "solana"}}}], "self_reported_circulating_supply": 30000000.0, "self_reported_tags": null, "self_reported_market_cap": 0.0}]