[{"id": 1866, "name": "Bytom", "symbol": "BTM", "category": "coin", "description": "Bytom (BTM) is a cryptocurrency . Users are able to generate BTM through the process of mining. Bytom has a current supply of 1,780,621,668.8. The last known price of Bytom is 0.01325259 USD and is down -1.49 over the last 24 hours. It is currently trading on 61 active market(s) with $540,178.98 traded over the last 24 hours. More information can be found at http://bytom.io/.", "slug": "bytom", "logo": "https://s2.coinmarketcap.com/static/img/coins/64x64/1866.png", "subreddit": "BytomBlockchain", "notice": "", "tags": ["mineable", "platform", "cosmos-ecosystem", "payments", "smart-contracts", "polygon-ecosystem", "injective-ecosystem"], "tag-names": ["Mineable", "Platform", "Cosmos Ecosystem", "Payments", "Smart Contracts", "Polygon Ecosystem", "Injective Ecosystem"], "tag-groups": ["OTHERS", "CATEGORY", "INDUSTRY", "INDUSTRY", "CATEGORY", "PLATFORM", "PLATFORM"], "urls": {"website": ["http://bytom.io/"], "twitter": ["https://twitter.com/Bytom_Official"], "message_board": [], "chat": ["https://t.me/BytomInternational", "https://t.me/bytomchinese"], "facebook": [], "explorer": ["https://blockmeta.com/", "https://btm.tokenview.com/"], "reddit": ["https://reddit.com/r/BytomBlockchain"], "technical_doc": ["https://github.com/Bytom/wiki"], "source_code": ["https://github.com/Bytom/bytom"], "announcement": ["https://bitcointalk.org/index.php?topic=1975390.0"]}, "platform": null, "date_added": "2017-08-08T00:00:00.000Z", "twitter_username": "Bytom_Official", "is_hidden": 0, "date_launched": null, "contract_address": [], "self_reported_circulating_supply": null, "self_reported_tags": null, "self_reported_market_cap": null}, {"id": 543, "name": "Bitmark", "symbol": "BTM", "category": "coin", "description": "Bitmark (BTM) is a cryptocurrency . Users are able to generate BTM through the process of mining. Bitmark has a current supply of 11,154,618.5157886. The last known price of Bitmark is 0.03110109 USD and is up 0.00 over the last 24 hours. More information can be found at http://bitmark.io/.", "slug": "bitmark", "logo": "https://s2.coinmarketcap.com/static/img/coins/64x64/543.png", "subreddit": "", "notice": "", "tags": ["mineable", "pow", "scrypt"], "tag-names": ["Mineable", "PoW", "Scrypt"], "tag-groups": ["OTHERS", "ALGORITHM", "ALGORITHM"], "urls": {"website": ["http://bitmark.io/"], "twitter": ["https://twitter.com/bitmarkupdates"], "message_board": [], "chat": ["https://bitmark.herokuapp.com/"], "facebook": [], "explorer": ["https://chainz.cryptoid.info/btm/", "http://explorer.bitmark.co/"], "reddit": [], "technical_doc": ["https://bitmark.com/assets/bitmark_technical-white-paper.pdf"], "source_code": ["https://github.com/project-bitmark/"], "announcement": ["https://bitcointalk.org/index.php?topic=660544.0"]}, "platform": null, "date_added": "2014-08-19T00:00:00.000Z", "twitter_username": "bitmarkupdates", "is_hidden": 0, "date_launched": null, "contract_address": [], "self_reported_circulating_supply": null, "self_reported_tags": null, "self_reported_market_cap": null}]