[{"id": 11584, "name": "Braintrust", "symbol": "BTRST", "category": "token", "description": "Braintrust (BTRST) is a cryptocurrency launched in 2018and operates on the Ethereum platform. Braintrust has a current supply of 250,000,000 with 129,824,382 in circulation. The last known price of Braintrust is 0.83724017 USD and is down -2.00 over the last 24 hours. It is currently trading on 31 active market(s) with $429,587.52 traded over the last 24 hours. More information can be found at https://www.braintrust.com.", "slug": "braintrust", "logo": "https://s2.coinmarketcap.com/static/img/coins/64x64/11584.png", "subreddit": "braintrust", "notice": "", "tags": ["coinbase-ventures-portfolio", "web3"], "tag-names": ["Coinbase Ventures Portfolio", "Web3"], "tag-groups": ["CATEGORY", "INDUSTRY"], "urls": {"website": ["https://www.braintrust.com"], "twitter": ["https://twitter.com/usebraintrust"], "message_board": [], "chat": ["https://www.discord.gg/braintrust"], "facebook": [], "explorer": ["https://etherscan.io/address/0x799ebfabe77a6e34311eeee9825190b9ece32824"], "reddit": ["https://reddit.com/r/braintrust"], "technical_doc": ["https://www.usebraintrust.com/whitepaper"], "source_code": ["https://github.com/Snowfork/BTRST-Contracts"], "announcement": ["https://t.me/braintrustofficial"]}, "platform": {"id": "1027", "name": "Ethereum", "slug": "ethereum", "symbol": "ETH", "token_address": "0x799ebfabe77a6e34311eeee9825190b9ece32824"}, "date_added": "2021-09-02T18:08:47.000Z", "twitter_username": "usebraintrust", "is_hidden": 0, "date_launched": "2018-05-22T00:00:00.000Z", "contract_address": [{"contract_address": "0x799ebfabe77a6e34311eeee9825190b9ece32824", "platform": {"name": "Ethereum", "coin": {"id": "1027", "name": "Ethereum", "symbol": "ETH", "slug": "ethereum"}}}], "self_reported_circulating_supply": 80181852.33, "self_reported_tags": ["Marketplace", "Services", "Ethereum Ecosystem"], "self_reported_market_cap": 67173334.6536951}]