[{"id": 8905, "name": "BitSong", "symbol": "BTSG", "category": "token", "description": "BitSong (BTSG) is a cryptocurrency and operates on the Ethereum platform. BitSong has a current supply of 121,925,428.97 with 0 in circulation. The last known price of BitSong is 0.00590306 USD and is up 0.05 over the last 24 hours. It is currently trading on 6 active market(s) with $1,674.83 traded over the last 24 hours. More information can be found at https://bitsong.io/en.", "slug": "bitsong", "logo": "https://s2.coinmarketcap.com/static/img/coins/64x64/8905.png", "subreddit": "bitsong", "notice": "", "tags": ["cosmos-ecosystem", "music", "injective-ecosystem"], "tag-names": ["Cosmos Ecosystem", "Music", "Injective Ecosystem"], "tag-groups": ["INDUSTRY", "INDUSTRY", "PLATFORM"], "urls": {"website": ["https://bitsong.io/en"], "twitter": ["https://twitter.com/BitSongOfficial"], "message_board": ["https://medium.com/@BitSongOfficial"], "chat": ["https://t.me/BitSongOfficial", "https://discord.gg/mZC9Yk3"], "facebook": [], "explorer": ["https://etherscan.io/token/0x05079687d35b93538cbd59fe5596380cae9054a9", "https://ethplorer.io/address/0x05079687d35b93538cbd59fe5596380cae9054a9", "https://www.mintscan.io/bitsong"], "reddit": ["https://reddit.com/r/bitsong"], "technical_doc": [], "source_code": ["https://github.com/bitsongofficial/bitsong-explorer"], "announcement": ["https://bitcointalk.org/index.php?topic=2850943"]}, "platform": {"id": "1027", "name": "Ethereum", "slug": "ethereum", "symbol": "ETH", "token_address": "0x05079687d35b93538cbd59fe5596380cae9054a9"}, "date_added": "2021-03-21T00:00:00.000Z", "twitter_username": "BitSongOfficial", "is_hidden": 0, "date_launched": null, "contract_address": [{"contract_address": "0x05079687d35b93538cbd59fe5596380cae9054a9", "platform": {"name": "Ethereum", "coin": {"id": "1027", "name": "Ethereum", "symbol": "ETH", "slug": "ethereum"}}}, {"contract_address": "IBC/4E5444C35610CC76FC94E7F7886B93121175C28262DDFDDE6F84E82BF2425452", "platform": {"name": "Cosmos", "coin": {"id": "3794", "name": "Cosmos", "symbol": "ATOM", "slug": "cosmos"}}}], "self_reported_circulating_supply": 63225131.7, "self_reported_tags": null, "self_reported_market_cap": 373334.6005892687}]