[{"id": 16086, "name": "BitTorrent-New", "symbol": "BTT", "category": "token", "description": "BitTorrent-New (BTT) is a cryptocurrency and operates on the Tron20 platform. BitTorrent-New has a current supply of 990,000,000,000,000 with 947,962,000,000,000 in circulation. The last known price of BitTorrent-New is 0.00000062 USD and is down -0.08 over the last 24 hours. It is currently trading on 92 active market(s) with $8,523,337.19 traded over the last 24 hours. More information can be found at https://bt.io/.", "slug": "bittorrent-new", "logo": "https://s2.coinmarketcap.com/static/img/coins/64x64/16086.png", "subreddit": "BittorrentToken", "notice": "", "tags": ["platform", "distributed-computing", "filesharing", "interoperability", "staking", "tron-ecosystem", "storage", "binance-launchpad", "binance-labs-portfolio", "web3", "bnb-chain"], "tag-names": ["Platform", "Distributed Computing", "Filesharing", "Interoperability", "Staking", "TRON Ecosystem", "Storage", "Binance Launchpad", "Binance Labs Portfolio", "Web3", "BNB Chain"], "tag-groups": ["CATEGORY", "INDUSTRY", "INDUSTRY", "CATEGORY", "CATEGORY", "PLATFORM", "CATEGORY", "CATEGORY", "CATEGORY", "INDUSTRY", "PLATFORM"], "urls": {"website": ["https://bt.io/"], "twitter": ["https://twitter.com/BitTorrent"], "message_board": ["http://blog.bittorrent.com/", "https://forum.bittorrent.com/"], "chat": ["https://t.me/BTTBitTorrent"], "facebook": [], "explorer": ["https://tronscan.org/#/token20/TAFjULxiVgT4qWk6UZwjqwZXTSaGaqnVp4", "https://bscscan.com/token/0x352Cb5E19b12FC216548a2677bD0fce83BaE434B", "https://bttcscan.com/", "https://etherscan.io/token/0xc669928185dbce49d2230cc9b0979be6dc797957"], "reddit": ["https://reddit.com/r/BittorrentToken"], "technical_doc": ["https://www.bittorrent.com/btt/btt-docs/BitTorrent_(BTT)_White_Paper_v0.8.7_Feb_2019.pdf"], "source_code": ["https://github.com/bittorrent"], "announcement": ["https://medium.com/bittorrent/bittorrent-foundation-unveils-more-details-regarding-bittorrent-btt-airdrops-for-tron-trx-8bbd194f8a87"]}, "platform": {"id": "1958", "name": "TRON", "slug": "tron", "symbol": "TRX", "token_address": "TAFjULxiVgT4qWk6UZwjqwZXTSaGaqnVp4"}, "date_added": "2019-01-31T00:00:00.000Z", "twitter_username": "BitTorrent", "is_hidden": 0, "date_launched": null, "contract_address": [{"contract_address": "TAFjULxiVgT4qWk6UZwjqwZXTSaGaqnVp4", "platform": {"name": "Tron20", "coin": {"id": "1958", "name": "TRON", "symbol": "TRX", "slug": "tron"}}}, {"contract_address": "0xc669928185dbce49d2230cc9b0979be6dc797957", "platform": {"name": "Ethereum", "coin": {"id": "1027", "name": "Ethereum", "symbol": "ETH", "slug": "ethereum"}}}, {"contract_address": "0x352Cb5E19b12FC216548a2677bD0fce83BaE434B", "platform": {"name": "BNB Smart Chain (BEP20)", "coin": {"id": "1839", "name": "BNB", "symbol": "BNB", "slug": "bnb"}}}], "self_reported_circulating_supply": NaN, "self_reported_tags": null, "self_reported_market_cap": NaN}, {"id": 22259, "name": "Bitteam token", "symbol": "BTT", "category": "token", "description": "Bitteam token (BTT) is a cryptocurrency launched in 2021and operates on the BNB Smart Chain (BEP20) platform. Bitteam token has a current supply of 460,999,998. The last known price of Bitteam token is 0.0008571 USD and is up 0.81 over the last 24 hours. It is currently trading on 3 active market(s) with $85,550.93 traded over the last 24 hours. More information can be found at https://bit.team/.", "slug": "bitteam-token", "logo": "https://s2.coinmarketcap.com/static/img/coins/64x64/22259.png", "subreddit": "bitteam", "notice": "", "tags": null, "tag-names": null, "tag-groups": null, "urls": {"website": ["https://bit.team/", "https://bit.team/btt"], "twitter": ["https://twitter.com/bitteam_group"], "message_board": ["https://bit.team/blog", "https://bit-team.medium.com/"], "chat": ["https://t.me/BitteamLive"], "facebook": ["https://www.facebook.com/BitTeam.group/"], "explorer": ["https://bscscan.com/token/0xec6432b90e7fd4d9f872cc5c781f05b617db861e", "https://explorer.decimalchain.com/coins/btt"], "reddit": ["https://reddit.com/r/bitteam"], "technical_doc": ["https://bit.team/trade/api/documentation"], "source_code": ["https://github.com/bitteamgroup"], "announcement": []}, "platform": {"id": "1839", "name": "BNB", "slug": "bnb", "symbol": "BNB", "token_address": "0xec6432b90e7fd4d9f872cc5c781f05b617db861e"}, "date_added": "2022-10-18T05:01:49.000Z", "twitter_username": "bitteam_group", "is_hidden": 0, "date_launched": "2021-01-10T00:00:00.000Z", "contract_address": [{"contract_address": "0xec6432b90e7fd4d9f872cc5c781f05b617db861e", "platform": {"name": "BNB Smart Chain (BEP20)", "coin": {"id": "1839", "name": "BNB", "symbol": "BNB", "slug": "bnb"}}}], "self_reported_circulating_supply": 373031026.0, "self_reported_tags": ["DPoS", "Platform", "Cosmos Ecosystem", "Services", "Centralized Exchange (CEX) Token", "Loyalty", "Discount Token", "Staking", "Tokenized Stock", "BNB Chain"], "self_reported_market_cap": 320257.19348920824}, {"id": 3084, "name": "Blocktrade Token", "symbol": "BTT", "category": "token", "description": "Blocktrade Token (BTT) is a cryptocurrency and operates on the Ethereum platform. Blocktrade Token has a current supply of 57,746,762 with 55,750,493.73092309 in circulation. The last known price of Blocktrade Token is 0.00415229 USD and is up 5.17 over the last 24 hours. More information can be found at https://blocktrade.com.", "slug": "blocktrade-token", "logo": "https://s2.coinmarketcap.com/static/img/coins/64x64/3084.png", "subreddit": "", "notice": "", "tags": null, "tag-names": null, "tag-groups": null, "urls": {"website": ["https://blocktrade.com"], "twitter": ["https://twitter.com/Blocktradecom"], "message_board": [], "chat": [], "facebook": [], "explorer": ["https://etherscan.io/token/0xfa456cf55250a839088b27ee32a424d7dacb54ff", "https://ethplorer.io/address/0xfa456cf55250a839088b27ee32a424d7dacb54ff"], "reddit": [], "technical_doc": [], "source_code": [], "announcement": ["https://blocktrade.com/news/"]}, "platform": {"id": "1027", "name": "Ethereum", "slug": "ethereum", "symbol": "ETH", "token_address": "0xfa456cf55250a839088b27ee32a424d7dacb54ff"}, "date_added": "2018-08-06T00:00:00.000Z", "twitter_username": "Blocktradecom", "is_hidden": 0, "date_launched": null, "contract_address": [{"contract_address": "0xfa456cf55250a839088b27ee32a424d7dacb54ff", "platform": {"name": "Ethereum", "coin": {"id": "1027", "name": "Ethereum", "symbol": "ETH", "slug": "ethereum"}}}], "self_reported_circulating_supply": NaN, "self_reported_tags": null, "self_reported_market_cap": NaN}, {"id": 16698, "name": "Battle In Verse", "symbol": "BTT", "category": "token", "description": "Battle In Verse (BTT) is a cryptocurrency launched in 2021and operates on the BNB Smart Chain (BEP20) platform. Battle In Verse has a current supply of 0. The last known price of Battle In Verse is 0.0023938 USD and is up 0.00 over the last 24 hours. More information can be found at https://battleinverse.com/.", "slug": "battle-in-verse", "logo": "https://s2.coinmarketcap.com/static/img/coins/64x64/16698.png", "subreddit": "", "notice": "", "tags": null, "tag-names": null, "tag-groups": null, "urls": {"website": ["https://battleinverse.com/"], "twitter": ["https://twitter.com/battleinverse"], "message_board": [], "chat": ["https://t.me/battleinverse"], "facebook": [], "explorer": ["https://bscscan.com/address/0x4a69b6a085f122f958017c66788368928ec80124"], "reddit": [], "technical_doc": ["https://battleinverse.com/wp-content/uploads/2021/12/Whitepaper-BTT.pdf"], "source_code": ["https://github.com/ContractChecker/audits/blob/main/Battle%20In%20Verse%20Token%20Audit%20Report%20-%20ContractChecker.pdf"], "announcement": ["https://www.instagram.com/battleinverse/"]}, "platform": {"id": "1839", "name": "BNB", "slug": "bnb", "symbol": "BNB", "token_address": "0x4a69b6a085f122f958017c66788368928ec80124"}, "date_added": "2021-12-31T03:40:14.000Z", "twitter_username": "battleinverse", "is_hidden": 0, "date_launched": "2021-12-29T00:00:00.000Z", "contract_address": [{"contract_address": "0x4a69b6a085f122f958017c66788368928ec80124", "platform": {"name": "BNB Smart Chain (BEP20)", "coin": {"id": "1839", "name": "BNB", "symbol": "BNB", "slug": "bnb"}}}], "self_reported_circulating_supply": 20000000.0, "self_reported_tags": ["Collectibles & NFTs", "Gaming"], "self_reported_market_cap": 47876.03828166888}, {"id": 22912, "name": "ByTrade Token", "symbol": "BTT", "category": "token", "description": "The BTT Token is the native cryptocurrency of the ByTrade Ecosystem built-in BEP20 Blockchain. The BTT Token can be used on the ByTrade platform as a handling fee to gain discounts on regular crypto transactions, and access a wide range of ByTrade web 3.0 projects such as NFTs, gaming, reward systems, and more. BTT Token will play a significant role in the BTT ecosystem and boost a high volume of trading within the metaverse.\r\n\r\nBTT Token holders get access to many benefits, including discounts on trading, listing, and withdrawal fees, as well as rewards for participating in staking and referral programs.", "slug": "bytrade", "logo": "https://s2.coinmarketcap.com/static/img/coins/64x64/22912.png", "subreddit": "", "notice": "", "tags": null, "tag-names": null, "tag-groups": null, "urls": {"website": ["https://bytrade.io/"], "twitter": ["https://twitter.com/bytradeio"], "message_board": ["https://medium.com/@ByTrade.io"], "chat": ["https://t.me/bytradeio", "https://discord.gg/fXjK4QN7uF"], "facebook": [], "explorer": ["https://bscscan.com/"], "reddit": [], "technical_doc": ["https://bytrade.io/src/assets/white_paper_btt_v1.0.pdf"], "source_code": [], "announcement": ["https://t.me/bytradeio"]}, "platform": {"id": "1839", "name": "BNB", "slug": "bnb", "symbol": "BNB", "token_address": "0xFDcb304BeF77B5d4b70381B0A1812C43814fB87B"}, "date_added": "2022-12-07T13:24:57.000Z", "twitter_username": "bytradeio", "is_hidden": 0, "date_launched": "2023-03-02T00:00:00.000Z", "contract_address": [{"contract_address": "0xFDcb304BeF77B5d4b70381B0A1812C43814fB87B", "platform": {"name": "BNB Smart Chain (BEP20)", "coin": {"id": "1839", "name": "BNB", "symbol": "BNB", "slug": "bnb"}}}], "self_reported_circulating_supply": NaN, "self_reported_tags": ["Centralized Exchange (CEX) Token", "DeFi", "Discount Token", "Staking", "DAO", "Launchpad", "Metaverse", "Play To Earn"], "self_reported_market_cap": NaN}]