[{"id": 11873, "name": "Arbucks", "symbol": "BUCK", "category": "token", "description": "Arbucks (BUCK) is a cryptocurrency launched in 2021and operates on the Arbitrum platform. Arbucks has a current supply of 0. The last known price of Arbucks is 0.00019833 USD and is up 0.00 over the last 24 hours. More information can be found at https://arbucks.io/.", "slug": "arbucks", "logo": "https://s2.coinmarketcap.com/static/img/coins/64x64/11873.png", "subreddit": "", "notice": "", "tags": ["arbitrum-ecosytem"], "tag-names": ["Arbitrum Ecosystem"], "tag-groups": ["PLATFORM"], "urls": {"website": ["https://arbucks.io/"], "twitter": ["https://twitter.com/arbucks_io"], "message_board": ["https://arbucks.io/blog/"], "chat": ["https://t.me/arbuckscafe", "https://discord.gg/QW2jAzhxyk"], "facebook": [], "explorer": ["https://arbiscan.io/token/0xAFD871f684F21Ab9D7137608C71808f83D75e6fc"], "reddit": [], "technical_doc": ["https://arbucks.io/docs/"], "source_code": ["https://github.com/natclark/arbucks"], "announcement": []}, "platform": null, "date_added": "2021-09-14T06:51:34.000Z", "twitter_username": "arbucks_io", "is_hidden": 0, "date_launched": "2021-09-11T00:00:00.000Z", "contract_address": [], "self_reported_circulating_supply": null, "self_reported_tags": ["Platform", "DeFi", "DAO", "DApp", "Ethereum Ecosystem", "Analytics"], "self_reported_market_cap": null}]