[{"id": 17244, "name": "Buff Floki Coin", "symbol": "BUFLOKI", "category": "token", "description": "Buff Floki Coin (BUFLOKI) is a cryptocurrency launched in 2021and operates on the BNB Smart Chain (BEP20) platform. Buff Floki Coin has a current supply of 0. The last known price of Buff Floki Coin is 0 USD and is up -0.00 over the last 24 hours. More information can be found at https://buff-floki.com.", "slug": "buff-floki-coin", "logo": "https://s2.coinmarketcap.com/static/img/coins/64x64/17244.png", "subreddit": "", "notice": "", "tags": ["memes", "doggone-doggerel"], "tag-names": ["Memes", "Doggone Doggerel"], "tag-groups": ["INDUSTRY", "CATEGORY"], "urls": {"website": ["https://buff-floki.com"], "twitter": ["https://twitter.com/buffflokicoin"], "message_board": [], "chat": ["https://t.me/Buff_Floki"], "facebook": [], "explorer": ["https://bscscan.com/token/0x2b13058002970071ceb1e682793d7096220eae11"], "reddit": [], "technical_doc": [], "source_code": [], "announcement": []}, "platform": {"id": "1839", "name": "BNB", "slug": "bnb", "symbol": "BNB", "token_address": "0x2b13058002970071ceb1e682793d7096220eae11"}, "date_added": "2022-01-13T12:32:55.000Z", "twitter_username": "buffflokicoin", "is_hidden": 0, "date_launched": "2021-11-23T00:00:00.000Z", "contract_address": [{"contract_address": "0x2b13058002970071ceb1e682793d7096220eae11", "platform": {"name": "BNB Smart Chain (BEP20)", "coin": {"id": "1839", "name": "BNB", "symbol": "BNB", "slug": "bnb"}}}], "self_reported_circulating_supply": 100000000000000000, "self_reported_tags": null, "self_reported_market_cap": 18808.5847317}]