[{"id": 9906, "name": "Bunicorn", "symbol": "BUNI", "category": "token", "description": "Bunicorn (BUNI) is a cryptocurrency launched in 2021and operates on the BNB Smart Chain (BEP20) platform. Bunicorn has a current supply of 131,394,109.31669901 with 28,049,238.7 in circulation. The last known price of Bunicorn is 0.00216525 USD and is up 0.11 over the last 24 hours. It is currently trading on 14 active market(s) with $15.92 traded over the last 24 hours. More information can be found at https://bunicorn.finance/.", "slug": "bunicorn", "logo": "https://s2.coinmarketcap.com/static/img/coins/64x64/9906.png", "subreddit": "", "notice": "", "tags": ["collectibles-nfts", "decentralized-exchange-dex-token", "amm", "dex", "polkafoundry-red-kite", "play-to-earn", "icetea-labs", "mvb", "bnb-chain"], "tag-names": ["Collectibles & NFTs", "Decentralized Exchange (DEX) Token", "AMM", "DEX", "PolkaFoundry Red Kite", "Play To Earn", "Icetea Labs", "MVB", "BNB Chain"], "tag-groups": ["CATEGORY", "CATEGORY", "CATEGORY", "CATEGORY", "CATEGORY", "CATEGORY", "CATEGORY", "CATEGORY", "PLATFORM"], "urls": {"website": ["https://bunicorn.finance/"], "twitter": ["https://twitter.com/bunicornswap"], "message_board": ["https://blog.buni.finance/"], "chat": ["https://t.me/bunicornswap_en"], "facebook": [], "explorer": ["https://bscscan.com/token/0x0e7beec376099429b85639eb3abe7cf22694ed49"], "reddit": [], "technical_doc": ["https://bunicorn.finance/BunicornWhitepaper.pdf"], "source_code": ["https://github.com/bunicorndefi"], "announcement": ["https://t.me/bunicornswap"]}, "platform": {"id": "1839", "name": "BNB", "slug": "bnb", "symbol": "BNB", "token_address": "0x0e7beec376099429b85639eb3abe7cf22694ed49"}, "date_added": "2021-05-18T00:00:00.000Z", "twitter_username": "bunicornswap", "is_hidden": 0, "date_launched": "2021-07-12T00:00:00.000Z", "contract_address": [{"contract_address": "0x0e7beec376099429b85639eb3abe7cf22694ed49", "platform": {"name": "BNB Smart Chain (BEP20)", "coin": {"id": "1839", "name": "BNB", "symbol": "BNB", "slug": "bnb"}}}], "self_reported_circulating_supply": 18106647, "self_reported_tags": ["Marketplace", "Collectibles & NFTs", "Decentralized Exchange (DEX) Token", "DeFi", "Gaming"], "self_reported_market_cap": 39209.389987041766}]