[{"id": 7158, "name": "BurgerCities", "symbol": "BURGER", "category": "token", "description": "BurgerCities (BURGER) is a cryptocurrency and operates on the BNB Smart Chain (BEP20) platform. BurgerCities has a current supply of 32,883,999.918179. The last known price of BurgerCities is 0.49675122 USD and is down -1.87 over the last 24 hours. It is currently trading on 38 active market(s) with $2,044,436.43 traded over the last 24 hours. More information can be found at http://app.burgercities.org/.", "slug": "burger-cities", "logo": "https://s2.coinmarketcap.com/static/img/coins/64x64/7158.png", "subreddit": "", "notice": "", "tags": ["decentralized-exchange-dex-token", "defi", "gaming", "yield-farming", "amm", "arbitrum-ecosytem", "bnb-chain"], "tag-names": ["Decentralized Exchange (DEX) Token", "DeFi", "Gaming", "Yield Farming", "AMM", "Arbitrum Ecosystem", "BNB Chain"], "tag-groups": ["CATEGORY", "CATEGORY", "INDUSTRY", "CATEGORY", "CATEGORY", "PLATFORM", "PLATFORM"], "urls": {"website": ["http://app.burgercities.org/", "https://burgerswap.org/"], "twitter": ["https://twitter.com/burger_cities"], "message_board": ["https://burgercities.medium.com/"], "chat": ["https://discord.gg/burgerofficial", "https://t.me/burgercities"], "facebook": [], "explorer": ["https://www.bscscan.com/token/0xAe9269f27437f0fcBC232d39Ec814844a51d6b8f"], "reddit": [], "technical_doc": [], "source_code": [], "announcement": ["https://open.kakao.com/o/gQAMv1cd"]}, "platform": {"id": "1839", "name": "BNB", "slug": "bnb", "symbol": "BNB", "token_address": "0xAe9269f27437f0fcBC232d39Ec814844a51d6b8f"}, "date_added": "2020-09-24T00:00:00.000Z", "twitter_username": "burger_cities", "is_hidden": 0, "date_launched": null, "contract_address": [{"contract_address": "0xAe9269f27437f0fcBC232d39Ec814844a51d6b8f", "platform": {"name": "BNB Smart Chain (BEP20)", "coin": {"id": "1839", "name": "BNB", "symbol": "BNB", "slug": "bnb"}}}], "self_reported_circulating_supply": null, "self_reported_tags": null, "self_reported_market_cap": null}]