[{"id": 4069, "name": "Blockburn", "symbol": "BURN", "category": "token", "description": "Blockburn (BURN) is a cryptocurrency and operates on the Ethereum platform. Blockburn has a current supply of 1,977,738,957.6. The last known price of Blockburn is 0.00001191 USD and is down -0.71 over the last 24 hours. It is currently trading on 4 active market(s) with $0.00 traded over the last 24 hours. More information can be found at https://blockburn.io/.", "slug": "blockburn", "logo": "https://s2.coinmarketcap.com/static/img/coins/64x64/4069.png", "subreddit": "", "notice": "", "tags": null, "tag-names": null, "tag-groups": null, "urls": {"website": ["https://blockburn.io/"], "twitter": ["https://twitter.com/BlockBurnHQ"], "message_board": [], "chat": ["https://discord.gg/9GAYzHG", "https://t.me/blockburn"], "facebook": [], "explorer": ["https://etherscan.io/token/0x8515cD0f00aD81996d24b9A9C35121a3b759D6Cd", "https://ethplorer.io/address/0x8515cD0f00aD81996d24b9A9C35121a3b759D6Cd"], "reddit": [], "technical_doc": ["https://blockburn.io/documents/pdf/burn_whitepaper_english.pdf"], "source_code": [], "announcement": []}, "platform": {"id": "1027", "name": "Ethereum", "slug": "ethereum", "symbol": "ETH", "token_address": "0x8515cD0f00aD81996d24b9A9C35121a3b759D6Cd"}, "date_added": "2019-07-30T00:00:00.000Z", "twitter_username": "BlockBurnHQ", "is_hidden": 0, "date_launched": null, "contract_address": [{"contract_address": "0x8515cD0f00aD81996d24b9A9C35121a3b759D6Cd", "platform": {"name": "Ethereum", "coin": {"id": "1027", "name": "Ethereum", "symbol": "ETH", "slug": "ethereum"}}}], "self_reported_circulating_supply": NaN, "self_reported_tags": null, "self_reported_market_cap": NaN}, {"id": 19755, "name": "Burn", "symbol": "BURN", "category": "token", "description": "Burn (BURN) is a cryptocurrency launched in 2022and operates on the Ethereum platform. Burn has a current supply of 200,000,000,000 with 0 in circulation. The last known price of Burn is 0.0000111 USD and is down -1.47 over the last 24 hours. It is currently trading on 3 active market(s) with $1,203.99 traded over the last 24 hours. More information can be found at https://burn.realshibadoge.com/.", "slug": "burn", "logo": "https://s2.coinmarketcap.com/static/img/coins/64x64/19755.png", "subreddit": "", "notice": "Smart contract of the following asset can be modified by the contract creator (for example: disable selling, change fees, mint new tokens, or transfer tokens). Please exercise caution before taking any action and DYOR.", "tags": null, "tag-names": null, "tag-groups": null, "urls": {"website": ["https://burn.realshibadoge.com/"], "twitter": ["https://twitter.com/RealShibaDoge"], "message_board": [], "chat": ["https://t.me/ShibaDoge_Labs", "https://discord.gg/realshibadoge"], "facebook": [], "explorer": ["https://etherscan.io/token/0xa2fe5e51729be71261bcf42854012827bc44c044"], "reddit": [], "technical_doc": ["https://whitepaper.realshibadoge.com/shibadoge-labs/usdburn"], "source_code": [], "announcement": []}, "platform": {"id": "1027", "name": "Ethereum", "slug": "ethereum", "symbol": "ETH", "token_address": "0xa2fe5e51729be71261bcf42854012827bc44c044"}, "date_added": "2022-04-25T11:44:24.000Z", "twitter_username": "RealShibaDoge", "is_hidden": 0, "date_launched": "2022-04-21T00:00:00.000Z", "contract_address": [{"contract_address": "0xa2fe5e51729be71261bcf42854012827bc44c044", "platform": {"name": "Ethereum", "coin": {"id": "1027", "name": "Ethereum", "symbol": "ETH", "slug": "ethereum"}}}], "self_reported_circulating_supply": 190234625699.0, "self_reported_tags": ["DeFi", "Memes", "Doggone Doggerel"], "self_reported_market_cap": 2113350.141336797}, {"id": 21068, "name": "Bitburn", "symbol": "BURN", "category": "token", "description": "Bitburn (BURN) is a cryptocurrency launched in 2022and operates on the BNB Smart Chain (BEP20) platform. Bitburn has a current supply of 21,000,000 with 0 in circulation. The last known price of Bitburn is 0 USD and is up 0.00 over the last 24 hours. It is currently trading on 5 active market(s) with $0.00 traded over the last 24 hours. More information can be found at http://www.bitburn.io.", "slug": "bitburn", "logo": "https://s2.coinmarketcap.com/static/img/coins/64x64/21068.png", "subreddit": "", "notice": "", "tags": null, "tag-names": null, "tag-groups": null, "urls": {"website": ["http://www.bitburn.io"], "twitter": ["https://twitter.com/BitBurnOfficial"], "message_board": [], "chat": ["https://t.me/BitBurnOfficialPortal", "https://discord.gg/bitburn"], "facebook": [], "explorer": ["https://bscscan.com/address/0x5A5844CAb96A7b8B257Fc606Aa6119c5cBc6D4c4"], "reddit": [], "technical_doc": ["https://bitburn.io/#roadmap"], "source_code": ["https://github.com/bitburnio"], "announcement": ["https://www.marketwatch.com/press-release/the-enhance-blueprint-unveils-an-automatic-reducing-supply-token-and-it-goes-by-bitburn-2022-07-08?mod=search_headline"]}, "platform": {"id": "1839", "name": "BNB", "slug": "bnb", "symbol": "BNB", "token_address": "0x5A5844CAb96A7b8B257Fc606Aa6119c5cBc6D4c4"}, "date_added": "2022-07-20T17:48:00.000Z", "twitter_username": "BitBurnOfficial", "is_hidden": 0, "date_launched": "2022-05-27T00:00:00.000Z", "contract_address": [{"contract_address": "0x5A5844CAb96A7b8B257Fc606Aa6119c5cBc6D4c4", "platform": {"name": "BNB Smart Chain (BEP20)", "coin": {"id": "1839", "name": "BNB", "symbol": "BNB", "slug": "bnb"}}}], "self_reported_circulating_supply": 20657422.0, "self_reported_tags": null, "self_reported_market_cap": 8.141697987291543e-05}, {"id": 383, "name": "BurnerCoin", "symbol": "BURN", "category": "coin", "description": "BurnerCoin (BURN) is a cryptocurrency . Users are able to generate BURN through the process of mining. BurnerCoin has a current supply of 2,181,453.16707225. The last known price of BurnerCoin is 0.00031818 USD and is up 0.00 over the last 24 hours.", "slug": "burnercoin", "logo": "https://s2.coinmarketcap.com/static/img/coins/64x64/383.png", "subreddit": "", "notice": "", "tags": ["mineable"], "tag-names": ["Mineable"], "tag-groups": ["OTHERS"], "urls": {"website": [], "twitter": [], "message_board": [], "chat": [], "facebook": [], "explorer": ["http://burn.blockexplorer.cc/chain/BurnerCoin"], "reddit": [], "technical_doc": [], "source_code": [], "announcement": []}, "platform": null, "date_added": "2014-06-12T00:00:00.000Z", "twitter_username": "", "is_hidden": 0, "date_launched": null, "contract_address": [], "self_reported_circulating_supply": NaN, "self_reported_tags": null, "self_reported_market_cap": NaN}, {"id": 1508, "name": "President Sanders", "symbol": "BURN", "category": "token", "description": "President Sanders (BURN) is a cryptocurrency . President Sanders has a current supply of 57,968,072,167.4308 with 0 in circulation. The last known price of President Sanders is 0.0000463 USD and is up 0.00 over the last 24 hours. More information can be found at http://bernie.2016coin.org/.", "slug": "president-sanders", "logo": "https://s2.coinmarketcap.com/static/img/coins/64x64/1508.png", "subreddit": "", "notice": "", "tags": null, "tag-names": null, "tag-groups": null, "urls": {"website": ["http://bernie.2016coin.org/"], "twitter": [], "message_board": [], "chat": [], "facebook": [], "explorer": ["http://omniexplorer.info/asset/69"], "reddit": [], "technical_doc": [], "source_code": [], "announcement": []}, "platform": null, "date_added": "2017-01-19T00:00:00.000Z", "twitter_username": "", "is_hidden": 0, "date_launched": null, "contract_address": [], "self_reported_circulating_supply": NaN, "self_reported_tags": null, "self_reported_market_cap": NaN}, {"id": 18441, "name": "Snow Burn", "symbol": "BURN", "category": "token", "description": "Snow Burn (BURN) is a cryptocurrency and operates on the Avalanche C-Chain platform. Snow Burn has a current supply of 1,000,000,000,000,000 with 0 in circulation. The last known price of Snow Burn is 0 USD and is up 0.00 over the last 24 hours. More information can be found at https://snow-burn.com.", "slug": "snow-burn", "logo": "https://s2.coinmarketcap.com/static/img/coins/64x64/18441.png", "subreddit": "", "notice": "The smart contract for following token contains variable tax rate function - this open the opportunity for contract owners to modify contract behaviour (ie. change fees, or transfer tokens). Please exercise with extra caution if you are investing in this token.", "tags": ["avalanche-ecosystem"], "tag-names": ["Avalanche Ecosystem"], "tag-groups": ["PLATFORM"], "urls": {"website": ["https://snow-burn.com"], "twitter": ["https://twitter.com/SnowBurnAVAX"], "message_board": ["https://medium.com/@snowprotocol"], "chat": ["https://t.me/SnowBurnAVAX"], "facebook": [], "explorer": ["https://snowtrace.io/token/0x2f4FC16308Be09e7611a047B9576881Eb5298dD6"], "reddit": [], "technical_doc": [], "source_code": ["https://github.com/Snow-protocol"], "announcement": []}, "platform": {"id": "5805", "name": "Avalanche", "slug": "avalanche", "symbol": "AVAX", "token_address": "0x2f4FC16308Be09e7611a047B9576881Eb5298dD6"}, "date_added": "2022-03-01T03:51:27.000Z", "twitter_username": "SnowBurnAVAX", "is_hidden": 0, "date_launched": null, "contract_address": [{"contract_address": "0x2f4FC16308Be09e7611a047B9576881Eb5298dD6", "platform": {"name": "Avalanche C-Chain", "coin": {"id": "5805", "name": "Avalanche", "symbol": "AVAX", "slug": "avalanche"}}}], "self_reported_circulating_supply": NaN, "self_reported_tags": null, "self_reported_market_cap": NaN}]