[{"id": 10713, "name": "Burp", "symbol": "BURP", "category": "token", "description": "Burp (BURP) is a cryptocurrency launched in 2021and operates on the Ethereum platform. Burp has a current supply of 0. The last known price of Burp is 0.00167191 USD and is down -0.84 over the last 24 hours. It is currently trading on 13 active market(s) with $34,813.64 traded over the last 24 hours. More information can be found at https://www.bigtownchef.com.", "slug": "bigtownchef", "logo": "https://s2.coinmarketcap.com/static/img/coins/64x64/10713.png", "subreddit": "", "notice": "", "tags": ["polkastarter"], "tag-names": ["Polkastarter"], "tag-groups": ["CATEGORY"], "urls": {"website": ["https://www.bigtownchef.com"], "twitter": ["https://twitter.com/bigtownchef"], "message_board": ["https://medium.com/@bigtownchef"], "chat": ["https://discord.gg/bigtownchef", "https://t.me/bigtownchef"], "facebook": [], "explorer": ["https://etherscan.io/token/0x33f391f4c4fe802b70b77ae37670037a92114a7c", "https://polygonscan.com/token/0x538d47d142f6993038a667e9d6210d3735749b36"], "reddit": [], "technical_doc": [], "source_code": [], "announcement": ["https://medium.com/@bigtownchef/big-things-are-coming-soon-3514c7d81afd"]}, "platform": {"id": "1027", "name": "Ethereum", "slug": "ethereum", "symbol": "ETH", "token_address": "0x33f391f4c4fe802b70b77ae37670037a92114a7c"}, "date_added": "2021-06-30T00:00:00.000Z", "twitter_username": "bigtownchef", "is_hidden": 0, "date_launched": "2021-07-11T00:00:00.000Z", "contract_address": [{"contract_address": "0x33f391f4c4fe802b70b77ae37670037a92114a7c", "platform": {"name": "Ethereum", "coin": {"id": "1027", "name": "Ethereum", "symbol": "ETH", "slug": "ethereum"}}}, {"contract_address": "0x538d47d142f6993038a667e9d6210d3735749b36", "platform": {"name": "Polygon", "coin": {"id": "3890", "name": "Polygon", "symbol": "MATIC", "slug": "polygon"}}}], "self_reported_circulating_supply": 249456745.94517, "self_reported_tags": ["Art", "Collectibles & NFTs", "Gaming", "Ethereum Ecosystem", "Play To Earn", "Web3"], "self_reported_market_cap": 417054.23444344406}]