[{"id": 4687, "name": "Binance USD", "symbol": "BUSD", "category": "token", "description": "Binance USD (BUSD) is a cryptocurrency and operates on the BNB Beacon Chain (BEP2) platform. Binance USD has a current supply of 16,875,827,751.794058. The last known price of Binance USD is 0.99983235 USD and is down -0.07 over the last 24 hours. It is currently trading on 5925 active market(s) with $4,496,526,113.41 traded over the last 24 hours. More information can be found at https://www.binance.com/en/busd.", "slug": "binance-usd", "logo": "https://s2.coinmarketcap.com/static/img/coins/64x64/4687.png", "subreddit": "", "notice": "", "tags": ["stablecoin", "asset-backed-stablecoin", "binance-chain", "harmony-ecosystem", "moonriver-ecosystem", "usd-stablecoin"], "tag-names": ["Stablecoin", "Asset-Backed Stablecoin", "Binance Chain", "Harmony Ecosystem", "Moonriver Ecosystem", "USD Stablecoin"], "tag-groups": ["CATEGORY", "CATEGORY", "PLATFORM", "CATEGORY", "CATEGORY", "CATEGORY"], "urls": {"website": ["https://www.binance.com/en/busd", "https://www.paxos.com/busd/"], "twitter": ["https://twitter.com/binance"], "message_board": ["https://coinmarketcap.com/community/profile/BUSD"], "chat": [], "facebook": [], "explorer": ["https://etherscan.io/token/0x4Fabb145d64652a948d72533023f6E7A623C7C53", "https://bscscan.com/token/0xe9e7cea3dedca5984780bafc599bd69add087d56", "https://explorer.binance.org/asset/BUSD-BD1", "https://snowtrace.io/token/0x9C9e5fD8bbc25984B178FdCE6117Defa39d2db39", "https://polygonscan.com/token/0x9C9e5fD8bbc25984B178FdCE6117Defa39d2db39"], "reddit": [], "technical_doc": [], "source_code": ["https://github.com/paxosglobal/busd-contract"], "announcement": ["https://www.binance.com/en/blog/376335367507857408/Binance-Partners-with-Paxos-to-Launch-USDBacked-Stablecoin-BUSD"]}, "platform": {"id": "1839", "name": "BNB", "slug": "bnb", "symbol": "BNB", "token_address": "BUSD-BD1"}, "date_added": "2019-09-20T00:00:00.000Z", "twitter_username": "binance", "is_hidden": 0, "date_launched": null, "contract_address": [{"contract_address": "BUSD-BD1", "platform": {"name": "BNB Beacon Chain (BEP2)", "coin": {"id": "1839", "name": "BNB", "symbol": "BNB", "slug": "bnb"}}}, {"contract_address": "0x4Fabb145d64652a948d72533023f6E7A623C7C53", "platform": {"name": "Ethereum", "coin": {"id": "1027", "name": "Ethereum", "symbol": "ETH", "slug": "ethereum"}}}, {"contract_address": "0xe9e7cea3dedca5984780bafc599bd69add087d56", "platform": {"name": "BNB Smart Chain (BEP20)", "coin": {"id": "1839", "name": "BNB", "symbol": "BNB", "slug": "bnb"}}}, {"contract_address": "0x9C9e5fD8bbc25984B178FdCE6117Defa39d2db39", "platform": {"name": "Avalanche C-Chain", "coin": {"id": "5805", "name": "Avalanche", "symbol": "AVAX", "slug": "avalanche"}}}, {"contract_address": "0xc111c29a988ae0c0087d97b33c6e6766808a3bd3", "platform": {"name": "Velas", "coin": {"id": "4747", "name": "Velas", "symbol": "VLX", "slug": "velas"}}}, {"contract_address": "0xe176ebe47d621b984a73036b9da5d834411ef734", "platform": {"name": "Harmony", "coin": {"id": "3945", "name": "Harmony", "symbol": "ONE", "slug": "harmony"}}}, {"contract_address": "33fsBLA8djQm82RpHmE3SuVrPGtZBWNYExsEUeKX1HXX", "platform": {"name": "Solana", "coin": {"id": "5426", "name": "Solana", "symbol": "SOL", "slug": "solana"}}}, {"contract_address": "0x9C9e5fD8bbc25984B178FdCE6117Defa39d2db39", "platform": {"name": "Polygon", "coin": {"id": "3890", "name": "Polygon", "symbol": "MATIC", "slug": "polygon"}}}, {"contract_address": "0x818ec0A7Fe18Ff94269904fCED6AE3DaE6d6dC0b", "platform": {"name": "Bitgert", "coin": {"id": "11079", "name": "Bitgert", "symbol": "BRISE", "slug": "bitrise-token"}}}], "self_reported_circulating_supply": null, "self_reported_tags": null, "self_reported_market_cap": null}]