[{"id": 9002, "name": "Busy DAO", "symbol": "BUSY", "category": "token", "description": "Busy DAO (BUSY) is a cryptocurrency launched in 2021and operates on the Ethereum platform. Busy DAO has a current supply of 255,000,000 with 0 in circulation. The last known price of Busy DAO is 0.00228192 USD and is down -10.65 over the last 24 hours. It is currently trading on 6 active market(s) with $70,510.77 traded over the last 24 hours. More information can be found at https://busydao.io/.", "slug": "busy", "logo": "https://s2.coinmarketcap.com/static/img/coins/64x64/9002.png", "subreddit": "", "notice": "", "tags": ["okex-blockdream-ventures-portfolio"], "tag-names": ["OKEx Blockdream Ventures Portfolio"], "tag-groups": ["CATEGORY"], "urls": {"website": ["https://busydao.io/"], "twitter": ["https://twitter.com/BUSY_DAO"], "message_board": ["https://medium.com/busydao", "https://www.instagram.com/busydao/"], "chat": ["https://t.me/busy_official"], "facebook": ["https://www.facebook.com/busydao"], "explorer": ["https://etherscan.io/token/0x5CB3ce6D081fB00d5f6677d196f2d70010EA3f4a"], "reddit": [], "technical_doc": ["https://busydao.io/attachments/white-paper.pdf"], "source_code": [], "announcement": ["https://www.youtube.com/@busydao"]}, "platform": {"id": "1027", "name": "Ethereum", "slug": "ethereum", "symbol": "ETH", "token_address": "0x5CB3ce6D081fB00d5f6677d196f2d70010EA3f4a"}, "date_added": "2021-03-29T00:00:00.000Z", "twitter_username": "BUSY_DAO", "is_hidden": 0, "date_launched": "2021-03-29T00:00:00.000Z", "contract_address": [{"contract_address": "0x5CB3ce6D081fB00d5f6677d196f2d70010EA3f4a", "platform": {"name": "Ethereum", "coin": {"id": "1027", "name": "Ethereum", "symbol": "ETH", "slug": "ethereum"}}}], "self_reported_circulating_supply": 89855869.0, "self_reported_tags": null, "self_reported_market_cap": 205041.21681576702}, {"id": 6921, "name": "Busy Protocol", "symbol": "BUSY", "category": "token", "description": "To facilitate true decentralization, Busy Protocol blockchain will implement random spreading of assets using minting mechanism. Part of each block reward will be randomly awarded to any wallet containing set minimum of tokens from the pool of 80% of the wallets with smaller amount of assets on the blockchain. That measure is taken to assure maximum initial spread possible. The decentralization factor is what really roots the blockchain as an accessible tool for the public. Unfortunately, too many fine cryptocurrencies are monopolized by small amount of large wallets, with price manipulated to the disadvantage of others.\r\n\r\nBusy Protocol blockchain will probably operate at first on Tendermint and Ethereum, and further will maybe expand to Polkadot and Solana ecosystems. This cross-chain policy enables maximum outreach, and access of different tokens/asset classes into the ecosystem. As such Busy Protocol will perform as DeFi Super-agent, allowing Lending services at user defined rates, Staking that will peg the token value to the value of assets staked on Busy Protocol blockchain, and Yield Farming. All of that will be encompassed within Proof-Of-stake mintable Stabletoken, that will increase its amount depending on the amount of assets tied within the ecosystem. Obviously, such solution reward early adoption, yet later users will still be rewarded for simply being on a chain with a required set minimum of assets, by having part of the block reward randomly transferred to smaller wallets. Busy Protocol uses will extend as a tender for microtransactions, an providing agnostic decentralized Oracles service to any willing parties through API sockets.", "slug": "busyprotocol", "logo": "https://s2.coinmarketcap.com/static/img/coins/64x64/6921.png", "subreddit": "", "notice": "", "tags": null, "tag-names": null, "tag-groups": null, "urls": {"website": ["https://busyprotocol.io/"], "twitter": ["https://twitter.com/BusyProtocol"], "message_board": [], "chat": ["https://t.me/BusyProtocolANN"], "facebook": [], "explorer": ["https://explorer.binance.org/asset/BUSY-3AFM"], "reddit": [], "technical_doc": [], "source_code": [], "announcement": ["https://medium.com/@busyprotocol"]}, "platform": null, "date_added": "2020-09-07T00:00:00.000Z", "twitter_username": "BusyProtocol", "is_hidden": 0, "date_launched": null, "contract_address": [], "self_reported_circulating_supply": NaN, "self_reported_tags": null, "self_reported_market_cap": NaN}]