[{"id": 9725, "name": "Butter Token", "symbol": "BUTTER", "category": "token", "description": "Butter Token (BUTTER) is a cryptocurrency launched in 2021and operates on the BNB Smart Chain (BEP20) platform. Butter Token has a current supply of 1,000,000,000,000 with 0 in circulation. The last known price of Butter Token is 0.0000011 USD and is up 2.40 over the last 24 hours. More information can be found at https://www.milktoken.net/.", "slug": "butter-token", "logo": "https://s2.coinmarketcap.com/static/img/coins/64x64/9725.png", "subreddit": "milktoken", "notice": "Butter Token has migrated to [Milk and Butter](https://coinmarketcap.com/currencies/milk-and-butter/). For more details, kindly check the official announcement [here](https://twitter.com/milkbuttertoken/status/1477498616566542336).", "tags": ["bnb-chain"], "tag-names": ["BNB Chain"], "tag-groups": ["PLATFORM"], "urls": {"website": ["https://www.milktoken.net/"], "twitter": ["https://twitter.com/milk_token"], "message_board": [], "chat": ["https://discord.gg/efxuh54NvA", "https://t.me/milk_token"], "facebook": [], "explorer": ["https://bscscan.com/token/0x0110ff9e7e4028a5337f07841437b92d5bf53762"], "reddit": ["https://reddit.com/r/milktoken"], "technical_doc": ["https://www.milktoken.net/files/whitepaper.pdf"], "source_code": ["https://github.com/cclaypool1/MilkToken"], "announcement": []}, "platform": {"id": "1839", "name": "BNB", "slug": "bnb", "symbol": "BNB", "token_address": "0x0110ff9e7e4028a5337f07841437b92d5bf53762"}, "date_added": "2021-05-12T00:00:00.000Z", "twitter_username": "milk_token", "is_hidden": 0, "date_launched": "2021-04-03T00:00:00.000Z", "contract_address": [{"contract_address": "0x0110ff9e7e4028a5337f07841437b92d5bf53762", "platform": {"name": "BNB Smart Chain (BEP20)", "coin": {"id": "1839", "name": "BNB", "symbol": "BNB", "slug": "bnb"}}}], "self_reported_circulating_supply": null, "self_reported_tags": null, "self_reported_market_cap": null}, {"id": 10531, "name": "ButterSwap", "symbol": "BUTTER", "category": "token", "description": "ButterSwap (BUTTER) is a cryptocurrency launched in 2021and operates on the HECO platform. ButterSwap has a current supply of 0. The last known price of ButterSwap is 0.00028632 USD and is up 0.00 over the last 24 hours. More information can be found at http://butterswap.me/.", "slug": "butterswap", "logo": "https://s2.coinmarketcap.com/static/img/coins/64x64/10531.png", "subreddit": "", "notice": "", "tags": ["heco-ecosystem"], "tag-names": ["HECO Ecosystem"], "tag-groups": ["PLATFORM"], "urls": {"website": ["http://butterswap.me/"], "twitter": ["https://twitter.com/butterswap"], "message_board": [], "chat": ["https://t.me/butterswap0"], "facebook": [], "explorer": ["https://hecoinfo.com/token/0xbf84214ea409A369774321727595F218889eD943"], "reddit": [], "technical_doc": [], "source_code": ["https://github.com/butter-swap"], "announcement": []}, "platform": {"id": "2502", "name": "Huobi Token", "slug": "huobi-token", "symbol": "HT", "token_address": "0xbf84214ea409A369774321727595F218889eD943"}, "date_added": "2021-06-21T00:00:00.000Z", "twitter_username": "butterswap", "is_hidden": 0, "date_launched": "2021-06-15T00:00:00.000Z", "contract_address": [{"contract_address": "0xbf84214ea409A369774321727595F218889eD943", "platform": {"name": "HECO", "coin": {"id": "2502", "name": "Huobi Token", "symbol": "HT", "slug": "huobi-token"}}}], "self_reported_circulating_supply": null, "self_reported_tags": null, "self_reported_market_cap": null}]