[{"id": 11750, "name": "Buying.com", "symbol": "BUY", "category": "token", "description": "Buying.com (BUY) is a cryptocurrency launched in 2021and operates on the Ethereum platform. Buying.com has a current supply of 986,800,000 with 331,789,518 in circulation. The last known price of Buying.com is 0.01767936 USD and is up 1.99 over the last 24 hours. It is currently trading on 6 active market(s) with $119,899.23 traded over the last 24 hours. More information can be found at https://www.buying.com.", "slug": "buying-com", "logo": "https://s2.coinmarketcap.com/static/img/coins/64x64/11750.png", "subreddit": "", "notice": "", "tags": ["trustswap-launchpad"], "tag-names": ["Trustswap Launchpad"], "tag-groups": ["CATEGORY"], "urls": {"website": ["https://www.buying.com"], "twitter": ["https://twitter.com/buying_com"], "message_board": ["https://medium.com/buying-com"], "chat": ["https://t.me/buyingcom_official"], "facebook": [], "explorer": ["https://algoexplorer.io/asset/137020565", "https://etherscan.io/token/0x396ec402b42066864c406d1ac3bc86b575003ed8", "https://bscscan.com/token/0x40225c6277b29bf9056b4acb7ee1512cbff11671"], "reddit": [], "technical_doc": ["https://www.buying.com/catalog/view/theme/journal2/assets/documents/Buying.com_Whitepaper_v5.pdf"], "source_code": [], "announcement": ["https://medium.com/buying-com"]}, "platform": {"id": "1027", "name": "Ethereum", "slug": "ethereum", "symbol": "ETH", "token_address": "0x396ec402b42066864c406d1ac3bc86b575003ed8"}, "date_added": "2021-09-07T19:22:55.000Z", "twitter_username": "buying_com", "is_hidden": 0, "date_launched": "2021-08-18T00:00:00.000Z", "contract_address": [{"contract_address": "0x396ec402b42066864c406d1ac3bc86b575003ed8", "platform": {"name": "Ethereum", "coin": {"id": "1027", "name": "Ethereum", "symbol": "ETH", "slug": "ethereum"}}}, {"contract_address": "0x40225C6277b29Bf9056B4ACB7Ee1512CbFF11671", "platform": {"name": "BNB Smart Chain (BEP20)", "coin": {"id": "1839", "name": "BNB", "symbol": "BNB", "slug": "bnb"}}}, {"contract_address": "137020565", "platform": {"name": "Algorand", "coin": {"id": "4030", "name": "Algorand", "symbol": "ALGO", "slug": "algorand"}}}], "self_reported_circulating_supply": 368061357.0, "self_reported_tags": ["Marketplace", "Platform", "Services", "Loyalty", "E-commerce", "Ethereum Ecosystem", "BNB Smart Chain", "BNB Chain"], "self_reported_market_cap": 6512026.220172383}, {"id": 6701, "name": "Burency", "symbol": "BUY", "category": "token", "description": "Burency (BUY) is a cryptocurrency and operates on the Ethereum platform. Burency has a current supply of 700,000,000 with 193,878,224.01706946 in circulation. The last known price of Burency is 0.00225953 USD and is down -0.20 over the last 24 hours. It is currently trading on 9 active market(s) with $273,397.75 traded over the last 24 hours. More information can be found at https://burency.com/.", "slug": "burency", "logo": "https://s2.coinmarketcap.com/static/img/coins/64x64/6701.png", "subreddit": "", "notice": "", "tags": null, "tag-names": null, "tag-groups": null, "urls": {"website": ["https://burency.com/"], "twitter": ["https://twitter.com/BurencyOfficial"], "message_board": ["https://medium.com/@BurencyOfficial"], "chat": ["https://t.me/BurencyCommunity"], "facebook": [], "explorer": ["https://etherscan.io/token/0x31fdd1c6607f47c14a2821f599211c67ac20fa96", "https://ethplorer.io/address/0x31fdd1c6607f47c14a2821f599211c67ac20fa96"], "reddit": [], "technical_doc": [], "source_code": [], "announcement": []}, "platform": {"id": "1027", "name": "Ethereum", "slug": "ethereum", "symbol": "ETH", "token_address": "0x31fdd1c6607f47c14a2821f599211c67ac20fa96"}, "date_added": "2020-08-30T00:00:00.000Z", "twitter_username": "BurencyOfficial", "is_hidden": 0, "date_launched": null, "contract_address": [{"contract_address": "0x31fdd1c6607f47c14a2821f599211c67ac20fa96", "platform": {"name": "Ethereum", "coin": {"id": "1027", "name": "Ethereum", "symbol": "ETH", "slug": "ethereum"}}}], "self_reported_circulating_supply": NaN, "self_reported_tags": null, "self_reported_market_cap": NaN}]