[{"id": 16905, "name": "Crypto Chip Token", "symbol": "BVC", "category": "token", "description": "Crypto Chip Token (BVC) is a cryptocurrency launched in 2021and operates on the BNB Smart Chain (BEP20) platform. Crypto Chip Token has a current supply of 100,000,000 with 0 in circulation. The last known price of Crypto Chip Token is 0.00039539 USD and is up 8.60 over the last 24 hours. It is currently trading on 6 active market(s) with $21,586.46 traded over the last 24 hours. More information can be found at https://cryptochiptoken.com/.", "slug": "crypto-chip-token", "logo": "https://s2.coinmarketcap.com/static/img/coins/64x64/16905.png", "subreddit": "", "notice": "", "tags": null, "tag-names": null, "tag-groups": null, "urls": {"website": ["https://cryptochiptoken.com/"], "twitter": ["https://twitter.com/CryptoChipToken"], "message_board": [], "chat": ["https://t.me/cryptochiptokeninternational"], "facebook": [], "explorer": ["https://bscscan.com/address/0x2dea12c4f08074032a9997f0a199b04af0fc0392"], "reddit": [], "technical_doc": ["https://cryptochiptoken.com/wp-content/uploads/2021/12/bvc_whitepaper.pdf"], "source_code": [], "announcement": ["https://t.me/cryptochiptokenofficial"]}, "platform": {"id": "1839", "name": "BNB", "slug": "bnb", "symbol": "BNB", "token_address": "0x2dea12c4f08074032a9997f0a199b04af0fc0392"}, "date_added": "2022-01-05T15:19:25.000Z", "twitter_username": "CryptoChipToken", "is_hidden": 0, "date_launched": "2021-11-20T00:00:00.000Z", "contract_address": [{"contract_address": "0x2dea12c4f08074032a9997f0a199b04af0fc0392", "platform": {"name": "BNB Smart Chain (BEP20)", "coin": {"id": "1839", "name": "BNB", "symbol": "BNB", "slug": "bnb"}}}], "self_reported_circulating_supply": 100000000.0, "self_reported_tags": null, "self_reported_market_cap": 40087.793945796555}, {"id": 18081, "name": "BattleVerse", "symbol": "BVC", "category": "token", "description": "BattleVerse (BVC) is a cryptocurrency launched in 2022and operates on the BNB Smart Chain (BEP20) platform. BattleVerse has a current supply of 1,000,000,000 with 0 in circulation. The last known price of BattleVerse is 0.00231069 USD and is down -0.89 over the last 24 hours. It is currently trading on 3 active market(s) with $5,615.01 traded over the last 24 hours. More information can be found at https://battleverse.io/.", "slug": "battleverse", "logo": "https://s2.coinmarketcap.com/static/img/coins/64x64/18081.png", "subreddit": "", "notice": "", "tags": ["bullperks-launchpad"], "tag-names": ["BullPerks Launchpad"], "tag-groups": ["CATEGORY"], "urls": {"website": ["https://battleverse.io/"], "twitter": ["https://twitter.com/BattleVerse_io"], "message_board": ["https://battleverse.medium.com/"], "chat": ["https://discord.gg/battleverse"], "facebook": [], "explorer": ["https://bscscan.com/token/0x9BEe0c15676a65ef3c8cdb38cB3DD31c675BbD12"], "reddit": [], "technical_doc": ["https://docs.battleverse.io/"], "source_code": [], "announcement": ["https://t.me/battleverse_news"]}, "platform": {"id": "1839", "name": "BNB", "slug": "bnb", "symbol": "BNB", "token_address": "0x9bee0c15676a65ef3c8cdb38cb3dd31c675bbd12"}, "date_added": "2022-02-14T10:33:38.000Z", "twitter_username": "BattleVerse_io", "is_hidden": 0, "date_launched": "2022-02-16T00:00:00.000Z", "contract_address": [{"contract_address": "0x9bee0c15676a65ef3c8cdb38cb3dd31c675bbd12", "platform": {"name": "BNB Smart Chain (BEP20)", "coin": {"id": "1839", "name": "BNB", "symbol": "BNB", "slug": "bnb"}}}], "self_reported_circulating_supply": 4000000.0, "self_reported_tags": ["Gaming", "BNB Smart Chain"], "self_reported_market_cap": 9265.314393838138}, {"id": 653, "name": "BeaverCoin", "symbol": "BVC", "category": "coin", "description": "BeaverCoin (BVC) is a cryptocurrency . Users are able to generate BVC through the process of mining. BeaverCoin has a current supply of 3,115,257.99999997. The last known price of BeaverCoin is 0.02628466 USD and is up 0.00 over the last 24 hours. More information can be found at http://beavercoin.org.", "slug": "beavercoin", "logo": "https://s2.coinmarketcap.com/static/img/coins/64x64/653.png", "subreddit": "", "notice": "", "tags": ["mineable"], "tag-names": ["Mineable"], "tag-groups": ["OTHERS"], "urls": {"website": ["http://beavercoin.org"], "twitter": ["https://twitter.com/BeaverCoin_BVC"], "message_board": [], "chat": [], "facebook": [], "explorer": ["http://blockchain.beavercoin.org"], "reddit": [], "technical_doc": [], "source_code": [], "announcement": ["https://bitcointalk.org/index.php?topic=761269.0"]}, "platform": null, "date_added": "2014-10-04T00:00:00.000Z", "twitter_username": "BeaverCoin_BVC", "is_hidden": 0, "date_launched": null, "contract_address": [], "self_reported_circulating_supply": NaN, "self_reported_tags": null, "self_reported_market_cap": NaN}]