[{"id": 2953, "name": "Blue Whale EXchange", "symbol": "BWX", "category": "token", "description": "Blue Whale EXchange (BWX) is a cryptocurrency and operates on the Ethereum platform. Blue Whale EXchange has a current supply of 64,320,000 with 39,593,165.11224727 in circulation. The last known price of Blue Whale EXchange is 0.00050069 USD and is up 0.00 over the last 24 hours. More information can be found at https://www.bluewhale.foundation/.", "slug": "blue-whale-exchange", "logo": "https://s2.coinmarketcap.com/static/img/coins/64x64/2953.png", "subreddit": "BlueWhaleFdn", "notice": "", "tags": ["marketplace", "sharing-economy", "smart-contracts"], "tag-names": ["Marketplace", "Sharing Economy", "Smart Contracts"], "tag-groups": ["INDUSTRY", "INDUSTRY", "CATEGORY"], "urls": {"website": ["https://www.bluewhale.foundation/"], "twitter": ["https://twitter.com/BlueWhaleFdn"], "message_board": ["https://medium.com/blue-whale-foundation", "https://medium.com/blue-whale-foundation/blue-whale-token-swap-announcement-3cfa69dba571"], "chat": ["https://t.me/bluewhalefdn"], "facebook": [], "explorer": ["https://etherscan.io/token/0xce5114d7fa8361f0c088ee26fa3a5446c4a1f50b", "https://ethplorer.io/address/0xce5114d7fa8361f0c088ee26fa3a5446c4a1f50b"], "reddit": ["https://reddit.com/r/BlueWhaleFdn"], "technical_doc": [], "source_code": ["https://github.com/BlueWhaleFoundation"], "announcement": ["https://bitcointalk.org/index.php?topic=3135032.0"]}, "platform": {"id": "1027", "name": "Ethereum", "slug": "ethereum", "symbol": "ETH", "token_address": "0xce5114d7fa8361f0c088ee26fa3a5446c4a1f50b"}, "date_added": "2018-07-23T00:00:00.000Z", "twitter_username": "BlueWhaleFdn", "is_hidden": 0, "date_launched": null, "contract_address": [{"contract_address": "0xce5114d7fa8361f0c088ee26fa3a5446c4a1f50b", "platform": {"name": "Ethereum", "coin": {"id": "1027", "name": "Ethereum", "symbol": "ETH", "slug": "ethereum"}}}], "self_reported_circulating_supply": null, "self_reported_tags": null, "self_reported_market_cap": null}]