[{"id": 9134, "name": "Beyondfi", "symbol": "BYN", "category": "token", "description": "Beyondfi (BYN) is a cryptocurrency launched in 2020and operates on the Ethereum platform. Beyondfi has a current supply of 100,000,000 with 8,863,174.571 in circulation. The last known price of Beyondfi is 0.0047321 USD and is down -3.87 over the last 24 hours. It is currently trading on 7 active market(s) with $47,262.88 traded over the last 24 hours. More information can be found at https://beyondfi.io/.", "slug": "beyond-finance", "logo": "https://s2.coinmarketcap.com/static/img/coins/64x64/9134.png", "subreddit": "BeyondFinance_io", "notice": "", "tags": ["duckstarter", "exnetwork-capital-portfolio", "okex-blockdream-ventures-portfolio"], "tag-names": ["DuckSTARTER", "Exnetwork Capital Portfolio", "OKEx Blockdream Ventures Portfolio"], "tag-groups": ["CATEGORY", "CATEGORY", "CATEGORY"], "urls": {"website": ["https://beyondfi.io/"], "twitter": ["https://twitter.com/Bey0nd_Fi"], "message_board": ["https://medium.com/@bfinance"], "chat": ["https://t.me/beyondfinanceglobal"], "facebook": [], "explorer": ["https://etherscan.io/token/0x4bb3205bf648b7f59ef90dee0f1b62f6116bc7ca", "https://polygonscan.com/token/0x11602a402281974a70c2b4824d58ebede967e2be"], "reddit": ["https://reddit.com/r/BeyondFinance_io"], "technical_doc": ["https://beyond-finance.gitbook.io/beyond-finance/"], "source_code": ["https://github.com/Beyond-Trade"], "announcement": ["https://t.me/beyondfinancenews"]}, "platform": {"id": "1027", "name": "Ethereum", "slug": "ethereum", "symbol": "ETH", "token_address": "0x4bb3205bf648b7f59ef90dee0f1b62f6116bc7ca"}, "date_added": "2021-04-06T00:00:00.000Z", "twitter_username": "Bey0nd_Fi", "is_hidden": 0, "date_launched": "2020-12-21T00:00:00.000Z", "contract_address": [{"contract_address": "0x4bb3205bf648b7f59ef90dee0f1b62f6116bc7ca", "platform": {"name": "Ethereum", "coin": {"id": "1027", "name": "Ethereum", "symbol": "ETH", "slug": "ethereum"}}}, {"contract_address": "0x11602a402281974a70c2b4824d58ebede967e2be", "platform": {"name": "Polygon", "coin": {"id": "3890", "name": "Polygon", "symbol": "MATIC", "slug": "polygon"}}}], "self_reported_circulating_supply": null, "self_reported_tags": null, "self_reported_market_cap": null}]