[{"id": 5810, "name": "bZx Protocol", "symbol": "BZRX", "category": "token", "description": "bZx Protocol (BZRX) is a cryptocurrency and operates on the Ethereum platform. bZx Protocol has a current supply of 1,030,000,000 with 0 in circulation. The last known price of bZx Protocol is 0.0602326 USD and is up 84.60 over the last 24 hours. It is currently trading on 46 active market(s) with $1,371.20 traded over the last 24 hours. More information can be found at https://bzx.network/.", "slug": "bzx-protocol", "logo": "https://s2.coinmarketcap.com/static/img/coins/64x64/5810.png", "subreddit": "", "notice": "bZx Protocol has migrated to [Ooki Protocol](https://coinmarketcap.com/currencies/ooki-protocol/). For more details, kindly check the official announcement [here](https://blog.ooki.com/ooki-launch-stage-three-ooki-token/).", "tags": ["decentralized-exchange-dex-token", "defi", "smart-contracts", "avalanche-ecosystem", "lending-borowing", "bnb-chain"], "tag-names": ["Decentralized Exchange (DEX) Token", "DeFi", "Smart Contracts", "Avalanche Ecosystem", "Lending & Borrowing", "BNB Chain"], "tag-groups": ["CATEGORY", "CATEGORY", "CATEGORY", "PLATFORM", "CATEGORY", "PLATFORM"], "urls": {"website": ["https://bzx.network/"], "twitter": ["https://twitter.com/bzxHQ"], "message_board": [], "chat": ["https://t.me/b0xNet", "https://discord.com/invite/DKEq6FV"], "facebook": [], "explorer": ["https://etherscan.io/token/0x56d811088235F11C8920698a204A5010a788f4b3", "https://ethplorer.io/address/0x56d811088235F11C8920698a204A5010a788f4b3"], "reddit": [], "technical_doc": ["https://docs.bzx.network/"], "source_code": ["https://github.com/bZxNetwork"], "announcement": []}, "platform": {"id": "1027", "name": "Ethereum", "slug": "ethereum", "symbol": "ETH", "token_address": "0x56d811088235F11C8920698a204A5010a788f4b3"}, "date_added": "2020-07-06T00:00:00.000Z", "twitter_username": "bzxHQ", "is_hidden": 0, "date_launched": null, "contract_address": [{"contract_address": "0x56d811088235F11C8920698a204A5010a788f4b3", "platform": {"name": "Ethereum", "coin": {"id": "1027", "name": "Ethereum", "symbol": "ETH", "slug": "ethereum"}}}], "self_reported_circulating_supply": 520082901.7429194, "self_reported_tags": null, "self_reported_market_cap": 31327028.456291936}]