[{"id": 9991, "name": "Charli3", "symbol": "C3", "category": "token", "description": "Charli3 (C3) is a cryptocurrency launched in 2021and operates on the Cardano platform. Charli3 has a current supply of 0. The last known price of Charli3 is 0.12045659 USD and is down -1.48 over the last 24 hours. It is currently trading on 10 active market(s) with $0.00 traded over the last 24 hours. More information can be found at https://charli3.io.", "slug": "charli3", "logo": "https://s2.coinmarketcap.com/static/img/coins/64x64/9991.png", "subreddit": "", "notice": "", "tags": ["cardano-ecosystem", "cardano"], "tag-names": ["Cardano Ecosystem", "Cardano"], "tag-groups": ["CATEGORY", "PLATFORM"], "urls": {"website": ["https://charli3.io"], "twitter": ["https://twitter.com/Oraclecharli3"], "message_board": ["https://oraclecharli3.medium.com"], "chat": ["https://t.me/Charli3Official", "https://t.me/Charli3AnnoucementsPrice"], "facebook": [], "explorer": ["https://cardanoscan.io/tokenPolicy/8e51398904a5d3fc129fbf4f1589701de23c7824d5c90fdb9490e15a"], "reddit": [], "technical_doc": ["https://charli3.io/assets/downloads/C3_WP_0.4.pdf"], "source_code": [], "announcement": []}, "platform": {"id": "2010", "name": "Cardano", "slug": "cardano", "symbol": "ADA", "token_address": "8e51398904a5d3fc129fbf4f1589701de23c7824d5c90fdb9490e15a"}, "date_added": "2021-05-21T00:00:00.000Z", "twitter_username": "Oraclecharli3", "is_hidden": 0, "date_launched": "2021-04-26T00:00:00.000Z", "contract_address": [{"contract_address": "8e51398904a5d3fc129fbf4f1589701de23c7824d5c90fdb9490e15a", "platform": {"name": "Cardano", "coin": {"id": "2010", "name": "Cardano", "symbol": "ADA", "slug": "cardano"}}}], "self_reported_circulating_supply": null, "self_reported_tags": null, "self_reported_market_cap": null}]