[{"id": 10903, "name": "Coin98", "symbol": "C98", "category": "token", "description": "Coin98 (C98) is a cryptocurrency launched in 2021and operates on the Ethereum platform. Coin98 has a current supply of 1,000,000,000 with 216,944,443.6 in circulation. The last known price of Coin98 is 0.15829477 USD and is down -1.25 over the last 24 hours. It is currently trading on 112 active market(s) with $9,663,247.27 traded over the last 24 hours. More information can be found at https://www.coin98.com/.", "slug": "coin98", "logo": "https://s2.coinmarketcap.com/static/img/coins/64x64/10903.png", "subreddit": "Coin98Community/", "notice": "", "tags": ["wallet", "binance-launchpad", "solana-ecosystem", "celo-ecosystem", "spartan-group", "injective-ecosystem", "bnb-chain"], "tag-names": ["Wallet", "Binance Launchpad", "Solana Ecosystem", "Celo Ecosystem", "Spartan Group", "Injective Ecosystem", "BNB Chain"], "tag-groups": ["CATEGORY", "CATEGORY", "PLATFORM", "CATEGORY", "CATEGORY", "PLATFORM", "PLATFORM"], "urls": {"website": ["https://www.coin98.com/"], "twitter": ["https://twitter.com/coin98_wallet"], "message_board": ["https://blog.coin98.com/"], "chat": ["https://t.me/coin98_wallet", "https://c98.link/discord"], "facebook": [], "explorer": ["https://bscscan.com/token/0xaec945e04baf28b135fa7c640f624f8d90f1c3a6", "https://etherscan.io/token/0xae12c5930881c53715b369cec7606b70d8eb229f", "https://explorer.solana.com/address/C98A4nkJXhpVZNAZdHUA95RpTF3T4whtQubL3YobiUX9"], "reddit": ["https://reddit.com/r/Coin98Community/"], "technical_doc": ["https://docs.coin98.com/"], "source_code": ["https://github.com/coin98"], "announcement": []}, "platform": {"id": "1027", "name": "Ethereum", "slug": "ethereum", "symbol": "ETH", "token_address": "0xae12c5930881c53715b369cec7606b70d8eb229f"}, "date_added": "2021-07-15T00:00:00.000Z", "twitter_username": "coin98_wallet", "is_hidden": 0, "date_launched": "2021-07-23T00:00:00.000Z", "contract_address": [{"contract_address": "0xae12c5930881c53715b369cec7606b70d8eb229f", "platform": {"name": "Ethereum", "coin": {"id": "1027", "name": "Ethereum", "symbol": "ETH", "slug": "ethereum"}}}, {"contract_address": "0xaec945e04baf28b135fa7c640f624f8d90f1c3a6", "platform": {"name": "BNB Smart Chain (BEP20)", "coin": {"id": "1839", "name": "BNB", "symbol": "BNB", "slug": "bnb"}}}, {"contract_address": "C98A4nkJXhpVZNAZdHUA95RpTF3T4whtQubL3YobiUX9", "platform": {"name": "Solana", "coin": {"id": "5426", "name": "Solana", "symbol": "SOL", "slug": "solana"}}}], "self_reported_circulating_supply": null, "self_reported_tags": ["DeFi", "Wallet", "Ethereum Ecosystem", "BNB Smart Chain", "Solana Ecosystem"], "self_reported_market_cap": null}]