[{"id": 7639, "name": "Club Atletico Independiente", "symbol": "CAI", "category": "token", "description": "Club Atletico Independiente (CAI) is a cryptocurrency and operates on the Chiliz platform. Club Atletico Independiente has a current supply of 5,000,000 with 838,166 in circulation. The last known price of Club Atletico Independiente is 0.26212965 USD and is down -1.47 over the last 24 hours. It is currently trading on 1 active market(s) with $448.09 traded over the last 24 hours. More information can be found at https://clubaindependiente.com.ar/.", "slug": "club-atletico-independiente", "logo": "https://s2.coinmarketcap.com/static/img/coins/64x64/7639.png", "subreddit": "", "notice": "", "tags": ["sports", "fan-token", "soccer"], "tag-names": ["Sports", "Fan Token", "Soccer"], "tag-groups": ["INDUSTRY", "CATEGORY", "CATEGORY"], "urls": {"website": ["https://clubaindependiente.com.ar/"], "twitter": ["https://twitter.com/Independiente"], "message_board": [], "chat": [], "facebook": [], "explorer": ["https://explorer.chiliz.com/address/0x1793c8b629b0a526d8741e288440c0cbc4486292"], "reddit": [], "technical_doc": [], "source_code": [], "announcement": []}, "platform": {"id": "4066", "name": "Chiliz", "slug": "chiliz", "symbol": "CHZ", "token_address": "0x1793c8b629b0a526d8741e288440c0cbc4486292"}, "date_added": "2020-11-10T00:00:00.000Z", "twitter_username": "Independiente", "is_hidden": 0, "date_launched": null, "contract_address": [{"contract_address": "0x1793c8b629b0a526d8741e288440c0cbc4486292", "platform": {"name": "Chiliz", "coin": {"id": "4066", "name": "Chiliz", "symbol": "CHZ", "slug": "chiliz"}}}], "self_reported_circulating_supply": 838166.0, "self_reported_tags": null, "self_reported_market_cap": 219708.16242360946}, {"id": 21726, "name": "Colony Avalanche Index", "symbol": "CAI", "category": "token", "description": "Colony Avalanche Index (CAI) is a cryptocurrency launched in 2022and operates on the Avalanche C-Chain platform. Colony Avalanche Index has a current supply of 5,500 with 0 in circulation. The last known price of Colony Avalanche Index is 56.83754678 USD and is down -2.96 over the last 24 hours. It is currently trading on 1 active market(s) with $1.09 traded over the last 24 hours. More information can be found at https://app.phuture.finance.", "slug": "colony-avalanche-index", "logo": "https://s2.coinmarketcap.com/static/img/coins/64x64/21726.png", "subreddit": "", "notice": "", "tags": ["avalanche-ecosystem"], "tag-names": ["Avalanche Ecosystem"], "tag-groups": ["PLATFORM"], "urls": {"website": ["https://app.phuture.finance", "https://app.colonylab.io/index"], "twitter": ["https://twitter.com/cai_index"], "message_board": [], "chat": ["https://discord.gg/842hpzXa"], "facebook": [], "explorer": ["https://snowtrace.io/token/0x48f88A3fE843ccb0b5003e70B4192c1d7448bEf0"], "reddit": [], "technical_doc": ["https://docs.phuture.finance/our-products/CAI"], "source_code": [], "announcement": ["https://medium.com/cai-colony-avalanche-ecosystem-index"]}, "platform": {"id": "5805", "name": "Avalanche", "slug": "avalanche", "symbol": "AVAX", "token_address": "0x48f88A3fE843ccb0b5003e70B4192c1d7448bEf0"}, "date_added": "2022-09-06T14:10:52.000Z", "twitter_username": "cai_index", "is_hidden": 0, "date_launched": "2022-09-05T00:00:00.000Z", "contract_address": [{"contract_address": "0x48f88A3fE843ccb0b5003e70B4192c1d7448bEf0", "platform": {"name": "Avalanche C-Chain", "coin": {"id": "5805", "name": "Avalanche", "symbol": "AVAX", "slug": "avalanche"}}}], "self_reported_circulating_supply": 4478.288928375296, "self_reported_tags": null, "self_reported_market_cap": 254534.9564614916}, {"id": 4745, "name": "Cai Token", "symbol": "CAI", "category": "token", "description": "Cai Token (CAI) is a cryptocurrency and operates on the Ethereum platform. Cai Token has a current supply of 21,000,000,000 with 0 in circulation. The last known price of Cai Token is 0.00002828 USD and is up 0.00 over the last 24 hours. More information can be found at https://cai.today/.", "slug": "cai-token", "logo": "https://s2.coinmarketcap.com/static/img/coins/64x64/4745.png", "subreddit": "", "notice": "", "tags": null, "tag-names": null, "tag-groups": null, "urls": {"website": ["https://cai.today/"], "twitter": ["https://twitter.com/cai_today"], "message_board": ["https://medium.com/@caitoday"], "chat": ["https://t.me/teamcaitoday"], "facebook": [], "explorer": ["https://etherscan.io/token/0x4fe9f52ec23f6805f2fd0332a34da4f1c135b024", "https://ethplorer.io/address/0x4fe9f52ec23f6805f2fd0332a34da4f1c135b024"], "reddit": [], "technical_doc": ["https://cai.today/whitepaper/CAI.TODAY_Whitepaper_V3.1.pdf"], "source_code": ["https://github.com/caitodayofficial"], "announcement": []}, "platform": {"id": "1027", "name": "Ethereum", "slug": "ethereum", "symbol": "ETH", "token_address": "0x4fe9f52ec23f6805f2fd0332a34da4f1c135b024"}, "date_added": "2019-10-02T00:00:00.000Z", "twitter_username": "cai_today", "is_hidden": 0, "date_launched": null, "contract_address": [{"contract_address": "0x4fe9f52ec23f6805f2fd0332a34da4f1c135b024", "platform": {"name": "Ethereum", "coin": {"id": "1027", "name": "Ethereum", "symbol": "ETH", "slug": "ethereum"}}}], "self_reported_circulating_supply": NaN, "self_reported_tags": null, "self_reported_market_cap": NaN}, {"id": 14318, "name": "CAIETF.Finance", "symbol": "CAI", "category": "token", "description": "CAIETF.Finance (CAI) is a cryptocurrency launched in 2021and operates on the BNB Smart Chain (BEP20) platform. CAIETF.Finance has a current supply of 0. The last known price of CAIETF.Finance is 2.50032876 USD and is up 0.04 over the last 24 hours. More information can be found at https://www.cai-invest.com.", "slug": "caietf-finance", "logo": "https://s2.coinmarketcap.com/static/img/coins/64x64/14318.png", "subreddit": "", "notice": "", "tags": null, "tag-names": null, "tag-groups": null, "urls": {"website": ["https://www.cai-invest.com"], "twitter": ["https://twitter.com/caietf"], "message_board": [], "chat": ["http://t.me/CaiInvest"], "facebook": [], "explorer": ["https://bscscan.com/token/0x93d04D21fcb5545330817c9c0e54A61C9e14D662"], "reddit": [], "technical_doc": ["https://www.cai-invest.com/pdf/WhitePaperV1.pdf"], "source_code": [], "announcement": []}, "platform": {"id": "1839", "name": "BNB", "slug": "bnb", "symbol": "BNB", "token_address": "0x93d04D21fcb5545330817c9c0e54A61C9e14D662 (Binance Smart Chain)"}, "date_added": "2021-11-11T06:09:47.000Z", "twitter_username": "caietf", "is_hidden": 0, "date_launched": "2021-04-14T00:00:00.000Z", "contract_address": [{"contract_address": "0x93d04D21fcb5545330817c9c0e54A61C9e14D662 (Binance Smart Chain)", "platform": {"name": "BNB Smart Chain (BEP20)", "coin": {"id": "1839", "name": "BNB", "symbol": "BNB", "slug": "bnb"}}}], "self_reported_circulating_supply": 300000.0, "self_reported_tags": ["Asset Management", "Asset-Backed Stablecoin"], "self_reported_market_cap": 750098.629286235}]