[{"id": 16359, "name": "Calo", "symbol": "CALO", "category": "token", "description": "Calo (CALO) is a cryptocurrency launched in 2021and operates on the BNB Smart Chain (BEP20) platform. Calo has a current supply of 500,000,000 with 0 in circulation. The last known price of Calo is 0.00807911 USD and is down -3.94 over the last 24 hours. It is currently trading on 10 active market(s) with $56,723.91 traded over the last 24 hours. More information can be found at https://calo.run/.", "slug": "calo-app", "logo": "https://s2.coinmarketcap.com/static/img/coins/64x64/16359.png", "subreddit": "", "notice": "", "tags": ["bnb-chain", "move-to-earn"], "tag-names": ["BNB Chain", "Move To Earn"], "tag-groups": ["PLATFORM", "CATEGORY"], "urls": {"website": ["https://calo.run/"], "twitter": ["https://twitter.com/AppCalo"], "message_board": [], "chat": ["https://t.me/caloappchannel"], "facebook": [], "explorer": ["https://bscscan.com/token/0xb6b91269413b6b99242b1c0bc611031529999999"], "reddit": [], "technical_doc": ["https://docs.calo.run/app/about-calo/calo-inspiration"], "source_code": [], "announcement": []}, "platform": {"id": "1839", "name": "BNB", "slug": "bnb", "symbol": "BNB", "token_address": "0xb6b91269413b6b99242b1c0bc611031529999999"}, "date_added": "2021-12-22T03:18:06.000Z", "twitter_username": "AppCalo", "is_hidden": 0, "date_launched": "2021-12-21T00:00:00.000Z", "contract_address": [{"contract_address": "0xb6b91269413b6b99242b1c0bc611031529999999", "platform": {"name": "BNB Smart Chain (BEP20)", "coin": {"id": "1839", "name": "BNB", "symbol": "BNB", "slug": "bnb"}}}], "self_reported_circulating_supply": 94977240.48191164, "self_reported_tags": ["Move To Earn"], "self_reported_market_cap": 768306.4082142864}]