[{"id": 8537, "name": "Channels", "symbol": "CAN", "category": "token", "description": "Channels (CAN) is a cryptocurrency launched in 2021and operates on the BNB Smart Chain (BEP20) platform. Channels has a current supply of 1,000,000,000 with 0 in circulation. The last known price of Channels is 0.00020205 USD and is down -3.93 over the last 24 hours. It is currently trading on 14 active market(s) with $353,585.07 traded over the last 24 hours. More information can be found at https://bsc.channels.finance/.", "slug": "channels", "logo": "https://s2.coinmarketcap.com/static/img/coins/64x64/8537.png", "subreddit": "", "notice": "", "tags": ["heco-ecosystem", "arbitrum-ecosytem"], "tag-names": ["HECO Ecosystem", "Arbitrum Ecosystem"], "tag-groups": ["PLATFORM", "PLATFORM"], "urls": {"website": ["https://bsc.channels.finance/", "https://channels.finance/"], "twitter": ["https://twitter.com/ChannelsFinance"], "message_board": ["https://channelsfinance.medium.com/"], "chat": ["https://t.me/ChannelsEN", "https://discord.gg/VMNGuDzxnq"], "facebook": [], "explorer": ["https://bscscan.com/address/0xdE9a73272BC2F28189CE3c243e36FaFDA2485212", "https://hecoinfo.com/address/0xd5f9bdc2e6c8ee0484a6293ce7fa97d96a5e1012"], "reddit": [], "technical_doc": ["https://github.com/ChannelsFinance/ChannelsWhitepaper"], "source_code": ["https://github.com/ChannelsFinance"], "announcement": []}, "platform": {"id": "1839", "name": "BNB", "slug": "bnb", "symbol": "BNB", "token_address": "0xdE9a73272BC2F28189CE3c243e36FaFDA2485212"}, "date_added": "2021-02-22T00:00:00.000Z", "twitter_username": "ChannelsFinance", "is_hidden": 0, "date_launched": "2021-01-13T00:00:00.000Z", "contract_address": [{"contract_address": "0xdE9a73272BC2F28189CE3c243e36FaFDA2485212", "platform": {"name": "BNB Smart Chain (BEP20)", "coin": {"id": "1839", "name": "BNB", "symbol": "BNB", "slug": "bnb"}}}, {"contract_address": "0xd5F9bdc2e6c8EE0484a6293ce7FA97d96a5e1012", "platform": {"name": "HECO", "coin": {"id": "2502", "name": "Huobi Token", "symbol": "HT", "slug": "huobi-token"}}}], "self_reported_circulating_supply": 209491264.0, "self_reported_tags": ["DeFi", "DApp", "Binance Chain", "BNB Smart Chain", "HECO Ecosystem", "Lending & Borrowing"], "self_reported_market_cap": 42124.01440276414}, {"id": 2343, "name": "CanYaCoin", "symbol": "CAN", "category": "token", "description": "CanYaCoin (CAN) is a cryptocurrency and operates on the BNB Beacon Chain (BEP2) platform. CanYaCoin has a current supply of 95,826,983.065 with 0 in circulation. The last known price of CanYaCoin is 0.0082211 USD and is down -0.69 over the last 24 hours. It is currently trading on 3 active market(s) with $0.00 traded over the last 24 hours. More information can be found at https://canya.io/.", "slug": "canyacoin", "logo": "https://s2.coinmarketcap.com/static/img/coins/64x64/2343.png", "subreddit": "CanYaCoin", "notice": "", "tags": ["platform", "crowdsourcing", "sharing-economy", "binance-chain", "bnb-chain"], "tag-names": ["Platform", "Crowdsourcing", "Sharing Economy", "Binance Chain", "BNB Chain"], "tag-groups": ["CATEGORY", "INDUSTRY", "INDUSTRY", "PLATFORM", "PLATFORM"], "urls": {"website": ["https://canya.io/"], "twitter": ["https://twitter.com/canyacoin"], "message_board": ["https://medium.com/canyacoin"], "chat": ["https://t.me/CanYaCommunity", "https://t.me/canyacoin"], "facebook": [], "explorer": ["https://etherscan.io/token/0x1d462414fe14cf489c7a21cac78509f4bf8cd7c0", "https://explorer.binance.org/asset/CAN-677", "https://bscscan.com/token/0x007ea5c0ea75a8df45d288a4debdd5bb633f9e56"], "reddit": ["https://reddit.com/r/CanYaCoin"], "technical_doc": ["https://canya.io/assets/docs/WhitePaper.pdf"], "source_code": ["https://gitlab.com/canya-com"], "announcement": []}, "platform": {"id": "1839", "name": "BNB", "slug": "bnb", "symbol": "BNB", "token_address": "CAN-677"}, "date_added": "2018-01-07T00:00:00.000Z", "twitter_username": "canyacoin", "is_hidden": 0, "date_launched": null, "contract_address": [{"contract_address": "CAN-677", "platform": {"name": "BNB Beacon Chain (BEP2)", "coin": {"id": "1839", "name": "BNB", "symbol": "BNB", "slug": "bnb"}}}, {"contract_address": "0x1d462414fe14cf489c7a21cac78509f4bf8cd7c0", "platform": {"name": "Ethereum", "coin": {"id": "1027", "name": "Ethereum", "symbol": "ETH", "slug": "ethereum"}}}, {"contract_address": "0x007ea5c0ea75a8df45d288a4debdd5bb633f9e56", "platform": {"name": "BNB Smart Chain (BEP20)", "coin": {"id": "1839", "name": "BNB", "symbol": "BNB", "slug": "bnb"}}}], "self_reported_circulating_supply": NaN, "self_reported_tags": null, "self_reported_market_cap": NaN}, {"id": 2358, "name": "Content and AD Network", "symbol": "CAN", "category": "token", "description": "Content and AD Network (CAN) is a cryptocurrency and operates on the Ethereum platform. Content and AD Network has a current supply of 1,500,000,000 with 0 in circulation. The last known price of Content and AD Network is 0.00000302 USD and is up 0.00 over the last 24 hours. More information can be found at http://mobipromo.io/cn/.", "slug": "content-and-ad-network", "logo": "https://s2.coinmarketcap.com/static/img/coins/64x64/2358.png", "subreddit": "", "notice": "", "tags": ["marketing", "content-creation"], "tag-names": ["Marketing", "Content Creation"], "tag-groups": ["INDUSTRY", "INDUSTRY"], "urls": {"website": ["http://mobipromo.io/cn/"], "twitter": [], "message_board": [], "chat": ["https://t.me/CANteam"], "facebook": [], "explorer": ["https://etherscan.io/token/0x5f3789907b35DCe5605b00C0bE0a7eCDBFa8A841", "https://ethplorer.io/address/0x5f3789907b35DCe5605b00C0bE0a7eCDBFa8A841"], "reddit": [], "technical_doc": ["http://mobipromo.io/whitepaper.pdf"], "source_code": [], "announcement": []}, "platform": {"id": "1027", "name": "Ethereum", "slug": "ethereum", "symbol": "ETH", "token_address": "0x5f3789907b35DCe5605b00C0bE0a7eCDBFa8A841"}, "date_added": "2018-01-10T00:00:00.000Z", "twitter_username": "", "is_hidden": 0, "date_launched": null, "contract_address": [{"contract_address": "0x5f3789907b35DCe5605b00C0bE0a7eCDBFa8A841", "platform": {"name": "Ethereum", "coin": {"id": "1027", "name": "Ethereum", "symbol": "ETH", "slug": "ethereum"}}}], "self_reported_circulating_supply": NaN, "self_reported_tags": null, "self_reported_market_cap": NaN}, {"id": 7258, "name": "Coinwaycoin", "symbol": "CAN", "category": "token", "description": "Coinwaycoin (CAN) is a cryptocurrency and operates on the Ethereum platform. Coinwaycoin has a current supply of 800,000,000 with 0 in circulation. The last known price of Coinwaycoin is 0.06197757 USD and is up 301,292.71 over the last 24 hours. More information can be found at https://coinwaycan.com/.", "slug": "coinwaycoin", "logo": "https://s2.coinmarketcap.com/static/img/coins/64x64/7258.png", "subreddit": "", "notice": "", "tags": null, "tag-names": null, "tag-groups": null, "urls": {"website": ["https://coinwaycan.com/"], "twitter": ["https://twitter.com/COINWAYCAN"], "message_board": [], "chat": ["https://t.me/CANOFFICIALGROUP"], "facebook": [], "explorer": ["https://etherscan.io/token/0x917FD2f7378FF479419dCB56C5cbB445fBbF902A", "https://ethplorer.io/address/0x917FD2f7378FF479419dCB56C5cbB445fBbF902A"], "reddit": [], "technical_doc": [], "source_code": [], "announcement": []}, "platform": {"id": "1027", "name": "Ethereum", "slug": "ethereum", "symbol": "ETH", "token_address": "0x917FD2f7378FF479419dCB56C5cbB445fBbF902A"}, "date_added": "2020-10-01T00:00:00.000Z", "twitter_username": "COINWAYCAN", "is_hidden": 0, "date_launched": null, "contract_address": [{"contract_address": "0x917FD2f7378FF479419dCB56C5cbB445fBbF902A", "platform": {"name": "Ethereum", "coin": {"id": "1027", "name": "Ethereum", "symbol": "ETH", "slug": "ethereum"}}}], "self_reported_circulating_supply": NaN, "self_reported_tags": null, "self_reported_market_cap": NaN}, {"id": 8250, "name": "Cannon", "symbol": "CAN", "category": "token", "description": "Cannon (CAN) is a cryptocurrency launched in 2021. Cannon has a current supply of 1,000,000,000 with 0 in circulation. The last known price of Cannon is 0.38392279 USD and is up 5.71 over the last 24 hours. More information can be found at https://cannon.finance.", "slug": "cannon", "logo": "https://s2.coinmarketcap.com/static/img/coins/64x64/8250.png", "subreddit": "", "notice": "", "tags": null, "tag-names": null, "tag-groups": null, "urls": {"website": ["https://cannon.finance"], "twitter": ["https://twitter.com/Cannon"], "message_board": ["https://medium.com/CannonFinance"], "chat": ["https://t.me/CannonFinance"], "facebook": [], "explorer": ["https://etherscan.io/token/0x20bff4bbeda07536ff00e073bd8359e5d80d733d"], "reddit": [], "technical_doc": ["https://cannon.finance/WhitePaper.pdf"], "source_code": ["https://github.com/CannonFinance"], "announcement": []}, "platform": null, "date_added": "2021-01-13T00:00:00.000Z", "twitter_username": "Cannon", "is_hidden": 0, "date_launched": "2021-01-06T00:00:00.000Z", "contract_address": [], "self_reported_circulating_supply": NaN, "self_reported_tags": null, "self_reported_market_cap": NaN}]