[{"id": 11083, "name": "TripCandy", "symbol": "CANDY", "category": "token", "description": "TripCandy (CANDY) is a cryptocurrency launched in 2021and operates on the BNB Smart Chain (BEP20) platform. TripCandy has a current supply of 1,000,000,000 with 209,382,821.61583605 in circulation. The last known price of TripCandy is 0.00112732 USD and is down -6.19 over the last 24 hours. It is currently trading on 3 active market(s) with $14.72 traded over the last 24 hours. More information can be found at https://www.tripcandy.io.", "slug": "tripcandy", "logo": "https://s2.coinmarketcap.com/static/img/coins/64x64/11083.png", "subreddit": "tripcandyio", "notice": "", "tags": ["hospitality", "tourism", "bnb-chain"], "tag-names": ["Hospitality", "Tourism", "BNB Chain"], "tag-groups": ["INDUSTRY", "CATEGORY", "PLATFORM"], "urls": {"website": ["https://www.tripcandy.io"], "twitter": ["https://twitter.com/Tripcandy"], "message_board": ["https://medium.com/@tripcandy"], "chat": ["https://t.me/tripcandy", "https://discord.io/tripcandy"], "facebook": ["https://www.facebook.com/tripcandyio"], "explorer": ["https://bscscan.com/token/0x639AD7c49EC616a64e074c21a58608C0d843A8a3"], "reddit": ["https://reddit.com/r/tripcandyio"], "technical_doc": ["https://drive.google.com/file/d/14JGK3HDqfJad1L4mfoNz3TzIp7CWHn11/view"], "source_code": ["https://bscscan.com/address/0x639AD7c49EC616a64e074c21a58608C0d843A8a3#code#L1"], "announcement": ["https://t.me/tripcandyio"]}, "platform": {"id": "1839", "name": "BNB", "slug": "bnb", "symbol": "BNB", "token_address": "0x639AD7c49EC616a64e074c21a58608C0d843A8a3"}, "date_added": "2021-07-28T00:00:00.000Z", "twitter_username": "Tripcandy", "is_hidden": 0, "date_launched": "2021-07-23T00:00:00.000Z", "contract_address": [{"contract_address": "0x639AD7c49EC616a64e074c21a58608C0d843A8a3", "platform": {"name": "BNB Smart Chain (BEP20)", "coin": {"id": "1839", "name": "BNB", "symbol": "BNB", "slug": "bnb"}}}], "self_reported_circulating_supply": NaN, "self_reported_tags": null, "self_reported_market_cap": NaN}, {"id": 22794, "name": "Bored Candy City", "symbol": "CANDY", "category": "token", "description": "Bored Candy City (CANDY) is a cryptocurrency and operates on the Cronos platform. Bored Candy City has a current supply of 30,914,711.547395 with 0 in circulation. The last known price of Bored Candy City is 0.14598991 USD and is down -3.63 over the last 24 hours. It is currently trading on 16 active market(s) with $55,178.75 traded over the last 24 hours. More information can be found at https://candycity.finance/?chainId=25.", "slug": "bored-candy-city", "logo": "https://s2.coinmarketcap.com/static/img/coins/64x64/22794.png", "subreddit": "", "notice": "", "tags": ["decentralized-exchange-dex-token"], "tag-names": ["Decentralized Exchange (DEX) Token"], "tag-groups": ["CATEGORY"], "urls": {"website": ["https://candycity.finance/?chainId=25"], "twitter": ["https://twitter.com/BoredCandyCity"], "message_board": [], "chat": ["https://t.me/+yZLZhh3jquRiNDQ0"], "facebook": [], "explorer": ["https://cronoscan.com/token/0x06C04B0AD236e7Ca3B3189b1d049FE80109C7977"], "reddit": [], "technical_doc": [], "source_code": [], "announcement": ["http://boredcandycity.medium.com/"]}, "platform": {"id": "3635", "name": "Cronos", "slug": "cronos", "symbol": "CRO", "token_address": "0x06C04B0AD236e7Ca3B3189b1d049FE80109C7977"}, "date_added": "2022-11-25T20:31:20.000Z", "twitter_username": "BoredCandyCity", "is_hidden": 0, "date_launched": null, "contract_address": [{"contract_address": "0x06C04B0AD236e7Ca3B3189b1d049FE80109C7977", "platform": {"name": "Cronos", "coin": {"id": "3635", "name": "Cronos", "symbol": "CRO", "slug": "cronos"}}}], "self_reported_circulating_supply": NaN, "self_reported_tags": null, "self_reported_market_cap": NaN}, {"id": 18590, "name": "Sugar Kingdom", "symbol": "CANDY", "category": "token", "description": "Sugar Kingdom (CANDY) is a cryptocurrency launched in 2022and operates on the BNB Smart Chain (BEP20) platform. Sugar Kingdom has a current supply of 100,000,000 with 0 in circulation. The last known price of Sugar Kingdom is 0.00720834 USD and is down -2.81 over the last 24 hours. It is currently trading on 1 active market(s) with $562.81 traded over the last 24 hours. More information can be found at https://www.sugarkingdom.io.", "slug": "sugar-kingdom", "logo": "https://s2.coinmarketcap.com/static/img/coins/64x64/18590.png", "subreddit": "", "notice": "", "tags": null, "tag-names": null, "tag-groups": null, "urls": {"website": ["https://www.sugarkingdom.io"], "twitter": ["https://twitter.com/SugarKingdomNFT"], "message_board": [], "chat": ["https://t.me/SugarKingdomOfficialChat", "https://discord.com/invite/DSCapguM6y"], "facebook": [], "explorer": ["https://bscscan.com/token/0x03436Fe878e33Be3C8CAEbd205ebc04A66aA3248"], "reddit": [], "technical_doc": [], "source_code": [], "announcement": ["https://t.me/SugarKingdomOfficialNews"]}, "platform": {"id": "1839", "name": "BNB", "slug": "bnb", "symbol": "BNB", "token_address": "0x03436Fe878e33Be3C8CAEbd205ebc04A66aA3248"}, "date_added": "2022-03-07T04:11:18.000Z", "twitter_username": "SugarKingdomNFT", "is_hidden": 0, "date_launched": "2022-04-12T00:00:00.000Z", "contract_address": [{"contract_address": "0x03436Fe878e33Be3C8CAEbd205ebc04A66aA3248", "platform": {"name": "BNB Smart Chain (BEP20)", "coin": {"id": "1839", "name": "BNB", "symbol": "BNB", "slug": "bnb"}}}], "self_reported_circulating_supply": 31660000.0, "self_reported_tags": null, "self_reported_market_cap": 228044.24471033676}, {"id": 2485, "name": "Candy", "symbol": "CANDY", "category": "token", "description": "Candy (CANDY) is a cryptocurrency and operates on the Ethereum platform. Candy has a current supply of 1,000,000,000,000 with 0 in circulation. The last known price of Candy is 0.00003586 USD and is up 0.00 over the last 24 hours. More information can be found at https://candy.one/.", "slug": "candy", "logo": "https://s2.coinmarketcap.com/static/img/coins/64x64/2485.png", "subreddit": "", "notice": "", "tags": null, "tag-names": null, "tag-groups": null, "urls": {"website": ["https://candy.one/"], "twitter": [], "message_board": [], "chat": ["https://t.me/candyoneofficial"], "facebook": [], "explorer": ["https://etherscan.io/token/0xf2eab3a2034d3f6b63734d2e08262040e3ff7b48", "https://ethplorer.io/address/0xf2eab3a2034d3f6b63734d2e08262040e3ff7b48"], "reddit": [], "technical_doc": [], "source_code": [], "announcement": []}, "platform": {"id": "1027", "name": "Ethereum", "slug": "ethereum", "symbol": "ETH", "token_address": "0xf2eab3a2034d3f6b63734d2e08262040e3ff7b48"}, "date_added": "2018-01-30T00:00:00.000Z", "twitter_username": "", "is_hidden": 0, "date_launched": null, "contract_address": [{"contract_address": "0xf2eab3a2034d3f6b63734d2e08262040e3ff7b48", "platform": {"name": "Ethereum", "coin": {"id": "1027", "name": "Ethereum", "symbol": "ETH", "slug": "ethereum"}}}], "self_reported_circulating_supply": NaN, "self_reported_tags": null, "self_reported_market_cap": NaN}, {"id": 3102, "name": "Unicorn Candy Coin", "symbol": "CANDY", "category": "token", "description": null, "slug": "unicorn-candy-coin", "logo": "https://s2.coinmarketcap.com/static/img/coins/64x64/3102.png", "subreddit": "UNICORNGO", "notice": "", "tags": null, "tag-names": null, "tag-groups": null, "urls": {"website": ["https://unicorngo.io/en"], "twitter": [], "message_board": ["https://medium.com/@agentsmith_30065"], "chat": ["https://t.me/unicorn_go"], "facebook": [], "explorer": ["https://etherscan.io/token/0xcd3673af09e76c74d889aabab68ca0645566a3a1", "https://ethplorer.io/address/0xcd3673af09e76c74d889aabab68ca0645566a3a1"], "reddit": ["https://reddit.com/r/UNICORNGO"], "technical_doc": [], "source_code": ["https://github.com/CandyUnicornGO/Smart-contracts"], "announcement": ["https://bitcointalk.org/index.php?topic=2895415"]}, "platform": {"id": "1027", "name": "Ethereum", "slug": "ethereum", "symbol": "ETH", "token_address": "0xcd3673af09e76c74d889aabab68ca0645566a3a1"}, "date_added": "2018-08-06T00:00:00.000Z", "twitter_username": "", "is_hidden": 0, "date_launched": null, "contract_address": [{"contract_address": "0xcd3673af09e76c74d889aabab68ca0645566a3a1", "platform": {"name": "Ethereum", "coin": {"id": "1027", "name": "Ethereum", "symbol": "ETH", "slug": "ethereum"}}}], "self_reported_circulating_supply": NaN, "self_reported_tags": null, "self_reported_market_cap": NaN}, {"id": 9696, "name": "Rare Candy", "symbol": "CANDY", "category": "token", "description": "Rare Candy (CANDY) is a cryptocurrency launched in 2021and operates on the BNB Smart Chain (BEP20) platform. Rare Candy has a current supply of 0. The last known price of Rare Candy is 0.00015057 USD and is up 0.00 over the last 24 hours. More information can be found at https://pikafinance.io.", "slug": "rare-candy", "logo": "https://s2.coinmarketcap.com/static/img/coins/64x64/9696.png", "subreddit": "pikafinance", "notice": "", "tags": ["bnb-chain"], "tag-names": ["BNB Chain"], "tag-groups": ["PLATFORM"], "urls": {"website": ["https://pikafinance.io"], "twitter": ["https://twitter.com/pikafinance"], "message_board": ["https://medium.com/@pikafinance"], "chat": ["https://t.me/pikafinance", "https://discord.gg/gQaYv28Mxu"], "facebook": [], "explorer": ["https://bscscan.com/address/0x1963e04a845213d005cdf0e22a39f85bd5941390"], "reddit": ["https://reddit.com/r/pikafinance"], "technical_doc": ["https://link.medium.com/0qzuYzBWRfb"], "source_code": [], "announcement": []}, "platform": {"id": "1839", "name": "BNB", "slug": "bnb", "symbol": "BNB", "token_address": "0x1963e04a845213d005cdf0e22a39f85bd5941390"}, "date_added": "2021-05-11T00:00:00.000Z", "twitter_username": "pikafinance", "is_hidden": 0, "date_launched": "2021-02-28T00:00:00.000Z", "contract_address": [{"contract_address": "0x1963e04a845213d005cdf0e22a39f85bd5941390", "platform": {"name": "BNB Smart Chain (BEP20)", "coin": {"id": "1839", "name": "BNB", "symbol": "BNB", "slug": "bnb"}}}], "self_reported_circulating_supply": NaN, "self_reported_tags": null, "self_reported_market_cap": NaN}, {"id": 18011, "name": "Candy", "symbol": "Candy", "category": "token", "description": "Candy (Candy) is a cryptocurrency and operates on the BNB Smart Chain (BEP20) platform. Candy has a current supply of 690,000,000,000 with 0 in circulation. The last known price of Candy is 0.00000002 USD and is up 0.00 over the last 24 hours. More information can be found at https://candybsc.com/.", "slug": "candybsc", "logo": "https://s2.coinmarketcap.com/static/img/coins/64x64/18011.png", "subreddit": "", "notice": "", "tags": null, "tag-names": null, "tag-groups": null, "urls": {"website": ["https://candybsc.com/"], "twitter": ["https://twitter.com/CandyBscV2"], "message_board": [], "chat": ["https://t.me/CandyBscV2"], "facebook": [], "explorer": ["https://bscscan.com/token/0x754d774037888e8e0d080d8633680174f3415e98"], "reddit": [], "technical_doc": [], "source_code": [], "announcement": []}, "platform": {"id": "1839", "name": "BNB", "slug": "bnb", "symbol": "BNB", "token_address": "0x754d774037888e8e0d080d8633680174f3415e98"}, "date_added": "2022-02-10T06:04:07.000Z", "twitter_username": "CandyBscV2", "is_hidden": 0, "date_launched": null, "contract_address": [{"contract_address": "0x754d774037888e8e0d080d8633680174f3415e98", "platform": {"name": "BNB Smart Chain (BEP20)", "coin": {"id": "1839", "name": "BNB", "symbol": "BNB", "slug": "bnb"}}}], "self_reported_circulating_supply": NaN, "self_reported_tags": null, "self_reported_market_cap": NaN}]