[{"id": 9291, "name": "Ternoa", "symbol": "CAPS", "category": "token", "description": "Ternoa (CAPS) is a cryptocurrency launched in 2020and operates on the Ethereum platform. Ternoa has a current supply of 2,500,000,000 with 651,975,677.7100033 in circulation. The last known price of Ternoa is 0.00693768 USD and is up 0.26 over the last 24 hours. It is currently trading on 23 active market(s) with $195,253.61 traded over the last 24 hours. More information can be found at https://www.ternoa.com/.", "slug": "ternoa", "logo": "https://s2.coinmarketcap.com/static/img/coins/64x64/9291.png", "subreddit": "", "notice": "", "tags": ["collectibles-nfts", "ethereum-ecosystem", "polkadot-ecosystem"], "tag-names": ["Collectibles & NFTs", "Ethereum Ecosystem", "Polkadot Ecosystem"], "tag-groups": ["CATEGORY", "PLATFORM", "PLATFORM"], "urls": {"website": ["https://www.ternoa.com/", "https://github.com/capsule-corp-ternoa"], "twitter": ["https://twitter.com/ternoa_"], "message_board": ["https://medium.com/ternoa"], "chat": ["https://t.me/ternoa", "https://t.me/ternoadiscussions"], "facebook": [], "explorer": ["https://etherscan.io/token/0x03be5c903c727ee2c8c4e9bc0acc860cca4715e2", "https://bscscan.com/token/0xffba7529ac181c2ee1844548e6d7061c9a597df4"], "reddit": [], "technical_doc": ["https://github.com/capsule-corp-ternoa/white-paper/blob/main/white-paper-en.md"], "source_code": ["https://github.com/capsule-corp-ternoa"], "announcement": ["https://discord.gg/cNZTGtGJNR"]}, "platform": {"id": "1027", "name": "Ethereum", "slug": "ethereum", "symbol": "ETH", "token_address": "0x03be5c903c727ee2c8c4e9bc0acc860cca4715e2"}, "date_added": "2021-04-19T00:00:00.000Z", "twitter_username": "ternoa_", "is_hidden": 0, "date_launched": "2020-12-03T00:00:00.000Z", "contract_address": [{"contract_address": "0x03be5c903c727ee2c8c4e9bc0acc860cca4715e2", "platform": {"name": "Ethereum", "coin": {"id": "1027", "name": "Ethereum", "symbol": "ETH", "slug": "ethereum"}}}, {"contract_address": "0xffba7529ac181c2ee1844548e6d7061c9a597df4", "platform": {"name": "BNB Smart Chain (BEP20)", "coin": {"id": "1839", "name": "BNB", "symbol": "BNB", "slug": "bnb"}}}], "self_reported_circulating_supply": 756157769, "self_reported_tags": null, "self_reported_market_cap": 5249373.108080021}]