[{"id": 502, "name": "Carboncoin", "symbol": "CARBON", "category": "coin", "description": "Carboncoin (CARBON) is a cryptocurrency . Users are able to generate CARBON through the process of mining. Carboncoin has a current supply of 15,392,022,543.9363. The last known price of Carboncoin is 0.0001652 USD and is down -0.45 over the last 24 hours. It is currently trading on 1 active market(s) with $0.00 traded over the last 24 hours. More information can be found at http://carboncoin.cc.", "slug": "carboncoin", "logo": "https://s2.coinmarketcap.com/static/img/coins/64x64/502.png", "subreddit": "", "notice": "", "tags": ["mineable", "pow", "scrypt"], "tag-names": ["Mineable", "PoW", "Scrypt"], "tag-groups": ["OTHERS", "ALGORITHM", "ALGORITHM"], "urls": {"website": ["http://carboncoin.cc"], "twitter": ["https://twitter.com/truecarboncoin"], "message_board": [], "chat": [], "facebook": [], "explorer": ["https://chainz.cryptoid.info/carbon/"], "reddit": [], "technical_doc": [], "source_code": ["https://github.com/carboncointrust/CarboncoinCore"], "announcement": ["https://bitcointalk.org/index.php?topic=1131250.0"]}, "platform": null, "date_added": "2014-08-02T00:00:00.000Z", "twitter_username": "truecarboncoin", "is_hidden": 0, "date_launched": null, "contract_address": [], "self_reported_circulating_supply": NaN, "self_reported_tags": null, "self_reported_market_cap": NaN}, {"id": 11872, "name": "Carbon Finance", "symbol": "CARBON", "category": "token", "description": "Carbon Finance (CARBON) is a cryptocurrency and operates on the Arbitrum platform. Carbon Finance has a current supply of 100,000,000 with 0 in circulation. The last known price of Carbon Finance is 0.00006513 USD and is up 0.00 over the last 24 hours. More information can be found at https://carbonfi.io/.", "slug": "carbon-finance", "logo": "https://s2.coinmarketcap.com/static/img/coins/64x64/11872.png", "subreddit": "", "notice": "", "tags": ["arbitrum-ecosytem"], "tag-names": ["Arbitrum Ecosystem"], "tag-groups": ["PLATFORM"], "urls": {"website": ["https://carbonfi.io/"], "twitter": ["https://twitter.com/carbonfi_io"], "message_board": [], "chat": [], "facebook": [], "explorer": ["https://arbiscan.io/token/0xfa42da1bd08341537a44a4ca9d236d1c00a98b40"], "reddit": [], "technical_doc": [], "source_code": [], "announcement": []}, "platform": null, "date_added": "2021-09-14T06:12:15.000Z", "twitter_username": "carbonfi_io", "is_hidden": 0, "date_launched": null, "contract_address": [], "self_reported_circulating_supply": NaN, "self_reported_tags": null, "self_reported_market_cap": NaN}, {"id": 21328, "name": "Carbon Seed", "symbol": "CARBON", "category": "token", "description": "Carbon Seed (CARBON) is a cryptocurrency launched in 2022and operates on the BNB Smart Chain (BEP20) platform. Carbon Seed has a current supply of 500,000,000 with 0 in circulation. The last known price of Carbon Seed is 0.00001764 USD and is up 0.00 over the last 24 hours. More information can be found at https://carbonseed.io/.", "slug": "carbon-seed", "logo": "https://s2.coinmarketcap.com/static/img/coins/64x64/21328.png", "subreddit": "", "notice": "", "tags": null, "tag-names": null, "tag-groups": null, "urls": {"website": ["https://carbonseed.io/"], "twitter": ["https://twitter.com/co2seed"], "message_board": ["https://medium.com/@CarbonSeed"], "chat": ["https://t.me/carbon_seed", "https://discord.com/invite/c4UUGcwgF7"], "facebook": [], "explorer": ["https://bscscan.com/token/0x96144d560d8144757240add0984c7d0494b2cf3f"], "reddit": [], "technical_doc": ["https://carbonseed.io/wp-content/uploads/2022/08/Carbon-Seed_.pdf"], "source_code": [], "announcement": []}, "platform": {"id": "1839", "name": "BNB", "slug": "bnb", "symbol": "BNB", "token_address": "0x96144D560d8144757240ADD0984c7d0494B2CF3F"}, "date_added": "2022-08-09T13:54:57.000Z", "twitter_username": "co2seed", "is_hidden": 0, "date_launched": "2022-05-04T00:00:00.000Z", "contract_address": [{"contract_address": "0x96144D560d8144757240ADD0984c7d0494B2CF3F", "platform": {"name": "BNB Smart Chain (BEP20)", "coin": {"id": "1839", "name": "BNB", "symbol": "BNB", "slug": "bnb"}}}], "self_reported_circulating_supply": 55000000.0, "self_reported_tags": null, "self_reported_market_cap": 970.4522265186685}]