[{"id": 9047, "name": "CARD.STARTER", "symbol": "CARDS", "category": "token", "description": "CARD.STARTER (CARDS) is a cryptocurrency and operates on the Ethereum platform. CARD.STARTER has a current supply of 0. The last known price of CARD.STARTER is 0.14081988 USD and is down -7.98 over the last 24 hours. It is currently trading on 16 active market(s) with $441.14 traded over the last 24 hours. More information can be found at https://www.cardstarter.io/.", "slug": "card-starter", "logo": "https://s2.coinmarketcap.com/static/img/coins/64x64/9047.png", "subreddit": "", "notice": "", "tags": ["launchpad", "cardano-ecosystem", "cardano"], "tag-names": ["Launchpad", "Cardano Ecosystem", "Cardano"], "tag-groups": ["CATEGORY", "CATEGORY", "PLATFORM"], "urls": {"website": ["https://www.cardstarter.io/"], "twitter": ["https://twitter.com/CardStarter"], "message_board": ["https://cardstarter.medium.com/"], "chat": ["https://t.me/Cardstarter"], "facebook": [], "explorer": ["https://etherscan.io/token/0x3d6f0dea3ac3c607b3998e6ce14b6350721752d9"], "reddit": [], "technical_doc": [], "source_code": [], "announcement": []}, "platform": {"id": "1027", "name": "Ethereum", "slug": "ethereum", "symbol": "ETH", "token_address": "0x3d6f0dea3ac3c607b3998e6ce14b6350721752d9"}, "date_added": "2021-03-31T00:00:00.000Z", "twitter_username": "CardStarter", "is_hidden": 0, "date_launched": null, "contract_address": [{"contract_address": "0x3d6f0dea3ac3c607b3998e6ce14b6350721752d9", "platform": {"name": "Ethereum", "coin": {"id": "1027", "name": "Ethereum", "symbol": "ETH", "slug": "ethereum"}}}], "self_reported_circulating_supply": null, "self_reported_tags": null, "self_reported_market_cap": null}]