[{"id": 17697, "name": "Cardano Gold", "symbol": "CARGO", "category": "token", "description": "Cardano Gold (CARGO) is a cryptocurrency launched in 2022and operates on the Cardano platform. Cardano Gold has a current supply of 10,000,000 with 0 in circulation. The last known price of Cardano Gold is 0.01824887 USD and is up 2.42 over the last 24 hours. It is currently trading on 2 active market(s) with $0.00 traded over the last 24 hours. More information can be found at https://www.cardanogoldcoin.com.", "slug": "cardano-gold", "logo": "https://s2.coinmarketcap.com/static/img/coins/64x64/17697.png", "subreddit": "", "notice": "", "tags": ["cardano-ecosystem"], "tag-names": ["Cardano Ecosystem"], "tag-groups": ["CATEGORY"], "urls": {"website": ["https://www.cardanogoldcoin.com"], "twitter": ["https://twitter.com/CardanoGoldCoin"], "message_board": ["https://medium.com/@CardanoGoldCoin", "https://www.cardanogoldcoin.com/blog/"], "chat": ["https://discord.gg/7ah5RfMtZN"], "facebook": [], "explorer": ["https://cardanoscan.io/token/f4364875e75320d405ceadebdf0db63fadaff55c72d4ff6b82f0676a434152474f"], "reddit": [], "technical_doc": ["https://www.cardanogoldcoin.com/Cardano-Gold-Whitepaper-English.pdf"], "source_code": [], "announcement": []}, "platform": {"id": "2010", "name": "Cardano", "slug": "cardano", "symbol": "ADA", "token_address": "f4364875e75320d405ceadebdf0db63fadaff55c72d4ff6b82f0676a434152474f"}, "date_added": "2022-01-28T03:46:29.000Z", "twitter_username": "CardanoGoldCoin", "is_hidden": 0, "date_launched": "2022-01-25T00:00:00.000Z", "contract_address": [{"contract_address": "f4364875e75320d405ceadebdf0db63fadaff55c72d4ff6b82f0676a434152474f", "platform": {"name": "Cardano", "coin": {"id": "2010", "name": "Cardano", "symbol": "ADA", "slug": "cardano"}}}], "self_reported_circulating_supply": 2500000, "self_reported_tags": ["Cardano"], "self_reported_market_cap": 45603.62283371171}]