[{"id": 9656, "name": "CateCoin", "symbol": "CATE", "category": "token", "description": "CateCoin (CATE) is a cryptocurrency launched in 2021and operates on the BNB Smart Chain (BEP20) platform. CateCoin has a current supply of 88,512,220,866,224 with 0 in circulation. The last known price of CateCoin is 0.00000039 USD and is down -1.96 over the last 24 hours. It is currently trading on 24 active market(s) with $279,066.85 traded over the last 24 hours. More information can be found at https://catecoin.club/.", "slug": "catecoin", "logo": "https://s2.coinmarketcap.com/static/img/coins/64x64/9656.png", "subreddit": "cateclub", "notice": "", "tags": ["collectibles-nfts", "defi", "gaming", "entertainment", "memes", "staking", "dapp", "play-to-earn", "oxbull", "bnb-chain"], "tag-names": ["Collectibles & NFTs", "DeFi", "Gaming", "Entertainment", "Memes", "Staking", "DApp", "Play To Earn", "Oxbull", "BNB Chain"], "tag-groups": ["CATEGORY", "CATEGORY", "INDUSTRY", "INDUSTRY", "INDUSTRY", "CATEGORY", "CATEGORY", "CATEGORY", "CATEGORY", "PLATFORM"], "urls": {"website": ["https://catecoin.club/", "https://app.catecoin.club/"], "twitter": ["https://twitter.com/catecoin"], "message_board": [], "chat": ["https://t.me/catecoin"], "facebook": ["https://www.facebook.com/catecoin"], "explorer": ["https://bscscan.com/address/0xe4fae3faa8300810c835970b9187c268f55d998f"], "reddit": ["https://reddit.com/r/cateclub"], "technical_doc": [], "source_code": [], "announcement": []}, "platform": {"id": "1839", "name": "BNB", "slug": "bnb", "symbol": "BNB", "token_address": "0xe4fae3faa8300810c835970b9187c268f55d998f"}, "date_added": "2021-05-09T00:00:00.000Z", "twitter_username": "catecoin", "is_hidden": 0, "date_launched": "2021-05-09T00:00:00.000Z", "contract_address": [{"contract_address": "0xe4fae3faa8300810c835970b9187c268f55d998f", "platform": {"name": "BNB Smart Chain (BEP20)", "coin": {"id": "1839", "name": "BNB", "symbol": "BNB", "slug": "bnb"}}}], "self_reported_circulating_supply": 32637761699941.0, "self_reported_tags": ["Wallet", "BNB Smart Chain", "Launchpad", "Web3", "Move To Earn"], "self_reported_market_cap": 12609165.874576826}, {"id": 8950, "name": "Cash Tech", "symbol": "CATE", "category": "token", "description": "Cash Tech (CATE) is a cryptocurrency launched in 2020and operates on the Ethereum platform. Cash Tech has a current supply of 153,477,500 with 11,755,793.46930825 in circulation. The last known price of Cash Tech is 0.00334131 USD and is up 0.00 over the last 24 hours. More information can be found at https://cash.tech/.", "slug": "cash-tech", "logo": "https://s2.coinmarketcap.com/static/img/coins/64x64/8950.png", "subreddit": "", "notice": "", "tags": ["duckstarter"], "tag-names": ["DuckSTARTER"], "tag-groups": ["CATEGORY"], "urls": {"website": ["https://cash.tech/", "https://cash.tech/"], "twitter": ["https://twitter.com/TechCashDeFi"], "message_board": ["https://cashtech.medium.com/", "https://cashtech.substack.com/"], "chat": ["https://t.me/cashtechchat", "https://t.me/cashtechchat"], "facebook": [], "explorer": ["https://etherscan.io/token/0xa42f266684ac2ad6ecb00df95b1c76efbb6f136c", "https://etherscan.io/token/0xa42f266684ac2ad6ecb00df95b1c76efbb6f136c"], "reddit": [], "technical_doc": [], "source_code": [], "announcement": ["https://t.me/cashtechnews"]}, "platform": {"id": "1027", "name": "Ethereum", "slug": "ethereum", "symbol": "ETH", "token_address": "0xa42f266684ac2ad6ecb00df95b1c76efbb6f136c"}, "date_added": "2021-03-25T00:00:00.000Z", "twitter_username": "TechCashDeFi", "is_hidden": 0, "date_launched": "2020-09-30T00:00:00.000Z", "contract_address": [{"contract_address": "0xa42f266684ac2ad6ecb00df95b1c76efbb6f136c", "platform": {"name": "Ethereum", "coin": {"id": "1027", "name": "Ethereum", "symbol": "ETH", "slug": "ethereum"}}}], "self_reported_circulating_supply": NaN, "self_reported_tags": null, "self_reported_market_cap": NaN}, {"id": 14966, "name": "CATEMOON INU", "symbol": "CATE", "category": "token", "description": "CATEMOON INU (CATE) is a cryptocurrency launched in 2021and operates on the BNB Smart Chain (BEP20) platform. CATEMOON INU has a current supply of 0. The last known price of CATEMOON INU is 0.00001453 USD and is up 0.00 over the last 24 hours. More information can be found at https://catemooninu.com.", "slug": "catemoon-inu", "logo": "https://s2.coinmarketcap.com/static/img/coins/64x64/14966.png", "subreddit": "", "notice": "", "tags": null, "tag-names": null, "tag-groups": null, "urls": {"website": ["https://catemooninu.com", "https://catemooninu.io"], "twitter": ["https://twitter.com/Catemooninu1"], "message_board": [], "chat": ["https://t.me/catemooninu"], "facebook": [], "explorer": ["https://bscscan.com/token/0x5ea221fbe4150071a0c88beb7d4889904263efd2"], "reddit": [], "technical_doc": [], "source_code": [], "announcement": []}, "platform": {"id": "1839", "name": "BNB", "slug": "bnb", "symbol": "BNB", "token_address": "0x5ea221fbe4150071a0c88beb7d4889904263efd2"}, "date_added": "2021-11-22T09:23:32.000Z", "twitter_username": "Catemooninu1", "is_hidden": 0, "date_launched": "2021-11-19T00:00:00.000Z", "contract_address": [{"contract_address": "0x5ea221fbe4150071a0c88beb7d4889904263efd2", "platform": {"name": "BNB Smart Chain (BEP20)", "coin": {"id": "1839", "name": "BNB", "symbol": "BNB", "slug": "bnb"}}}], "self_reported_circulating_supply": 1200000000.0, "self_reported_tags": ["Collectibles & NFTs", "Gaming", "Memes"], "self_reported_market_cap": 17433.320602546046}]