[{"id": 14587, "name": "Crypto Cavemen Club", "symbol": "CAVE", "category": "token", "description": "Crypto Cavemen Club (CAVE) is a cryptocurrency launched in 2021and operates on the Solana platform. Crypto Cavemen Club has a current supply of 0. The last known price of Crypto Cavemen Club is 0.11285869 USD and is down -0.25 over the last 24 hours. It is currently trading on 6 active market(s) with $15,835.10 traded over the last 24 hours. More information can be found at https://www.cryptocavemen.io/.", "slug": "crypto-cavemen-club", "logo": "https://s2.coinmarketcap.com/static/img/coins/64x64/14587.png", "subreddit": "", "notice": "", "tags": ["solana-ecosystem"], "tag-names": ["Solana Ecosystem"], "tag-groups": ["PLATFORM"], "urls": {"website": ["https://www.cryptocavemen.io/"], "twitter": ["https://twitter.com/TheCavemenClub"], "message_board": [], "chat": ["https://discord.gg/rgaXkGfd"], "facebook": [], "explorer": ["https://solscan.io/token/4SZjjNABoqhbd4hnapbvoEPEqT8mnNkfbEoAwALf1V8t"], "reddit": [], "technical_doc": [], "source_code": [], "announcement": []}, "platform": {"id": "5426", "name": "Solana", "slug": "solana", "symbol": "SOL", "token_address": "4SZjjNABoqhbd4hnapbvoEPEqT8mnNkfbEoAwALf1V8t"}, "date_added": "2021-11-16T05:24:16.000Z", "twitter_username": "TheCavemenClub", "is_hidden": 0, "date_launched": "2021-09-20T00:00:00.000Z", "contract_address": [{"contract_address": "4SZjjNABoqhbd4hnapbvoEPEqT8mnNkfbEoAwALf1V8t", "platform": {"name": "Solana", "coin": {"id": "5426", "name": "Solana", "symbol": "SOL", "slug": "solana"}}}], "self_reported_circulating_supply": 7500000, "self_reported_tags": ["Collectibles & NFTs", "Entertainment", "Gaming"], "self_reported_market_cap": 846418.2199859587}]