[{"id": 2855, "name": "CBC.network", "symbol": "CBC", "category": "token", "description": "CBC.network (CBC) is a cryptocurrency launched in 2018and operates on the Ethereum platform. CBC.network has a current supply of 401,647,957.75 with 155,864,700.786951 in circulation. The last known price of CBC.network is 0.00751863 USD and is down -0.22 over the last 24 hours. It is currently trading on 10 active market(s) with $61,256.38 traded over the last 24 hours. More information can be found at https://cbc.network.", "slug": "cbc-network", "logo": "https://s2.coinmarketcap.com/static/img/coins/64x64/2855.png", "subreddit": "cbcnetwork", "notice": "", "tags": ["gambling", "ethereum-ecosystem", "bnb-chain"], "tag-names": ["Gambling", "Ethereum Ecosystem", "BNB Chain"], "tag-groups": ["INDUSTRY", "PLATFORM", "PLATFORM"], "urls": {"website": ["https://cbc.network", "https://casinobettingcoin.com/"], "twitter": ["https://twitter.com/GetCBC"], "message_board": ["https://cbc-network.medium.com/"], "chat": ["https://t.me/cbcnetwork", "https://discord.gg/cbc"], "facebook": [], "explorer": ["https://etherscan.io/token/0x26DB5439F651CAF491A87d48799dA81F191bDB6b", "https://ethplorer.io/address/0x26DB5439F651CAF491A87d48799dA81F191bDB6b", "https://bscscan.com/token/0x818ec0a7fe18ff94269904fced6ae3dae6d6dc0b"], "reddit": ["https://reddit.com/r/cbcnetwork"], "technical_doc": [], "source_code": [], "announcement": []}, "platform": {"id": "1027", "name": "Ethereum", "slug": "ethereum", "symbol": "ETH", "token_address": "0x26DB5439F651CAF491A87d48799dA81F191bDB6b"}, "date_added": "2018-06-11T00:00:00.000Z", "twitter_username": "GetCBC", "is_hidden": 0, "date_launched": "2018-01-24T00:00:00.000Z", "contract_address": [{"contract_address": "0x26DB5439F651CAF491A87d48799dA81F191bDB6b", "platform": {"name": "Ethereum", "coin": {"id": "1027", "name": "Ethereum", "symbol": "ETH", "slug": "ethereum"}}}, {"contract_address": "0x818ec0a7fe18ff94269904fced6ae3dae6d6dc0b", "platform": {"name": "BNB Smart Chain (BEP20)", "coin": {"id": "1839", "name": "BNB", "symbol": "BNB", "slug": "bnb"}}}], "self_reported_circulating_supply": NaN, "self_reported_tags": null, "self_reported_market_cap": NaN}, {"id": 5563, "name": "CryptoBharatCoin", "symbol": "CBC", "category": "token", "description": "CryptoBharatCoin (CBC) is a cryptocurrency launched in 2020and operates on the Tron20 platform. CryptoBharatCoin has a current supply of 21,000,000 with 0 in circulation. The last known price of CryptoBharatCoin is 0.09656768 USD and is up -0.00 over the last 24 hours. It is currently trading on 4 active market(s) with $8.23 traded over the last 24 hours. More information can be found at https://www.cryptobharat.org/.", "slug": "cryptobharatcoin", "logo": "https://s2.coinmarketcap.com/static/img/coins/64x64/5563.png", "subreddit": "", "notice": "", "tags": null, "tag-names": null, "tag-groups": null, "urls": {"website": ["https://www.cryptobharat.org/"], "twitter": ["https://twitter.com/CryptoBharatco"], "message_board": ["https://medium.com/@cryptobharatco"], "chat": ["https://t.me/cryptobharatco"], "facebook": [], "explorer": ["https://tronscan.org/#/token20/TDFRfJLThnLXgtEBBBmA2LGwz3Ex9dAMCE"], "reddit": [], "technical_doc": ["https://www.cryptobharat.org/whitepaper.pdf"], "source_code": [], "announcement": []}, "platform": {"id": "1958", "name": "TRON", "slug": "tron", "symbol": "TRX", "token_address": "TDFRfJLThnLXgtEBBBmA2LGwz3Ex9dAMCE"}, "date_added": "2020-05-12T00:00:00.000Z", "twitter_username": "CryptoBharatco", "is_hidden": 0, "date_launched": "2020-02-10T00:00:00.000Z", "contract_address": [{"contract_address": "TDFRfJLThnLXgtEBBBmA2LGwz3Ex9dAMCE", "platform": {"name": "Tron20", "coin": {"id": "1958", "name": "TRON", "symbol": "TRX", "slug": "tron"}}}], "self_reported_circulating_supply": NaN, "self_reported_tags": null, "self_reported_market_cap": NaN}, {"id": 22498, "name": "Champion Bet Coins", "symbol": "CBC", "category": "token", "description": "Champion Bet Coins (CBC) is a cryptocurrency launched in 2022and operates on the BNB Smart Chain (BEP20) platform. Champion Bet Coins has a current supply of 10,000,000 with 0 in circulation. The last known price of Champion Bet Coins is 0.00057319 USD and is down -0.24 over the last 24 hours. It is currently trading on 2 active market(s) with $3.99 traded over the last 24 hours. More information can be found at https://cbc.top/home.", "slug": "champion-bet-coins", "logo": "https://s2.coinmarketcap.com/static/img/coins/64x64/22498.png", "subreddit": "", "notice": "According to [Gopluslabs](https://gopluslabs.io/token-security/56/0x7D791dAbbC45d877D8Bb89298C7f7FDb8512130b) the contract owner may contain the authority to suspend trading activity of this token. Please exercise caution before taking any action and DYOR", "tags": null, "tag-names": null, "tag-groups": null, "urls": {"website": ["https://cbc.top/home"], "twitter": ["https://twitter.com/ChampionBetcoin"], "message_board": [], "chat": ["https://t.me/championbetcoins"], "facebook": [], "explorer": ["https://bscscan.com/token/0x7d791dabbc45d877d8bb89298c7f7fdb8512130b"], "reddit": [], "technical_doc": ["https://docs.cbc.top/"], "source_code": [], "announcement": []}, "platform": {"id": "1839", "name": "BNB", "slug": "bnb", "symbol": "BNB", "token_address": "0x7D791dAbbC45d877D8Bb89298C7f7FDb8512130b"}, "date_added": "2022-11-01T09:40:54.000Z", "twitter_username": "ChampionBetcoin", "is_hidden": 0, "date_launched": "2022-11-25T00:00:00.000Z", "contract_address": [{"contract_address": "0x7D791dAbbC45d877D8Bb89298C7f7FDb8512130b", "platform": {"name": "BNB Smart Chain (BEP20)", "coin": {"id": "1839", "name": "BNB", "symbol": "BNB", "slug": "bnb"}}}], "self_reported_circulating_supply": 10000000.0, "self_reported_tags": null, "self_reported_market_cap": 5731.944221862136}, {"id": 3199, "name": "Cashbery Coin", "symbol": "CBC", "category": "coin", "description": "Cashbery Coin (CBC) is a cryptocurrency . Users are able to generate CBC through the process of mining. Cashbery Coin has a current supply of 90,013,848.467389 with 67,186,713.909112 in circulation. The last known price of Cashbery Coin is 0.01228665 USD and is up 11.47 over the last 24 hours. More information can be found at https://cashberycoin.com.", "slug": "cashbery-coin", "logo": "https://s2.coinmarketcap.com/static/img/coins/64x64/3199.png", "subreddit": "", "notice": "", "tags": ["mineable"], "tag-names": ["Mineable"], "tag-groups": ["OTHERS"], "urls": {"website": ["https://cashberycoin.com"], "twitter": ["https://twitter.com/cashberycoin"], "message_board": [], "chat": ["https://t.me/CashberyCoinChat"], "facebook": [], "explorer": ["https://exp.cashberycoin.com/"], "reddit": [], "technical_doc": [], "source_code": ["https://github.com/CashberyCoin/cashberycoin"], "announcement": ["https://bitcointalk.org/index.php?topic=4837182"]}, "platform": null, "date_added": "2018-08-22T00:00:00.000Z", "twitter_username": "cashberycoin", "is_hidden": 0, "date_launched": null, "contract_address": [], "self_reported_circulating_supply": NaN, "self_reported_tags": null, "self_reported_market_cap": NaN}, {"id": 4633, "name": "CryptoBossCoin", "symbol": "CBC", "category": "token", "description": "CryptoBossCoin (CBC) is a cryptocurrency launched in 2018and operates on the Ethereum platform. CryptoBossCoin has a current supply of 23,277.81 with 0 in circulation. The last known price of CryptoBossCoin is 0.72905907 USD and is up 0.00 over the last 24 hours. More information can be found at https://cryptoboss.me/.", "slug": "cryptobosscoin", "logo": "https://s2.coinmarketcap.com/static/img/coins/64x64/4633.png", "subreddit": "", "notice": "", "tags": null, "tag-names": null, "tag-groups": null, "urls": {"website": ["https://cryptoboss.me/", "http://cbcoin.info/"], "twitter": ["https://twitter.com/CBCCOIN"], "message_board": [], "chat": ["http://t.me/mernesmax"], "facebook": [], "explorer": ["https://etherscan.io/token/0x790bfacae71576107c068f494c8a6302aea640cb", "https://ethplorer.io/address/0x790bfacae71576107c068f494c8a6302aea640cb"], "reddit": [], "technical_doc": [], "source_code": [], "announcement": ["https://bitcointalk.org/index.php?topic=5078235"]}, "platform": {"id": "1027", "name": "Ethereum", "slug": "ethereum", "symbol": "ETH", "token_address": "0x790bfacae71576107c068f494c8a6302aea640cb"}, "date_added": "2019-11-01T00:00:00.000Z", "twitter_username": "CBCCOIN", "is_hidden": 0, "date_launched": "2018-09-27T00:00:00.000Z", "contract_address": [{"contract_address": "0x790bfacae71576107c068f494c8a6302aea640cb", "platform": {"name": "Ethereum", "coin": {"id": "1027", "name": "Ethereum", "symbol": "ETH", "slug": "ethereum"}}}], "self_reported_circulating_supply": NaN, "self_reported_tags": null, "self_reported_market_cap": NaN}, {"id": 11214, "name": "Carbon Coin", "symbol": "CBC", "category": "token", "description": "Carbon Coin (CBC) is a cryptocurrency launched in 2021and operates on the BNB Smart Chain (BEP20) platform. Carbon Coin has a current supply of 1,000,000,000,000,000 with 0 in circulation. The last known price of Carbon Coin is 0 USD and is up 0.00 over the last 24 hours. More information can be found at https://carbon-netrual.global/.", "slug": "carbon-coin", "logo": "https://s2.coinmarketcap.com/static/img/coins/64x64/11214.png", "subreddit": "CNESCommunity", "notice": "", "tags": null, "tag-names": null, "tag-groups": null, "urls": {"website": ["https://carbon-netrual.global/", "https://carbon-netrual.global/more/index.html"], "twitter": ["https://twitter.com/cnesofficial"], "message_board": [], "chat": ["https://t.me/CNESCommunity"], "facebook": [], "explorer": ["https://bscscan.com/token/0x793cEa0F1003411396b3A81A77d92Fe37015E7A9"], "reddit": ["https://reddit.com/r/CNESCommunity"], "technical_doc": ["https://carbon-netrual.global/doc/CNES_GreenPaper_1.0.pdf"], "source_code": [], "announcement": []}, "platform": {"id": "1839", "name": "BNB", "slug": "bnb", "symbol": "BNB", "token_address": "0x793cEa0F1003411396b3A81A77d92Fe37015E7A9"}, "date_added": "2021-08-11T00:00:00.000Z", "twitter_username": "cnesofficial", "is_hidden": 0, "date_launched": "2021-06-24T00:00:00.000Z", "contract_address": [{"contract_address": "0x793cEa0F1003411396b3A81A77d92Fe37015E7A9", "platform": {"name": "BNB Smart Chain (BEP20)", "coin": {"id": "1839", "name": "BNB", "symbol": "BNB", "slug": "bnb"}}}], "self_reported_circulating_supply": 104933259864345.0, "self_reported_tags": null, "self_reported_market_cap": 115460.99232375763}]