[{"id": 4142, "name": "Cubiex", "symbol": "CBIX", "category": "token", "description": "Cubiex (CBIX) is a cryptocurrency and operates on the BNB Beacon Chain (BEP2) platform. Cubiex has a current supply of 71,852,557. The last known price of Cubiex is 0.00051305 USD and is down -0.62 over the last 24 hours. It is currently trading on 3 active market(s) with $0.00 traded over the last 24 hours. More information can be found at https://www.cubiex.com/.", "slug": "cubiex", "logo": "https://s2.coinmarketcap.com/static/img/coins/64x64/4142.png", "subreddit": "CubiexEsports", "notice": "Cubiex is undergoing a swap to the new BEP20 [Cubiex Power](https://coinmarketcap.com/currencies/cubiex-power). For more details, please see the [official Medium post](https://medium.com/@CubiexeSports/guide-how-to-swap-oldcbix-bep2-bep20-erc20-for-cubiex-power-bep20-b121216ad313).", "tags": ["interoperability", "ethereum-ecosystem", "bnb-chain"], "tag-names": ["Interoperability", "Ethereum Ecosystem", "BNB Chain"], "tag-groups": ["CATEGORY", "PLATFORM", "PLATFORM"], "urls": {"website": ["https://www.cubiex.com/", "https://token.cubiex.com/"], "twitter": ["https://twitter.com/CubiexEsports"], "message_board": ["https://medium.com/@CubiexeSports"], "chat": ["https://t.me/cubiexesports"], "facebook": [], "explorer": ["https://etherscan.io/token/0x122f96d596384885b54bccdddf2125018c421d83", "https://bscscan.com/token/0x34681c1035f97e1edcccec5f142e02ff81a3a230", "https://explorer.binance.org/asset/CBIX-3C9"], "reddit": ["https://reddit.com/r/CubiexEsports"], "technical_doc": ["https://drive.google.com/file/d/1jhrhjCwyMr7ySK4kKQT8EV2eIWysPQ79/view"], "source_code": [], "announcement": ["https://bitcointalk.org/index.php?topic=5126357.0"]}, "platform": {"id": "1839", "name": "BNB", "slug": "bnb", "symbol": "BNB", "token_address": "CBIX-3C9"}, "date_added": "2019-07-22T00:00:00.000Z", "twitter_username": "CubiexEsports", "is_hidden": 0, "date_launched": null, "contract_address": [{"contract_address": "CBIX-3C9", "platform": {"name": "BNB Beacon Chain (BEP2)", "coin": {"id": "1839", "name": "BNB", "symbol": "BNB", "slug": "bnb"}}}, {"contract_address": "0x34681c1035f97e1edcccec5f142e02ff81a3a230", "platform": {"name": "BNB Smart Chain (BEP20)", "coin": {"id": "1839", "name": "BNB", "symbol": "BNB", "slug": "bnb"}}}, {"contract_address": "0x122f96d596384885b54bccdddf2125018c421d83", "platform": {"name": "Ethereum", "coin": {"id": "1027", "name": "Ethereum", "symbol": "ETH", "slug": "ethereum"}}}], "self_reported_circulating_supply": null, "self_reported_tags": null, "self_reported_market_cap": null}]