[{"id": 13383, "name": "CropBytes", "symbol": "CBX", "category": "token", "description": "CropBytes (CBX) is a cryptocurrency launched in 2021and operates on the Ethereum platform. CropBytes has a current supply of 500,000,000 with 151,294,139.7739697 in circulation. The last known price of CropBytes is 0.03379772 USD and is up 1.82 over the last 24 hours. It is currently trading on 8 active market(s) with $166,182.88 traded over the last 24 hours. More information can be found at https://www.cropbytes.com/.", "slug": "cropbytes", "logo": "https://s2.coinmarketcap.com/static/img/coins/64x64/13383.png", "subreddit": "CropBytes_Crypto_Game/", "notice": "", "tags": ["play-to-earn"], "tag-names": ["Play To Earn"], "tag-groups": ["CATEGORY"], "urls": {"website": ["https://www.cropbytes.com/"], "twitter": ["https://twitter.com/CropBytes"], "message_board": ["https://blog.cropbytes.com/", "https://www.linkedin.com/company/cropbytes"], "chat": ["https://t.me/ccropbytes"], "facebook": ["https://www.facebook.com/cropbytes/"], "explorer": ["https://etherscan.io/token/0x37fc4b48ce93469dbea9918468993c735049642a"], "reddit": ["https://reddit.com/r/CropBytes_Crypto_Game/"], "technical_doc": ["https://whitepaper.cropbytes.com/"], "source_code": ["https://gitlab.com/cropbytes-crypto-farming/cropbytes-contracts/"], "announcement": ["https://www.youtube.com/channel/UCShiuZuJI3mOTyWbr115rRQ?view_as=subscriber"]}, "platform": {"id": "1027", "name": "Ethereum", "slug": "ethereum", "symbol": "ETH", "token_address": "0x37fc4b48ce93469dbea9918468993c735049642a"}, "date_added": "2021-10-27T07:19:19.000Z", "twitter_username": "CropBytes", "is_hidden": 0, "date_launched": "2021-11-05T00:00:00.000Z", "contract_address": [{"contract_address": "0x37fc4b48ce93469dbea9918468993c735049642a", "platform": {"name": "Ethereum", "coin": {"id": "1027", "name": "Ethereum", "symbol": "ETH", "slug": "ethereum"}}}], "self_reported_circulating_supply": 151294139.7739697, "self_reported_tags": ["Smart Contracts", "Metaverse", "Exnetwork Capital Portfolio", "Play To Earn", "Token"], "self_reported_market_cap": 5113327.115608666}, {"id": 49, "name": "Bullion", "symbol": "CBX", "category": "coin", "description": "Bullion (CBX) is a cryptocurrency . Users are able to generate CBX through the process of mining. Bullion has a current supply of 1,027,995.05429762. The last known price of Bullion is 0.36969778 USD and is up 0.00 over the last 24 hours. More information can be found at http://bullion.one/.", "slug": "bullion", "logo": "https://s2.coinmarketcap.com/static/img/coins/64x64/49.png", "subreddit": "CryptoBullionX", "notice": "", "tags": ["mineable", "hybrid-pow-pos", "scrypt"], "tag-names": ["Mineable", "Hybrid - PoW & PoS", "Scrypt"], "tag-groups": ["OTHERS", "ALGORITHM", "ALGORITHM"], "urls": {"website": ["http://bullion.one/"], "twitter": ["https://twitter.com/CryptoBullionX"], "message_board": ["https://steemit.com/@cbx"], "chat": ["https://t.me/joinchat/FkBLVEimXQscVn1cetdd4g"], "facebook": [], "explorer": ["https://chainz.cryptoid.info/cbx/"], "reddit": ["https://reddit.com/r/CryptoBullionX"], "technical_doc": [], "source_code": ["https://github.com/elambert2014/bullion"], "announcement": ["https://bitcointalk.org/index.php?topic=951753.0"]}, "platform": null, "date_added": "2013-08-04T00:00:00.000Z", "twitter_username": "CryptoBullionX", "is_hidden": 0, "date_launched": null, "contract_address": [], "self_reported_circulating_supply": NaN, "self_reported_tags": null, "self_reported_market_cap": NaN}]