[{"id": 8887, "name": "Cryptocurrency Top 10 Tokens Index", "symbol": "CC10", "category": "token", "description": "Cryptocurrency Top 10 Tokens Index (CC10) is a cryptocurrency and operates on the Ethereum platform. Cryptocurrency Top 10 Tokens Index has a current supply of 0. The last known price of Cryptocurrency Top 10 Tokens Index is 0.39520506 USD and is up 0.41 over the last 24 hours. More information can be found at https://indexed.finance.", "slug": "cryptocurrency-top-10-tokens-index", "logo": "https://s2.coinmarketcap.com/static/img/coins/64x64/8887.png", "subreddit": "", "notice": "", "tags": ["defi-index"], "tag-names": ["DeFi Index"], "tag-groups": ["CATEGORY"], "urls": {"website": ["https://indexed.finance"], "twitter": ["https://twitter.com/ndxfi"], "message_board": ["https://ndxfi.medium.com/"], "chat": ["https://discord.gg/jaeSTNPNt9"], "facebook": [], "explorer": ["https://etherscan.io/address/0x17ac188e09a7890a1844e5e65471fe8b0ccfadf3", "https://etherscan.io/token/0x17ac188e09a7890a1844e5e65471fe8b0ccfadf3", "https://ethplorer.io/address/0x17ac188e09a7890a1844e5e65471fe8b0ccfadf3"], "reddit": [], "technical_doc": [], "source_code": ["https://github.com/indexed-finance"], "announcement": []}, "platform": {"id": "1027", "name": "Ethereum", "slug": "ethereum", "symbol": "ETH", "token_address": "0x17ac188e09a7890a1844e5e65471fe8b0ccfadf3"}, "date_added": "2021-03-19T00:00:00.000Z", "twitter_username": "ndxfi", "is_hidden": 0, "date_launched": null, "contract_address": [{"contract_address": "0x17ac188e09a7890a1844e5e65471fe8b0ccfadf3", "platform": {"name": "Ethereum", "coin": {"id": "1027", "name": "Ethereum", "symbol": "ETH", "slug": "ethereum"}}}], "self_reported_circulating_supply": null, "self_reported_tags": null, "self_reported_market_cap": null}]