[{"id": 840, "name": "Chococoin", "symbol": "CCC", "category": "coin", "description": "Chococoin (CCC) is a cryptocurrency . Users are able to generate CCC through the process of mining. Chococoin has a current supply of 6,473,801. The last known price of Chococoin is 0.00004676 USD and is up 0.00 over the last 24 hours. More information can be found at http://www.chococoin.org/.", "slug": "chococoin", "logo": "https://s2.coinmarketcap.com/static/img/coins/64x64/840.png", "subreddit": "", "notice": "", "tags": ["mineable"], "tag-names": ["Mineable"], "tag-groups": ["OTHERS"], "urls": {"website": ["http://www.chococoin.org/"], "twitter": ["https://twitter.com/chococrypto"], "message_board": [], "chat": [], "facebook": [], "explorer": ["http://64.90.43.131:2750/chain/Chococoin"], "reddit": [], "technical_doc": [], "source_code": [], "announcement": ["https://bitcointalk.org/index.php?topic=353864"]}, "platform": null, "date_added": "2015-03-09T00:00:00.000Z", "twitter_username": "chococrypto", "is_hidden": 0, "date_launched": null, "contract_address": [], "self_reported_circulating_supply": NaN, "self_reported_tags": ["Agriculture", "Art", "Services", "Collectibles & NFTs"], "self_reported_market_cap": NaN}, {"id": 2897, "name": "Clipper Coin", "symbol": "CCC", "category": "token", "description": "Clipper Coin (CCC) is a cryptocurrency launched in 2018and operates on the BNB Beacon Chain (BEP2) platform. Clipper Coin has a current supply of 5,000,000,000 with 2,963,270,216 in circulation. The last known price of Clipper Coin is 0.00172862 USD and is up 0.00 over the last 24 hours. More information can be found at http://clippercoin.com/.", "slug": "clipper-coin", "logo": "https://s2.coinmarketcap.com/static/img/coins/64x64/2897.png", "subreddit": "", "notice": "", "tags": ["services", "reputation"], "tag-names": ["Services", "Reputation"], "tag-groups": ["INDUSTRY", "CATEGORY"], "urls": {"website": ["http://clippercoin.com/"], "twitter": ["https://twitter.com/ClipperCoinCap"], "message_board": [], "chat": ["https://t.me/CCC_official"], "facebook": [], "explorer": ["https://etherscan.io/token/0xbf59e6fe2bc4ee8d303e493390b4aacab16fcc91", "https://explorer.binance.org/asset/CCCX-10D"], "reddit": [], "technical_doc": [], "source_code": [], "announcement": []}, "platform": {"id": "1839", "name": "BNB", "slug": "bnb", "symbol": "BNB", "token_address": "CCCX-10D"}, "date_added": "2018-07-05T00:00:00.000Z", "twitter_username": "ClipperCoinCap", "is_hidden": 0, "date_launched": "2018-05-14T00:00:00.000Z", "contract_address": [{"contract_address": "CCCX-10D", "platform": {"name": "BNB Beacon Chain (BEP2)", "coin": {"id": "1839", "name": "BNB", "symbol": "BNB", "slug": "bnb"}}}, {"contract_address": "0xbf59e6fe2bc4ee8d303e493390b4aacab16fcc91", "platform": {"name": "Ethereum", "coin": {"id": "1027", "name": "Ethereum", "symbol": "ETH", "slug": "ethereum"}}}], "self_reported_circulating_supply": NaN, "self_reported_tags": null, "self_reported_market_cap": NaN}, {"id": 3309, "name": "Concierge Coin", "symbol": "CCC", "category": "coin", "description": "Concierge Coin (CCC) is a cryptocurrency . Users are able to generate CCC through the process of mining. Concierge Coin has a current supply of 2,546,644.29055272 with 0 in circulation. The last known price of Concierge Coin is 0.00008764 USD and is up 0.00 over the last 24 hours. More information can be found at http://www.conciergecoin.net/.", "slug": "concierge-coin", "logo": "https://s2.coinmarketcap.com/static/img/coins/64x64/3309.png", "subreddit": "", "notice": "", "tags": ["mineable"], "tag-names": ["Mineable"], "tag-groups": ["OTHERS"], "urls": {"website": ["http://www.conciergecoin.net/"], "twitter": ["https://twitter.com/conciergecoin"], "message_board": [], "chat": ["https://t.me/conciergecoin", "https://discordapp.com/invite/CmGAtDN"], "facebook": [], "explorer": ["http://206.189.160.159/"], "reddit": [], "technical_doc": [], "source_code": ["https://github.com/ConciergeCoin/Concierge"], "announcement": ["https://bitcointalk.org/index.php?topic=4986360.0"]}, "platform": null, "date_added": "2018-09-18T00:00:00.000Z", "twitter_username": "conciergecoin", "is_hidden": 0, "date_launched": null, "contract_address": [], "self_reported_circulating_supply": NaN, "self_reported_tags": null, "self_reported_market_cap": NaN}, {"id": 4000, "name": "Coin Controller Cash", "symbol": "CCC", "category": "token", "description": "Coin Controller Cash (CCC) is a cryptocurrency launched in 2018and operates on the Ethereum platform. Coin Controller Cash has a current supply of 2,000,000,000 with 0 in circulation. The last known price of Coin Controller Cash is 0.00010759 USD and is down -0.01 over the last 24 hours. More information can be found at http://www.coincontrolcash.com/.", "slug": "coin-controller-cash", "logo": "https://s2.coinmarketcap.com/static/img/coins/64x64/4000.png", "subreddit": "", "notice": "", "tags": null, "tag-names": null, "tag-groups": null, "urls": {"website": ["http://www.coincontrolcash.com/"], "twitter": ["https://twitter.com/Coindom_CCC"], "message_board": [], "chat": [], "facebook": [], "explorer": ["https://etherscan.io/token/0x94cb815f4b601b00b363b3177b4d8ed8e0eb7cf2", "https://ethplorer.io/address/0x94cb815f4b601b00b363b3177b4d8ed8e0eb7cf2"], "reddit": [], "technical_doc": ["http://www.coincontrolcash.com/static/ccc_whitepaper_v3.pdf"], "source_code": [], "announcement": []}, "platform": {"id": "1027", "name": "Ethereum", "slug": "ethereum", "symbol": "ETH", "token_address": "0x94cb815f4b601b00b363b3177b4d8ed8e0eb7cf2"}, "date_added": "2019-06-12T00:00:00.000Z", "twitter_username": "Coindom_CCC", "is_hidden": 0, "date_launched": "2018-06-04T00:00:00.000Z", "contract_address": [{"contract_address": "0x94cb815f4b601b00b363b3177b4d8ed8e0eb7cf2", "platform": {"name": "Ethereum", "coin": {"id": "1027", "name": "Ethereum", "symbol": "ETH", "slug": "ethereum"}}}], "self_reported_circulating_supply": NaN, "self_reported_tags": null, "self_reported_market_cap": NaN}, {"id": 15111, "name": "Cross Chain Capital", "symbol": "CCC", "category": "token", "description": "Cross Chain Capital (CCC) is a cryptocurrency and operates on the Avalanche C-Chain platform. Cross Chain Capital has a current supply of 1,000,000,000,000 with 0 in circulation. The last known price of Cross Chain Capital is 0 USD and is up 0.00 over the last 24 hours. More information can be found at https://crosschaincapital.finance/.", "slug": "cross-chain-capital", "logo": "https://s2.coinmarketcap.com/static/img/coins/64x64/15111.png", "subreddit": "", "notice": "Cross Chain Capital [old contract](https://snowtrace.io/token/0x42f33f70be8a9c062b68ee64e7ff34dd2ed2f5d8) has been migrated to a [new one](https://snowtrace.io/token/0x4939b3313e73ae8546b90e53e998e82274afdbdb). Find more details in the [announcement](https://medium.com/@crosschaincapital/ccc-v1-ccc-v2-migration-b00a8d03a950).", "tags": ["farming-as-a-service"], "tag-names": ["Farming as a Service (FaaS)"], "tag-groups": ["CATEGORY"], "urls": {"website": ["https://crosschaincapital.finance/"], "twitter": ["https://twitter.com/cchaincap"], "message_board": [], "chat": [], "facebook": [], "explorer": ["https://snowtrace.io/token/0x4939b3313e73ae8546b90e53e998e82274afdbdb"], "reddit": [], "technical_doc": [], "source_code": ["https://github.com/crosschaincapital"], "announcement": []}, "platform": {"id": "5805", "name": "Avalanche", "slug": "avalanche", "symbol": "AVAX", "token_address": "0x4939b3313e73ae8546b90e53e998e82274afdbdb"}, "date_added": "2021-11-24T07:45:13.000Z", "twitter_username": "cchaincap", "is_hidden": 0, "date_launched": null, "contract_address": [{"contract_address": "0x4939b3313e73ae8546b90e53e998e82274afdbdb", "platform": {"name": "Avalanche C-Chain", "coin": {"id": "5805", "name": "Avalanche", "symbol": "AVAX", "slug": "avalanche"}}}], "self_reported_circulating_supply": 963921804526.0, "self_reported_tags": null, "self_reported_market_cap": 4740.156518558075}]