[{"id": 14489, "name": "CheckDot", "symbol": "CDT", "category": "token", "description": "CheckDot (CDT) is a cryptocurrency and operates on the BNB Smart Chain (BEP20) platform. CheckDot has a current supply of 9,897,864.25 with 7,745,635.25 in circulation. The last known price of CheckDot is 0.02519274 USD and is down -1.63 over the last 24 hours. It is currently trading on 8 active market(s) with $54.66 traded over the last 24 hours. More information can be found at https://checkdot.io/.", "slug": "checkdot", "logo": "https://s2.coinmarketcap.com/static/img/coins/64x64/14489.png", "subreddit": "", "notice": "", "tags": ["cybersecurity", "smart-contracts", "insurance"], "tag-names": ["Cybersecurity", "Smart Contracts", "Insurance"], "tag-groups": ["INDUSTRY", "CATEGORY", "INDUSTRY"], "urls": {"website": ["https://checkdot.io/"], "twitter": ["https://twitter.com/checkdot_proto"], "message_board": ["https://checkdot.medium.com/"], "chat": ["https://t.me/checkdot", "https://discord.gg/bmwbC4mDcM"], "facebook": [], "explorer": ["https://bscscan.com/token/0x0cBD6fAdcF8096cC9A43d90B45F65826102e3eCE", "https://etherscan.io/token/0xCdB37A4fBC2Da5b78aA4E41a432792f9533e85Cc"], "reddit": [], "technical_doc": [], "source_code": ["https://github.com/checkdot"], "announcement": []}, "platform": {"id": "1839", "name": "BNB", "slug": "bnb", "symbol": "BNB", "token_address": "0x0cBD6fAdcF8096cC9A43d90B45F65826102e3eCE"}, "date_added": "2021-11-15T05:18:48.000Z", "twitter_username": "checkdot_proto", "is_hidden": 0, "date_launched": null, "contract_address": [{"contract_address": "0x0cBD6fAdcF8096cC9A43d90B45F65826102e3eCE", "platform": {"name": "BNB Smart Chain (BEP20)", "coin": {"id": "1839", "name": "BNB", "symbol": "BNB", "slug": "bnb"}}}, {"contract_address": "0xCdB37A4fBC2Da5b78aA4E41a432792f9533e85Cc", "platform": {"name": "Ethereum", "coin": {"id": "1027", "name": "Ethereum", "symbol": "ETH", "slug": "ethereum"}}}], "self_reported_circulating_supply": 7745635.25, "self_reported_tags": ["BNB Smart Chain", "DeFi", "Staking"], "self_reported_market_cap": 194602.49809515063}, {"id": 1864, "name": "Blox", "symbol": "CDT", "category": "token", "description": "Blox (CDT) is a cryptocurrency and operates on the Ethereum platform. Blox has a current supply of 1,000,000,000. The last known price of Blox is 0.18816361 USD and is up 7.37 over the last 24 hours. More information can be found at https://www.bloxstaking.com/.", "slug": "blox", "logo": "https://s2.coinmarketcap.com/static/img/coins/64x64/1864.png", "subreddit": "blox_io", "notice": "", "tags": ["asset-management", "smart-contracts"], "tag-names": ["Asset Management", "Smart Contracts"], "tag-groups": ["INDUSTRY", "CATEGORY"], "urls": {"website": ["https://www.bloxstaking.com/"], "twitter": ["https://twitter.com/Blox_Staking"], "message_board": [], "chat": [], "facebook": [], "explorer": ["https://etherscan.io/token/0x177d39ac676ed1c67a2b268ad7f1e58826e5b0af", "https://ethplorer.io/address/0x177d39ac676ed1c67a2b268ad7f1e58826e5b0af"], "reddit": ["https://reddit.com/r/blox_io"], "technical_doc": ["https://www.coindash.io/coindash-whitepaper.pdf"], "source_code": [], "announcement": ["https://www.bloxstaking.com/blox-blog/"]}, "platform": {"id": "1027", "name": "Ethereum", "slug": "ethereum", "symbol": "ETH", "token_address": "0x177d39ac676ed1c67a2b268ad7f1e58826e5b0af"}, "date_added": "2017-08-07T00:00:00.000Z", "twitter_username": "Blox_Staking", "is_hidden": 0, "date_launched": null, "contract_address": [{"contract_address": "0x177d39ac676ed1c67a2b268ad7f1e58826e5b0af", "platform": {"name": "Ethereum", "coin": {"id": "1027", "name": "Ethereum", "symbol": "ETH", "slug": "ethereum"}}}], "self_reported_circulating_supply": NaN, "self_reported_tags": null, "self_reported_market_cap": NaN}]