[{"id": 2856, "name": "CEEK VR", "symbol": "CEEK", "category": "token", "description": "CEEK VR (CEEK) is a cryptocurrency and operates on the Ethereum platform. CEEK VR has a current supply of 1,000,000,000 with 805,717,779.245471 in circulation. The last known price of CEEK VR is 0.07044067 USD and is down -2.19 over the last 24 hours. It is currently trading on 81 active market(s) with $1,738,407.84 traded over the last 24 hours. More information can be found at https://www.ceek.io/.", "slug": "ceek-vr", "logo": "https://s2.coinmarketcap.com/static/img/coins/64x64/2856.png", "subreddit": "ceek", "notice": "", "tags": ["vr-ar", "collectibles-nfts", "metaverse", "bnb-chain"], "tag-names": ["VR/AR", "Collectibles & NFTs", "Metaverse", "BNB Chain"], "tag-groups": ["INDUSTRY", "CATEGORY", "CATEGORY", "PLATFORM"], "urls": {"website": ["https://www.ceek.io/"], "twitter": ["https://twitter.com/ceek"], "message_board": [], "chat": ["https://t.me/ceekmetaverse"], "facebook": ["https://www.facebook.com/ceekapp"], "explorer": ["https://etherscan.io/token/0xb056c38f6b7dc4064367403e26424cd2c60655e1", "https://etherscan.io/token/0xb056c38f6b7dc4064367403e26424cd2c60655e1", "https://bscscan.com/token/0xe0f94ac5462997d2bc57287ac3a3ae4c31345d66"], "reddit": ["https://reddit.com/r/ceek"], "technical_doc": [], "source_code": [], "announcement": []}, "platform": {"id": "1027", "name": "Ethereum", "slug": "ethereum", "symbol": "ETH", "token_address": "0xb056c38f6b7dc4064367403e26424cd2c60655e1"}, "date_added": "2018-06-11T00:00:00.000Z", "twitter_username": "ceek", "is_hidden": 0, "date_launched": null, "contract_address": [{"contract_address": "0xb056c38f6b7dc4064367403e26424cd2c60655e1", "platform": {"name": "Ethereum", "coin": {"id": "1027", "name": "Ethereum", "symbol": "ETH", "slug": "ethereum"}}}, {"contract_address": "0xe0f94ac5462997d2bc57287ac3a3ae4c31345d66", "platform": {"name": "BNB Smart Chain (BEP20)", "coin": {"id": "1839", "name": "BNB", "symbol": "BNB", "slug": "bnb"}}}], "self_reported_circulating_supply": null, "self_reported_tags": ["Education", "Marketplace", "Sports", "VR/AR", "DeFi", "Entertainment", "Music", "Video", "DApp", "Ethereum Ecosystem", "Binance Chain", "Metaverse"], "self_reported_market_cap": null}]