[{"id": 2700, "name": "Celsius", "symbol": "CEL", "category": "token", "description": "Celsius (CEL) is a cryptocurrency and operates on the Ethereum platform. Celsius has a current supply of 695,658,160 with 238,863,519.826 in circulation. The last known price of Celsius is 0.45609669 USD and is down -3.17 over the last 24 hours. It is currently trading on 79 active market(s) with $1,333,750.24 traded over the last 24 hours. More information can be found at https://celsius.network/.", "slug": "celsius", "logo": "https://s2.coinmarketcap.com/static/img/coins/64x64/2700.png", "subreddit": "celsiusnetwork", "notice": "Celsius has issued a [statement](https://twitter.com/CelsiusNetwork/status/1265374004161859584) indicating that it is not affiliated with Bilaxy exchange and that it has not listed the $CEL token with them.", "tags": ["lending-borowing", "exnetwork-capital-portfolio"], "tag-names": ["Lending & Borrowing", "Exnetwork Capital Portfolio"], "tag-groups": ["CATEGORY", "CATEGORY"], "urls": {"website": ["https://celsius.network/"], "twitter": ["https://twitter.com/celsiusnetwork"], "message_board": ["https://celsius.network/blog/"], "chat": ["https://t.me/celsiusnetwork"], "facebook": [], "explorer": ["https://etherscan.io/token/0xaaaebe6fe48e54f431b0c390cfaf0b017d09d42d", "https://ethplorer.io/address/0xaaaebe6fe48e54f431b0c390cfaf0b017d09d42d", "https://blockscout.com/xdai/mainnet/tokens/0x0aCD91f92Fe07606ab51EA97d8521E29D110fD09/token-transfers", "nRtfwU9G82CSHhHGJNxFhtn7FLvWP2rqvQvje1WtL69"], "reddit": ["https://reddit.com/r/celsiusnetwork"], "technical_doc": [], "source_code": ["https://github.com/CelsiusNetwork"], "announcement": []}, "platform": {"id": "1027", "name": "Ethereum", "slug": "ethereum", "symbol": "ETH", "token_address": "0xaaaebe6fe48e54f431b0c390cfaf0b017d09d42d"}, "date_added": "2018-05-18T00:00:00.000Z", "twitter_username": "celsiusnetwork", "is_hidden": 0, "date_launched": null, "contract_address": [{"contract_address": "0xaaaebe6fe48e54f431b0c390cfaf0b017d09d42d", "platform": {"name": "Ethereum", "coin": {"id": "1027", "name": "Ethereum", "symbol": "ETH", "slug": "ethereum"}}}, {"contract_address": "0x0aCD91f92Fe07606ab51EA97d8521E29D110fD09", "platform": {"name": "Gnosis Chain", "coin": {"id": "1659", "name": "Gnosis", "symbol": "GNO", "slug": "gnosis-gno"}}}, {"contract_address": "nRtfwU9G82CSHhHGJNxFhtn7FLvWP2rqvQvje1WtL69", "platform": {"name": "Solana", "coin": {"id": "5426", "name": "Solana", "symbol": "SOL", "slug": "solana"}}}], "self_reported_circulating_supply": 510732063, "self_reported_tags": null, "self_reported_market_cap": 232979721.67822912}]