[{"id": 8992, "name": "Cellframe", "symbol": "CELL", "category": "token", "description": "Cellframe (CELL) is a cryptocurrency launched in 2017and operates on the Ethereum platform. Cellframe has a current supply of 29,735,000 with 28,599,167.9041012 in circulation. The last known price of Cellframe is 0.15116796 USD and is down -5.42 over the last 24 hours. It is currently trading on 28 active market(s) with $51,175.36 traded over the last 24 hours. More information can be found at https://cellframe.net/.", "slug": "cellframe", "logo": "https://s2.coinmarketcap.com/static/img/coins/64x64/8992.png", "subreddit": "", "notice": "", "tags": ["zero-knowledge-proofs", "quantum-resistant", "scaling", "sharding", "exnetwork-capital-portfolio", "trustswap-launchpad"], "tag-names": ["Zero Knowledge Proofs", "Quantum-Resistant", "Scaling", "Sharding", "Exnetwork Capital Portfolio", "Trustswap Launchpad"], "tag-groups": ["CATEGORY", "CATEGORY", "CATEGORY", "CATEGORY", "CATEGORY", "CATEGORY"], "urls": {"website": ["https://cellframe.net/"], "twitter": ["https://twitter.com/cellframenet"], "message_board": ["https://cellframe.medium.com/"], "chat": ["https://t.me/cellframe", "https://t.me/CellframeANN"], "facebook": [], "explorer": ["https://etherscan.io/token/0x26c8afbbfe1ebaca03c2bb082e69d0476bffe099", "https://etherscan.io/token/0x26c8afbbfe1ebaca03c2bb082e69d0476bffe099", "https://bscscan.com/token/0xf3e1449ddb6b218da2c9463d4594ceccc8934346"], "reddit": [], "technical_doc": ["https://cellframe.net/files/CllfrmWPbeta%20(1).pdf"], "source_code": ["https://github.com/demlabs-cellframe"], "announcement": []}, "platform": {"id": "1027", "name": "Ethereum", "slug": "ethereum", "symbol": "ETH", "token_address": "0x26c8afbbfe1ebaca03c2bb082e69d0476bffe099"}, "date_added": "2021-03-29T00:00:00.000Z", "twitter_username": "cellframenet", "is_hidden": 0, "date_launched": "2017-09-30T00:00:00.000Z", "contract_address": [{"contract_address": "0x26c8afbbfe1ebaca03c2bb082e69d0476bffe099", "platform": {"name": "Ethereum", "coin": {"id": "1027", "name": "Ethereum", "symbol": "ETH", "slug": "ethereum"}}}, {"contract_address": "0xf3e1449ddb6b218da2c9463d4594ceccc8934346", "platform": {"name": "BNB Smart Chain (BEP20)", "coin": {"id": "1839", "name": "BNB", "symbol": "BNB", "slug": "bnb"}}}], "self_reported_circulating_supply": null, "self_reported_tags": null, "self_reported_market_cap": null}, {"id": 793, "name": "SolarFarm", "symbol": "CELL", "category": "token", "description": "SolarFarm (CELL) is a cryptocurrency . SolarFarm has a current supply of 1,000,000,000 with 290,646,350 in circulation. The last known price of SolarFarm is 0.00722762 USD and is up 0.00 over the last 24 hours. More information can be found at https://www.cryptomining.farm.", "slug": "solarfarm", "logo": "https://s2.coinmarketcap.com/static/img/coins/64x64/793.png", "subreddit": "", "notice": "", "tags": null, "tag-names": null, "tag-groups": null, "urls": {"website": ["https://www.cryptomining.farm"], "twitter": [], "message_board": ["https://forum.cryptomining.farm"], "chat": [], "facebook": [], "explorer": ["http://nxtreporting.com/?as=18212211773827322818"], "reddit": [], "technical_doc": [], "source_code": [], "announcement": []}, "platform": null, "date_added": "2015-01-25T00:00:00.000Z", "twitter_username": "", "is_hidden": 0, "date_launched": null, "contract_address": [], "self_reported_circulating_supply": null, "self_reported_tags": null, "self_reported_market_cap": null}]