[{"id": 5567, "name": "Celo", "symbol": "CELO", "category": "coin", "description": "Celo (CELO) is a cryptocurrency launched in 2017. Celo has a current supply of 1,000,000,000 with 478,832,129 in circulation. The last known price of Celo is 0.46807225 USD and is down -0.56 over the last 24 hours. It is currently trading on 132 active market(s) with $7,314,307.45 traded over the last 24 hours. More information can be found at https://celo.org/.", "slug": "celo", "logo": "https://s2.coinmarketcap.com/static/img/coins/64x64/5567.png", "subreddit": "CeloHQ", "notice": "", "tags": ["pos", "zero-knowledge-proofs", "mobile", "payments", "smart-contracts", "coinbase-ventures-portfolio", "polychain-capital-portfolio", "dragonfly-capital-portfolio", "electric-capital-portfolio", "a16z-portfolio", "celo-ecosystem"], "tag-names": ["PoS", "Zero Knowledge Proofs", "Mobile", "Payments", "Smart Contracts", "Coinbase Ventures Portfolio", "Polychain Capital Portfolio", "DragonFly Capital Portfolio", "Electric Capital Portfolio", "a16z Portfolio", "Celo Ecosystem"], "tag-groups": ["ALGORITHM", "CATEGORY", "INDUSTRY", "INDUSTRY", "CATEGORY", "CATEGORY", "CATEGORY", "CATEGORY", "CATEGORY", "CATEGORY", "CATEGORY"], "urls": {"website": ["https://celo.org/", "https://www.celocamp.com/"], "twitter": ["https://twitter.com/CeloOrg"], "message_board": ["http://forum.celo.org/"], "chat": ["https://discord.com/invite/nfmTPV2", "https://t.me/celoplatform"], "facebook": [], "explorer": ["https://celoscan.io", "https://explorer.celo.org", "https://thecelo.com", "https://stats.celo.org"], "reddit": ["https://reddit.com/r/CeloHQ"], "technical_doc": ["http://docs.celo.org/"], "source_code": ["https://github.com/celo-org/celo-monorepo/"], "announcement": []}, "platform": {"id": "5567", "name": "Celo", "slug": "celo", "symbol": "CELO", "token_address": "0x471ece3750da237f93b8e339c536989b8978a438"}, "date_added": "2020-05-22T00:00:00.000Z", "twitter_username": "CeloOrg", "is_hidden": 0, "date_launched": "2017-09-15T00:00:00.000Z", "contract_address": [{"contract_address": "0x471ece3750da237f93b8e339c536989b8978a438", "platform": {"name": "Celo", "coin": {"id": "5567", "name": "Celo", "symbol": "CELO", "slug": "celo"}}}, {"contract_address": "celo.token.a11bd.near", "platform": {"name": "Near", "coin": {"id": "6535", "name": "NEAR Protocol", "symbol": "NEAR", "slug": "near-protocol"}}}], "self_reported_circulating_supply": null, "self_reported_tags": ["PoS", "DeFi", "Zero Knowledge Proofs", "Mobile", "Payments", "Smart Contracts", "Stablecoin", "Algorithmic Stablecoin"], "self_reported_market_cap": null}]