[{"id": 3814, "name": "Celer Network", "symbol": "CELR", "category": "token", "description": "Celer Network (CELR) is a cryptocurrency and operates on the Ethereum platform. Celer Network has a current supply of 10,000,000,000 with 7,085,488,367.278 in circulation. The last known price of Celer Network is 0.00932087 USD and is down -3.17 over the last 24 hours. It is currently trading on 104 active market(s) with $3,701,981.34 traded over the last 24 hours. More information can be found at https://www.celer.network/#.", "slug": "celer-network", "logo": "https://s2.coinmarketcap.com/static/img/coins/64x64/3814.png", "subreddit": "", "notice": "", "tags": ["platform", "enterprise-solutions", "scaling", "state-channel", "ethereum-ecosystem", "substrate", "polkadot-ecosystem", "binance-launchpad", "arrington-xrp-capital-portfolio", "pantera-capital-portfolio", "arbitrum-ecosytem", "bnb-chain"], "tag-names": ["Platform", "Enterprise Solutions", "Scaling", "State Channel", "Ethereum Ecosystem", "Substrate", "Polkadot Ecosystem", "Binance Launchpad", "Arrington XRP Capital Portfolio", "Pantera Capital Portfolio", "Arbitrum Ecosystem", "BNB Chain"], "tag-groups": ["CATEGORY", "INDUSTRY", "CATEGORY", "CATEGORY", "PLATFORM", "CATEGORY", "PLATFORM", "CATEGORY", "CATEGORY", "CATEGORY", "PLATFORM", "PLATFORM"], "urls": {"website": ["https://www.celer.network/#"], "twitter": ["https://twitter.com/CelerNetwork"], "message_board": ["https://blog.celer.network/", "https://blog.celer.network/"], "chat": ["https://t.me/celernetwork", "https://discord.gg/Trhab5w"], "facebook": [], "explorer": ["https://etherscan.io/token/0x4f9254c83eb525f9fcf346490bbb3ed28a81c667", "https://bscscan.com/token/0x1f9f6a696c6fd109cd3956f45dc709d2b3902163", "https://explorer.emerald.oasis.dev/token/0xf6a939e773fa4A63fd53f86bbbB279CaAD955035/token-transfers", "https://moonbeam.moonscan.io/token/0x3795C36e7D12A8c252A20C5a7B455f7c57b60283", "https://andromeda-explorer.metis.io/token/0x516e6D96896Aea92cE5e78B0348FD997F13802ad/token-transfers"], "reddit": [], "technical_doc": ["https://im-docs.celer.network/developer/celer-im-overview"], "source_code": ["https://github.com/celer-network"], "announcement": []}, "platform": {"id": "1027", "name": "Ethereum", "slug": "ethereum", "symbol": "ETH", "token_address": "0x4f9254c83eb525f9fcf346490bbb3ed28a81c667"}, "date_added": "2019-03-25T00:00:00.000Z", "twitter_username": "CelerNetwork", "is_hidden": 0, "date_launched": null, "contract_address": [{"contract_address": "0x4f9254c83eb525f9fcf346490bbb3ed28a81c667", "platform": {"name": "Ethereum", "coin": {"id": "1027", "name": "Ethereum", "symbol": "ETH", "slug": "ethereum"}}}, {"contract_address": "0x1f9f6a696c6fd109cd3956f45dc709d2b3902163", "platform": {"name": "BNB Smart Chain (BEP20)", "coin": {"id": "1839", "name": "BNB", "symbol": "BNB", "slug": "bnb"}}}, {"contract_address": "0x3795C36e7D12A8c252A20C5a7B455f7c57b60283", "platform": {"name": "Moonbeam", "coin": {"id": "6836", "name": "Moonbeam", "symbol": "GLMR", "slug": "moonbeam"}}}, {"contract_address": " 0xf6a939e773fa4a63fd53f86bbbb279caad955035", "platform": {"name": "Oasis Network", "coin": {"id": "7653", "name": "Oasis Network", "symbol": "ROSE", "slug": "oasis-network"}}}, {"contract_address": "0x516e6D96896Aea92cE5e78B0348FD997F13802ad", "platform": {"name": "Metis Andromeda", "coin": {"id": "9640", "name": "MetisDAO", "symbol": "METIS", "slug": "metisdao"}}}], "self_reported_circulating_supply": null, "self_reported_tags": null, "self_reported_market_cap": null}]