[{"id": 12118, "name": "Celestial", "symbol": "CELT", "category": "token", "description": "Celestial (CELT) is a cryptocurrency launched in 2021and operates on the Ethereum platform. Celestial has a current supply of 5,000,000,000 with 0 in circulation. The last known price of Celestial is 0.00226637 USD and is up 0.27 over the last 24 hours. It is currently trading on 22 active market(s) with $183,521.93 traded over the last 24 hours. More information can be found at https://celt.game.", "slug": "celestial", "logo": "https://s2.coinmarketcap.com/static/img/coins/64x64/12118.png", "subreddit": "", "notice": "", "tags": ["okex-blockdream-ventures-portfolio"], "tag-names": ["OKEx Blockdream Ventures Portfolio"], "tag-groups": ["CATEGORY"], "urls": {"website": ["https://celt.game"], "twitter": ["https://twitter.com/GameCelt"], "message_board": ["https://medium.com/@celestial.gamefi"], "chat": ["https://t.me/CELT_Game", "https://discord.gg/celestial-metaverse"], "facebook": [], "explorer": ["https://bscscan.com/token/0x4f34292f109870d5fdda602bc7e3ae56d520d6e1", "https://etherscan.io/token/0xf6e06b54855eff198a2d9a8686113665499a6134", "https://www.oklink.com/okexchain/address/0x5Ab622494AB7C5e81911558c9552DBd517F403fb"], "reddit": [], "technical_doc": ["https://celt.game/static/CELESTIAL_Whitepaper.pdf"], "source_code": ["https://github.com/CeltGame"], "announcement": ["https://t.me/CELT_Announcement"]}, "platform": {"id": "1027", "name": "Ethereum", "slug": "ethereum", "symbol": "ETH", "token_address": "0xf6e06b54855eff198a2d9a8686113665499a6134"}, "date_added": "2021-09-24T05:44:43.000Z", "twitter_username": "GameCelt", "is_hidden": 0, "date_launched": "2021-09-28T00:00:00.000Z", "contract_address": [{"contract_address": "0xf6e06b54855eff198a2d9a8686113665499a6134", "platform": {"name": "Ethereum", "coin": {"id": "1027", "name": "Ethereum", "symbol": "ETH", "slug": "ethereum"}}}, {"contract_address": "0x4f34292f109870d5fdda602bc7e3ae56d520d6e1", "platform": {"name": "BNB Smart Chain (BEP20)", "coin": {"id": "1839", "name": "BNB", "symbol": "BNB", "slug": "bnb"}}}, {"contract_address": "0x5Ab622494AB7C5e81911558c9552DBd517F403fb", "platform": {"name": "OKExChain", "coin": {"id": "8267", "name": "OKC Token", "symbol": "OKT", "slug": "okt"}}}], "self_reported_circulating_supply": 1618121989, "self_reported_tags": ["Gaming", "Staking", "BNB Smart Chain", "Yield Aggregator", "LP Tokens", "Metaverse", "Play To Earn", "Token", "OKExChain Ecosystem"], "self_reported_market_cap": 3673960.1721267155}]