[{"id": 4710, "name": "Cere Network", "symbol": "CERE", "category": "token", "description": "Cere Network (CERE) is a cryptocurrency and operates on the Ethereum platform. Cere Network has a current supply of 10,000,000,000 with 1,585,541,573.79 in circulation. The last known price of Cere Network is 0.00612892 USD and is up 1.91 over the last 24 hours. It is currently trading on 22 active market(s) with $593,208.62 traded over the last 24 hours. More information can be found at https://www.cere.network/.", "slug": "cere-network", "logo": "https://s2.coinmarketcap.com/static/img/coins/64x64/4710.png", "subreddit": "cerenetwork", "notice": "", "tags": ["substrate", "binance-labs-portfolio", "polkastarter", "dao-maker", "arrington-xrp-capital-portfolio", "okex-blockdream-ventures-portfolio"], "tag-names": ["Substrate", "Binance Labs Portfolio", "Polkastarter", "DAO Maker", "Arrington XRP Capital Portfolio", "OKEx Blockdream Ventures Portfolio"], "tag-groups": ["CATEGORY", "CATEGORY", "CATEGORY", "CATEGORY", "CATEGORY", "CATEGORY"], "urls": {"website": ["https://www.cere.network/"], "twitter": ["https://twitter.com/cerenetwork"], "message_board": ["https://medium.com/@cere_network", "https://blog.cere.network"], "chat": ["https://t.me/cerenetwork_official"], "facebook": [], "explorer": ["https://etherscan.io/token/0x2da719db753dfa10a62e140f436e1d67f2ddb0d6"], "reddit": ["https://reddit.com/r/cerenetwork"], "technical_doc": ["https://cere-network.gitbook.io/cere-network/"], "source_code": ["https://github.com/Cerebellum-Network (parts will be opened up soon!)"], "announcement": []}, "platform": {"id": "1027", "name": "Ethereum", "slug": "ethereum", "symbol": "ETH", "token_address": "0x2da719db753dfa10a62e140f436e1d67f2ddb0d6"}, "date_added": "2021-11-08T13:18:17.000Z", "twitter_username": "cerenetwork", "is_hidden": 0, "date_launched": null, "contract_address": [{"contract_address": "0x2da719db753dfa10a62e140f436e1d67f2ddb0d6", "platform": {"name": "Ethereum", "coin": {"id": "1027", "name": "Ethereum", "symbol": "ETH", "slug": "ethereum"}}}], "self_reported_circulating_supply": 2672732048.71, "self_reported_tags": null, "self_reported_market_cap": 16357950.222034125}]