[{"id": 2941, "name": "CoinEx Token", "symbol": "CET", "category": "coin", "description": "CoinEx Token (CET) is a cryptocurrency . CoinEx Token has a current supply of 3,830,645,898 with 708,633,582.211935 in circulation. The last known price of CoinEx Token is 0.04668215 USD and is down -0.83 over the last 24 hours. It is currently trading on 7 active market(s) with $272,095.55 traded over the last 24 hours. More information can be found at https://www.coinex.org/.", "slug": "coinex-token", "logo": "https://s2.coinmarketcap.com/static/img/coins/64x64/2941.png", "subreddit": "", "notice": "", "tags": ["cosmos-ecosystem", "decentralized-exchange-dex-token", "algorand-ecosystem", "injective-ecosystem"], "tag-names": ["Cosmos Ecosystem", "Decentralized Exchange (DEX) Token", "Algorand Ecosystem", "Injective Ecosystem"], "tag-groups": ["INDUSTRY", "CATEGORY", "CATEGORY", "PLATFORM"], "urls": {"website": ["https://www.coinex.org/", "https://www.coinex.com/"], "twitter": ["https://twitter.com/coinexcom"], "message_board": [], "chat": ["https://t.me/TheCoinEx"], "facebook": [], "explorer": ["https://explorer.coinex.net/", "https://etherscan.io/token/0x081f67afa0ccf8c7b17540767bbe95df2ba8d97f"], "reddit": [], "technical_doc": [], "source_code": [], "announcement": ["https://www.coinex.com/announcement/"]}, "platform": {"id": "1027", "name": "Ethereum", "slug": "ethereum", "symbol": "ETH", "token_address": "0x081f67afa0ccf8c7b17540767bbe95df2ba8d97f"}, "date_added": "2018-07-17T00:00:00.000Z", "twitter_username": "coinexcom", "is_hidden": 0, "date_launched": null, "contract_address": [{"contract_address": "0x081f67afa0ccf8c7b17540767bbe95df2ba8d97f", "platform": {"name": "Ethereum", "coin": {"id": "1027", "name": "Ethereum", "symbol": "ETH", "slug": "ethereum"}}}], "self_reported_circulating_supply": 3821229959.42, "self_reported_tags": null, "self_reported_market_cap": 178148652.1349198}, {"id": 16803, "name": "Crypto Energy Token", "symbol": "CET", "category": "token", "description": "Crypto Energy Token (CET) is a cryptocurrency launched in 2021and operates on the BNB Smart Chain (BEP20) platform. Crypto Energy Token has a current supply of 1,850,000,000 with 0 in circulation. The last known price of Crypto Energy Token is 0.00060574 USD and is up 0.00 over the last 24 hours. More information can be found at https://crypto-energy.de/.", "slug": "crypto-energy-token", "logo": "https://s2.coinmarketcap.com/static/img/coins/64x64/16803.png", "subreddit": "crypto_energy/", "notice": "", "tags": null, "tag-names": null, "tag-groups": null, "urls": {"website": ["https://crypto-energy.de/"], "twitter": ["https://twitter.com/energy_krypto"], "message_board": ["https://bitcointalk.org/index.php?topic=5382567", "https://crypto-energy.medium.com/"], "chat": ["https://t.me/CETCryptoEnergy", "https://t.me/CETCryptoEnergyGER"], "facebook": ["https://www.facebook.com/people/Krypto-Energy/100075799685120/"], "explorer": ["https://bscscan.com/token/0xf519b491aa3c19c51662d0ecf1b77c0a19bd6815"], "reddit": ["https://reddit.com/r/crypto_energy/"], "technical_doc": ["https://krypto-energy.de/wp-content/uploads/2022/01/Whitepaper-neu.pdf"], "source_code": ["https://github.com/Crypto-Energy-Token/CryptoEnergyToken"], "announcement": []}, "platform": {"id": "1839", "name": "BNB", "slug": "bnb", "symbol": "BNB", "token_address": "0xf519b491aa3c19c51662d0ecf1b77c0a19bd6815"}, "date_added": "2022-01-04T01:54:25.000Z", "twitter_username": "energy_krypto", "is_hidden": 0, "date_launched": "2021-12-26T00:00:00.000Z", "contract_address": [{"contract_address": "0xf519b491aa3c19c51662d0ecf1b77c0a19bd6815", "platform": {"name": "BNB Smart Chain (BEP20)", "coin": {"id": "1839", "name": "BNB", "symbol": "BNB", "slug": "bnb"}}}], "self_reported_circulating_supply": 520749094.4910868, "self_reported_tags": ["Energy", "Sports", "Bulletproofs", "Gaming", "Music", "BNB Smart Chain"], "self_reported_market_cap": 315437.5950983929}]