[{"id": 9467, "name": "Celo Euro", "symbol": "CEUR", "category": "token", "description": "Celo Euro (CEUR) is a cryptocurrency launched in 2021and operates on the Celo platform. Celo Euro has a current supply of 24,480,513.78485142. The last known price of Celo Euro is 1.06996123 USD and is up 1.35 over the last 24 hours. It is currently trading on 13 active market(s) with $19,158.55 traded over the last 24 hours. More information can be found at https://celo.org/#ceur.", "slug": "celo-euro", "logo": "https://s2.coinmarketcap.com/static/img/coins/64x64/9467.png", "subreddit": "ceur_is_now_officially_live_on_mainnet", "notice": "", "tags": ["stablecoin", "algorithmic-stablecoin", "eur-stablecoin"], "tag-names": ["Stablecoin", "Algorithmic Stablecoin", "EUR Stablecoin"], "tag-groups": ["CATEGORY", "CATEGORY", "CATEGORY"], "urls": {"website": ["https://celo.org/#ceur"], "twitter": ["https://twitter.com/CeloOrg"], "message_board": ["https://github.com/celo-org/celo-proposals/blob/master/CGPs/0024.md", "https://medium.com/celoorg/deutsche-telekom-joins-celo-ecosystem-as-the-first-mobile-carrier-amid-launch-of-ceur-stablecoin-2b79aae38540"], "chat": ["https://discord.gg/6yWMkgM"], "facebook": [], "explorer": ["https://explorer.celo.org/", "https://thecelo.com/", "https://stats.celo.org/"], "reddit": ["https://reddit.com/r/ceur_is_now_officially_live_on_mainnet"], "technical_doc": ["https://docs.celo.org/celo-codebase/protocol/stability"], "source_code": ["https://github.com/celo-org/celo-monorepo"], "announcement": ["https://forum.celo.org/t/ceur-celo-euro-goes-live/876"]}, "platform": {"id": "5567", "name": "Celo", "slug": "celo", "symbol": "CELO", "token_address": "0xd8763cba276a3738e6de85b4b3bf5fded6d6ca73"}, "date_added": "2021-04-28T00:00:00.000Z", "twitter_username": "CeloOrg", "is_hidden": 0, "date_launched": "2021-04-21T00:00:00.000Z", "contract_address": [{"contract_address": "0xd8763cba276a3738e6de85b4b3bf5fded6d6ca73", "platform": {"name": "Celo", "coin": {"id": "5567", "name": "Celo", "symbol": "CELO", "slug": "celo"}}}], "self_reported_circulating_supply": 40029839.69, "self_reported_tags": ["Stablecoin"], "self_reported_market_cap": 42833040.88811295}]