[{"id": 6748, "name": "Centrifuge", "symbol": "CFG", "category": "coin", "description": "Centrifuge (CFG) is a cryptocurrency . Centrifuge has a current supply of 430,011,123 with 360,263,043 in circulation. The last known price of Centrifuge is 0.15751058 USD and is down -1.60 over the last 24 hours. It is currently trading on 14 active market(s) with $260,691.77 traded over the last 24 hours. More information can be found at https://centrifuge.io/.", "slug": "centrifuge", "logo": "https://s2.coinmarketcap.com/static/img/coins/64x64/6748.png", "subreddit": "", "notice": "Bitz is trading IOU version of this token and not the official CFG asset. Please check official announcement here: https://twitter.com/centrifuge/status/1403370544712593408?s=20", "tags": ["ethereum-ecosystem", "substrate", "polkadot", "polkadot-ecosystem"], "tag-names": ["Ethereum Ecosystem", "Substrate", "Polkadot", "Polkadot Ecosystem"], "tag-groups": ["PLATFORM", "CATEGORY", "PLATFORM", "PLATFORM"], "urls": {"website": ["https://centrifuge.io/"], "twitter": ["https://twitter.com/centrifuge"], "message_board": ["https://medium.com/centrifuge", "https://t.me/centrifuge"], "chat": ["https://t.me/centrifuge_chat", "https://discord.com/invite/yEzyUq5gxF"], "facebook": [], "explorer": [], "reddit": [], "technical_doc": ["https://centrifuge.io/cfg_token_summary.pdf"], "source_code": ["https://github.com/centrifuge/"], "announcement": ["https://gov.centrifuge.io/"]}, "platform": null, "date_added": "2020-08-28T00:00:00.000Z", "twitter_username": "centrifuge", "is_hidden": 0, "date_launched": null, "contract_address": [], "self_reported_circulating_supply": 60000000, "self_reported_tags": null, "self_reported_market_cap": 9465551.048014238}]