[{"id": 7699, "name": "CyberFi Token", "symbol": "CFi", "category": "token", "description": "CyberFi Token (CFi) is a cryptocurrency and operates on the Ethereum platform. CyberFi Token has a current supply of 2,400,000. The last known price of CyberFi Token is 0.17946893 USD and is down -1.96 over the last 24 hours. It is currently trading on 23 active market(s) with $13,857.20 traded over the last 24 hours. More information can be found at https://cyberfi.tech/.", "slug": "cyberfi", "logo": "https://s2.coinmarketcap.com/static/img/coins/64x64/7699.png", "subreddit": "", "notice": "", "tags": ["defi", "launchpad", "polygon-ecosystem"], "tag-names": ["DeFi", "Launchpad", "Polygon Ecosystem"], "tag-groups": ["CATEGORY", "CATEGORY", "PLATFORM"], "urls": {"website": ["https://cyberfi.tech/", "https://samurai.cyberfi.tech/"], "twitter": ["https://twitter.com/cyberfi_tech"], "message_board": [], "chat": ["https://t.me/cyberfi_tech"], "facebook": [], "explorer": ["https://etherscan.io/token/0x63b4f3e3fa4e438698ce330e365e831f7ccd1ef4", "https://ethplorer.io/address/0x63b4f3e3fa4e438698ce330e365e831f7ccd1ef4"], "reddit": [], "technical_doc": [], "source_code": [], "announcement": []}, "platform": {"id": "1027", "name": "Ethereum", "slug": "ethereum", "symbol": "ETH", "token_address": "0x63b4f3e3fa4e438698ce330e365e831f7ccd1ef4"}, "date_added": "2020-11-17T00:00:00.000Z", "twitter_username": "cyberfi_tech", "is_hidden": 0, "date_launched": null, "contract_address": [{"contract_address": "0x63b4f3e3fa4e438698ce330e365e831f7ccd1ef4", "platform": {"name": "Ethereum", "coin": {"id": "1027", "name": "Ethereum", "symbol": "ETH", "slug": "ethereum"}}}, {"contract_address": "0xecf8f2fa183b1c4d2a269bf98a54fce86c812d3e", "platform": {"name": "Polygon", "coin": {"id": "3890", "name": "Polygon", "symbol": "MATIC", "slug": "polygon"}}}, {"contract_address": "0x6a545f9c64d8f7b957d8d2e6410b52095a9e6c29", "platform": {"name": "BNB Smart Chain (BEP20)", "coin": {"id": "1839", "name": "BNB", "symbol": "BNB", "slug": "bnb"}}}], "self_reported_circulating_supply": NaN, "self_reported_tags": null, "self_reported_market_cap": NaN}, {"id": 22581, "name": "Cryptofi", "symbol": "CFI", "category": "token", "description": "Cryptofi (CFI) is a cryptocurrency launched in 2022and operates on the BNB Smart Chain (BEP20) platform. Cryptofi has a current supply of 1,000,000,000,000 with 0 in circulation. The last known price of Cryptofi is 0.00000316 USD and is down -10.38 over the last 24 hours. It is currently trading on 3 active market(s) with $81,026.30 traded over the last 24 hours. More information can be found at https://www.cryptofi.info/.", "slug": "cryptofi", "logo": "https://s2.coinmarketcap.com/static/img/coins/64x64/22581.png", "subreddit": "", "notice": "", "tags": null, "tag-names": null, "tag-groups": null, "urls": {"website": ["https://www.cryptofi.info/"], "twitter": ["https://twitter.com/Cryptofi_Info"], "message_board": ["https://cryptofi-info.medium.com/"], "chat": ["https://t.me/CryptoFi_info"], "facebook": [], "explorer": ["https://bscscan.com/token/0xAB5a0F7799D057F49f1Eeb8143B0182222e274AA"], "reddit": [], "technical_doc": ["https://www.cryptofi.info/whitepaper"], "source_code": ["https://www.cryptofi.info/audit"], "announcement": []}, "platform": {"id": "1839", "name": "BNB", "slug": "bnb", "symbol": "BNB", "token_address": "0xAB5a0F7799D057F49f1Eeb8143B0182222e274AA"}, "date_added": "2022-11-07T15:50:56.000Z", "twitter_username": "Cryptofi_Info", "is_hidden": 0, "date_launched": "2022-11-06T00:00:00.000Z", "contract_address": [{"contract_address": "0xAB5a0F7799D057F49f1Eeb8143B0182222e274AA", "platform": {"name": "BNB Smart Chain (BEP20)", "coin": {"id": "1839", "name": "BNB", "symbol": "BNB", "slug": "bnb"}}}], "self_reported_circulating_supply": 50000000000.0, "self_reported_tags": null, "self_reported_market_cap": 157834.10413539445}, {"id": 1729, "name": "Cofound.it", "symbol": "CFI", "category": "token", "description": "Cofound.it (CFI) is a cryptocurrency and operates on the Ethereum platform. Cofound.it has a current supply of 500,000,000 with 325,000,000 in circulation. The last known price of Cofound.it is 0.0160444 USD and is up 0.00 over the last 24 hours. More information can be found at https://cofound.it/.", "slug": "cofound-it", "logo": "https://s2.coinmarketcap.com/static/img/coins/64x64/1729.png", "subreddit": "cofoundit", "notice": "", "tags": null, "tag-names": null, "tag-groups": null, "urls": {"website": ["https://cofound.it/"], "twitter": ["https://twitter.com/cofound_it"], "message_board": [], "chat": [], "facebook": [], "explorer": ["https://etherscan.io/token/0x12fef5e57bf45873cd9b62e9dbd7bfb99e32d73e"], "reddit": ["https://reddit.com/r/cofoundit"], "technical_doc": [], "source_code": [], "announcement": ["https://bitcointalk.org/index.php?topic=1849911.0"]}, "platform": {"id": "1027", "name": "Ethereum", "slug": "ethereum", "symbol": "ETH", "token_address": "0x12fef5e57bf45873cd9b62e9dbd7bfb99e32d73e"}, "date_added": "2017-06-19T00:00:00.000Z", "twitter_username": "cofound_it", "is_hidden": 0, "date_launched": null, "contract_address": [{"contract_address": "0x12fef5e57bf45873cd9b62e9dbd7bfb99e32d73e", "platform": {"name": "Ethereum", "coin": {"id": "1027", "name": "Ethereum", "symbol": "ETH", "slug": "ethereum"}}}], "self_reported_circulating_supply": NaN, "self_reported_tags": null, "self_reported_market_cap": NaN}]