[{"id": 7334, "name": "Conflux", "symbol": "CFX", "category": "coin", "description": "Conflux (CFX) is a cryptocurrency launched in 2020. Users are able to generate CFX through the process of mining. Conflux has a current supply of 5,278,164,274 with 2,090,735,404.0113816 in circulation. The last known price of Conflux is 0.02204673 USD and is down -4.94 over the last 24 hours. It is currently trading on 55 active market(s) with $2,228,674.32 traded over the last 24 hours. More information can be found at https://confluxnetwork.org/.", "slug": "conflux-network", "logo": "https://s2.coinmarketcap.com/static/img/coins/64x64/7334.png", "subreddit": "Conflux_Network", "notice": "", "tags": ["mineable", "pow", "platform", "collectibles-nfts", "defi", "payments", "research", "smart-contracts", "staking", "hybrid-pow-dpos", "huobi-capital-portfolio", "web3", "injective-ecosystem", "bnb-chain"], "tag-names": ["Mineable", "PoW", "Platform", "Collectibles & NFTs", "DeFi", "Payments", "Research", "Smart Contracts", "Staking", "Hybrid - PoW & DPoS", "Huobi Capital Portfolio", "Web3", "Injective Ecosystem", "BNB Chain"], "tag-groups": ["OTHERS", "ALGORITHM", "CATEGORY", "CATEGORY", "CATEGORY", "INDUSTRY", "INDUSTRY", "CATEGORY", "CATEGORY", "ALGORITHM", "CATEGORY", "INDUSTRY", "PLATFORM", "PLATFORM"], "urls": {"website": ["https://confluxnetwork.org/"], "twitter": ["https://twitter.com/Conflux_Network"], "message_board": ["https://confluxnetwork.medium.com", "https://forum.conflux.fun"], "chat": ["https://discord.com/invite/aCZkf2C", "https://t.me/Conflux_English"], "facebook": [], "explorer": ["https://www.confluxscan.io/", "https://evm.confluxscan.io/"], "reddit": ["https://reddit.com/r/Conflux_Network"], "technical_doc": ["https://confluxnetwork.org/en/files/Conflux_Economic_Paper_20201230.pdf"], "source_code": ["https://github.com/Conflux-Chain"], "announcement": ["https://t.me/confluxofficialannouncements"]}, "platform": {"id": "7334", "name": "Conflux", "slug": "conflux-network", "symbol": "CFX", "token_address": "0x14b2d3bc65e74dae1030eafd8ac30c533c976a9b"}, "date_added": "2020-11-11T00:00:00.000Z", "twitter_username": "Conflux_Network", "is_hidden": 0, "date_launched": "2020-10-25T00:00:00.000Z", "contract_address": [{"contract_address": "0x14b2d3bc65e74dae1030eafd8ac30c533c976a9b", "platform": {"name": "Conflux", "coin": {"id": "7334", "name": "Conflux", "symbol": "CFX", "slug": "conflux-network"}}}], "self_reported_circulating_supply": null, "self_reported_tags": ["Hybrid - PoW & PoS", "Platform"], "self_reported_market_cap": null}, {"id": 5854, "name": "CRYPTOFOREX", "symbol": "CFX", "category": "token", "description": "CRYPTOFOREX (CFX) is a cryptocurrency launched in 2020and operates on the Ethereum platform. CRYPTOFOREX has a current supply of 100,000,000 with 0 in circulation. The last known price of CRYPTOFOREX is 0.9840808 USD and is down -0.06 over the last 24 hours. More information can be found at http://www.cfxmarketsltd.com/home.", "slug": "cryptoforex", "logo": "https://s2.coinmarketcap.com/static/img/coins/64x64/5854.png", "subreddit": "", "notice": "", "tags": null, "tag-names": null, "tag-groups": null, "urls": {"website": ["http://www.cfxmarketsltd.com/home"], "twitter": ["https://twitter.com/CRYPTOFOREXLTD"], "message_board": ["https://medium.com/@cryptoforextoken"], "chat": ["https://t.me/cfxsupport"], "facebook": [], "explorer": ["https://etherscan.io/token/0x226f15cdbaa36814ce3cb287563069c32cc1a293", "https://etherchain.org/account/226f15cdbaa36814ce3cb287563069c32cc1a293#transactions"], "reddit": [], "technical_doc": ["https://docs.google.com/presentation/d/e/2PACX-1vRZ0rtcS-AQamgLbq_grJ8b5wAl3tNwCWq_CX2NGoBMnxI74gL1lYN0e99PcWSZ-ovVHQLu3K91yJxt/pub?start=true&loop=true&delayms=60000"], "source_code": ["https://github.com/cryptoforextoken/CRYPTOFOREX-CONTRACT/blob/master/CRYPTOFOREX.sol"], "announcement": []}, "platform": {"id": "1027", "name": "Ethereum", "slug": "ethereum", "symbol": "ETH", "token_address": "0x226f15cdbaa36814ce3cb287563069c32cc1a293"}, "date_added": "2020-07-14T00:00:00.000Z", "twitter_username": "CRYPTOFOREXLTD", "is_hidden": 0, "date_launched": "2020-06-30T00:00:00.000Z", "contract_address": [{"contract_address": "0x226f15cdbaa36814ce3cb287563069c32cc1a293", "platform": {"name": "Ethereum", "coin": {"id": "1027", "name": "Ethereum", "symbol": "ETH", "slug": "ethereum"}}}], "self_reported_circulating_supply": null, "self_reported_tags": null, "self_reported_market_cap": null}]