[{"id": 8648, "name": "ChainGuardians", "symbol": "CGG", "category": "token", "description": "ChainGuardians (CGG) is a cryptocurrency launched in 2021and operates on the Ethereum platform. ChainGuardians has a current supply of 120,000,000 with 61,478,209 in circulation. The last known price of ChainGuardians is 0.06175667 USD and is down -4.58 over the last 24 hours. It is currently trading on 45 active market(s) with $184,214.31 traded over the last 24 hours. More information can be found at https://chainguardians.io/.", "slug": "chain-guardians", "logo": "https://s2.coinmarketcap.com/static/img/coins/64x64/8648.png", "subreddit": "chainguardians", "notice": "", "tags": ["collectibles-nfts", "gaming", "polkastarter", "polygon-ecosystem", "play-to-earn", "skyvision-capital-portfolio"], "tag-names": ["Collectibles & NFTs", "Gaming", "Polkastarter", "Polygon Ecosystem", "Play To Earn", "SkyVision Capital Portfolio"], "tag-groups": ["CATEGORY", "INDUSTRY", "CATEGORY", "PLATFORM", "CATEGORY", "CATEGORY"], "urls": {"website": ["https://chainguardians.io/"], "twitter": ["https://twitter.com/chain_guardians"], "message_board": [], "chat": [], "facebook": ["https://www.facebook.com/ChainGuardians"], "explorer": ["https://etherscan.io/address/0x1fe24f25b1cf609b9c4e7e12d802e3640dfa5e43", "https://ethplorer.io/address/0x1fe24f25b1cf609b9c4e7e12d802e3640dfa5e43"], "reddit": ["https://reddit.com/r/chainguardians"], "technical_doc": [], "source_code": [], "announcement": []}, "platform": {"id": "1027", "name": "Ethereum", "slug": "ethereum", "symbol": "ETH", "token_address": "0x1fe24f25b1cf609b9c4e7e12d802e3640dfa5e43"}, "date_added": "2021-03-02T00:00:00.000Z", "twitter_username": "chain_guardians", "is_hidden": 0, "date_launched": "2021-03-10T00:00:00.000Z", "contract_address": [{"contract_address": "0x1fe24f25b1cf609b9c4e7e12d802e3640dfa5e43", "platform": {"name": "Ethereum", "coin": {"id": "1027", "name": "Ethereum", "symbol": "ETH", "slug": "ethereum"}}}, {"contract_address": "0x1613957159e9b0ac6c80e824f7eea748a32a0ae2", "platform": {"name": "BNB Smart Chain (BEP20)", "coin": {"id": "1839", "name": "BNB", "symbol": "BNB", "slug": "bnb"}}}, {"contract_address": "0x2ab4f9ac80f33071211729e45cfc346c1f8446d5", "platform": {"name": "Polygon", "coin": {"id": "3890", "name": "Polygon", "symbol": "MATIC", "slug": "polygon"}}}], "self_reported_circulating_supply": 60155995, "self_reported_tags": ["Collectibles & NFTs", "DeFi", "Staking", "Launchpad", "Metaverse", "Play To Earn", "Cross-Chain"], "self_reported_market_cap": 3714809.905570241}]