[{"id": 20245, "name": "Comtech Gold", "symbol": "CGO", "category": "token", "description": "Comtech Gold (CGO) is a cryptocurrency launched in 2022and operates on the Xinfin Network platform. Comtech Gold has a current supply of 121,000 with 0 in circulation. The last known price of Comtech Gold is 58.39976263 USD and is up 0.10 over the last 24 hours. It is currently trading on 3 active market(s) with $985,552.44 traded over the last 24 hours. More information can be found at https://www.comtechgold.com/.", "slug": "comtech-gold", "logo": "https://s2.coinmarketcap.com/static/img/coins/64x64/20245.png", "subreddit": "ComTechGold", "notice": "", "tags": ["xdc-ecosystem"], "tag-names": ["XDC Ecosystem"], "tag-groups": ["CATEGORY"], "urls": {"website": ["https://www.comtechgold.com/"], "twitter": ["https://twitter.com/ComTechOfficial"], "message_board": ["https://medium.com/@comtech"], "chat": ["https://discord.gg/T6wNqjXpt2"], "facebook": [], "explorer": ["https://explorer.xinfin.network/address/xdc8f9920283470f52128bf11b0c14e798be704fd15", "https://xdc.blocksscan.io/tokens/xdc8f9920283470f52128bf11b0c14e798be704fd15"], "reddit": ["https://reddit.com/r/ComTechGold"], "technical_doc": ["https://www.comtechgold.com/assets/whitepaper/cgo_whitepaper_v1.pdf"], "source_code": ["https://github.com/ComTechGold"], "announcement": ["https://t.me/ComTechGold"]}, "platform": {"id": "2634", "name": "XDC Network", "slug": "xinfin", "symbol": "XDC", "token_address": "xdc8f9920283470F52128bF11B0c14E798bE704fD15"}, "date_added": "2022-05-23T15:26:29.000Z", "twitter_username": "ComTechOfficial", "is_hidden": 0, "date_launched": "2022-05-22T00:00:00.000Z", "contract_address": [{"contract_address": "xdc8f9920283470F52128bF11B0c14E798bE704fD15", "platform": {"name": "Xinfin Network", "coin": {"id": "2634", "name": "XDC Network", "symbol": "XDC", "slug": "xinfin"}}}], "self_reported_circulating_supply": 122000, "self_reported_tags": null, "self_reported_market_cap": 7137331.31969248}]