[{"id": 11804, "name": "Crypto Gladiator Shards", "symbol": "CGS", "category": "token", "description": "Crypto Gladiator Shards (CGS) is a cryptocurrency and operates on the OKExChain platform. Crypto Gladiator Shards has a current supply of 3,100,000,000 with 0 in circulation. The last known price of Crypto Gladiator Shards is 0.00869734 USD and is down -0.51 over the last 24 hours. It is currently trading on 7 active market(s) with $95,139.11 traded over the last 24 hours. More information can be found at http://www.cryptogladiator.biz/.", "slug": "crypto-gladiator-shards", "logo": "https://s2.coinmarketcap.com/static/img/coins/64x64/11804.png", "subreddit": "", "notice": "", "tags": ["play-to-earn"], "tag-names": ["Play To Earn"], "tag-groups": ["CATEGORY"], "urls": {"website": ["http://www.cryptogladiator.biz/"], "twitter": [], "message_board": [], "chat": ["https://t.me/CryptoGladiatorGame"], "facebook": [], "explorer": [], "reddit": [], "technical_doc": ["https://cgokchain.s3.us-west-2.amazonaws.com/web/book.pdf"], "source_code": [], "announcement": []}, "platform": {"id": "8267", "name": "OKC Token", "slug": "okt", "symbol": "OKT", "token_address": "0x81fde2721f556e402296b2a57e1871637c27d5e8"}, "date_added": "2021-09-10T18:17:17.000Z", "twitter_username": "", "is_hidden": 0, "date_launched": null, "contract_address": [{"contract_address": "0x81fde2721f556e402296b2a57e1871637c27d5e8", "platform": {"name": "OKExChain", "coin": {"id": "8267", "name": "OKC Token", "symbol": "OKT", "slug": "okt"}}}], "self_reported_circulating_supply": 105431000, "self_reported_tags": null, "self_reported_market_cap": 916939.4363977545}, {"id": 13106, "name": "Cougar", "symbol": "CGS", "category": "token", "description": "Cougar (CGS) is a cryptocurrency launched in 2022and operates on the BNB Smart Chain (BEP20) platform. Cougar has a current supply of 160,121,737 with 0 in circulation. The last known price of Cougar is 0.00033959 USD and is down -3.15 over the last 24 hours. It is currently trading on 31 active market(s) with $199.22 traded over the last 24 hours. More information can be found at https://cronosapp.cougarswap.io/.", "slug": "cougar", "logo": "https://s2.coinmarketcap.com/static/img/coins/64x64/13106.png", "subreddit": "", "notice": "", "tags": ["harmony-ecosystem"], "tag-names": ["Harmony Ecosystem"], "tag-groups": ["CATEGORY"], "urls": {"website": ["https://cronosapp.cougarswap.io/", "https://cougarswap.io/"], "twitter": ["https://twitter.com/cougarswap"], "message_board": [], "chat": ["https://t.me/CougarSwap_Multichain_Official", "https://t.me/CougarSwap_Official"], "facebook": [], "explorer": ["https://cronoscan.com/token/0x4e57e27e4166275Eb7f4966b42A201d76e481B03", "https://moonscan.io/token/0x2Dfc76901bB2ac2A5fA5fc479590A490BBB10a5F", "https://bscscan.com/token/0x26d88B1E61E22Da3f1A1BA95A1bA278f6FCef00b", "https://ftmscan.com/token/0x5a2e451Fb1b46FDE7718315661013ae1aE68e28C", "https://ftmscan.com/token/0x5a2e451Fb1b46FDE7718315661013ae1aE68e28C"], "reddit": [], "technical_doc": ["https://cougarswap.gitbook.io/cronoscougarswap/"], "source_code": ["https://github.com/cougarswap"], "announcement": []}, "platform": {"id": "1839", "name": "BNB", "slug": "bnb", "symbol": "BNB", "token_address": "0x26d88B1E61E22Da3f1A1BA95A1bA278f6FCef00b"}, "date_added": "2021-10-24T22:53:49.000Z", "twitter_username": "cougarswap", "is_hidden": 0, "date_launched": "2022-01-22T00:00:00.000Z", "contract_address": [{"contract_address": "0x26d88B1E61E22Da3f1A1BA95A1bA278f6FCef00b", "platform": {"name": "BNB Smart Chain (BEP20)", "coin": {"id": "1839", "name": "BNB", "symbol": "BNB", "slug": "bnb"}}}, {"contract_address": "0x5a2e451Fb1b46FDE7718315661013ae1aE68e28C", "platform": {"name": "Fantom", "coin": {"id": "3513", "name": "Fantom", "symbol": "FTM", "slug": "fantom"}}}, {"contract_address": "0x2Dfc76901bB2ac2A5fA5fc479590A490BBB10a5F", "platform": {"name": "Moonbeam", "coin": {"id": "6836", "name": "Moonbeam", "symbol": "GLMR", "slug": "moonbeam"}}}, {"contract_address": "0x4e57e27e4166275Eb7f4966b42A201d76e481B03", "platform": {"name": "Cronos", "coin": {"id": "3635", "name": "Cronos", "symbol": "CRO", "slug": "cronos"}}}], "self_reported_circulating_supply": 119708346, "self_reported_tags": ["Decentralized Exchange (DEX) Token", "DeFi", "Yield Farming", "Launchpad", "DeFi 2.0"], "self_reported_market_cap": 40685.31670592118}]