[{"id": 6744, "name": "Chain Games", "symbol": "CHAIN", "category": "token", "description": "Chain Games (CHAIN) is a cryptocurrency and operates on the Ethereum platform. Chain Games has a current supply of 0. The last known price of Chain Games is 0.0177328 USD and is up 0.78 over the last 24 hours. It is currently trading on 20 active market(s) with $60,887.37 traded over the last 24 hours. More information can be found at https://chaingames.io/.", "slug": "chain-games", "logo": "https://s2.coinmarketcap.com/static/img/coins/64x64/6744.png", "subreddit": "", "notice": "", "tags": ["gaming", "trustswap-launchpad", "polygon-ecosystem", "play-to-earn", "bnb-chain"], "tag-names": ["Gaming", "Trustswap Launchpad", "Polygon Ecosystem", "Play To Earn", "BNB Chain"], "tag-groups": ["INDUSTRY", "CATEGORY", "PLATFORM", "CATEGORY", "PLATFORM"], "urls": {"website": ["https://chaingames.io/"], "twitter": ["https://twitter.com/realchaingames"], "message_board": [], "chat": ["https://t.me/chaingames"], "facebook": [], "explorer": ["https://etherscan.io/token/0xC4C2614E694cF534D407Ee49F8E44D125E4681c4", "https://explorer-mainnet.maticvigil.com/tokens/0xd55fCe7CDaB84d84f2EF3F99816D765a2a94a509/token-transfers", "https://bscscan.com/token/0x35de111558f691f77f791fb0c08b2d6b931a9d47"], "reddit": [], "technical_doc": [], "source_code": [], "announcement": []}, "platform": {"id": "1027", "name": "Ethereum", "slug": "ethereum", "symbol": "ETH", "token_address": "0xC4C2614E694cF534D407Ee49F8E44D125E4681c4"}, "date_added": "2020-08-28T00:00:00.000Z", "twitter_username": "realchaingames", "is_hidden": 0, "date_launched": null, "contract_address": [{"contract_address": "0xC4C2614E694cF534D407Ee49F8E44D125E4681c4", "platform": {"name": "Ethereum", "coin": {"id": "1027", "name": "Ethereum", "symbol": "ETH", "slug": "ethereum"}}}, {"contract_address": "0xd55fCe7CDaB84d84f2EF3F99816D765a2a94a509", "platform": {"name": "Polygon", "coin": {"id": "3890", "name": "Polygon", "symbol": "MATIC", "slug": "polygon"}}}, {"contract_address": "0x35de111558f691f77f791fb0c08b2d6b931a9d47", "platform": {"name": "BNB Smart Chain (BEP20)", "coin": {"id": "1839", "name": "BNB", "symbol": "BNB", "slug": "bnb"}}}], "self_reported_circulating_supply": NaN, "self_reported_tags": null, "self_reported_market_cap": NaN}, {"id": 21728, "name": "ChainSwaps", "symbol": "CHAIN", "category": "token", "description": "ChainSwaps (CHAIN) is a cryptocurrency launched in 2022and operates on the BNB Smart Chain (BEP20) platform. ChainSwaps has a current supply of 450,000,000 with 0 in circulation. The last known price of ChainSwaps is 0.00000704 USD and is down -17.33 over the last 24 hours. It is currently trading on 2 active market(s) with $11.53 traded over the last 24 hours. More information can be found at https://chainswaps.io/.", "slug": "chainswaps", "logo": "https://s2.coinmarketcap.com/static/img/coins/64x64/21728.png", "subreddit": "", "notice": "", "tags": null, "tag-names": null, "tag-groups": null, "urls": {"website": ["https://chainswaps.io/"], "twitter": ["https://twitter.com/Chain_Swaps"], "message_board": ["https://medium.com/@ChainSwaps"], "chat": ["https://t.me/chainswapsIO", "https://discord.com/invite/yWxxwEAwD5"], "facebook": [], "explorer": ["https://bscscan.com/token/0x6dda867f8f0019fe108e3b4c7187c1d0a2d57897"], "reddit": [], "technical_doc": ["https://chainswaps.io/wp-content/uploads/2022/09/ChainSwapsLitepaperV1.pdf"], "source_code": [], "announcement": []}, "platform": {"id": "1839", "name": "BNB", "slug": "bnb", "symbol": "BNB", "token_address": "0x6DdA867f8f0019Fe108e3b4c7187C1D0a2d57897 (Binance Smart Chain)"}, "date_added": "2022-09-06T14:38:51.000Z", "twitter_username": "Chain_Swaps", "is_hidden": 0, "date_launched": "2022-05-01T00:00:00.000Z", "contract_address": [{"contract_address": "0x6DdA867f8f0019Fe108e3b4c7187C1D0a2d57897 (Binance Smart Chain)", "platform": {"name": "BNB Smart Chain (BEP20)", "coin": {"id": "1839", "name": "BNB", "symbol": "BNB", "slug": "bnb"}}}], "self_reported_circulating_supply": 50000000.0, "self_reported_tags": null, "self_reported_market_cap": 351.25220459601434}, {"id": 9950, "name": "Zentachain", "symbol": "CHAIN", "category": "token", "description": "## What is Zentachain (CHAIN)?\n\nZentachain is a privacy-focused IoT blockchain networking project that is focused on offline communication and data storage. Innovative and useful solutions are provided for issues of security and data ownership. An open-source project that aims to connect decentralized networks, cloud services, dynamic routing, and mesh networking.\n\nWith its native cryptocurrency CHAIN, Zentachain rewards those who participate in the Zentamesh network to stabilize the data transmission between nodes and encourages companies and individuals to support more range for offline communication. Businesses and individuals can stay secure without having to worry about centralized networks. Zentachain offers solutions in IoT, Privacy, Data, and decentralized telecommunications.\n\n**The CHAIN token is used for:**\n\n* Zentanode by supporting the network (Tel-Mining)\n\n* staking CHAIN tokens.\n\n* Governance voting to affect upcoming rewards distribution.\n\n### The Founder?\n\nIt is developed and designed by  Harun Kacemer, who has extensive experience in programming languages such as Rust, Typescript, Javascript, and C++. In addition to having a deep background in cryptography, Harun Kacemer has extensive expertise in encryption mechanisms and cybersecurity. According to him, IoT-to-IoT communication, also known as offline machine-to-machine communication, should be facilitated in a decentralized and completely secure manner. In June 2018, he founded the company Zentachain. Currently, Zentachain has a staff of 8 workers.\n\n### Where to buy CHAIN?\n\nCurrently, Zentachain, also known as CHAIN, is not available and is in the process of being developed. Visit Trade-Hub to get more information.\n\n### Related Pages:\n\n#### Zentachain\nLearn more about Zentachain [here](https://docs.zentachain.io/).\n\n#### Zentanode\nMore about Zentanode [here](https://docs.zentachain.io/zentanode/introduction-1).\n\nMore about Zentanode Explorer [here](https://explorer.zentanode.com).\n\nOnlinestore for Zentanode [here](https://zentanode.com).\n\n#### Trade-Hub\n\nLearn more about Trade-Hub [here](https://trade.zentachain.io).", "slug": "zentachain", "logo": "https://s2.coinmarketcap.com/static/img/coins/64x64/9950.png", "subreddit": "ZentaChain", "notice": "", "tags": null, "tag-names": null, "tag-groups": null, "urls": {"website": ["https://zentachain.io"], "twitter": ["https://twitter.com/zentachain"], "message_board": ["https://zentachain.medium.com/"], "chat": ["https://t.me/ZentachainOfficialChat"], "facebook": [], "explorer": ["https://etherscan.io/address/0x11C49E5cA7222f89909A6Ec42D81Eb6b2Af5ff40", "https://polkadot.js.org/apps/#/explorer", "Polkadot Explorer: \"https://polkadot.js.org/apps/#/explorer\""], "reddit": ["https://reddit.com/r/ZentaChain"], "technical_doc": ["https://zentachain.io/whitepaper/ZentachainWhitepaperEnglish.pdf"], "source_code": ["https://github.com/ZentaChain"], "announcement": ["https://zentachain.blog/"]}, "platform": null, "date_added": "2021-05-19T00:00:00.000Z", "twitter_username": "zentachain", "is_hidden": 0, "date_launched": "2021-05-16T00:00:00.000Z", "contract_address": [], "self_reported_circulating_supply": NaN, "self_reported_tags": null, "self_reported_market_cap": NaN}]