[{"id": 21278, "name": "FIFA Champs", "symbol": "CHAMPS", "category": "token", "description": "FIFA Champs (CHAMPS) is a cryptocurrency launched in 2022and operates on the BNB Smart Chain (BEP20) platform. FIFA Champs has a current supply of 1,000,000,000 with 0 in circulation. The last known price of FIFA Champs is 0.00006566 USD and is down -1.52 over the last 24 hours. It is currently trading on 2 active market(s) with $92.17 traded over the last 24 hours. More information can be found at https://www.fifachamps.com.", "slug": "fifa-champs", "logo": "https://s2.coinmarketcap.com/static/img/coins/64x64/21278.png", "subreddit": "", "notice": "", "tags": ["sports", "soccer"], "tag-names": ["Sports", "Soccer"], "tag-groups": ["INDUSTRY", "CATEGORY"], "urls": {"website": ["https://www.fifachamps.com", "https://stake.fifachamps.com"], "twitter": ["https://twitter.com/FIFAChampsBSC"], "message_board": [], "chat": ["https://t.me/FIFAChampsGlobal"], "facebook": [], "explorer": ["https://bscscan.com/address/0xd99564Ca3Bb8F128454E4D0762658f03e80701bb"], "reddit": [], "technical_doc": ["https://www.fifachamps.com/FIFAChamps-Whitepaper.pdf"], "source_code": ["https://github.com/fifachamps"], "announcement": ["https://t.me/FIFAChampsAnn"]}, "platform": {"id": "1839", "name": "BNB", "slug": "bnb", "symbol": "BNB", "token_address": "0xd99564Ca3Bb8F128454E4D0762658f03e80701bb"}, "date_added": "2022-08-05T21:31:28.000Z", "twitter_username": "FIFAChampsBSC", "is_hidden": 0, "date_launched": "2022-08-05T00:00:00.000Z", "contract_address": [{"contract_address": "0xd99564Ca3Bb8F128454E4D0762658f03e80701bb", "platform": {"name": "BNB Smart Chain (BEP20)", "coin": {"id": "1839", "name": "BNB", "symbol": "BNB", "slug": "bnb"}}}], "self_reported_circulating_supply": 290000000, "self_reported_tags": null, "self_reported_market_cap": 19042.60595217815}]