[{"id": 22543, "name": "Ultimate Champions", "symbol": "CHAMP", "category": "token", "description": "Ultimate Champions (CHAMP) is a cryptocurrency launched in 2022and operates on the Polygon platform. Ultimate Champions has a current supply of 1,000,000,000 with 0 in circulation. The last known price of Ultimate Champions is 0.06919126 USD and is down -0.30 over the last 24 hours. It is currently trading on 9 active market(s) with $228,097.52 traded over the last 24 hours. More information can be found at https://ultimate-champions.com/.", "slug": "ultimate-champions", "logo": "https://s2.coinmarketcap.com/static/img/coins/64x64/22543.png", "subreddit": "", "notice": "", "tags": null, "tag-names": null, "tag-groups": null, "urls": {"website": ["https://ultimate-champions.com/", "https://play.ultimate-champions.com/"], "twitter": ["https://twitter.com/UltiChamps"], "message_board": ["https://ultimatechampions.medium.com/"], "chat": ["https://discord.gg/wEXrZAXJ", "https://t.me/ultimatechampions"], "facebook": [], "explorer": ["https://polygonscan.com/token/0xed755dba6ec1eb520076cec051a582a6d81a8253"], "reddit": [], "technical_doc": ["https://whitepaper.ultimate-champions.com/"], "source_code": [], "announcement": []}, "platform": {"id": "3890", "name": "Polygon", "slug": "polygon", "symbol": "MATIC", "token_address": "0xed755dba6ec1eb520076cec051a582a6d81a8253"}, "date_added": "2022-11-04T15:32:36.000Z", "twitter_username": "UltiChamps", "is_hidden": 0, "date_launched": "2022-04-19T00:00:00.000Z", "contract_address": [{"contract_address": "0xed755dba6ec1eb520076cec051a582a6d81a8253", "platform": {"name": "Polygon", "coin": {"id": "3890", "name": "Polygon", "symbol": "MATIC", "slug": "polygon"}}}, {"contract_address": "0x456125cd98107ae0480ba566f1b716d48ba31453", "platform": {"name": "Ethereum", "coin": {"id": "1027", "name": "Ethereum", "symbol": "ETH", "slug": "ethereum"}}}], "self_reported_circulating_supply": 151520405, "self_reported_tags": null, "self_reported_market_cap": 10483707.663301976}, {"id": 13425, "name": "NFT Champions", "symbol": "CHAMP", "category": "token", "description": "NFT Champions (CHAMP) is a cryptocurrency launched in 2021and operates on the Polygon platform. NFT Champions has a current supply of 0. The last known price of NFT Champions is 0.01198939 USD and is down -7.90 over the last 24 hours. It is currently trading on 14 active market(s) with $93,362.42 traded over the last 24 hours. More information can be found at https://nftchampions.cc/.", "slug": "nft-champions", "logo": "https://s2.coinmarketcap.com/static/img/coins/64x64/13425.png", "subreddit": "", "notice": "", "tags": ["trustswap-launchpad"], "tag-names": ["Trustswap Launchpad"], "tag-groups": ["CATEGORY"], "urls": {"website": ["https://nftchampions.cc/"], "twitter": ["https://twitter.com/NFTChampions"], "message_board": [], "chat": ["https://t.me/NFTChampions"], "facebook": [], "explorer": ["https://polygonscan.com/address/0x8f9E8e833A69Aa467E42c46cCA640da84DD4585f"], "reddit": [], "technical_doc": ["https://secureservercdn.net/198.71.189.232/r54.25e.myftpupload.com/wp-content/uploads/2021/10/NFT-Champions-Whitepaper-V7.pdf"], "source_code": [], "announcement": []}, "platform": {"id": "3890", "name": "Polygon", "slug": "polygon", "symbol": "MATIC", "token_address": "0x8f9E8e833A69Aa467E42c46cCA640da84DD4585f"}, "date_added": "2021-10-27T22:06:28.000Z", "twitter_username": "NFTChampions", "is_hidden": 0, "date_launched": "2021-10-26T00:00:00.000Z", "contract_address": [{"contract_address": "0x8f9E8e833A69Aa467E42c46cCA640da84DD4585f", "platform": {"name": "Polygon", "coin": {"id": "3890", "name": "Polygon", "symbol": "MATIC", "slug": "polygon"}}}], "self_reported_circulating_supply": 150199082, "self_reported_tags": ["Collectibles & NFTs", "Metaverse", "Trustswap Launchpad", "Play To Earn"], "self_reported_market_cap": 1801290.3408790953}]