[{"id": 19756, "name": "CheckerChain", "symbol": "CHECKR", "category": "token", "description": "CheckerChain (CHECKR) is a cryptocurrency launched in 2022and operates on the Elrond platform. CheckerChain has a current supply of 2,100,000,000 with 0 in circulation. The last known price of CheckerChain is 0.0002976 USD and is down -0.07 over the last 24 hours. It is currently trading on 3 active market(s) with $6,376.06 traded over the last 24 hours. More information can be found at https://app.checkerchain.com.", "slug": "checkerchain", "logo": "https://s2.coinmarketcap.com/static/img/coins/64x64/19756.png", "subreddit": "CheckerChain", "notice": "", "tags": ["elrond-ecosystem"], "tag-names": ["Elrond Ecosystem"], "tag-groups": ["CATEGORY"], "urls": {"website": ["https://app.checkerchain.com", "https://checkerchain.com"], "twitter": ["https://twitter.com/checker_chain"], "message_board": [], "chat": ["https://twitter.com/checker_chain"], "facebook": [], "explorer": ["https://explorer.elrond.com/tokens/CHECKR-60108b"], "reddit": ["https://reddit.com/r/CheckerChain"], "technical_doc": ["https://docs.checkerchain.com/whitepaper/checkerchain-whitepaper"], "source_code": ["https://github.com/checkerchain"], "announcement": []}, "platform": {"id": "6892", "name": "MultiversX (Elrond)", "slug": "elrond-egld", "symbol": "EGLD", "token_address": "CHECKR-60108b"}, "date_added": "2022-04-25T12:30:13.000Z", "twitter_username": "checker_chain", "is_hidden": 0, "date_launched": "2022-01-18T00:00:00.000Z", "contract_address": [{"contract_address": "CHECKR-60108b", "platform": {"name": "Elrond", "coin": {"id": "6892", "name": "MultiversX (Elrond)", "symbol": "EGLD", "slug": "elrond-egld"}}}], "self_reported_circulating_supply": 70000000, "self_reported_tags": null, "self_reported_market_cap": 20832.737035358452}]