[{"id": 10269, "name": "Cheems", "symbol": "CHEEMS", "category": "token", "description": "Cheems (CHEEMS) is a cryptocurrency launched in 2021and operates on the Solana platform. Cheems has a current supply of 2,775,346,214 with 2,550,834,901.3805 in circulation. The last known price of Cheems is 0.00007867 USD and is down -9.51 over the last 24 hours. It is currently trading on 3 active market(s) with $2,065.19 traded over the last 24 hours. More information can be found at https://cheems.co.", "slug": "cheems", "logo": "https://s2.coinmarketcap.com/static/img/coins/64x64/10269.png", "subreddit": "Cheems_Token", "notice": "", "tags": ["collectibles-nfts", "memes", "solana-ecosystem", "doggone-doggerel"], "tag-names": ["Collectibles & NFTs", "Memes", "Solana Ecosystem", "Doggone Doggerel"], "tag-groups": ["CATEGORY", "INDUSTRY", "PLATFORM", "CATEGORY"], "urls": {"website": ["https://cheems.co"], "twitter": ["https://twitter.com/cheemsverse"], "message_board": [], "chat": ["http://discord.gg/zmxvx3JQfr", "http://discord.gg/zmxvx3JQfr"], "facebook": [], "explorer": ["https://explorer.solana.com/address/3FoUAsGDbvTD6YZ4wVKJgTB76onJUKz7GPEBNiR5b8wc"], "reddit": ["https://reddit.com/r/Cheems_Token"], "technical_doc": [], "source_code": [], "announcement": []}, "platform": {"id": "5426", "name": "Solana", "slug": "solana", "symbol": "SOL", "token_address": "3FoUAsGDbvTD6YZ4wVKJgTB76onJUKz7GPEBNiR5b8wc"}, "date_added": "2021-06-03T00:00:00.000Z", "twitter_username": "cheemsverse", "is_hidden": 0, "date_launched": "2021-05-12T00:00:00.000Z", "contract_address": [{"contract_address": "3FoUAsGDbvTD6YZ4wVKJgTB76onJUKz7GPEBNiR5b8wc", "platform": {"name": "Solana", "coin": {"id": "5426", "name": "Solana", "symbol": "SOL", "slug": "solana"}}}], "self_reported_circulating_supply": null, "self_reported_tags": null, "self_reported_market_cap": null}]