[{"id": 15236, "name": "CheersLand", "symbol": "CHEERS", "category": "token", "description": "CheersLand (CHEERS) is a cryptocurrency launched in 2021and operates on the BNB Smart Chain (BEP20) platform. CheersLand has a current supply of 100,000,000 with 0 in circulation. The last known price of CheersLand is 0.0023029 USD and is down -1.13 over the last 24 hours. It is currently trading on 2 active market(s) with $95.94 traded over the last 24 hours. More information can be found at https://cheersland.org/.", "slug": "cheersland", "logo": "https://s2.coinmarketcap.com/static/img/coins/64x64/15236.png", "subreddit": "", "notice": "", "tags": ["vbc-ventures-portfolio"], "tag-names": ["VBC Ventures Portfolio"], "tag-groups": ["CATEGORY"], "urls": {"website": ["https://cheersland.org/", "https://launch.cheersland.org/#/home"], "twitter": ["https://twitter.com/cheers_land"], "message_board": ["https://medium.com/cheersland"], "chat": ["https://t.me/cheersland"], "facebook": [], "explorer": ["https://bscscan.com/token/0xbbbcb350c64fe974e5c42a55c7070644191823f3"], "reddit": [], "technical_doc": ["https://docs.cheersland.org/"], "source_code": ["https://github.com/cheersland"], "announcement": []}, "platform": {"id": "1839", "name": "BNB", "slug": "bnb", "symbol": "BNB", "token_address": "0xbbbcb350c64fe974e5c42a55c7070644191823f3"}, "date_added": "2021-11-26T11:16:50.000Z", "twitter_username": "cheers_land", "is_hidden": 0, "date_launched": "2021-11-28T00:00:00.000Z", "contract_address": [{"contract_address": "0xbbbcb350c64fe974e5c42a55c7070644191823f3", "platform": {"name": "BNB Smart Chain (BEP20)", "coin": {"id": "1839", "name": "BNB", "symbol": "BNB", "slug": "bnb"}}}], "self_reported_circulating_supply": null, "self_reported_tags": null, "self_reported_market_cap": null}]