[{"id": 12256, "name": "cheqd", "symbol": "CHEQ", "category": "token", "description": "cheqd (CHEQ) is a cryptocurrency launched in 2021and operates on the Cosmos platform. cheqd has a current supply of 1,042,163,070 with 0 in circulation. The last known price of cheqd is 0.02790306 USD and is down -5.49 over the last 24 hours. It is currently trading on 5 active market(s) with $82,950.32 traded over the last 24 hours. More information can be found at https://www.cheqd.io/.", "slug": "cheqd", "logo": "https://s2.coinmarketcap.com/static/img/coins/64x64/12256.png", "subreddit": "cheqd/", "notice": "", "tags": ["cosmos-ecosystem", "injective-ecosystem"], "tag-names": ["Cosmos Ecosystem", "Injective Ecosystem"], "tag-groups": ["INDUSTRY", "PLATFORM"], "urls": {"website": ["https://www.cheqd.io/"], "twitter": ["https://twitter.com/cheqd_io"], "message_board": ["https://blog.cheqd.io"], "chat": ["https://t.me/cheqd", "https://discord.gg/uubFcWfq"], "facebook": ["https://www.facebook.com/cheqdio/"], "explorer": ["https://explorer.cheqd.io"], "reddit": ["https://reddit.com/r/cheqd/"], "technical_doc": ["https://docs.cheqd.io/governance/"], "source_code": ["https://github.com/cheqd/cheqd-node"], "announcement": ["https://t.me/cheqd_announcements"]}, "platform": {"id": "3794", "name": "Cosmos", "slug": "cosmos", "symbol": "ATOM", "token_address": "IBC/7A08C6F11EF0F59EB841B9F788A87EC9F2361C7D9703157EC13D940DC53031FA"}, "date_added": "2021-10-02T08:42:01.000Z", "twitter_username": "cheqd_io", "is_hidden": 0, "date_launched": "2021-11-26T00:00:00.000Z", "contract_address": [{"contract_address": "IBC/7A08C6F11EF0F59EB841B9F788A87EC9F2361C7D9703157EC13D940DC53031FA", "platform": {"name": "Cosmos", "coin": {"id": "3794", "name": "Cosmos", "symbol": "ATOM", "slug": "cosmos"}}}], "self_reported_circulating_supply": 163255708, "self_reported_tags": ["DPoS", "Cybersecurity", "Privacy", "Identity", "Payments", "Reputation", "Cosmos", "Web3"], "self_reported_market_cap": 4554845.569727076}]