[{"id": 16559, "name": "Cherry Network", "symbol": "CHER", "category": "token", "description": "Cherry Network (CHER) is a cryptocurrency launched in 2021and operates on the BNB Smart Chain (BEP20) platform. Cherry Network has a current supply of 600,000,000 with 0 in circulation. The last known price of Cherry Network is 0.01496653 USD and is up 7.26 over the last 24 hours. It is currently trading on 10 active market(s) with $64,096.24 traded over the last 24 hours. More information can be found at https://cherry.network.", "slug": "cherry-network", "logo": "https://s2.coinmarketcap.com/static/img/coins/64x64/16559.png", "subreddit": "cherrynetwork", "notice": "", "tags": ["kommunitas-launchpad"], "tag-names": ["Kommunitas Launchpad"], "tag-groups": ["CATEGORY"], "urls": {"website": ["https://cherry.network"], "twitter": ["https://twitter.com/cherry_network"], "message_board": ["https://blog.cherry.network"], "chat": ["https://discord.cherry.network", "https://t.me/cherrynetwork"], "facebook": [], "explorer": ["https://bscscan.com/token/0x8f36cc333f55b09bb71091409a3d7ade399e3b1c", "https://polygonscan.com/token/0x8f36cc333f55b09bb71091409a3d7ade399e3b1c", "https://etherscan.io/token/0xa20f77b7ad5a88badc48800c56507b7274c06fdc"], "reddit": ["https://reddit.com/r/cherrynetwork"], "technical_doc": ["https://docs.cherry.network"], "source_code": ["https://github.com/CherryNetwork"], "announcement": []}, "platform": {"id": "1839", "name": "BNB", "slug": "bnb", "symbol": "BNB", "token_address": "0x8f36cc333f55b09bb71091409a3d7ade399e3b1c"}, "date_added": "2021-12-28T14:14:22.000Z", "twitter_username": "cherry_network", "is_hidden": 0, "date_launched": "2021-12-26T00:00:00.000Z", "contract_address": [{"contract_address": "0x8f36cc333f55b09bb71091409a3d7ade399e3b1c", "platform": {"name": "BNB Smart Chain (BEP20)", "coin": {"id": "1839", "name": "BNB", "symbol": "BNB", "slug": "bnb"}}}], "self_reported_circulating_supply": null, "self_reported_tags": ["Platform", "Distributed Computing", "Interoperability", "DAO", "Substrate", "Storage", "Web3"], "self_reported_market_cap": null}]