[{"id": 10974, "name": "Tranchess", "symbol": "CHESS", "category": "token", "description": "Tranchess (CHESS) is a cryptocurrency launched in 2021and operates on the BNB Smart Chain (BEP20) platform. Tranchess has a current supply of 300,000,000 with 97,063,924.26737235 in circulation. The last known price of Tranchess is 0.18607169 USD and is down -1.96 over the last 24 hours. It is currently trading on 61 active market(s) with $2,248,484.29 traded over the last 24 hours. More information can be found at https://tranchess.com/.", "slug": "tranchess", "logo": "https://s2.coinmarketcap.com/static/img/coins/64x64/10974.png", "subreddit": "", "notice": "", "tags": ["defi", "derivatives", "yield-farming", "binance-smart-chain", "three-arrows-capital-portfolio", "governance", "binance-labs-portfolio", "mvb", "bnb-chain"], "tag-names": ["DeFi", "Derivatives", "Yield Farming", "BNB Smart Chain", "Three Arrows Capital Portfolio", "Governance", "Binance Labs Portfolio", "MVB", "BNB Chain"], "tag-groups": ["CATEGORY", "CATEGORY", "CATEGORY", "PLATFORM", "CATEGORY", "CATEGORY", "CATEGORY", "CATEGORY", "PLATFORM"], "urls": {"website": ["https://tranchess.com/"], "twitter": ["https://twitter.com/tranchess"], "message_board": ["https://tranchess.medium.com/"], "chat": ["https://t.me/tranchess"], "facebook": [], "explorer": ["https://bscscan.com/token/0x20de22029ab63cf9A7Cf5fEB2b737Ca1eE4c82A6"], "reddit": [], "technical_doc": ["https://docs.tranchess.com/whitepaper"], "source_code": ["https://github.com/tranchess/contract-core"], "announcement": []}, "platform": {"id": "1839", "name": "BNB", "slug": "bnb", "symbol": "BNB", "token_address": "0x20de22029ab63cf9A7Cf5fEB2b737Ca1eE4c82A6"}, "date_added": "2021-07-20T00:00:00.000Z", "twitter_username": "tranchess", "is_hidden": 0, "date_launched": "2021-06-23T00:00:00.000Z", "contract_address": [{"contract_address": "0x20de22029ab63cf9A7Cf5fEB2b737Ca1eE4c82A6", "platform": {"name": "BNB Smart Chain (BEP20)", "coin": {"id": "1839", "name": "BNB", "symbol": "BNB", "slug": "bnb"}}}], "self_reported_circulating_supply": null, "self_reported_tags": null, "self_reported_market_cap": null}, {"id": 1297, "name": "ChessCoin", "symbol": "CHESS", "category": "coin", "description": "ChessCoin (CHESS) is a cryptocurrency . ChessCoin has a current supply of 54,032,768.652257. The last known price of ChessCoin is 0.01404162 USD and is down -0.45 over the last 24 hours. It is currently trading on 1 active market(s) with $0.00 traded over the last 24 hours. More information can be found at https://chess-coin.github.io/.", "slug": "chesscoin", "logo": "https://s2.coinmarketcap.com/static/img/coins/64x64/1297.png", "subreddit": "", "notice": "", "tags": ["hybrid-pow-pos", "scrypt"], "tag-names": ["Hybrid - PoW & PoS", "Scrypt"], "tag-groups": ["ALGORITHM", "ALGORITHM"], "urls": {"website": ["https://chess-coin.github.io/"], "twitter": ["https://twitter.com/Chess_Coin"], "message_board": [], "chat": ["https://vote.chesscoin.de/"], "facebook": [], "explorer": ["https://www.blockexperts.com/chess"], "reddit": [], "technical_doc": [], "source_code": ["https://github.com/walletbuilders/ChessCoin"], "announcement": ["https://bitcointalk.org/index.php?topic=1510517.0"]}, "platform": null, "date_added": "2016-07-02T00:00:00.000Z", "twitter_username": "Chess_Coin", "is_hidden": 0, "date_launched": null, "contract_address": [], "self_reported_circulating_supply": null, "self_reported_tags": null, "self_reported_market_cap": null}, {"id": 6115, "name": "Chess Coin", "symbol": "CHESS", "category": "token", "description": "Chess Coin (CHESS) is a cryptocurrency launched in 2019and operates on the Ethereum platform. Chess Coin has a current supply of 300,000,000 with 0 in circulation. The last known price of Chess Coin is 0.00271451 USD and is up 6.36 over the last 24 hours. More information can be found at https://brainiacchess.network.", "slug": "chess-coin", "logo": "https://s2.coinmarketcap.com/static/img/coins/64x64/6115.png", "subreddit": "", "notice": "", "tags": ["sports"], "tag-names": ["Sports"], "tag-groups": ["INDUSTRY"], "urls": {"website": ["https://brainiacchess.network"], "twitter": ["https://twitter.com/brainiacchess"], "message_board": ["https://community.brainiacchess.network"], "chat": ["https://t.me/BrainiacChess_Network"], "facebook": [], "explorer": ["https://etherscan.io/token/0x5f75112bBB4E1aF516fBE3e21528C63DA2B6a1A5"], "reddit": [], "technical_doc": ["https://www.brainiacchess.network/whitePaper"], "source_code": ["https://etherscan.io/address/0x5f75112bBB4E1aF516fBE3e21528C63DA2B6a1A5#code"], "announcement": []}, "platform": {"id": "1027", "name": "Ethereum", "slug": "ethereum", "symbol": "ETH", "token_address": "0x5f75112bBB4E1aF516fBE3e21528C63DA2B6a1A5"}, "date_added": "2020-08-04T00:00:00.000Z", "twitter_username": "brainiacchess", "is_hidden": 0, "date_launched": "2019-11-12T00:00:00.000Z", "contract_address": [{"contract_address": "0x5f75112bBB4E1aF516fBE3e21528C63DA2B6a1A5", "platform": {"name": "Ethereum", "coin": {"id": "1027", "name": "Ethereum", "symbol": "ETH", "slug": "ethereum"}}}], "self_reported_circulating_supply": null, "self_reported_tags": null, "self_reported_market_cap": null}]