[{"id": 5541, "name": "Xaya", "symbol": "CHI", "category": "coin", "description": "Xaya (CHI) is a cryptocurrency launched in 2018. Xaya has a current supply of 57,605,021.95319532 with 48,462,894.95319532 in circulation. The last known price of Xaya is 0.07795066 USD and is down -2.82 over the last 24 hours. It is currently trading on 13 active market(s) with $8,518.63 traded over the last 24 hours. More information can be found at https://xaya.io/.", "slug": "xaya", "logo": "https://s2.coinmarketcap.com/static/img/coins/64x64/5541.png", "subreddit": "XAYA", "notice": "", "tags": ["collectibles-nfts", "gaming", "polkadot-ecosystem", "metaverse", "play-to-earn"], "tag-names": ["Collectibles & NFTs", "Gaming", "Polkadot Ecosystem", "Metaverse", "Play To Earn"], "tag-groups": ["CATEGORY", "INDUSTRY", "PLATFORM", "CATEGORY", "CATEGORY"], "urls": {"website": ["https://xaya.io/", "https://autonomousworlds.com/"], "twitter": ["https://twitter.com/XAYA_tech"], "message_board": ["https://medium.com/@XAYA", "https://forum.xaya.io/"], "chat": ["https://discord.gg/VQQ6TC3", "https://t.me/xaya_en"], "facebook": [], "explorer": ["https://explorer.xaya.io/", "https://explorer2.xaya.io/", "https://chainz.cryptoid.info/chi/"], "reddit": ["https://reddit.com/r/XAYA"], "technical_doc": ["https://xaya.io/downloads/XAYA_White_Paper.pdf"], "source_code": ["https://github.com/xaya"], "announcement": ["https://bitcointalk.org/index.php?topic=1784048.0"]}, "platform": {"id": "1027", "name": "Ethereum", "slug": "ethereum", "symbol": "ETH", "token_address": "0x6DC02164d75651758aC74435806093E421b64605"}, "date_added": "2020-05-05T00:00:00.000Z", "twitter_username": "XAYA_tech", "is_hidden": 0, "date_launched": "2018-07-13T00:00:00.000Z", "contract_address": [{"contract_address": "0x6DC02164d75651758aC74435806093E421b64605", "platform": {"name": "Ethereum", "coin": {"id": "1027", "name": "Ethereum", "symbol": "ETH", "slug": "ethereum"}}}, {"contract_address": "0x22648c12acd87912ea1710357b1302c6a4154ebc", "platform": {"name": "BNB Smart Chain (BEP20)", "coin": {"id": "1839", "name": "BNB", "symbol": "BNB", "slug": "bnb"}}}, {"contract_address": "0x7211ab649A4139561a152B787de52D257cbAAee9", "platform": {"name": "Gnosis Chain", "coin": {"id": "1659", "name": "Gnosis", "symbol": "GNO", "slug": "gnosis-gno"}}}, {"contract_address": "0xE79feAAA457ad7899357E8E2065a3267aC9eE601", "platform": {"name": "Polygon", "coin": {"id": "3890", "name": "Polygon", "symbol": "MATIC", "slug": "polygon"}}}], "self_reported_circulating_supply": NaN, "self_reported_tags": ["NeoScrypt", "SHA-256", "Platform", "Gaming", "Scaling", "Play To Earn"], "self_reported_market_cap": NaN}, {"id": 20730, "name": "CHI Coin", "symbol": "CHI", "category": "token", "description": "CHI Coin (CHI) is a cryptocurrency launched in 2022and operates on the BNB Smart Chain (BEP20) platform. CHI Coin has a current supply of 20,000,000,000 with 0 in circulation. The last known price of CHI Coin is 0.00009988 USD and is up 0.89 over the last 24 hours. It is currently trading on 1 active market(s) with $144.36 traded over the last 24 hours. More information can be found at https://cryptosandwiches.com/.", "slug": "chi-coin", "logo": "https://s2.coinmarketcap.com/static/img/coins/64x64/20730.png", "subreddit": "Cryptosandwiches_", "notice": "", "tags": null, "tag-names": null, "tag-groups": null, "urls": {"website": ["https://cryptosandwiches.com/"], "twitter": ["https://twitter.com/CryptoSandwich_"], "message_board": [], "chat": ["https://t.me/CryptoSandwichesWorld", "https://discord.com/invite/6pj4fshsv6"], "facebook": [], "explorer": ["https://bscscan.com/address/0x51d9aB40FF21f5172B33e3909d94abdC6D542679"], "reddit": ["https://reddit.com/r/Cryptosandwiches_"], "technical_doc": ["https://foodverse.me/cryptosandwiches-gamingpaper"], "source_code": [], "announcement": []}, "platform": {"id": "1839", "name": "BNB", "slug": "bnb", "symbol": "BNB", "token_address": "0x51d9aB40FF21f5172B33e3909d94abdC6D542679"}, "date_added": "2022-06-23T07:02:10.000Z", "twitter_username": "CryptoSandwich_", "is_hidden": 0, "date_launched": "2022-06-06T00:00:00.000Z", "contract_address": [{"contract_address": "0x51d9aB40FF21f5172B33e3909d94abdC6D542679", "platform": {"name": "BNB Smart Chain (BEP20)", "coin": {"id": "1839", "name": "BNB", "symbol": "BNB", "slug": "bnb"}}}], "self_reported_circulating_supply": NaN, "self_reported_tags": ["Collectibles & NFTs", "DAO", "Metaverse", "Play To Earn", "BNB Chain"], "self_reported_market_cap": NaN}, {"id": 5709, "name": "Chi Gastoken", "symbol": "CHI", "category": "token", "description": "Chi Gastoken (CHI) is a cryptocurrency launched in 2020and operates on the Ethereum platform. Chi Gastoken has a current supply of 1,155,019 with 853,394 in circulation. The last known price of Chi Gastoken is 0.04261551 USD and is up 0.00 over the last 24 hours. More information can be found at https://1inch.exchange/#/.", "slug": "chi-gastoken", "logo": "https://s2.coinmarketcap.com/static/img/coins/64x64/5709.png", "subreddit": "", "notice": "", "tags": null, "tag-names": null, "tag-groups": null, "urls": {"website": ["https://1inch.exchange/#/"], "twitter": [], "message_board": ["https://medium.com/@1inch.exchange/1inch-introduces-chi-gastoken-d0bd5bb0f92b"], "chat": [], "facebook": [], "explorer": ["https://etherscan.io/token/0x0000000000004946c0e9f43f4dee607b0ef1fa1c", "https://ethplorer.io/address/0x0000000000004946c0e9f43f4dee607b0ef1fa1c"], "reddit": [], "technical_doc": [], "source_code": ["https://github.com/CryptoManiacsZone/chi"], "announcement": []}, "platform": {"id": "1027", "name": "Ethereum", "slug": "ethereum", "symbol": "ETH", "token_address": "0x0000000000004946c0e9f43f4dee607b0ef1fa1c"}, "date_added": "2020-06-18T00:00:00.000Z", "twitter_username": "", "is_hidden": 0, "date_launched": "2020-05-25T00:00:00.000Z", "contract_address": [{"contract_address": "0x0000000000004946c0e9f43f4dee607b0ef1fa1c", "platform": {"name": "Ethereum", "coin": {"id": "1027", "name": "Ethereum", "symbol": "ETH", "slug": "ethereum"}}}], "self_reported_circulating_supply": 853394.0, "self_reported_tags": null, "self_reported_market_cap": 36367.81864839968}, {"id": 13869, "name": "The Three Kingdoms", "symbol": "CHI", "category": "token", "description": "The Three Kingdoms (CHI) is a cryptocurrency launched in 2021and operates on the BNB Smart Chain (BEP20) platform. The Three Kingdoms has a current supply of 1,016,592 with 0 in circulation. The last known price of The Three Kingdoms is 0.00152759 USD and is up 0.00 over the last 24 hours. More information can be found at https://ttk.gg/.", "slug": "the-three-kingdoms-chi", "logo": "https://s2.coinmarketcap.com/static/img/coins/64x64/13869.png", "subreddit": "", "notice": "", "tags": null, "tag-names": null, "tag-groups": null, "urls": {"website": ["https://ttk.gg/"], "twitter": ["https://twitter.com/PlayTTK"], "message_board": [], "chat": ["https://t.me/PlayTTK"], "facebook": [], "explorer": ["https://bscscan.com/token/0x15146B447F72F3733E81fa3e6602b34471C96F64"], "reddit": [], "technical_doc": [], "source_code": [], "announcement": []}, "platform": {"id": "1839", "name": "BNB", "slug": "bnb", "symbol": "BNB", "token_address": "0x15146B447F72F3733E81fa3e6602b34471C96F64"}, "date_added": "2021-11-03T13:54:29.000Z", "twitter_username": "PlayTTK", "is_hidden": 0, "date_launched": "2021-11-01T00:00:00.000Z", "contract_address": [{"contract_address": "0x15146B447F72F3733E81fa3e6602b34471C96F64", "platform": {"name": "BNB Smart Chain (BEP20)", "coin": {"id": "1839", "name": "BNB", "symbol": "BNB", "slug": "bnb"}}}], "self_reported_circulating_supply": NaN, "self_reported_tags": null, "self_reported_market_cap": NaN}]