[{"id": 14523, "name": "SolChicks Token", "symbol": "CHICKS", "category": "token", "description": "SolChicks Token (CHICKS) is a cryptocurrency launched in 2021and operates on the Solana platform. SolChicks Token has a current supply of 9,999,997,585.036858 with 639,106,687.6573219 in circulation. The last known price of SolChicks Token is 0.00050124 USD and is down -3.43 over the last 24 hours. It is currently trading on 13 active market(s) with $1,304.34 traded over the last 24 hours. More information can be found at https://www.solchicks.io/.", "slug": "solchicks-token", "logo": "https://s2.coinmarketcap.com/static/img/coins/64x64/14523.png", "subreddit": "SolChicks", "notice": "", "tags": ["collectibles-nfts", "gaming", "solana-ecosystem", "trustswap-launchpad", "play-to-earn", "bullperks-launchpad", "vbc-ventures-portfolio", "kommunitas-launchpad"], "tag-names": ["Collectibles & NFTs", "Gaming", "Solana Ecosystem", "Trustswap Launchpad", "Play To Earn", "BullPerks Launchpad", "VBC Ventures Portfolio", "Kommunitas Launchpad"], "tag-groups": ["CATEGORY", "INDUSTRY", "PLATFORM", "CATEGORY", "CATEGORY", "CATEGORY", "CATEGORY", "CATEGORY"], "urls": {"website": ["https://www.solchicks.io/"], "twitter": ["https://twitter.com/SolChicksNFT"], "message_board": ["https://solchicks.medium.com/", "https://www.youtube.com/channel/UCFEWATm3-mzN-R_LzEZHnbA"], "chat": ["https://t.me/solchicksnft", "https://discord.gg/solchicks"], "facebook": ["https://www.facebook.com/SolChicksFB/"], "explorer": ["https://solscan.io/token/cxxShYRVcepDudXhe7U62QHvw8uBJoKFifmzggGKVC2"], "reddit": ["https://reddit.com/r/SolChicks"], "technical_doc": ["https://www.solchicks.io/papers"], "source_code": [], "announcement": []}, "platform": {"id": "5426", "name": "Solana", "slug": "solana", "symbol": "SOL", "token_address": "cxxShYRVcepDudXhe7U62QHvw8uBJoKFifmzggGKVC2"}, "date_added": "2021-11-15T09:24:04.000Z", "twitter_username": "SolChicksNFT", "is_hidden": 0, "date_launched": "2021-12-13T00:00:00.000Z", "contract_address": [{"contract_address": "cxxShYRVcepDudXhe7U62QHvw8uBJoKFifmzggGKVC2", "platform": {"name": "Solana", "coin": {"id": "5426", "name": "Solana", "symbol": "SOL", "slug": "solana"}}}], "self_reported_circulating_supply": null, "self_reported_tags": ["Play To Earn", "Token", "SkyVision Capital Portfolio"], "self_reported_market_cap": null}]