[{"id": 12897, "name": "Chimeras", "symbol": "CHIM", "category": "token", "description": "Chimeras (CHIM) is a cryptocurrency launched in 2021and operates on the BNB Smart Chain (BEP20) platform. Chimeras has a current supply of 75,000,000 with 0 in circulation. The last known price of Chimeras is 0.01500249 USD and is up 0.05 over the last 24 hours. It is currently trading on 1 active market(s) with $72.44 traded over the last 24 hours. More information can be found at https://chimeras.io/.", "slug": "chimeras", "logo": "https://s2.coinmarketcap.com/static/img/coins/64x64/12897.png", "subreddit": "", "notice": "", "tags": ["poolz-finance-portfolio", "bullperks-launchpad"], "tag-names": ["Poolz Finance Portfolio", "BullPerks Launchpad"], "tag-groups": ["CATEGORY", "CATEGORY"], "urls": {"website": ["https://chimeras.io/"], "twitter": ["https://twitter.com/ChimerasGame"], "message_board": ["https://chimeras-crypto.medium.com/"], "chat": ["https://t.me/ChimerasMetaverse", "https://discord.com/invite/gFrwfWHgyT"], "facebook": [], "explorer": ["https://bscscan.com/token/0x3544a07e9f771ef0f6c80c6e79715869ed291086"], "reddit": [], "technical_doc": ["https://chimeras.gitbook.io/wiki/"], "source_code": ["https://github.com/Red-Pill-Dev/chim-chain"], "announcement": ["https://t.me/ChimerasAnn"]}, "platform": {"id": "1839", "name": "BNB", "slug": "bnb", "symbol": "BNB", "token_address": "0x3544a07e9f771ef0f6c80c6e79715869ed291086"}, "date_added": "2021-10-20T01:30:16.000Z", "twitter_username": "ChimerasGame", "is_hidden": 0, "date_launched": "2021-10-28T00:00:00.000Z", "contract_address": [{"contract_address": "0x3544a07e9f771ef0f6c80c6e79715869ed291086", "platform": {"name": "BNB Smart Chain (BEP20)", "coin": {"id": "1839", "name": "BNB", "symbol": "BNB", "slug": "bnb"}}}], "self_reported_circulating_supply": null, "self_reported_tags": ["Collectibles & NFTs", "Gaming", "Entertainment", "BNB Smart Chain", "Metaverse", "Play To Earn", "BullPerks Launchpad"], "self_reported_market_cap": null}]