[{"id": 3978, "name": "Chromia", "symbol": "CHR", "category": "token", "description": "Chromia (CHR) is a cryptocurrency and operates on the Ethereum platform. Chromia has a current supply of 690,499,228.33 with 686,549,902 in circulation. The last known price of Chromia is 0.1060984 USD and is up 0.17 over the last 24 hours. It is currently trading on 98 active market(s) with $7,741,315.71 traded over the last 24 hours. More information can be found at https://chromia.com/.", "slug": "chromia", "logo": "https://s2.coinmarketcap.com/static/img/coins/64x64/3978.png", "subreddit": "Teamchromia", "notice": "", "tags": ["platform", "enterprise-solutions", "collectibles-nfts", "defi", "gaming", "ethereum-ecosystem", "metaverse", "chromia-ecosystem", "web3", "bnb-chain"], "tag-names": ["Platform", "Enterprise Solutions", "Collectibles & NFTs", "DeFi", "Gaming", "Ethereum Ecosystem", "Metaverse", "Chromia Ecosystem", "Web3", "BNB Chain"], "tag-groups": ["CATEGORY", "INDUSTRY", "CATEGORY", "CATEGORY", "INDUSTRY", "PLATFORM", "CATEGORY", "CATEGORY", "INDUSTRY", "PLATFORM"], "urls": {"website": ["https://chromia.com/", "https://chromapolis.com/"], "twitter": ["https://twitter.com/Chromia"], "message_board": ["https://blog.chromia.com/"], "chat": ["https://t.me/hellochromia"], "facebook": [], "explorer": ["https://etherscan.io/token/0x8a2279d4a90b6fe1c4b30fa660cc9f926797baa2", "https://ethplorer.io/address/0x8a2279d4a90b6fe1c4b30fa660cc9f926797baa2"], "reddit": ["https://reddit.com/r/Teamchromia"], "technical_doc": ["https://chromia.com/documents/Chromia-_-Platform-white-paper2019.pdf"], "source_code": ["https://bitbucket.org/chromawallet/"], "announcement": []}, "platform": {"id": "1027", "name": "Ethereum", "slug": "ethereum", "symbol": "ETH", "token_address": "0x8a2279d4a90b6fe1c4b30fa660cc9f926797baa2"}, "date_added": "2019-05-28T00:00:00.000Z", "twitter_username": "Chromia", "is_hidden": 0, "date_launched": null, "contract_address": [{"contract_address": "0x8a2279d4a90b6fe1c4b30fa660cc9f926797baa2", "platform": {"name": "Ethereum", "coin": {"id": "1027", "name": "Ethereum", "symbol": "ETH", "slug": "ethereum"}}}, {"contract_address": "0xf9CeC8d50f6c8ad3Fb6dcCEC577e05aA32B224FE", "platform": {"name": "BNB Smart Chain (BEP20)", "coin": {"id": "1839", "name": "BNB", "symbol": "BNB", "slug": "bnb"}}}], "self_reported_circulating_supply": null, "self_reported_tags": null, "self_reported_market_cap": null}]