[{"id": 10049, "name": "Manchester City Fan Token", "symbol": "CITY", "category": "token", "description": "Manchester City Fan Token (CITY) is a cryptocurrency launched in 2021. Manchester City Fan Token has a current supply of 20,000,000 with 4,314,458 in circulation. The last known price of Manchester City Fan Token is 4.01921091 USD and is up 0.39 over the last 24 hours. It is currently trading on 33 active market(s) with $2,003,240.44 traded over the last 24 hours. More information can be found at https://www.socios.com.", "slug": "manchester-city-fan-token", "logo": "https://s2.coinmarketcap.com/static/img/coins/64x64/10049.png", "subreddit": "chiliz", "notice": "", "tags": ["sports", "fan-token", "soccer"], "tag-names": ["Sports", "Fan Token", "Soccer"], "tag-groups": ["INDUSTRY", "CATEGORY", "CATEGORY"], "urls": {"website": ["https://www.socios.com", "https://www.chiliz.com"], "twitter": ["https://twitter.com/socios"], "message_board": [], "chat": ["https://t.me/ChilizTrade"], "facebook": [], "explorer": ["https://explorer.chiliz.com/address/0xf30D150250F5301ef34A0E4a64aaFa93F242d87A/transactions"], "reddit": ["https://reddit.com/r/chiliz"], "technical_doc": [], "source_code": [], "announcement": []}, "platform": null, "date_added": "2021-05-25T00:00:00.000Z", "twitter_username": "socios", "is_hidden": 0, "date_launched": "2021-05-24T00:00:00.000Z", "contract_address": [], "self_reported_circulating_supply": null, "self_reported_tags": null, "self_reported_market_cap": null}, {"id": 4545, "name": "City Coin", "symbol": "CITY", "category": "coin", "description": "City Coin (CITY) is a cryptocurrency launched in 2018. City Coin has a current supply of 13,736,000,000 with 0 in circulation. The last known price of City Coin is 0.07366729 USD and is down -0.28 over the last 24 hours. It is currently trading on 2 active market(s) with $0.00 traded over the last 24 hours. More information can be found at https://city-chain.org/.", "slug": "city-coin", "logo": "https://s2.coinmarketcap.com/static/img/coins/64x64/4545.png", "subreddit": "CityChain", "notice": "", "tags": null, "tag-names": null, "tag-groups": null, "urls": {"website": ["https://city-chain.org/"], "twitter": ["https://twitter.com/citychaincoin"], "message_board": ["https://medium.com/@citychain"], "chat": ["https://t.me/citychain", "https://discord.gg/CD8CTJt"], "facebook": [], "explorer": ["https://explorer.city-chain.org/"], "reddit": ["https://reddit.com/r/CityChain"], "technical_doc": [], "source_code": ["https://github.com/CityChainFoundation/"], "announcement": ["https://bitcointalk.org/index.php?topic=5073402.0"]}, "platform": null, "date_added": "2020-01-28T00:00:00.000Z", "twitter_username": "citychaincoin", "is_hidden": 0, "date_launched": "2018-10-27T00:00:00.000Z", "contract_address": [], "self_reported_circulating_supply": null, "self_reported_tags": null, "self_reported_market_cap": null}, {"id": 7754, "name": "CitySwap", "symbol": "CITY", "category": "token", "description": null, "slug": "cityswap", "logo": "https://s2.coinmarketcap.com/static/img/coins/64x64/7754.png", "subreddit": "", "notice": "", "tags": null, "tag-names": null, "tag-groups": null, "urls": {"website": ["https://cityswap.io/"], "twitter": ["https://twitter.com/cityswap_io"], "message_board": ["https://cityswap.medium.com/"], "chat": ["https://t.me/citytoken"], "facebook": [], "explorer": ["https://etherscan.io/token/0xf27dc1f57f8c8f57ab7dbbb25ce1747fcb542100"], "reddit": [], "technical_doc": ["https://cityswap.io/whitepaper.pdf"], "source_code": ["https://github.com/cityswap"], "announcement": []}, "platform": {"id": "1027", "name": "Ethereum", "slug": "ethereum", "symbol": "ETH", "token_address": "0xf27dc1f57f8c8f57ab7dbbb25ce1747fcb542100"}, "date_added": "2020-11-23T00:00:00.000Z", "twitter_username": "cityswap_io", "is_hidden": 0, "date_launched": "2020-10-19T00:00:00.000Z", "contract_address": [{"contract_address": "0xf27dc1f57f8c8f57ab7dbbb25ce1747fcb542100", "platform": {"name": "Ethereum", "coin": {"id": "1027", "name": "Ethereum", "symbol": "ETH", "slug": "ethereum"}}}], "self_reported_circulating_supply": null, "self_reported_tags": null, "self_reported_market_cap": null}]