[{"id": 4948, "name": "Nervos Network", "symbol": "CKB", "category": "coin", "description": "Nervos Network (CKB) is a cryptocurrency . Users are able to generate CKB through the process of mining. Nervos Network has a current supply of 36,680,680,992.46365 with 33,340,068,750.291035 in circulation. The last known price of Nervos Network is 0.00231451 USD and is down -1.04 over the last 24 hours. It is currently trading on 58 active market(s) with $891,581.32 traded over the last 24 hours. More information can be found at http://nervos.org/.", "slug": "nervos-network", "logo": "https://s2.coinmarketcap.com/static/img/coins/64x64/4948.png", "subreddit": "NervosNetwork", "notice": "Let's Learn About [\"Nervos Network\"](https://coinmarketcap.com/earn/project/nervos-network) on the Learn & Earn Page!", "tags": ["mineable", "pow", "platform", "collectibles-nfts", "defi", "interoperability", "research", "scaling", "smart-contracts", "dao", "polychain-capital-portfolio", "rollups", "blockchain-capital-portfolio", "cms-holdings-portfolio", "dragonfly-capital-portfolio", "electric-capital-portfolio", "hashkey-capital-portfolio", "huobi-capital-portfolio", "1confirmation-portfolio", "multicoin-capital-portfolio", "web3"], "tag-names": ["Mineable", "PoW", "Platform", "Collectibles & NFTs", "DeFi", "Interoperability", "Research", "Scaling", "Smart Contracts", "DAO", "Polychain Capital Portfolio", "Rollups", "Blockchain Capital Portfolio", "CMS Holdings Portfolio", "DragonFly Capital Portfolio", "Electric Capital Portfolio", "Hashkey Capital Portfolio", "Huobi Capital Portfolio", "1Confirmation Portfolio", "Multicoin Capital Portfolio", "Web3"], "tag-groups": ["OTHERS", "ALGORITHM", "CATEGORY", "CATEGORY", "CATEGORY", "CATEGORY", "INDUSTRY", "CATEGORY", "CATEGORY", "CATEGORY", "CATEGORY", "CATEGORY", "CATEGORY", "CATEGORY", "CATEGORY", "CATEGORY", "CATEGORY", "CATEGORY", "CATEGORY", "CATEGORY", "INDUSTRY"], "urls": {"website": ["http://nervos.org/"], "twitter": ["https://twitter.com/nervosnetwork"], "message_board": ["https://medium.com/nervosnetwork", "https://talk.nervos.org/"], "chat": ["https://t.me/nervosnetwork", "https://talk.nervos.org/"], "facebook": [], "explorer": ["https://explorer.nervos.org/", "https://ckb.tokenview.com/"], "reddit": ["https://reddit.com/r/NervosNetwork"], "technical_doc": ["https://github.com/nervosnetwork/rfcs/blob/master/rfcs/0002-ckb/0002-ckb.md"], "source_code": ["https://github.com/nervosnetwork"], "announcement": []}, "platform": null, "date_added": "2019-11-19T00:00:00.000Z", "twitter_username": "nervosnetwork", "is_hidden": 0, "date_launched": null, "contract_address": [], "self_reported_circulating_supply": null, "self_reported_tags": null, "self_reported_market_cap": null}]