[{"id": 2352, "name": "Coinlancer", "symbol": "CL", "category": "token", "description": "Coinlancer (CL) is a cryptocurrency and operates on the Ethereum platform. Coinlancer has a current supply of 300,000,000 with 0 in circulation. The last known price of Coinlancer is 0.02003065 USD and is down -1.01 over the last 24 hours. More information can be found at https://www.coinlancer.io/.", "slug": "coinlancer", "logo": "https://s2.coinmarketcap.com/static/img/coins/64x64/2352.png", "subreddit": "", "notice": "", "tags": ["services", "jobs", "sharing-economy"], "tag-names": ["Services", "Jobs", "Sharing Economy"], "tag-groups": ["INDUSTRY", "INDUSTRY", "INDUSTRY"], "urls": {"website": ["https://www.coinlancer.io/", "https://www.coinlancer.com/"], "twitter": ["https://twitter.com/coin_lancer"], "message_board": ["https://medium.com/@coinlancer"], "chat": ["https://t.me/Coinlancer"], "facebook": [], "explorer": ["https://etherscan.io/token/0xe81d72d14b1516e68ac3190a46c93302cc8ed60f", "https://ethplorer.io/address/0xe81d72d14b1516e68ac3190a46c93302cc8ed60f"], "reddit": [], "technical_doc": ["https://www.coinlancer.io/Coinlancer_Whitepaper.pdf"], "source_code": ["https://github.com/coinlancer"], "announcement": ["https://bitcointalk.org/index.php?topic=2241037.0;all"]}, "platform": {"id": "1027", "name": "Ethereum", "slug": "ethereum", "symbol": "ETH", "token_address": "0xe81d72d14b1516e68ac3190a46c93302cc8ed60f"}, "date_added": "2018-01-09T00:00:00.000Z", "twitter_username": "coin_lancer", "is_hidden": 0, "date_launched": null, "contract_address": [{"contract_address": "0xe81d72d14b1516e68ac3190a46c93302cc8ed60f", "platform": {"name": "Ethereum", "coin": {"id": "1027", "name": "Ethereum", "symbol": "ETH", "slug": "ethereum"}}}], "self_reported_circulating_supply": null, "self_reported_tags": null, "self_reported_market_cap": null}]