[{"id": 18371, "name": "ClaimSwap", "symbol": "CLA", "category": "token", "description": "ClaimSwap (CLA) is a cryptocurrency launched in 2021and operates on the Klaytn platform. ClaimSwap has a current supply of 0. The last known price of ClaimSwap is 0.01586824 USD and is down -0.69 over the last 24 hours. It is currently trading on 2 active market(s) with $162.82 traded over the last 24 hours. More information can be found at https://claimswap.org/.", "slug": "claimswap", "logo": "https://s2.coinmarketcap.com/static/img/coins/64x64/18371.png", "subreddit": "", "notice": "", "tags": null, "tag-names": null, "tag-groups": null, "urls": {"website": ["https://claimswap.org/", "https://app.claimswap.org/swap?tokenA=undefined&tokenB=undefined"], "twitter": ["https://twitter.com/ClaimSwap"], "message_board": ["https://medium.com/claimswap"], "chat": ["https://discord.com/invite/Vf7VFPPzNG", "https://t.me/claimswap"], "facebook": [], "explorer": ["https://v2.scope.klaytn.com/token/0xcf87f94fd8f6b6f0b479771f10df672f99eada63"], "reddit": [], "technical_doc": ["https://docs.claimswap.org/v/english"], "source_code": ["https://github.com/claimswap"], "announcement": []}, "platform": {"id": "4256", "name": "Klaytn", "slug": "klaytn", "symbol": "KLAY", "token_address": "0xcf87f94fd8f6b6f0b479771f10df672f99eada63"}, "date_added": "2022-02-24T17:14:34.000Z", "twitter_username": "ClaimSwap", "is_hidden": 0, "date_launched": "2021-12-09T00:00:00.000Z", "contract_address": [{"contract_address": "0xcf87f94fd8f6b6f0b479771f10df672f99eada63", "platform": {"name": "Klaytn", "coin": {"id": "4256", "name": "Klaytn", "symbol": "KLAY", "slug": "klaytn"}}}], "self_reported_circulating_supply": 5722454.0, "self_reported_tags": null, "self_reported_market_cap": 90789.1019246101}, {"id": 6978, "name": "Candela Coin", "symbol": "CLA", "category": "token", "description": "Candela Coin (CLA) is a cryptocurrency and operates on the Ethereum platform. Candela Coin has a current supply of 125,000,000 with 0 in circulation. The last known price of Candela Coin is 0.00002385 USD and is down -0.49 over the last 24 hours. It is currently trading on 2 active market(s) with $0.00 traded over the last 24 hours. More information can be found at https://www.candelacoin.com/.", "slug": "candelacoin", "logo": "https://s2.coinmarketcap.com/static/img/coins/64x64/6978.png", "subreddit": "", "notice": "", "tags": ["energy"], "tag-names": ["Energy"], "tag-groups": ["INDUSTRY"], "urls": {"website": ["https://www.candelacoin.com/"], "twitter": ["https://twitter.com/candelacoin"], "message_board": ["https://medium.com/@aviverdu"], "chat": [], "facebook": [], "explorer": ["https://etherscan.io/token/0xF7269a10E85d4aa8282529516cf86847748Da2Bf", "https://ethplorer.io/address/0xF7269a10E85d4aa8282529516cf86847748Da2Bf"], "reddit": [], "technical_doc": ["https://uploads-ssl.webflow.com/5ee80918fa53c4dbf6968b3c/5f111ea74156e3098fb6874d_white%20paper%20(11).pdf"], "source_code": [], "announcement": []}, "platform": {"id": "1027", "name": "Ethereum", "slug": "ethereum", "symbol": "ETH", "token_address": "0xF7269a10E85d4aa8282529516cf86847748Da2Bf"}, "date_added": "2020-09-09T00:00:00.000Z", "twitter_username": "candelacoin", "is_hidden": 0, "date_launched": null, "contract_address": [{"contract_address": "0xF7269a10E85d4aa8282529516cf86847748Da2Bf", "platform": {"name": "Ethereum", "coin": {"id": "1027", "name": "Ethereum", "symbol": "ETH", "slug": "ethereum"}}}], "self_reported_circulating_supply": NaN, "self_reported_tags": null, "self_reported_market_cap": NaN}, {"id": 13616, "name": "CeloLaunch", "symbol": "cLA", "category": "token", "description": "CeloLaunch (cLA) is a cryptocurrency launched in 2021and operates on the Celo platform. CeloLaunch has a current supply of 99,852,000 with 0 in circulation. The last known price of CeloLaunch is 0.00530121 USD and is up 0.00 over the last 24 hours. More information can be found at https://celolaunch.io/.", "slug": "celolaunch", "logo": "https://s2.coinmarketcap.com/static/img/coins/64x64/13616.png", "subreddit": "", "notice": "", "tags": ["launchpad", "celo-ecosystem"], "tag-names": ["Launchpad", "Celo Ecosystem"], "tag-groups": ["CATEGORY", "CATEGORY"], "urls": {"website": ["https://celolaunch.io/"], "twitter": ["https://twitter.com/CeloLaunch"], "message_board": ["https://medium.com/@CeloLaunch"], "chat": ["https://t.me/celolaunch"], "facebook": [], "explorer": ["https://explorer.celo.org/address/0x5927fd244E11dB1c7b1215619144d2aAbAc80a4F/contracts"], "reddit": [], "technical_doc": ["https://docs.celolaunch.io/"], "source_code": ["https://github.com/celolaunch"], "announcement": ["https://blog.celolaunch.io"]}, "platform": {"id": "5567", "name": "Celo", "slug": "celo", "symbol": "CELO", "token_address": "0x5927fd244E11dB1c7b1215619144d2aAbAc80a4F"}, "date_added": "2021-11-01T05:31:47.000Z", "twitter_username": "CeloLaunch", "is_hidden": 0, "date_launched": "2021-12-27T00:00:00.000Z", "contract_address": [{"contract_address": "0x5927fd244E11dB1c7b1215619144d2aAbAc80a4F", "platform": {"name": "Celo", "coin": {"id": "5567", "name": "Celo", "symbol": "CELO", "slug": "celo"}}}], "self_reported_circulating_supply": NaN, "self_reported_tags": null, "self_reported_market_cap": NaN}]