[{"id": 17817, "name": "Colony Network Token", "symbol": "CLNY", "category": "token", "description": "Colony Network Token (CLNY) is a cryptocurrency launched in 2014and operates on the Ethereum platform. Colony Network Token has a current supply of 200,000,000 with 0 in circulation. The last known price of Colony Network Token is 0.04208712 USD and is up 0.05 over the last 24 hours. It is currently trading on 5 active market(s) with $26,650.34 traded over the last 24 hours. More information can be found at https://colony.io/.", "slug": "colony-network-token", "logo": "https://s2.coinmarketcap.com/static/img/coins/64x64/17817.png", "subreddit": "joincolony", "notice": "", "tags": ["dao", "ethereum-ecosystem"], "tag-names": ["DAO", "Ethereum Ecosystem"], "tag-groups": ["CATEGORY", "PLATFORM"], "urls": {"website": ["https://colony.io/"], "twitter": ["https://twitter.com/joincolony"], "message_board": ["https://blog.colony.io/"], "chat": ["https://discord.gg/UujM62eg"], "facebook": [], "explorer": ["https://etherscan.io/token/0x3e828ac5c480069d4765654fb4b8733b910b13b2"], "reddit": ["https://reddit.com/r/joincolony"], "technical_doc": ["https://colony.io/whitepaper.pdf"], "source_code": ["https://github.com/joincolony"], "announcement": []}, "platform": {"id": "1027", "name": "Ethereum", "slug": "ethereum", "symbol": "ETH", "token_address": "0x3e828ac5c480069d4765654fb4b8733b910b13b2"}, "date_added": "2022-02-03T04:29:40.000Z", "twitter_username": "joincolony", "is_hidden": 0, "date_launched": "2014-11-30T00:00:00.000Z", "contract_address": [{"contract_address": "0x3e828ac5c480069d4765654fb4b8733b910b13b2", "platform": {"name": "Ethereum", "coin": {"id": "1027", "name": "Ethereum", "symbol": "ETH", "slug": "ethereum"}}}], "self_reported_circulating_supply": 31000000.0, "self_reported_tags": null, "self_reported_market_cap": 1306514.6158685386}, {"id": 17025, "name": "MarsColony", "symbol": "CLNY", "category": "token", "description": "MarsColony (CLNY) is a cryptocurrency launched in 2022and operates on the Harmony platform. MarsColony has a current supply of 7,709,831.991 with 0 in circulation. The last known price of MarsColony is 0.00059544 USD and is down -1.30 over the last 24 hours. It is currently trading on 5 active market(s) with $98.31 traded over the last 24 hours. More information can be found at https://marscolony.io.", "slug": "marscolony", "logo": "https://s2.coinmarketcap.com/static/img/coins/64x64/17025.png", "subreddit": "", "notice": "", "tags": ["harmony-ecosystem"], "tag-names": ["Harmony Ecosystem"], "tag-groups": ["CATEGORY"], "urls": {"website": ["https://marscolony.io"], "twitter": ["https://twitter.com/marscolonyio"], "message_board": ["https://people.marscolony.io"], "chat": ["https://discord.com/invite/B2BC95HSwc", "https://t.me/joinchat/HiyhHyA2MuNmNzJl"], "facebook": [], "explorer": ["https://explorer.harmony.one/address/0x0d625029e21540abdfafa3bfc6fd44fb4e0a66d0"], "reddit": [], "technical_doc": [], "source_code": ["https://github.com/marscolony-io"], "announcement": ["https://t.me/marscolonychannel"]}, "platform": {"id": "3945", "name": "Harmony", "slug": "harmony", "symbol": "ONE", "token_address": "0x0D625029E21540aBdfAFa3BFC6FD44fB4e0A66d0"}, "date_added": "2022-01-09T14:26:04.000Z", "twitter_username": "marscolonyio", "is_hidden": 0, "date_launched": "2022-01-05T00:00:00.000Z", "contract_address": [{"contract_address": "0x0D625029E21540aBdfAFa3BFC6FD44fB4e0A66d0", "platform": {"name": "Harmony", "coin": {"id": "3945", "name": "Harmony", "symbol": "ONE", "slug": "harmony"}}}], "self_reported_circulating_supply": NaN, "self_reported_tags": null, "self_reported_market_cap": NaN}]