[{"id": 8384, "name": "CLV", "symbol": "CLV", "category": "token", "description": "CLV (CLV) is a cryptocurrency and operates on the Ethereum platform. CLV has a current supply of 1,000,000,000 with 442,756,349 in circulation. The last known price of CLV is 0.05031245 USD and is down -2.91 over the last 24 hours. It is currently trading on 62 active market(s) with $1,658,053.48 traded over the last 24 hours. More information can be found at https://clv.org/.", "slug": "clover", "logo": "https://s2.coinmarketcap.com/static/img/coins/64x64/8384.png", "subreddit": "", "notice": "", "tags": ["ethereum-ecosystem", "substrate", "polkadot-ecosystem", "fantom-ecosystem", "okex-blockdream-ventures-portfolio", "bnb-chain"], "tag-names": ["Ethereum Ecosystem", "Substrate", "Polkadot Ecosystem", "Fantom Ecosystem", "OKEx Blockdream Ventures Portfolio", "BNB Chain"], "tag-groups": ["PLATFORM", "CATEGORY", "PLATFORM", "PLATFORM", "CATEGORY", "PLATFORM"], "urls": {"website": ["https://clv.org/"], "twitter": ["https://twitter.com/clv_org"], "message_board": ["https://medium.com/projectclover"], "chat": ["https://t.me/clover_en", "https://discord.gg/z2egJBsBWx"], "facebook": [], "explorer": ["https://stage.cloverscan.io/", "https://etherscan.io/token/0x80C62FE4487E1351b47Ba49809EBD60ED085bf52", "https://bscscan.com/token/0x09E889BB4D5b474f561db0491C38702F367A4e4d"], "reddit": [], "technical_doc": [], "source_code": ["https://github.com/clover-network"], "announcement": []}, "platform": {"id": "1027", "name": "Ethereum", "slug": "ethereum", "symbol": "ETH", "token_address": "0x80C62FE4487E1351b47Ba49809EBD60ED085bf52"}, "date_added": "2021-02-03T00:00:00.000Z", "twitter_username": "clv_org", "is_hidden": 0, "date_launched": null, "contract_address": [{"contract_address": "0x80C62FE4487E1351b47Ba49809EBD60ED085bf52", "platform": {"name": "Ethereum", "coin": {"id": "1027", "name": "Ethereum", "symbol": "ETH", "slug": "ethereum"}}}, {"contract_address": "0x09E889BB4D5b474f561db0491C38702F367A4e4d", "platform": {"name": "BNB Smart Chain (BEP20)", "coin": {"id": "1839", "name": "BNB", "symbol": "BNB", "slug": "bnb"}}}], "self_reported_circulating_supply": 120000000.0, "self_reported_tags": null, "self_reported_market_cap": 6029491.58154057}, {"id": 927, "name": "CleverCoin", "symbol": "CLV", "category": "coin", "description": "CleverCoin (CLV) is a cryptocurrency . CleverCoin has a current supply of 2,319,498. The last known price of CleverCoin is 0.00164415 USD and is up 0.00 over the last 24 hours.", "slug": "clevercoin", "logo": "https://s2.coinmarketcap.com/static/img/coins/64x64/927.png", "subreddit": "", "notice": "", "tags": null, "tag-names": null, "tag-groups": null, "urls": {"website": [], "twitter": ["https://twitter.com/clevercrypto"], "message_board": [], "chat": [], "facebook": [], "explorer": ["http://clv.explorer.ssdpool.com:9157/"], "reddit": [], "technical_doc": [], "source_code": [], "announcement": ["https://bitcointalk.org/index.php?topic=1054615.0"]}, "platform": null, "date_added": "2015-05-13T00:00:00.000Z", "twitter_username": "clevercrypto", "is_hidden": 0, "date_launched": null, "contract_address": [], "self_reported_circulating_supply": NaN, "self_reported_tags": null, "self_reported_market_cap": NaN}]