[{"id": 16893, "name": "Compendium Finance", "symbol": "CMFI", "category": "token", "description": "Compendium Finance (CMFI) is a cryptocurrency launched in 2022and operates on the Solana platform. Compendium Finance has a current supply of 500,000,000 with 0 in circulation. The last known price of Compendium Finance is 0.03314077 USD and is down -0.06 over the last 24 hours. It is currently trading on 6 active market(s) with $1,816.19 traded over the last 24 hours. More information can be found at https://compendium.finance/.", "slug": "compendium-finance", "logo": "https://s2.coinmarketcap.com/static/img/coins/64x64/16893.png", "subreddit": "", "notice": "", "tags": ["solana-ecosystem"], "tag-names": ["Solana Ecosystem"], "tag-groups": ["PLATFORM"], "urls": {"website": ["https://compendium.finance/"], "twitter": ["https://twitter.com/compendiumfi"], "message_board": ["https://medium.com/@Compendium-Finance"], "chat": ["https://discord.gg/64r2xtqczs"], "facebook": [], "explorer": ["https://explorer.solana.com/address/5Wsd311hY8NXQhkt9cWHwTnqafk7BGEbLu8Py3DSnPAr", "https://explorer.solana.com/address/5Wsd311hY8NXQhkt9cWHwTnqafk7BGEbLu8Py3DSnPAr"], "reddit": [], "technical_doc": ["https://compendium.finance/litepaper"], "source_code": ["https://github.com/CompendiumFi"], "announcement": ["https://t.me/CompendiumFinanceOfficial"]}, "platform": {"id": "5426", "name": "Solana", "slug": "solana", "symbol": "SOL", "token_address": "5Wsd311hY8NXQhkt9cWHwTnqafk7BGEbLu8Py3DSnPAr"}, "date_added": "2022-01-05T14:04:33.000Z", "twitter_username": "compendiumfi", "is_hidden": 0, "date_launched": "2022-01-23T00:00:00.000Z", "contract_address": [{"contract_address": "5Wsd311hY8NXQhkt9cWHwTnqafk7BGEbLu8Py3DSnPAr", "platform": {"name": "Solana", "coin": {"id": "5426", "name": "Solana", "symbol": "SOL", "slug": "solana"}}}], "self_reported_circulating_supply": 81432000, "self_reported_tags": ["Collectibles & NFTs", "Decentralized Exchange (DEX) Token", "Staking", "DAO", "DApp", "AMM", "DEX", "Yield Aggregator", "Solana Ecosystem"], "self_reported_market_cap": 2698718.905170798}]