[{"id": 2246, "name": "CyberMiles", "symbol": "CMT", "category": "coin", "description": "CyberMiles (CMT) is a cryptocurrency . CyberMiles has a current supply of 1,000,000,000 with 800,000,000 in circulation. The last known price of CyberMiles is 0.00084118 USD and is down -1.77 over the last 24 hours. It is currently trading on 11 active market(s) with $27,364.10 traded over the last 24 hours. More information can be found at https://www.cybermiles.io/.", "slug": "cybermiles", "logo": "https://s2.coinmarketcap.com/static/img/coins/64x64/2246.png", "subreddit": "CyberMiles", "notice": "", "tags": ["platform", "cosmos-ecosystem", "e-commerce", "injective-ecosystem"], "tag-names": ["Platform", "Cosmos Ecosystem", "E-commerce", "Injective Ecosystem"], "tag-groups": ["CATEGORY", "INDUSTRY", "INDUSTRY", "PLATFORM"], "urls": {"website": ["https://www.cybermiles.io/"], "twitter": ["https://twitter.com/cybermiles"], "message_board": ["https://medium.com/cybermiles"], "chat": ["https://t.me/cybermilestoken"], "facebook": [], "explorer": ["https://www.cmttracking.io/"], "reddit": ["https://reddit.com/r/CyberMiles"], "technical_doc": ["https://cm.5miles.com/file/project/Project%20white%20paper%20v.1.8_en-US.pdf"], "source_code": ["https://github.com/cybermiles"], "announcement": []}, "platform": null, "date_added": "2017-12-06T00:00:00.000Z", "twitter_username": "cybermiles", "is_hidden": 0, "date_launched": null, "contract_address": [], "self_reported_circulating_supply": null, "self_reported_tags": null, "self_reported_market_cap": null}, {"id": 1291, "name": "Comet", "symbol": "CMT", "category": "coin", "description": "Comet (CMT) is a cryptocurrency . Users are able to generate CMT through the process of mining. Comet has a current supply of 872,830. The last known price of Comet is 0.0021483 USD and is down -0.44 over the last 24 hours. It is currently trading on 1 active market(s) with $0.00 traded over the last 24 hours. More information can be found at https://cometcoin.com/.", "slug": "comet", "logo": "https://s2.coinmarketcap.com/static/img/coins/64x64/1291.png", "subreddit": "", "notice": "", "tags": ["mineable", "pow", "scrypt"], "tag-names": ["Mineable", "PoW", "Scrypt"], "tag-groups": ["OTHERS", "ALGORITHM", "ALGORITHM"], "urls": {"website": ["https://cometcoin.com/"], "twitter": ["https://twitter.com/cometcoin"], "message_board": [], "chat": [], "facebook": [], "explorer": [], "reddit": [], "technical_doc": [], "source_code": [], "announcement": ["https://bitcointalk.org/index.php?topic=1477176.0"]}, "platform": null, "date_added": "2016-06-26T00:00:00.000Z", "twitter_username": "cometcoin", "is_hidden": 0, "date_launched": null, "contract_address": [], "self_reported_circulating_supply": null, "self_reported_tags": null, "self_reported_market_cap": null}]