[{"id": 17688, "name": "AnetaBTC", "symbol": "cNETA", "category": "token", "description": "AnetaBTC (cNETA) is a cryptocurrency launched in 2021and operates on the Cardano platform. AnetaBTC has a current supply of 1,000,000,000 with 0 in circulation. The last known price of AnetaBTC is 0.00295138 USD and is down -5.06 over the last 24 hours. It is currently trading on 1 active market(s) with $0.00 traded over the last 24 hours. More information can be found at https://www.anetabtc.io/.", "slug": "anetabtc", "logo": "https://s2.coinmarketcap.com/static/img/coins/64x64/17688.png", "subreddit": "anetaBTC", "notice": "", "tags": ["cardano-ecosystem"], "tag-names": ["Cardano Ecosystem"], "tag-groups": ["CATEGORY"], "urls": {"website": ["https://www.anetabtc.io/"], "twitter": ["https://twitter.com/anetabtc"], "message_board": ["https://medium.com/@anetaBTC"], "chat": ["https://discord.gg/YamVdqMn (anetaBTC)", "t.me/anetabtc"], "facebook": [], "explorer": ["https://cardanoscan.io/token/b34b3ea80060ace9427bda98690a73d33840e27aaa8d6edb7f0c757a634e455441"], "reddit": ["https://reddit.com/r/anetaBTC"], "technical_doc": ["https://medium.com/@anetaBTC/anetabtc-litepaper-v1-0-171f29b3276a"], "source_code": [], "announcement": []}, "platform": {"id": "2010", "name": "Cardano", "slug": "cardano", "symbol": "ADA", "token_address": "b34b3ea80060ace9427bda98690a73d33840e27aaa8d6edb7f0c757a634e455441"}, "date_added": "2022-01-27T08:59:59.000Z", "twitter_username": "anetabtc", "is_hidden": 0, "date_launched": "2021-11-09T00:00:00.000Z", "contract_address": [{"contract_address": "b34b3ea80060ace9427bda98690a73d33840e27aaa8d6edb7f0c757a634e455441", "platform": {"name": "Cardano", "coin": {"id": "2010", "name": "Cardano", "symbol": "ADA", "slug": "cardano"}}}], "self_reported_circulating_supply": 1000000000, "self_reported_tags": null, "self_reported_market_cap": 2950180.2474518972}]