[{"id": 7349, "name": "Centaur", "symbol": "CNTR", "category": "coin", "description": "Centaur (CNTR) is a cryptocurrency . Centaur has a current supply of 6,000,000,000 with 3,911,541,666 in circulation. The last known price of Centaur is 0.00008869 USD and is down -2.48 over the last 24 hours. It is currently trading on 9 active market(s) with $174.13 traded over the last 24 hours. More information can be found at https://cntr.finance/.", "slug": "centaur", "logo": "https://s2.coinmarketcap.com/static/img/coins/64x64/7349.png", "subreddit": "", "notice": "", "tags": ["cosmos-ecosystem", "injective-ecosystem"], "tag-names": ["Cosmos Ecosystem", "Injective Ecosystem"], "tag-groups": ["INDUSTRY", "PLATFORM"], "urls": {"website": ["https://cntr.finance/"], "twitter": ["https://twitter.com/OfficialCentaur"], "message_board": ["https://medium.com/centaur"], "chat": ["https://t.me/OfficialCentaur"], "facebook": [], "explorer": ["https://etherscan.io/token/0x03042482d64577a7bdb282260e2ea4c8a89c064b", "https://polygonscan.com/token/0xdae89da41a96956e9e70320ac9c0dd077070d3a5"], "reddit": [], "technical_doc": ["https://cntr.finance/docs/whitepaper.pdf"], "source_code": [], "announcement": []}, "platform": {"id": "1027", "name": "Ethereum", "slug": "ethereum", "symbol": "ETH", "token_address": "0x03042482d64577a7bdb282260e2ea4c8a89c064b"}, "date_added": "2020-10-09T00:00:00.000Z", "twitter_username": "OfficialCentaur", "is_hidden": 0, "date_launched": null, "contract_address": [{"contract_address": "0x03042482d64577a7bdb282260e2ea4c8a89c064b", "platform": {"name": "Ethereum", "coin": {"id": "1027", "name": "Ethereum", "symbol": "ETH", "slug": "ethereum"}}}, {"contract_address": "0xdae89da41a96956e9e70320ac9c0dd077070d3a5", "platform": {"name": "Polygon", "coin": {"id": "3890", "name": "Polygon", "symbol": "MATIC", "slug": "polygon"}}}], "self_reported_circulating_supply": null, "self_reported_tags": null, "self_reported_market_cap": null}]