[{"id": 11021, "name": "Corite", "symbol": "CO", "category": "token", "description": "Corite (CO) is a cryptocurrency launched in 2022and operates on the Ethereum platform. Corite has a current supply of 0. The last known price of Corite is 0.01067706 USD and is up 7.60 over the last 24 hours. It is currently trading on 6 active market(s) with $30,264.98 traded over the last 24 hours. More information can be found at https://corite.com/.", "slug": "corite", "logo": "https://s2.coinmarketcap.com/static/img/coins/64x64/11021.png", "subreddit": "corite/", "notice": "", "tags": ["entertainment", "music", "social-token", "chromia-ecosystem"], "tag-names": ["Entertainment", "Music", "Social Token", "Chromia Ecosystem"], "tag-groups": ["INDUSTRY", "INDUSTRY", "CATEGORY", "CATEGORY"], "urls": {"website": ["https://corite.com/", "https://corite.org/"], "twitter": ["https://twitter.com/coritecom"], "message_board": ["https://corite.com/news"], "chat": ["https://t.me/corite", "https://www.instagram.com/corite/"], "facebook": [], "explorer": ["https://www.binance.com/en/price/corite"], "reddit": ["https://reddit.com/r/corite/"], "technical_doc": ["https://corite.org/corite_co_whitepaper"], "source_code": [], "announcement": ["https://t.me/corite_announcements"]}, "platform": {"id": "1027", "name": "Ethereum", "slug": "ethereum", "symbol": "ETH", "token_address": "0x936B6659Ad0C1b244Ba8Efe639092acae30dc8d6"}, "date_added": "2021-07-22T00:00:00.000Z", "twitter_username": "coritecom", "is_hidden": 0, "date_launched": "2022-09-28T00:00:00.000Z", "contract_address": [{"contract_address": "0x936B6659Ad0C1b244Ba8Efe639092acae30dc8d6", "platform": {"name": "Ethereum", "coin": {"id": "1027", "name": "Ethereum", "symbol": "ETH", "slug": "ethereum"}}}, {"contract_address": "0x936B6659Ad0C1b244Ba8Efe639092acae30dc8d6", "platform": {"name": "BNB Smart Chain (BEP20)", "coin": {"id": "1839", "name": "BNB", "symbol": "BNB", "slug": "bnb"}}}], "self_reported_circulating_supply": 17100000, "self_reported_tags": ["Media", "Platform", "Crowdfunding", "Music", "DAO", "DApp", "BNB Smart Chain"], "self_reported_market_cap": 182381.662964294}]