[{"id": 18608, "name": "Code 7", "symbol": "CODE7", "category": "token", "description": "Code 7 (CODE7) is a cryptocurrency and operates on the Fantom platform. Code 7 has a current supply of 27,315 with 0 in circulation. The last known price of Code 7 is 0.02285757 USD and is up 0.00 over the last 24 hours. More information can be found at https://www.code7.finance/.", "slug": "code7", "logo": "https://s2.coinmarketcap.com/static/img/coins/64x64/18608.png", "subreddit": "", "notice": "", "tags": ["fantom-ecosystem"], "tag-names": ["Fantom Ecosystem"], "tag-groups": ["PLATFORM"], "urls": {"website": ["https://www.code7.finance/"], "twitter": ["https://twitter.com/code7finance"], "message_board": [], "chat": ["https://discord.com/invite/rE4Ek7tVzc"], "facebook": [], "explorer": ["https://ftmscan.com/token/0xF77864FCFfeC4598813E3378681c9330B771cA88"], "reddit": [], "technical_doc": [], "source_code": [], "announcement": []}, "platform": {"id": "3513", "name": "Fantom", "slug": "fantom", "symbol": "FTM", "token_address": "0xF77864FCFfeC4598813E3378681c9330B771cA88"}, "date_added": "2022-03-07T10:35:57.000Z", "twitter_username": "code7finance", "is_hidden": 0, "date_launched": null, "contract_address": [{"contract_address": "0xF77864FCFfeC4598813E3378681c9330B771cA88", "platform": {"name": "Fantom", "coin": {"id": "3513", "name": "Fantom", "symbol": "FTM", "slug": "fantom"}}}], "self_reported_circulating_supply": null, "self_reported_tags": null, "self_reported_market_cap": null}]