[{"id": 2478, "name": "CoinFi", "symbol": "COFI", "category": "token", "description": "CoinFi (COFI) is a cryptocurrency and operates on the Ethereum platform. CoinFi has a current supply of 300,000,000 with 214,403,033.80556887 in circulation. The last known price of CoinFi is 0.00146907 USD and is down -1.29 over the last 24 hours. It is currently trading on 4 active market(s) with $12,368.15 traded over the last 24 hours. More information can be found at http://www.coinfi.com/.", "slug": "coinfi", "logo": "https://s2.coinmarketcap.com/static/img/coins/64x64/2478.png", "subreddit": "", "notice": "", "tags": ["asset-management", "crowdsourcing", "research"], "tag-names": ["Asset Management", "Crowdsourcing", "Research"], "tag-groups": ["INDUSTRY", "INDUSTRY", "INDUSTRY"], "urls": {"website": ["http://www.coinfi.com/"], "twitter": ["https://twitter.com/coin_fi"], "message_board": ["https://medium.com/coinfi"], "chat": ["https://t.me/coinfi"], "facebook": [], "explorer": ["https://etherscan.io/token/0x3136ef851592acf49ca4c825131e364170fa32b3", "https://ethplorer.io/address/0x3136ef851592acf49ca4c825131e364170fa32b3"], "reddit": [], "technical_doc": [], "source_code": ["https://github.com/coinfi/coinfi"], "announcement": ["https://bitcointalk.org/index.php?topic=2571554"]}, "platform": {"id": "1027", "name": "Ethereum", "slug": "ethereum", "symbol": "ETH", "token_address": "0x3136ef851592acf49ca4c825131e364170fa32b3"}, "date_added": "2018-01-29T00:00:00.000Z", "twitter_username": "coin_fi", "is_hidden": 0, "date_launched": null, "contract_address": [{"contract_address": "0x3136ef851592acf49ca4c825131e364170fa32b3", "platform": {"name": "Ethereum", "coin": {"id": "1027", "name": "Ethereum", "symbol": "ETH", "slug": "ethereum"}}}], "self_reported_circulating_supply": null, "self_reported_tags": null, "self_reported_market_cap": null}, {"id": 7381, "name": "CoFiX", "symbol": "COFI", "category": "token", "description": "CoFiX (COFI) is a cryptocurrency and operates on the Ethereum platform. CoFiX has a current supply of 0. The last known price of CoFiX is 0.04653372 USD and is down -0.22 over the last 24 hours. It is currently trading on 9 active market(s) with $54,315.64 traded over the last 24 hours. More information can be found at https://cofix.tech/.", "slug": "cofix", "logo": "https://s2.coinmarketcap.com/static/img/coins/64x64/7381.png", "subreddit": "", "notice": "", "tags": ["decentralized-exchange-dex-token", "yield-farming", "amm"], "tag-names": ["Decentralized Exchange (DEX) Token", "Yield Farming", "AMM"], "tag-groups": ["CATEGORY", "CATEGORY", "CATEGORY"], "urls": {"website": ["https://cofix.tech/", "https://docs.cofix.io/"], "twitter": ["https://twitter.com/cofixprotocol"], "message_board": [], "chat": ["https://t.me/CoFiXProtocol"], "facebook": [], "explorer": ["https://etherscan.io/token/0x1a23a6BfBAdB59fa563008c0fB7cf96dfCF34Ea1", "https://ethplorer.io/address/0x1a23a6BfBAdB59fa563008c0fB7cf96dfCF34Ea1"], "reddit": [], "technical_doc": ["https://cofix.io/doc/CoFiX_White_Paper.pdf"], "source_code": ["https://github.com/Computable-Finance"], "announcement": []}, "platform": {"id": "1027", "name": "Ethereum", "slug": "ethereum", "symbol": "ETH", "token_address": "0x1a23a6BfBAdB59fa563008c0fB7cf96dfCF34Ea1"}, "date_added": "2020-10-13T00:00:00.000Z", "twitter_username": "cofixprotocol", "is_hidden": 0, "date_launched": null, "contract_address": [{"contract_address": "0x1a23a6BfBAdB59fa563008c0fB7cf96dfCF34Ea1", "platform": {"name": "Ethereum", "coin": {"id": "1027", "name": "Ethereum", "symbol": "ETH", "slug": "ethereum"}}}], "self_reported_circulating_supply": null, "self_reported_tags": null, "self_reported_market_cap": null}]