[{"id": 13068, "name": "COGI", "symbol": "COGI", "category": "token", "description": "COGI (COGI) is a cryptocurrency launched in 2021and operates on the BNB Smart Chain (BEP20) platform. COGI has a current supply of 671,038,017.6846148 with 28,137,126.39744374 in circulation. The last known price of COGI is 0.01409634 USD and is down -0.38 over the last 24 hours. It is currently trading on 6 active market(s) with $2,991.58 traded over the last 24 hours. More information can be found at https://cogi.network/.", "slug": "9d-nft", "logo": "https://s2.coinmarketcap.com/static/img/coins/64x64/13068.png", "subreddit": "", "notice": "", "tags": ["defi", "gaming", "play-to-earn", "vbc-ventures-portfolio", "bnb-chain"], "tag-names": ["DeFi", "Gaming", "Play To Earn", "VBC Ventures Portfolio", "BNB Chain"], "tag-groups": ["CATEGORY", "INDUSTRY", "CATEGORY", "CATEGORY", "PLATFORM"], "urls": {"website": ["https://cogi.network/"], "twitter": ["https://twitter.com/COGI_NETWORK"], "message_board": ["https://medium.com/@9dnft"], "chat": ["https://9dnft.com/discord", "https://t.me/COGI_Network"], "facebook": ["https://www.facebook.com/COGI.NetworkChannel.Gosu"], "explorer": ["https://bscscan.com/address/0x6cb755c4b82e11e727c05f697c790fdbc4253957"], "reddit": [], "technical_doc": ["https://9dnft.com/whitepaper-9dnft.pdf"], "source_code": ["https://github.com/COGI-Technology/cogi_contracts"], "announcement": []}, "platform": {"id": "1839", "name": "BNB", "slug": "bnb", "symbol": "BNB", "token_address": "0x6cb755c4b82e11e727c05f697c790fdbc4253957"}, "date_added": "2021-10-23T23:55:57.000Z", "twitter_username": "COGI_NETWORK", "is_hidden": 0, "date_launched": "2021-11-12T00:00:00.000Z", "contract_address": [{"contract_address": "0x6cb755c4b82e11e727c05f697c790fdbc4253957", "platform": {"name": "BNB Smart Chain (BEP20)", "coin": {"id": "1839", "name": "BNB", "symbol": "BNB", "slug": "bnb"}}}], "self_reported_circulating_supply": 21959383, "self_reported_tags": ["Metaverse"], "self_reported_market_cap": 308736.2412897523}]