[{"id": 8450, "name": "Coliquidity", "symbol": "COLI", "category": "token", "description": "Coliquidity (COLI) is a cryptocurrency launched in 2021and operates on the Ethereum platform. Coliquidity has a current supply of 969,163,000 with 0 in circulation. The last known price of Coliquidity is 0.00065821 USD and is up 0.00 over the last 24 hours. More information can be found at https://www.coliquidity.com/.", "slug": "shield-finance", "logo": "https://s2.coinmarketcap.com/static/img/coins/64x64/8450.png", "subreddit": "Coliquidity", "notice": "", "tags": ["insurance"], "tag-names": ["Insurance"], "tag-groups": ["INDUSTRY"], "urls": {"website": ["https://www.coliquidity.com/"], "twitter": ["https://twitter.com/Coliquidity"], "message_board": ["https://coliquidity.medium.com/"], "chat": ["https://t.me/Coliquidity", "https://discord.gg/vxjTVeesWG"], "facebook": [], "explorer": ["https://etherscan.io/token/0xd49EFA7BC0D339D74f487959C573d518BA3F8437", "https://bscscan.com/address/0x3470C81026C8085b7B743695f851353043Ff0d0D"], "reddit": ["https://reddit.com/r/Coliquidity"], "technical_doc": ["https://docs.coliquidity.com/"], "source_code": ["https://github.com/Coliquidity/contracts"], "announcement": ["https://t.me/ColiquidityAnnouncements"]}, "platform": {"id": "1027", "name": "Ethereum", "slug": "ethereum", "symbol": "ETH", "token_address": "0xd49EFA7BC0D339D74f487959C573d518BA3F8437"}, "date_added": "2021-02-13T00:00:00.000Z", "twitter_username": "Coliquidity", "is_hidden": 0, "date_launched": "2021-05-25T00:00:00.000Z", "contract_address": [{"contract_address": "0xd49EFA7BC0D339D74f487959C573d518BA3F8437", "platform": {"name": "Ethereum", "coin": {"id": "1027", "name": "Ethereum", "symbol": "ETH", "slug": "ethereum"}}}, {"contract_address": "0x3470C81026C8085b7B743695f851353043Ff0d0D", "platform": {"name": "BNB Smart Chain (BEP20)", "coin": {"id": "1839", "name": "BNB", "symbol": "BNB", "slug": "bnb"}}}], "self_reported_circulating_supply": null, "self_reported_tags": ["DeFi", "Token"], "self_reported_market_cap": null}]