[{"id": 8999, "name": "Collateral Pay", "symbol": "COLL", "category": "token", "description": "Collateral Pay (COLL) is a cryptocurrency and operates on the Ethereum platform. Collateral Pay has a current supply of 50,000,000 with 6,192,106.06690768 in circulation. The last known price of Collateral Pay is 0.00660693 USD and is down -10.91 over the last 24 hours. It is currently trading on 2 active market(s) with $1,582.43 traded over the last 24 hours. More information can be found at https://www.collateralpay.com/.", "slug": "collateral-pay", "logo": "https://s2.coinmarketcap.com/static/img/coins/64x64/8999.png", "subreddit": "", "notice": "", "tags": ["duckstarter", "bnb-chain"], "tag-names": ["DuckSTARTER", "BNB Chain"], "tag-groups": ["CATEGORY", "PLATFORM"], "urls": {"website": ["https://www.collateralpay.com/"], "twitter": ["https://twitter.com/CollateralDefi"], "message_board": ["https://collateraldefi.medium.com/"], "chat": ["https://t.me/collateraldefi"], "facebook": [], "explorer": ["https://etherscan.io/token/0x957891c11616d3e0b0a76a76fb42724c382e0ef3", "https://bscscan.com/token/0xA4CB040B85e94F5c0C32ea1151B20D3aB40B3493"], "reddit": [], "technical_doc": ["https://collateraldefi.io/wp-content/uploads/2021/03/LightPaper-Collateral-Pay.pdf"], "source_code": [], "announcement": []}, "platform": {"id": "1027", "name": "Ethereum", "slug": "ethereum", "symbol": "ETH", "token_address": "0x957891c11616d3e0b0a76a76fb42724c382e0ef3"}, "date_added": "2021-04-16T00:00:00.000Z", "twitter_username": "CollateralDefi", "is_hidden": 0, "date_launched": null, "contract_address": [{"contract_address": "0x957891c11616d3e0b0a76a76fb42724c382e0ef3", "platform": {"name": "Ethereum", "coin": {"id": "1027", "name": "Ethereum", "symbol": "ETH", "slug": "ethereum"}}}, {"contract_address": "0xa4cb040b85e94f5c0c32ea1151b20d3ab40b3493", "platform": {"name": "BNB Smart Chain (BEP20)", "coin": {"id": "1839", "name": "BNB", "symbol": "BNB", "slug": "bnb"}}}], "self_reported_circulating_supply": null, "self_reported_tags": null, "self_reported_market_cap": null}, {"id": 18992, "name": "Collector", "symbol": "COLL", "category": "token", "description": "Collector brings real-world collectibles into the 21st century by using physically backed NFTs (pNFTs) on the Solana Blockchain. Founded in October 2021 by a team based in the United States, Collector transforms the way that individuals interact with their collections, resulting in lower fees, lower risk and more opportunities to enjoy their masterpieces.\r\n\r\nThe core process is simple:\r\n\r\nUsers send their collectibles to well-known and trusted vaults where they are scanned, placed in secure temperature-controlled storage and insured.\r\n\r\nUsers receive a pNFT representing their stored collectible.\r\n\r\nUsers can trade and display their pNFTs quickly, safely and without exorbitant fees.\r\n\r\nIf the user ever wants to retrieve the stored asset, they can burn the associated pNFT and have the collectible item shipped to them.\r\n\r\nWith Collector, trading, managing your collection and finding the items you want becomes fast, cheap and secure. And even if you don\u2019t have an interest in crypto, the Collector UX is designed to make the entire process simple for every user.", "slug": "collector", "logo": "https://s2.coinmarketcap.com/static/img/coins/64x64/18992.png", "subreddit": "", "notice": "", "tags": null, "tag-names": null, "tag-groups": null, "urls": {"website": ["https://collectorcrypt.com/"], "twitter": ["https://twitter.com/Collector_Crypt"], "message_board": ["https://medium.com/collector1"], "chat": ["https://t.me/CollectorAnn", "https://t.me/CollectorChat"], "facebook": [], "explorer": [], "reddit": [], "technical_doc": [], "source_code": [], "announcement": []}, "platform": null, "date_added": "2022-03-22T17:52:08.000Z", "twitter_username": "Collector_Crypt", "is_hidden": 0, "date_launched": "2021-09-30T00:00:00.000Z", "contract_address": [], "self_reported_circulating_supply": null, "self_reported_tags": null, "self_reported_market_cap": null}]