[{"id": 7718, "name": "Combo", "symbol": "COMB", "category": "token", "description": "Combo (COMB) is a cryptocurrency launched in 2020. Combo has a current supply of 0. The last known price of Combo is 0.00055181 USD and is up -0.00 over the last 24 hours. It is currently trading on 1 active market(s) with $147,926.12 traded over the last 24 hours. More information can be found at https://www.comboos.com.", "slug": "combo", "logo": "https://s2.coinmarketcap.com/static/img/coins/64x64/7718.png", "subreddit": "", "notice": "", "tags": null, "tag-names": null, "tag-groups": null, "urls": {"website": ["https://www.comboos.com"], "twitter": ["https://twitter.com/deficombo"], "message_board": [], "chat": [], "facebook": [], "explorer": ["https://etherscan.io/token/0x7C81542ED859A2061538FEE22B6544a235B9557D"], "reddit": [], "technical_doc": ["https://comboos.com/Combo_Whitepaper.pdf"], "source_code": ["https://etherscan.io/token/0x7C81542ED859A2061538FEE22B6544a235B9557D#readContract"], "announcement": []}, "platform": null, "date_added": "2020-11-19T00:00:00.000Z", "twitter_username": "deficombo", "is_hidden": 0, "date_launched": "2020-09-06T00:00:00.000Z", "contract_address": [], "self_reported_circulating_supply": NaN, "self_reported_tags": null, "self_reported_market_cap": NaN}, {"id": 17054, "name": "Comb Finance", "symbol": "COMB", "category": "token", "description": "Comb Finance (COMB) is a cryptocurrency and operates on the Fantom platform. Comb Finance has a current supply of 129,050 with 0 in circulation. The last known price of Comb Finance is 2.9923891 USD and is down -0.73 over the last 24 hours. It is currently trading on 5 active market(s) with $926.01 traded over the last 24 hours. More information can be found at https://comb.financial.", "slug": "comb-finance", "logo": "https://s2.coinmarketcap.com/static/img/coins/64x64/17054.png", "subreddit": "", "notice": "", "tags": ["fantom-ecosystem"], "tag-names": ["Fantom Ecosystem"], "tag-groups": ["PLATFORM"], "urls": {"website": ["https://comb.financial"], "twitter": ["https://twitter.com/combfinancial"], "message_board": ["https://medium.com/@combfin"], "chat": ["https://discord.gg/combfinancial"], "facebook": [], "explorer": ["https://ftmscan.com/token/0xae45a827625116d6c0c40b5d7359ecf68f8e9afd"], "reddit": [], "technical_doc": [], "source_code": [], "announcement": []}, "platform": {"id": "3513", "name": "Fantom", "slug": "fantom", "symbol": "FTM", "token_address": "0xae45a827625116d6c0c40b5d7359ecf68f8e9afd"}, "date_added": "2022-01-10T04:54:43.000Z", "twitter_username": "combfinancial", "is_hidden": 0, "date_launched": null, "contract_address": [{"contract_address": "0xae45a827625116d6c0c40b5d7359ecf68f8e9afd", "platform": {"name": "Fantom", "coin": {"id": "3513", "name": "Fantom", "symbol": "FTM", "slug": "fantom"}}}], "self_reported_circulating_supply": 34783.0, "self_reported_tags": null, "self_reported_market_cap": 103861.61720126969}, {"id": 7178, "name": "Combine.finance", "symbol": "COMB", "category": "token", "description": "Combine.finance (COMB) is a cryptocurrency and operates on the Ethereum platform. Combine.finance has a current supply of 2,564 with 0 in circulation. The last known price of Combine.finance is 4.16194618 USD and is up 0.00 over the last 24 hours. More information can be found at https://combine.finance/.", "slug": "combine-finance", "logo": "https://s2.coinmarketcap.com/static/img/coins/64x64/7178.png", "subreddit": "", "notice": "", "tags": null, "tag-names": null, "tag-groups": null, "urls": {"website": ["https://combine.finance/"], "twitter": ["https://twitter.com/CombineFinance"], "message_board": [], "chat": ["https://telegram.me/combinefinance", "https://discord.gg/QKGAWRa"], "facebook": [], "explorer": ["https://etherscan.io/token/0x7d36cce46dd2b0d28dde12a859c2ace4a21e3678", "https://ethplorer.io/address/0x7d36cce46dd2b0d28dde12a859c2ace4a21e3678"], "reddit": [], "technical_doc": [], "source_code": [], "announcement": []}, "platform": {"id": "1027", "name": "Ethereum", "slug": "ethereum", "symbol": "ETH", "token_address": "0x7d36cce46dd2b0d28dde12a859c2ace4a21e3678"}, "date_added": "2020-09-25T00:00:00.000Z", "twitter_username": "CombineFinance", "is_hidden": 0, "date_launched": null, "contract_address": [{"contract_address": "0x7d36cce46dd2b0d28dde12a859c2ace4a21e3678", "platform": {"name": "Ethereum", "coin": {"id": "1027", "name": "Ethereum", "symbol": "ETH", "slug": "ethereum"}}}], "self_reported_circulating_supply": NaN, "self_reported_tags": null, "self_reported_market_cap": NaN}]