[{"id": 8259, "name": "Furucombo", "symbol": "COMBO", "category": "token", "description": "Furucombo (COMBO) is a cryptocurrency and operates on the Ethereum platform. Furucombo has a current supply of 100,000,000 with 36,047,989.97449313 in circulation. The last known price of Furucombo is 0.02964799 USD and is up 0.08 over the last 24 hours. It is currently trading on 19 active market(s) with $59,527.82 traded over the last 24 hours. More information can be found at https://furucombo.app/.", "slug": "furucombo", "logo": "https://s2.coinmarketcap.com/static/img/coins/64x64/8259.png", "subreddit": "", "notice": "", "tags": ["defi", "defiance-capital-portfolio"], "tag-names": ["DeFi", "DeFiance Capital Portfolio"], "tag-groups": ["CATEGORY", "CATEGORY"], "urls": {"website": ["https://furucombo.app/"], "twitter": ["https://twitter.com/furucombo"], "message_board": ["https://medium.com/furucombo"], "chat": ["https://t.me/furucombo", "https://discord.furucombo.app/"], "facebook": [], "explorer": ["https://etherscan.io/token/0xfFffFffF2ba8F66D4e51811C5190992176930278", "https://ethplorer.io/address/0xfFffFffF2ba8F66D4e51811C5190992176930278"], "reddit": [], "technical_doc": [], "source_code": [], "announcement": []}, "platform": {"id": "1027", "name": "Ethereum", "slug": "ethereum", "symbol": "ETH", "token_address": "0xfFffFffF2ba8F66D4e51811C5190992176930278"}, "date_added": "2021-01-15T00:00:00.000Z", "twitter_username": "furucombo", "is_hidden": 0, "date_launched": null, "contract_address": [{"contract_address": "0xfFffFffF2ba8F66D4e51811C5190992176930278", "platform": {"name": "Ethereum", "coin": {"id": "1027", "name": "Ethereum", "symbol": "ETH", "slug": "ethereum"}}}], "self_reported_circulating_supply": null, "self_reported_tags": null, "self_reported_market_cap": null}]