[{"id": 9627, "name": "ComfyToken", "symbol": "COMFY", "category": "token", "description": "ComfyToken (COMFY) is a cryptocurrency launched in 2021and operates on the BNB Smart Chain (BEP20) platform. ComfyToken has a current supply of 1,000,000,000,000 with 0 in circulation. The last known price of ComfyToken is 0.00000005 USD and is up 0.00 over the last 24 hours. More information can be found at https://comfytoken.com.", "slug": "comfytoken", "logo": "https://s2.coinmarketcap.com/static/img/coins/64x64/9627.png", "subreddit": "comfytoken", "notice": "", "tags": ["bnb-chain"], "tag-names": ["BNB Chain"], "tag-groups": ["PLATFORM"], "urls": {"website": ["https://comfytoken.com"], "twitter": ["https://twitter.com/comfytoken"], "message_board": ["https://comfytoken.medium.com/"], "chat": ["https://discord.gg/comfytoken", "https://t.me/comfytokenchat"], "facebook": [], "explorer": ["https://bscscan.com/token/0xc737b44cb0aa18815a1f6918eb338dee7e7e6bd7"], "reddit": ["https://reddit.com/r/comfytoken"], "technical_doc": ["https://www.comfytoken.com/whitepaper"], "source_code": ["http://github.com/comfytoken"], "announcement": []}, "platform": {"id": "1839", "name": "BNB", "slug": "bnb", "symbol": "BNB", "token_address": "0xc737b44cb0aa18815a1f6918eb338dee7e7e6bd7"}, "date_added": "2021-05-07T00:00:00.000Z", "twitter_username": "comfytoken", "is_hidden": 0, "date_launched": "2021-04-16T00:00:00.000Z", "contract_address": [{"contract_address": "0xc737b44cb0aa18815a1f6918eb338dee7e7e6bd7", "platform": {"name": "BNB Smart Chain (BEP20)", "coin": {"id": "1839", "name": "BNB", "symbol": "BNB", "slug": "bnb"}}}], "self_reported_circulating_supply": null, "self_reported_tags": null, "self_reported_market_cap": null}, {"id": 17638, "name": "Comfy", "symbol": "COMFY", "category": "token", "description": "Comfy (COMFY) is a cryptocurrency and operates on the Harmony platform. Comfy has a current supply of 160,001 with 0 in circulation. The last known price of Comfy is 0.01440572 USD and is down -8.15 over the last 24 hours. More information can be found at https://comfy.money/.", "slug": "comfy", "logo": "https://s2.coinmarketcap.com/static/img/coins/64x64/17638.png", "subreddit": "", "notice": "", "tags": ["harmony-ecosystem"], "tag-names": ["Harmony Ecosystem"], "tag-groups": ["CATEGORY"], "urls": {"website": ["https://comfy.money/"], "twitter": ["https://twitter.com/VenomDAO"], "message_board": ["https://medium.com/venomdao"], "chat": ["https://t.me/VenomDAO", "https://discord.venomdao.org"], "facebook": [], "explorer": ["https://explorer.harmony.one/address/0x702f78e81cf3dfae89648b5a9e2e1aa8db1de546"], "reddit": [], "technical_doc": [], "source_code": ["https://github.com/VenomProtocol"], "announcement": []}, "platform": {"id": "3945", "name": "Harmony", "slug": "harmony", "symbol": "ONE", "token_address": "0x702f78e81cf3dfae89648b5a9e2e1aa8db1de546"}, "date_added": "2022-01-26T04:19:51.000Z", "twitter_username": "VenomDAO", "is_hidden": 0, "date_launched": null, "contract_address": [{"contract_address": "0x702f78e81cf3dfae89648b5a9e2e1aa8db1de546", "platform": {"name": "Harmony", "coin": {"id": "3945", "name": "Harmony", "symbol": "ONE", "slug": "harmony"}}}], "self_reported_circulating_supply": null, "self_reported_tags": null, "self_reported_market_cap": null}]