[{"id": 5692, "name": "Compound", "symbol": "COMP", "category": "token", "description": "Compound (COMP) is a cryptocurrency and operates on the Ethereum platform. Compound has a current supply of 10,000,000 with 7,267,151.99852569 in circulation. The last known price of Compound is 31.04794097 USD and is down -1.23 over the last 24 hours. It is currently trading on 319 active market(s) with $13,765,176.71 traded over the last 24 hours. More information can be found at https://compound.finance/governance/comp.", "slug": "compound", "logo": "https://s2.coinmarketcap.com/static/img/coins/64x64/5692.png", "subreddit": "", "notice": "", "tags": ["defi", "dao", "yield-farming", "polkadot-ecosystem", "coinbase-ventures-portfolio", "three-arrows-capital-portfolio", "polychain-capital-portfolio", "lending-borowing", "dragonfly-capital-portfolio", "alameda-research-portfolio", "a16z-portfolio", "pantera-capital-portfolio", "paradigm-portfolio", "arbitrum-ecosytem", "bnb-chain"], "tag-names": ["DeFi", "DAO", "Yield Farming", "Polkadot Ecosystem", "Coinbase Ventures Portfolio", "Three Arrows Capital Portfolio", "Polychain Capital Portfolio", "Lending & Borrowing", "DragonFly Capital Portfolio", "Alameda Research Portfolio", "a16z Portfolio", "Pantera Capital Portfolio", "Paradigm Portfolio", "Arbitrum Ecosystem", "BNB Chain"], "tag-groups": ["CATEGORY", "CATEGORY", "CATEGORY", "PLATFORM", "CATEGORY", "CATEGORY", "CATEGORY", "CATEGORY", "CATEGORY", "CATEGORY", "CATEGORY", "CATEGORY", "CATEGORY", "PLATFORM", "PLATFORM"], "urls": {"website": ["https://compound.finance/governance/comp"], "twitter": ["https://twitter.com/compoundfinance"], "message_board": ["https://medium.com/compound-finance"], "chat": ["https://compound.finance/discord"], "facebook": [], "explorer": ["https://etherscan.io/token/0xc00e94cb662c3520282e6f5717214004a7f26888", "https://ethplorer.io/address/0xc00e94cb662c3520282e6f5717214004a7f26888", "https://eth.tokenview.com/en/token/0xc00e94cb662c3520282e6f5717214004a7f26888", "https://blockscout.com/xdai/mainnet/tokens/0xDf6FF92bfDC1e8bE45177DC1f4845d391D3ad8fD/token-transfers", "https://bscscan.com/token/0x52ce071bd9b1c4b00a0b92d298c512478cad67e8"], "reddit": [], "technical_doc": [], "source_code": ["https://github.com/compound-finance/compound-protocol"], "announcement": []}, "platform": {"id": "1027", "name": "Ethereum", "slug": "ethereum", "symbol": "ETH", "token_address": "0xc00e94cb662c3520282e6f5717214004a7f26888"}, "date_added": "2020-06-16T00:00:00.000Z", "twitter_username": "compoundfinance", "is_hidden": 0, "date_launched": null, "contract_address": [{"contract_address": "0xc00e94cb662c3520282e6f5717214004a7f26888", "platform": {"name": "Ethereum", "coin": {"id": "1027", "name": "Ethereum", "symbol": "ETH", "slug": "ethereum"}}}, {"contract_address": "0xDf6FF92bfDC1e8bE45177DC1f4845d391D3ad8fD", "platform": {"name": "Gnosis Chain", "coin": {"id": "1659", "name": "Gnosis", "symbol": "GNO", "slug": "gnosis-gno"}}}, {"contract_address": "0x52ce071bd9b1c4b00a0b92d298c512478cad67e8", "platform": {"name": "BNB Smart Chain (BEP20)", "coin": {"id": "1839", "name": "BNB", "symbol": "BNB", "slug": "bnb"}}}, {"contract_address": "0x00dbd45af9f2ea406746f9025110297469e9d29efc60df8d88efb9b0179d6c2c", "platform": {"name": "Sora", "coin": {"id": "5802", "name": "SORA", "symbol": "XOR", "slug": "sora"}}}, {"contract_address": "0xc3048E19E76CB9a3Aa9d77D8C03c29Fc906e2437", "platform": {"name": "Avalanche C-Chain", "coin": {"id": "5805", "name": "Avalanche", "symbol": "AVAX", "slug": "avalanche"}}}, {"contract_address": "AwEauVaTMQRB71WeDnwf1DWSBxaMKjEPuxyLr1uixFom", "platform": {"name": "Solana", "coin": {"id": "5426", "name": "Solana", "symbol": "SOL", "slug": "solana"}}}], "self_reported_circulating_supply": null, "self_reported_tags": null, "self_reported_market_cap": null}, {"id": 3180, "name": "Compound Coin", "symbol": "COMP", "category": "coin", "description": "Compound Coin (COMP) is a cryptocurrency . Users are able to generate COMP through the process of mining. Compound Coin has a current supply of 54,281,727,831.442299 with 53,731,717,830.442299 in circulation. The last known price of Compound Coin is 0.00000005 USD and is up 0.00 over the last 24 hours. More information can be found at http://compound-coin.cc.", "slug": "compound-coin", "logo": "https://s2.coinmarketcap.com/static/img/coins/64x64/3180.png", "subreddit": "", "notice": "", "tags": ["mineable"], "tag-names": ["Mineable"], "tag-groups": ["OTHERS"], "urls": {"website": ["http://compound-coin.cc", "http://www.compoundcoins.com/"], "twitter": ["https://twitter.com/CompoundCoin"], "message_board": [], "chat": ["https://discord.gg/7yqD7rj"], "facebook": [], "explorer": ["http://comp.prenges.rocks/", "http://explorer.compound-coin.cc/"], "reddit": [], "technical_doc": [], "source_code": ["https://github.com/compounddev/Compound-Coin"], "announcement": ["https://bitcointalk.org/index.php?topic=2220277.0"]}, "platform": null, "date_added": "2018-08-16T00:00:00.000Z", "twitter_username": "CompoundCoin", "is_hidden": 0, "date_launched": null, "contract_address": [], "self_reported_circulating_supply": null, "self_reported_tags": null, "self_reported_market_cap": null}]