[{"id": 16331, "name": "SolCondoms", "symbol": "CONDOMS", "category": "token", "description": "SolCondoms (CONDOMS) is a cryptocurrency launched in 2021and operates on the Solana platform. SolCondoms has a current supply of 1,000,000,300 with 0 in circulation. The last known price of SolCondoms is 0.00001999 USD and is down -0.05 over the last 24 hours. It is currently trading on 1 active market(s) with $0.10 traded over the last 24 hours. More information can be found at https://solcondoms.xyz/.", "slug": "solcondoms", "logo": "https://s2.coinmarketcap.com/static/img/coins/64x64/16331.png", "subreddit": "solcondoms", "notice": "", "tags": ["solana-ecosystem"], "tag-names": ["Solana Ecosystem"], "tag-groups": ["PLATFORM"], "urls": {"website": ["https://solcondoms.xyz/"], "twitter": ["https://twitter.com/solcondoms"], "message_board": ["https://medium.com/@solcondoms"], "chat": ["https://discord.com/invite/solcondoms"], "facebook": [], "explorer": ["https://solscan.io/token/EzL6LLmv4vgfF7irkjG7ZxM92bTJ9f6nFopDXJTow7zj"], "reddit": ["https://reddit.com/r/solcondoms"], "technical_doc": ["https://solcondoms.xyz/wp-content/uploads/2021/12/FINAL-Whitepaper.pdf"], "source_code": [], "announcement": []}, "platform": {"id": "5426", "name": "Solana", "slug": "solana", "symbol": "SOL", "token_address": "EzL6LLmv4vgfF7irkjG7ZxM92bTJ9f6nFopDXJTow7zj"}, "date_added": "2021-12-21T08:05:23.000Z", "twitter_username": "solcondoms", "is_hidden": 0, "date_launched": "2021-11-18T00:00:00.000Z", "contract_address": [{"contract_address": "EzL6LLmv4vgfF7irkjG7ZxM92bTJ9f6nFopDXJTow7zj", "platform": {"name": "Solana", "coin": {"id": "5426", "name": "Solana", "symbol": "SOL", "slug": "solana"}}}], "self_reported_circulating_supply": 83000000, "self_reported_tags": ["Collectibles & NFTs", "Solana Ecosystem"], "self_reported_market_cap": 1658.790104905604}]