[{"id": 8716, "name": "Convergence", "symbol": "CONV", "category": "token", "description": "Convergence (CONV) is a cryptocurrency launched in 2021and operates on the Ethereum platform. Convergence has a current supply of 10,000,000,000 with 1,663,854,924.5041618 in circulation. The last known price of Convergence is 0.00158131 USD and is up 4.46 over the last 24 hours. It is currently trading on 24 active market(s) with $852,025.43 traded over the last 24 hours. More information can be found at https://conv.finance/.", "slug": "convergence", "logo": "https://s2.coinmarketcap.com/static/img/coins/64x64/8716.png", "subreddit": "", "notice": "", "tags": ["decentralized-exchange-dex-token", "yield-farming", "dex", "polkadot-ecosystem", "polkastarter", "cms-holdings-portfolio", "alameda-research-portfolio", "pantera-capital-portfolio", "okex-blockdream-ventures-portfolio"], "tag-names": ["Decentralized Exchange (DEX) Token", "Yield Farming", "DEX", "Polkadot Ecosystem", "Polkastarter", "CMS Holdings Portfolio", "Alameda Research Portfolio", "Pantera Capital Portfolio", "OKEx Blockdream Ventures Portfolio"], "tag-groups": ["CATEGORY", "CATEGORY", "CATEGORY", "PLATFORM", "CATEGORY", "CATEGORY", "CATEGORY", "CATEGORY", "CATEGORY"], "urls": {"website": ["https://conv.finance/"], "twitter": ["https://twitter.com/ConvergenceFin"], "message_board": ["https://medium.com/convergencefinance"], "chat": ["https://t.me/convergencefinanceofficial"], "facebook": [], "explorer": ["https://etherscan.io/token/0xc834fa996fa3bec7aad3693af486ae53d8aa8b50", "https://moonbeam.moonscan.io/token/0x8006320739fc281da67ee62eb9b4ef8add5c903a"], "reddit": [], "technical_doc": ["https://conv.finance/Convergence_whitepaper.pdf"], "source_code": [], "announcement": ["https://twitter.com/ConvergenceFin"]}, "platform": {"id": "1027", "name": "Ethereum", "slug": "ethereum", "symbol": "ETH", "token_address": "0xc834fa996fa3bec7aad3693af486ae53d8aa8b50"}, "date_added": "2021-03-08T00:00:00.000Z", "twitter_username": "ConvergenceFin", "is_hidden": 0, "date_launched": "2021-03-25T00:00:00.000Z", "contract_address": [{"contract_address": "0xc834fa996fa3bec7aad3693af486ae53d8aa8b50", "platform": {"name": "Ethereum", "coin": {"id": "1027", "name": "Ethereum", "symbol": "ETH", "slug": "ethereum"}}}, {"contract_address": "0x8006320739fC281da67Ee62eB9b4Ef8ADD5C903a", "platform": {"name": "Moonbeam", "coin": {"id": "6836", "name": "Moonbeam", "symbol": "GLMR", "slug": "moonbeam"}}}], "self_reported_circulating_supply": null, "self_reported_tags": ["Crowdfunding", "DeFi", "Ethereum Ecosystem", "Yield Farming", "AMM", "DEX", "Launchpad", "CMS Holdings Portfolio", "Kenetic Capital Portfolio", "Alameda Research Portfolio", "Cross-Chain", "Moonriver Ecosystem"], "self_reported_market_cap": null}]