[{"id": 8997, "name": "Cook Finance", "symbol": "COOK", "category": "token", "description": "Cook Finance (COOK) is a cryptocurrency launched in 2020and operates on the Ethereum platform. Cook Finance has a current supply of 10,000,000,000 with 873,630,734.7001727 in circulation. The last known price of Cook Finance is 0.00024449 USD and is down -4.55 over the last 24 hours. It is currently trading on 13 active market(s) with $92,624.53 traded over the last 24 hours. More information can be found at https://www.cook.finance/.", "slug": "cook-protocol", "logo": "https://s2.coinmarketcap.com/static/img/coins/64x64/8997.png", "subreddit": "CookProtocol", "notice": "", "tags": ["asset-management", "defi", "duckstarter", "poolz-finance-portfolio"], "tag-names": ["Asset Management", "DeFi", "DuckSTARTER", "Poolz Finance Portfolio"], "tag-groups": ["INDUSTRY", "CATEGORY", "CATEGORY", "CATEGORY"], "urls": {"website": ["https://www.cook.finance/"], "twitter": ["https://twitter.com/cook_finance"], "message_board": ["https://cookfinance.medium.com/"], "chat": ["https://t.me/cook_english"], "facebook": [], "explorer": ["https://etherscan.io/token/0xff75ced57419bcaebe5f05254983b013b0646ef5", "https://snowtrace.io/token/0x637afeff75ca669fF92e4570B14D6399A658902f"], "reddit": ["https://reddit.com/r/CookProtocol"], "technical_doc": [], "source_code": ["https://github.com/CookFinance"], "announcement": []}, "platform": {"id": "1027", "name": "Ethereum", "slug": "ethereum", "symbol": "ETH", "token_address": "0xff75ced57419bcaebe5f05254983b013b0646ef5"}, "date_added": "2021-03-29T00:00:00.000Z", "twitter_username": "cook_finance", "is_hidden": 0, "date_launched": "2020-08-31T00:00:00.000Z", "contract_address": [{"contract_address": "0xff75ced57419bcaebe5f05254983b013b0646ef5", "platform": {"name": "Ethereum", "coin": {"id": "1027", "name": "Ethereum", "symbol": "ETH", "slug": "ethereum"}}}, {"contract_address": "0x637afeff75ca669fF92e4570B14D6399A658902f", "platform": {"name": "Avalanche C-Chain", "coin": {"id": "5805", "name": "Avalanche", "symbol": "AVAX", "slug": "avalanche"}}}], "self_reported_circulating_supply": null, "self_reported_tags": ["Ethereum Ecosystem", "Avalanche Ecosystem"], "self_reported_market_cap": null}]