[{"id": 13286, "name": "CorgiCoin", "symbol": "CORGI", "category": "token", "description": "CorgiCoin (CORGI) is a cryptocurrency launched in 2021and operates on the BNB Smart Chain (BEP20) platform. CorgiCoin has a current supply of 0. The last known price of CorgiCoin is 0.00002677 USD and is down -4.35 over the last 24 hours. It is currently trading on 2 active market(s) with $735.66 traded over the last 24 hours. More information can be found at https://www.corgicoin.net/.", "slug": "corgicoin-net", "logo": "https://s2.coinmarketcap.com/static/img/coins/64x64/13286.png", "subreddit": "", "notice": "", "tags": ["memes", "doggone-doggerel", "bnb-chain"], "tag-names": ["Memes", "Doggone Doggerel", "BNB Chain"], "tag-groups": ["INDUSTRY", "CATEGORY", "PLATFORM"], "urls": {"website": ["https://www.corgicoin.net/"], "twitter": ["https://twitter.com/CorgiCoinBSC"], "message_board": [], "chat": ["https://t.me/CorgiCoinBSC"], "facebook": [], "explorer": ["https://bscscan.com/token/0x450dcf93160a30be156a4600802c91bf64dffd2e"], "reddit": [], "technical_doc": ["https://corgicoin.net/whitepaper.pdf"], "source_code": [], "announcement": []}, "platform": {"id": "1839", "name": "BNB", "slug": "bnb", "symbol": "BNB", "token_address": "0x450dcf93160a30be156a4600802c91bf64dffd2e"}, "date_added": "2021-10-26T09:47:48.000Z", "twitter_username": "CorgiCoinBSC", "is_hidden": 0, "date_launched": "2021-05-24T00:00:00.000Z", "contract_address": [{"contract_address": "0x450dcf93160a30be156a4600802c91bf64dffd2e", "platform": {"name": "BNB Smart Chain (BEP20)", "coin": {"id": "1839", "name": "BNB", "symbol": "BNB", "slug": "bnb"}}}], "self_reported_circulating_supply": 10000000000.0, "self_reported_tags": null, "self_reported_market_cap": 267747.5791517338}, {"id": 9968, "name": "Corgidoge", "symbol": "CORGI", "category": "token", "description": "Corgidoge (CORGI) is a cryptocurrency launched in 2021and operates on the BNB Smart Chain (BEP20) platform. Corgidoge has a current supply of 9,000,000,000,000 with 0 in circulation. The last known price of Corgidoge is 0.00000004 USD and is down -36.75 over the last 24 hours. It is currently trading on 13 active market(s) with $224.16 traded over the last 24 hours. More information can be found at https://corgidoge.com.", "slug": "corgidoge-real-estate-payment", "logo": "https://s2.coinmarketcap.com/static/img/coins/64x64/9968.png", "subreddit": "corgidoge", "notice": "", "tags": ["doggone-doggerel", "bnb-chain"], "tag-names": ["Doggone Doggerel", "BNB Chain"], "tag-groups": ["CATEGORY", "PLATFORM"], "urls": {"website": ["https://corgidoge.com"], "twitter": ["https://twitter.com/corgidogeestate"], "message_board": ["https://corgidoge.medium.com/"], "chat": ["https://t.me/corgidoge_official"], "facebook": [], "explorer": ["https://bscscan.com/token/0x802c68730212295149f2bea78c25e2cf5a05b8a0", "https://polygonscan.com/token/0xa7a7d9a299fffe99f6e55fcbac94e4b884b30fbb"], "reddit": ["https://reddit.com/r/corgidoge"], "technical_doc": ["http://corgidoge.com/CORGIDOGE_WHITEPAPER_V1.pdf"], "source_code": ["https://github.com/corgidoge-official"], "announcement": []}, "platform": {"id": "1839", "name": "BNB", "slug": "bnb", "symbol": "BNB", "token_address": "0x802c68730212295149f2bea78c25e2cf5a05b8a0"}, "date_added": "2021-05-20T00:00:00.000Z", "twitter_username": "corgidogeestate", "is_hidden": 0, "date_launched": "2021-04-22T00:00:00.000Z", "contract_address": [{"contract_address": "0x802c68730212295149f2bea78c25e2cf5a05b8a0", "platform": {"name": "BNB Smart Chain (BEP20)", "coin": {"id": "1839", "name": "BNB", "symbol": "BNB", "slug": "bnb"}}}, {"contract_address": "0xa7a7d9a299fffe99f6e55fcbac94e4b884b30fbb", "platform": {"name": "Polygon", "coin": {"id": "3890", "name": "Polygon", "symbol": "MATIC", "slug": "polygon"}}}, {"contract_address": "0x7B55A5fDb266eb4cc087e39aa9ed41385fbA4207", "platform": {"name": "Aurora", "coin": {"id": "14803", "name": "Aurora", "symbol": "AURORA", "slug": "aurora-near"}}}], "self_reported_circulating_supply": NaN, "self_reported_tags": ["DeFi", "Staking", "Wallet"], "self_reported_market_cap": NaN}, {"id": 9939, "name": "Corgi inu", "symbol": "CORGI", "category": "token", "description": "Corgi inu (CORGI) is a cryptocurrency launched in 2021and operates on the Ethereum platform. Corgi inu has a current supply of 0. The last known price of Corgi inu is 0.00000006 USD and is down -4.71 over the last 24 hours. More information can be found at https://corgiinu.com/.", "slug": "corgi-inu", "logo": "https://s2.coinmarketcap.com/static/img/coins/64x64/9939.png", "subreddit": "CorgiInu", "notice": "", "tags": ["doggone-doggerel"], "tag-names": ["Doggone Doggerel"], "tag-groups": ["CATEGORY"], "urls": {"website": ["https://corgiinu.com/"], "twitter": ["https://twitter.com/CorgiinuToken"], "message_board": [], "chat": ["https://t.me/corgi_inu_token", "https://discord.gg/EmWrMccfmZ"], "facebook": [], "explorer": ["https://etherscan.io/token/0xe50006781f435ae43096288334afd9ae5ba50065", "https://ethplorer.io/address/0xe50006781f435ae43096288334afd9ae5ba50065#chart=candlestick"], "reddit": ["https://reddit.com/r/CorgiInu"], "technical_doc": [], "source_code": [], "announcement": []}, "platform": {"id": "1027", "name": "Ethereum", "slug": "ethereum", "symbol": "ETH", "token_address": "0xe50006781f435ae43096288334afd9ae5ba50065"}, "date_added": "2021-05-19T00:00:00.000Z", "twitter_username": "CorgiinuToken", "is_hidden": 0, "date_launched": "2021-05-04T00:00:00.000Z", "contract_address": [{"contract_address": "0xe50006781f435ae43096288334afd9ae5ba50065", "platform": {"name": "Ethereum", "coin": {"id": "1027", "name": "Ethereum", "symbol": "ETH", "slug": "ethereum"}}}], "self_reported_circulating_supply": NaN, "self_reported_tags": null, "self_reported_market_cap": NaN}]