[{"id": 10251, "name": "The Corgi of PolkaBridge", "symbol": "CORGIB", "category": "token", "description": "The Corgi of PolkaBridge (CORGIB) is a cryptocurrency launched in 2021and operates on the BNB Smart Chain (BEP20) platform. The Corgi of PolkaBridge has a current supply of 55,000,000,000,000 with 28,970,127,068,717 in circulation. The last known price of The Corgi of PolkaBridge is 0 USD and is down -2.03 over the last 24 hours. It is currently trading on 6 active market(s) with $297.20 traded over the last 24 hours. More information can be found at https://corgib.polkabridge.org/.", "slug": "the-corgi-of-polkabridge", "logo": "https://s2.coinmarketcap.com/static/img/coins/64x64/10251.png", "subreddit": "", "notice": "", "tags": ["doggone-doggerel", "bnb-chain"], "tag-names": ["Doggone Doggerel", "BNB Chain"], "tag-groups": ["CATEGORY", "PLATFORM"], "urls": {"website": ["https://corgib.polkabridge.org/"], "twitter": ["https://twitter.com/realpolkabridge"], "message_board": [], "chat": ["https://t.me/corgipolkabridge"], "facebook": [], "explorer": ["https://bscscan.com/token/0x1cfd6813a59d7b90c41dd5990ed99c3bf2eb8f55"], "reddit": [], "technical_doc": [], "source_code": [], "announcement": []}, "platform": {"id": "1839", "name": "BNB", "slug": "bnb", "symbol": "BNB", "token_address": "0x1cfd6813a59d7b90c41dd5990ed99c3bf2eb8f55"}, "date_added": "2021-06-03T00:00:00.000Z", "twitter_username": "realpolkabridge", "is_hidden": 0, "date_launched": "2021-05-12T00:00:00.000Z", "contract_address": [{"contract_address": "0x1cfd6813a59d7b90c41dd5990ed99c3bf2eb8f55", "platform": {"name": "BNB Smart Chain (BEP20)", "coin": {"id": "1839", "name": "BNB", "symbol": "BNB", "slug": "bnb"}}}], "self_reported_circulating_supply": null, "self_reported_tags": ["Collectibles & NFTs"], "self_reported_market_cap": null}]