[{"id": 4036, "name": "Contentos", "symbol": "COS", "category": "token", "description": "Contentos (COS) is a cryptocurrency and operates on the BNB Beacon Chain (BEP2) platform. Contentos has a current supply of 9,921,624,415.6 with 4,159,130,836.3264613 in circulation. The last known price of Contentos is 0.00440596 USD and is down -0.17 over the last 24 hours. It is currently trading on 31 active market(s) with $2,805,008.17 traded over the last 24 hours. More information can be found at https://www.contentos.io/.", "slug": "contentos", "logo": "https://s2.coinmarketcap.com/static/img/coins/64x64/4036.png", "subreddit": "Contentosofficial", "notice": "", "tags": ["media", "content-creation", "video"], "tag-names": ["Media", "Content Creation", "Video"], "tag-groups": ["INDUSTRY", "INDUSTRY", "INDUSTRY"], "urls": {"website": ["https://www.contentos.io/"], "twitter": ["https://twitter.com/contentosio"], "message_board": ["https://medium.com/contentos-io"], "chat": ["https://t.me/ContentosGlobal"], "facebook": [], "explorer": ["https://explorer.binance.org/asset/COS-2E4", "https://explorer.binance.org/asset/COS-2E4"], "reddit": ["https://reddit.com/r/Contentosofficial"], "technical_doc": ["https://www.contentos.io/subject/home/pdfs/t_wp_en.pdf?t=20190060601"], "source_code": ["https://github.com/coschain/"], "announcement": []}, "platform": {"id": "1839", "name": "BNB", "slug": "bnb", "symbol": "BNB", "token_address": "COS-2E4"}, "date_added": "2019-06-20T00:00:00.000Z", "twitter_username": "contentosio", "is_hidden": 0, "date_launched": null, "contract_address": [{"contract_address": "COS-2E4", "platform": {"name": "BNB Beacon Chain (BEP2)", "coin": {"id": "1839", "name": "BNB", "symbol": "BNB", "slug": "bnb"}}}], "self_reported_circulating_supply": null, "self_reported_tags": null, "self_reported_market_cap": null}, {"id": 1989, "name": "COS", "symbol": "COS", "category": "token", "description": "COS (COS) is a cryptocurrency and operates on the Ethereum platform. COS has a current supply of 200,000,000 with 197,175,803 in circulation. The last known price of COS is 0.00590435 USD and is up 0.00 over the last 24 hours. More information can be found at https://coss.io/.", "slug": "cos", "logo": "https://s2.coinmarketcap.com/static/img/coins/64x64/1989.png", "subreddit": "COSSio", "notice": "", "tags": ["marketplace", "payments"], "tag-names": ["Marketplace", "Payments"], "tag-groups": ["INDUSTRY", "INDUSTRY"], "urls": {"website": ["https://coss.io/"], "twitter": ["https://twitter.com/cosscrypto"], "message_board": [], "chat": ["https://t.me/myCOSS"], "facebook": [], "explorer": ["https://etherscan.io/token/0x7d3cb11f8c13730c24d01826d8f2005f0e1b348f", "https://ethplorer.io/address/0x7d3cb11f8c13730c24d01826d8f2005f0e1b348f"], "reddit": ["https://reddit.com/r/COSSio"], "technical_doc": ["https://coss.io/documents/coss-whitepaper-v3.pdf"], "source_code": [], "announcement": ["https://bitcointalk.org/index.php?topic=2050735.0"]}, "platform": {"id": "1027", "name": "Ethereum", "slug": "ethereum", "symbol": "ETH", "token_address": "0x7d3cb11f8c13730c24d01826d8f2005f0e1b348f"}, "date_added": "2017-09-25T00:00:00.000Z", "twitter_username": "cosscrypto", "is_hidden": 0, "date_launched": null, "contract_address": [{"contract_address": "0x7d3cb11f8c13730c24d01826d8f2005f0e1b348f", "platform": {"name": "Ethereum", "coin": {"id": "1027", "name": "Ethereum", "symbol": "ETH", "slug": "ethereum"}}}], "self_reported_circulating_supply": null, "self_reported_tags": null, "self_reported_market_cap": null}]