[{"id": 3992, "name": "COTI", "symbol": "COTI", "category": "coin", "description": "COTI (COTI) is a cryptocurrency launched in 2019. COTI has a current supply of 2,000,000,000 with 1,108,643,952.08 in circulation. The last known price of COTI is 0.05630813 USD and is down -3.28 over the last 24 hours. It is currently trading on 103 active market(s) with $3,398,298.34 traded over the last 24 hours. More information can be found at https://coti.io/.", "slug": "coti", "logo": "https://s2.coinmarketcap.com/static/img/coins/64x64/3992.png", "subreddit": "cotinetwork", "notice": "", "tags": ["defi", "fantom-ecosystem", "cardano-ecosystem", "cardano", "bnb-chain"], "tag-names": ["DeFi", "Fantom Ecosystem", "Cardano Ecosystem", "Cardano", "BNB Chain"], "tag-groups": ["CATEGORY", "PLATFORM", "CATEGORY", "PLATFORM", "PLATFORM"], "urls": {"website": ["https://coti.io/"], "twitter": ["https://twitter.com/COTInetwork"], "message_board": ["https://medium.com/cotinetwork", "https://steemit.com/@cotinetwork"], "chat": ["https://t.me/COTInetwork", "https://discord.me/coti"], "facebook": [], "explorer": ["https://explorer.coti.io/", "https://explorer.binance.org/asset/COTI-CBB", "https://etherscan.io/token/0xddb3422497e61e13543bea06989c0789117555c5", "https://bscscan.com/token/0xadbaf88b39d37dc68775ed1541f1bf83a5a45feb"], "reddit": ["https://reddit.com/r/cotinetwork"], "technical_doc": ["https://coti.io/files/COTI-technical-whitepaper.pdf"], "source_code": ["https://github.com/coti-io"], "announcement": ["https://bitcointalk.org/index.php?topic=1364597.0"]}, "platform": {"id": "1027", "name": "Ethereum", "slug": "ethereum", "symbol": "ETH", "token_address": "0xDDB3422497E61e13543BeA06989C0789117555c5"}, "date_added": "2019-06-04T00:00:00.000Z", "twitter_username": "COTInetwork", "is_hidden": 0, "date_launched": "2019-06-04T00:00:00.000Z", "contract_address": [{"contract_address": "0xDDB3422497E61e13543BeA06989C0789117555c5", "platform": {"name": "Ethereum", "coin": {"id": "1027", "name": "Ethereum", "symbol": "ETH", "slug": "ethereum"}}}, {"contract_address": "0xadbaf88b39d37dc68775ed1541f1bf83a5a45feb", "platform": {"name": "BNB Smart Chain (BEP20)", "coin": {"id": "1839", "name": "BNB", "symbol": "BNB", "slug": "bnb"}}}, {"contract_address": "COTI-CBB", "platform": {"name": "BNB Beacon Chain (BEP2)", "coin": {"id": "1839", "name": "BNB", "symbol": "BNB", "slug": "bnb"}}}], "self_reported_circulating_supply": 868672118.03, "self_reported_tags": ["DeFi"], "self_reported_market_cap": 48859252.77277377}]