[{"id": 3650, "name": "COVA", "symbol": "COVA", "category": "token", "description": "COVA (COVA) is a cryptocurrency and operates on the Ethereum platform. COVA has a current supply of 6,500,000,000 with 2,496,011,000 in circulation. The last known price of COVA is 0.00001277 USD and is down -2.29 over the last 24 hours. It is currently trading on 4 active market(s) with $0.00 traded over the last 24 hours. More information can be found at https://covalent.ai/.", "slug": "cova", "logo": "https://s2.coinmarketcap.com/static/img/coins/64x64/3650.png", "subreddit": "Covalent_Official", "notice": "", "tags": ["kenetic-capital-portfolio"], "tag-names": ["Kenetic Capital Portfolio"], "tag-groups": ["CATEGORY"], "urls": {"website": ["https://covalent.ai/"], "twitter": ["https://twitter.com/covatoken"], "message_board": ["https://medium.com/@covatoken"], "chat": ["https://t.me/covalentofficial"], "facebook": [], "explorer": ["https://etherscan.io/token/0xb37a769b37224449d92aac57de379e1267cd3b00", "https://ethplorer.io/address/0xb37a769b37224449d92aac57de379e1267cd3b00"], "reddit": ["https://reddit.com/r/Covalent_Official"], "technical_doc": ["https://docs.covalent.ai/"], "source_code": ["https://github.com/covalent-hq"], "announcement": []}, "platform": {"id": "1027", "name": "Ethereum", "slug": "ethereum", "symbol": "ETH", "token_address": "0xb37a769b37224449d92aac57de379e1267cd3b00"}, "date_added": "2018-12-26T00:00:00.000Z", "twitter_username": "covatoken", "is_hidden": 0, "date_launched": null, "contract_address": [{"contract_address": "0xb37a769b37224449d92aac57de379e1267cd3b00", "platform": {"name": "Ethereum", "coin": {"id": "1027", "name": "Ethereum", "symbol": "ETH", "slug": "ethereum"}}}], "self_reported_circulating_supply": null, "self_reported_tags": null, "self_reported_market_cap": null}]