[{"id": 8175, "name": "COVER Protocol", "symbol": "COVER", "category": "token", "description": "COVER Protocol (COVER) is a cryptocurrency and operates on the Ethereum platform. COVER Protocol has a current supply of 82,000 with 79,179.46003249 in circulation. The last known price of COVER Protocol is 188.0511847 USD and is down -16.64 over the last 24 hours. More information can be found at https://www.coverprotocol.com/.", "slug": "cover-protocol-new", "logo": "https://s2.coinmarketcap.com/static/img/coins/64x64/8175.png", "subreddit": "", "notice": "Cover Protocol is shutting down. For more details [Click here](https://twitter.com/CoverProtocol/status/1434331981001764875)", "tags": ["defi", "insurance", "yearn-partnerships", "fantom-ecosystem"], "tag-names": ["DeFi", "Insurance", "Yearn Partnerships", "Fantom Ecosystem"], "tag-groups": ["CATEGORY", "INDUSTRY", "CATEGORY", "PLATFORM"], "urls": {"website": ["https://www.coverprotocol.com/"], "twitter": ["https://twitter.com/COVERProtocol"], "message_board": [], "chat": ["https://t.me/joinchat/GuxE8RuXGNUPuJEuwF3-3A"], "facebook": [], "explorer": ["https://etherscan.io/token/0x4688a8b1f292fdab17e9a90c8bc379dc1dbd8713", "https://ethplorer.io/address/0x4688a8b1f292fdab17e9a90c8bc379dc1dbd8713", "https://ftmscan.com/token/0xB01E8419d842beebf1b70A7b5f7142abbaf7159D"], "reddit": [], "technical_doc": [], "source_code": ["https://github.com/CoverProtocol"], "announcement": []}, "platform": {"id": "1027", "name": "Ethereum", "slug": "ethereum", "symbol": "ETH", "token_address": "0x4688a8b1f292fdab17e9a90c8bc379dc1dbd8713"}, "date_added": "2021-01-05T00:00:00.000Z", "twitter_username": "COVERProtocol", "is_hidden": 0, "date_launched": null, "contract_address": [{"contract_address": "0x4688a8b1f292fdab17e9a90c8bc379dc1dbd8713", "platform": {"name": "Ethereum", "coin": {"id": "1027", "name": "Ethereum", "symbol": "ETH", "slug": "ethereum"}}}, {"contract_address": "0xb01e8419d842beebf1b70a7b5f7142abbaf7159d", "platform": {"name": "Fantom", "coin": {"id": "3513", "name": "Fantom", "symbol": "FTM", "slug": "fantom"}}}], "self_reported_circulating_supply": null, "self_reported_tags": null, "self_reported_market_cap": null}]