[{"id": 19269, "name": "CoW Protocol", "symbol": "COW", "category": "token", "description": "CoW Protocol (COW) is a cryptocurrency launched in 2021and operates on the Ethereum platform. CoW Protocol has a current supply of 1,000,000,000 with 0 in circulation. The last known price of CoW Protocol is 0.06879432 USD and is down -0.58 over the last 24 hours. It is currently trading on 27 active market(s) with $54,068.54 traded over the last 24 hours. More information can be found at https://cow.fi.", "slug": "cow-protocol", "logo": "https://s2.coinmarketcap.com/static/img/coins/64x64/19269.png", "subreddit": "", "notice": "", "tags": null, "tag-names": null, "tag-groups": null, "urls": {"website": ["https://cow.fi", "https://cowswap.exchange"], "twitter": ["https://twitter.com/MEVprotection"], "message_board": ["https://medium.com/@cow-protocol"], "chat": ["https://discord.gg/cowprotocol"], "facebook": [], "explorer": ["https://etherscan.io/token/0xDEf1CA1fb7FBcDC777520aa7f396b4E015F497aB", "https://blockscout.com/xdai/mainnet/token/0x177127622c4A00F3d409B75571e12cB3c8973d3c/token-transfers"], "reddit": [], "technical_doc": [], "source_code": ["https://github.com/gnosis/cowswap"], "announcement": []}, "platform": {"id": "1027", "name": "Ethereum", "slug": "ethereum", "symbol": "ETH", "token_address": "0xDEf1CA1fb7FBcDC777520aa7f396b4E015F497aB"}, "date_added": "2022-04-01T08:42:05.000Z", "twitter_username": "MEVprotection", "is_hidden": 0, "date_launched": "2021-04-27T00:00:00.000Z", "contract_address": [{"contract_address": "0xDEf1CA1fb7FBcDC777520aa7f396b4E015F497aB", "platform": {"name": "Ethereum", "coin": {"id": "1027", "name": "Ethereum", "symbol": "ETH", "slug": "ethereum"}}}, {"contract_address": "0x177127622c4A00F3d409B75571e12cB3c8973d3c", "platform": {"name": "Gnosis Chain", "coin": {"id": "1659", "name": "Gnosis", "symbol": "GNO", "slug": "gnosis-gno"}}}], "self_reported_circulating_supply": 90248540.29, "self_reported_tags": null, "self_reported_market_cap": 6207523.643079472}, {"id": 10011, "name": "CoinWind", "symbol": "COW", "category": "token", "description": "CoinWind (COW) is a cryptocurrency launched in 2021and operates on the Ethereum platform. CoinWind has a current supply of 0. The last known price of CoinWind is 0.21943821 USD and is down -0.48 over the last 24 hours. It is currently trading on 17 active market(s) with $842.26 traded over the last 24 hours. More information can be found at https://www.coinwind.com.", "slug": "coinwind", "logo": "https://s2.coinmarketcap.com/static/img/coins/64x64/10011.png", "subreddit": "", "notice": "", "tags": ["heco-ecosystem", "injective-ecosystem", "bnb-chain"], "tag-names": ["HECO Ecosystem", "Injective Ecosystem", "BNB Chain"], "tag-groups": ["PLATFORM", "PLATFORM", "PLATFORM"], "urls": {"website": ["https://www.coinwind.com", "https://www.coinwind.pro"], "twitter": ["https://twitter.com/coinwind_com"], "message_board": [], "chat": ["https://t.me/CoinWind"], "facebook": [], "explorer": ["https://etherscan.com/token/0x34965f73Cfa05Bf8d8aF37cB4af64Fa950605Ea8", "https://hecoinfo.com/token/0x80861A817106665bcA173DB6AC2ab628a738c737", "https://bscscan.com/token/0x422E3aF98bC1dE5a1838BE31A56f75DB4Ad43730"], "reddit": [], "technical_doc": [], "source_code": [], "announcement": []}, "platform": {"id": "1027", "name": "Ethereum", "slug": "ethereum", "symbol": "ETH", "token_address": "0x34965f73Cfa05Bf8d8aF37cB4af64Fa950605Ea8"}, "date_added": "2021-05-23T00:00:00.000Z", "twitter_username": "coinwind_com", "is_hidden": 0, "date_launched": "2021-05-24T00:00:00.000Z", "contract_address": [{"contract_address": "0x34965f73Cfa05Bf8d8aF37cB4af64Fa950605Ea8", "platform": {"name": "Ethereum", "coin": {"id": "1027", "name": "Ethereum", "symbol": "ETH", "slug": "ethereum"}}}, {"contract_address": "0x80861A817106665bcA173DB6AC2ab628a738c737", "platform": {"name": "HECO", "coin": {"id": "2502", "name": "Huobi Token", "symbol": "HT", "slug": "huobi-token"}}}, {"contract_address": "0x422E3aF98bC1dE5a1838BE31A56f75DB4Ad43730", "platform": {"name": "BNB Smart Chain (BEP20)", "coin": {"id": "1839", "name": "BNB", "symbol": "BNB", "slug": "bnb"}}}], "self_reported_circulating_supply": NaN, "self_reported_tags": null, "self_reported_market_cap": NaN}, {"id": 13439, "name": "CashCow", "symbol": "COW", "category": "token", "description": "CashCow (COW) is a cryptocurrency launched in 2021and operates on the BNB Smart Chain (BEP20) platform. CashCow has a current supply of 0. The last known price of CashCow is 0.1085494 USD and is up 0.32 over the last 24 hours. It is currently trading on 8 active market(s) with $0.00 traded over the last 24 hours. More information can be found at https://cashcowprotocol.com/.", "slug": "cashcow", "logo": "https://s2.coinmarketcap.com/static/img/coins/64x64/13439.png", "subreddit": "", "notice": "", "tags": null, "tag-names": null, "tag-groups": null, "urls": {"website": ["https://cashcowprotocol.com/", "https://cashcowtoken.com/"], "twitter": ["https://twitter.com/CashCowProtocol"], "message_board": [], "chat": ["https://t.me/cashcowprotocol", "https://discord.gg/3kFU9vCjs7, https://t.me/cashcowprotocol_es"], "facebook": [], "explorer": ["https://bscscan.com/token/0x8b6fa031c7d2e60fbfe4e663ec1b8f37df1ba483"], "reddit": [], "technical_doc": ["https://cashcow-protocol.gitbook.io/"], "source_code": ["https://github.com/CashCowProject"], "announcement": []}, "platform": {"id": "1839", "name": "BNB", "slug": "bnb", "symbol": "BNB", "token_address": "0x8b6fa031c7d2e60fbfe4e663ec1b8f37df1ba483"}, "date_added": "2021-10-28T03:05:19.000Z", "twitter_username": "CashCowProtocol", "is_hidden": 0, "date_launched": "2021-07-30T00:00:00.000Z", "contract_address": [{"contract_address": "0x8b6fa031c7d2e60fbfe4e663ec1b8f37df1ba483", "platform": {"name": "BNB Smart Chain (BEP20)", "coin": {"id": "1839", "name": "BNB", "symbol": "BNB", "slug": "bnb"}}}], "self_reported_circulating_supply": 532462.0, "self_reported_tags": ["Store Of Value", "Collectibles & NFTs", "DeFi", "Staking", "DApp", "Yield Farming", "Social Token", "Social Money", "Play To Earn", "Token"], "self_reported_market_cap": 57798.429035245215}, {"id": 5895, "name": "COWRY", "symbol": "COW", "category": "coin", "description": "Cowry was launched on the 5th March 2019. It aims to be a next-generation cryptocurrency based on Proof of Stake (POS) mining and Masternodes.", "slug": "cowry", "logo": "https://s2.coinmarketcap.com/static/img/coins/64x64/5895.png", "subreddit": "", "notice": "", "tags": null, "tag-names": null, "tag-groups": null, "urls": {"website": ["https://moneycowry.com/"], "twitter": ["https://twitter.com/Cowryofficial"], "message_board": [], "chat": ["https://discord.gg/VdReQqb"], "facebook": [], "explorer": ["http://explorer.moneycowry.com/"], "reddit": [], "technical_doc": ["https://moneycowry.com/wp-content/uploads/2019/03/Cowry.pdf"], "source_code": ["https://github.com/moneycowry/cowry"], "announcement": ["https://bitcointalk.org/index.php?topic=5118477.0"]}, "platform": null, "date_added": "2020-07-21T00:00:00.000Z", "twitter_username": "Cowryofficial", "is_hidden": 0, "date_launched": "2019-03-05T00:00:00.000Z", "contract_address": [], "self_reported_circulating_supply": NaN, "self_reported_tags": null, "self_reported_market_cap": NaN}, {"id": 6713, "name": "Cowboy.Finance", "symbol": "COW", "category": "token", "description": "Cowboy.Finance (COW) is a cryptocurrency and operates on the Ethereum platform. Cowboy.Finance has a current supply of 21,000,000 with 0 in circulation. The last known price of Cowboy.Finance is 0.0228286 USD and is up 4.93 over the last 24 hours. More information can be found at https://cowboy.finance/.", "slug": "cowboy-finance", "logo": "https://s2.coinmarketcap.com/static/img/coins/64x64/6713.png", "subreddit": "", "notice": "", "tags": ["yield-farming"], "tag-names": ["Yield Farming"], "tag-groups": ["CATEGORY"], "urls": {"website": ["https://cowboy.finance/"], "twitter": ["https://twitter.com/cowboy_finance"], "message_board": ["https://medium.com/@cowboyfinance"], "chat": ["https://t.me/cowboy_finance", "https://discord.com/invite/svaqKKs"], "facebook": [], "explorer": ["https://etherscan.io/token/0xf0be50ed0620e0ba60ca7fc968ed14762e0a5dd3", "https://ethplorer.io/address/0xf0be50ed0620e0ba60ca7fc968ed14762e0a5dd3"], "reddit": [], "technical_doc": [], "source_code": ["https://github.com/cowboyfinance/"], "announcement": []}, "platform": {"id": "1027", "name": "Ethereum", "slug": "ethereum", "symbol": "ETH", "token_address": "0xf0be50ed0620e0ba60ca7fc968ed14762e0a5dd3"}, "date_added": "2020-08-26T00:00:00.000Z", "twitter_username": "cowboy_finance", "is_hidden": 0, "date_launched": null, "contract_address": [{"contract_address": "0xf0be50ed0620e0ba60ca7fc968ed14762e0a5dd3", "platform": {"name": "Ethereum", "coin": {"id": "1027", "name": "Ethereum", "symbol": "ETH", "slug": "ethereum"}}}], "self_reported_circulating_supply": NaN, "self_reported_tags": null, "self_reported_market_cap": NaN}, {"id": 6946, "name": "Cowfarm.finance", "symbol": "COW", "category": "token", "description": "Cowfarm is described as a protocol that allows users to place other tokens into a contract for profits. Profit is calculated based on the user's time and stake.", "slug": "cowfarm-finance", "logo": "https://s2.coinmarketcap.com/static/img/coins/64x64/6946.png", "subreddit": "", "notice": "", "tags": null, "tag-names": null, "tag-groups": null, "urls": {"website": ["https://cowfarm.finance/"], "twitter": ["https://twitter.com/cowfarmfinance"], "message_board": [], "chat": ["https://t.me/cowfarmfinance"], "facebook": [], "explorer": ["https://etherscan.io/token/0x0cc4f8735dae4b1ab7682cb05aeb19115e693e98", "https://ethplorer.io/address/0x0cc4f8735dae4b1ab7682cb05aeb19115e693e98"], "reddit": [], "technical_doc": [], "source_code": ["https://github.com/lemonprojecttoken/cowfarm.finance"], "announcement": []}, "platform": {"id": "1027", "name": "Ethereum", "slug": "ethereum", "symbol": "ETH", "token_address": "0x0cc4f8735dae4b1ab7682cb05aeb19115e693e98"}, "date_added": "2020-09-08T00:00:00.000Z", "twitter_username": "cowfarmfinance", "is_hidden": 0, "date_launched": "2020-09-03T00:00:00.000Z", "contract_address": [{"contract_address": "0x0cc4f8735dae4b1ab7682cb05aeb19115e693e98", "platform": {"name": "Ethereum", "coin": {"id": "1027", "name": "Ethereum", "symbol": "ETH", "slug": "ethereum"}}}], "self_reported_circulating_supply": NaN, "self_reported_tags": null, "self_reported_market_cap": NaN}, {"id": 10338, "name": "COW Token", "symbol": "COW", "category": "token", "description": "'CowCow', a blockchain-based reward app, allows anyone to easily participate in the ecosystem and receive rewards. Participate in a rewarded platform where you can proceed with simple Mining, play the game, and earn NFT ITEM.", "slug": "cow-token", "logo": "https://s2.coinmarketcap.com/static/img/coins/64x64/10338.png", "subreddit": "", "notice": "", "tags": null, "tag-names": null, "tag-groups": null, "urls": {"website": ["https://in.cowcow.site/"], "twitter": ["https://twitter.com/CowcowCoin"], "message_board": ["https://cowcowcoin.medium.com/"], "chat": ["https://open.kakao.com/o/gH6oFbcd"], "facebook": [], "explorer": ["https://scope.klaytn.com/"], "reddit": [], "technical_doc": ["https://drive.google.com/file/d/1AT4KHZoZ1Y457svYhs0L-CHgKVsajvax/view?usp=sharing"], "source_code": ["https://github.com/cowtk/Cowtk"], "announcement": ["https://twitter.com/CowcowCoin"]}, "platform": null, "date_added": "2021-06-08T00:00:00.000Z", "twitter_username": "CowcowCoin", "is_hidden": 0, "date_launched": "2021-03-14T00:00:00.000Z", "contract_address": [], "self_reported_circulating_supply": NaN, "self_reported_tags": null, "self_reported_market_cap": NaN}, {"id": 14537, "name": "CaashCow", "symbol": "COW", "category": "token", "description": "CaashCow (COW) is a cryptocurrency launched in 2021and operates on the BNB Smart Chain (BEP20) platform. CaashCow has a current supply of 1,000,000,000 with 0 in circulation. The last known price of CaashCow is 0.00122074 USD and is down -0.29 over the last 24 hours. More information can be found at https://www.caash.io/.", "slug": "caashcow", "logo": "https://s2.coinmarketcap.com/static/img/coins/64x64/14537.png", "subreddit": "Caash", "notice": "", "tags": null, "tag-names": null, "tag-groups": null, "urls": {"website": ["https://www.caash.io/", "https://docs.caash.io/cow"], "twitter": ["https://twitter.com/CaashTeam"], "message_board": ["https://medium.com/@caashio"], "chat": ["https://t.me/caashio"], "facebook": [], "explorer": ["https://bscscan.com/token/0xcDD1d715F01bF959Bf94Cd553F43250ddb303D1f"], "reddit": ["https://reddit.com/r/Caash"], "technical_doc": ["https://docs.caash.io/cow"], "source_code": [], "announcement": []}, "platform": {"id": "1839", "name": "BNB", "slug": "bnb", "symbol": "BNB", "token_address": "0xcDD1d715F01bF959Bf94Cd553F43250ddb303D1f"}, "date_added": "2021-11-15T15:29:37.000Z", "twitter_username": "CaashTeam", "is_hidden": 0, "date_launched": "2021-11-12T00:00:00.000Z", "contract_address": [{"contract_address": "0xcDD1d715F01bF959Bf94Cd553F43250ddb303D1f", "platform": {"name": "BNB Smart Chain (BEP20)", "coin": {"id": "1839", "name": "BNB", "symbol": "BNB", "slug": "bnb"}}}], "self_reported_circulating_supply": 1000000000.0, "self_reported_tags": null, "self_reported_market_cap": 1220738.1530240686}, {"id": 14860, "name": "Cow Token", "symbol": "COW", "category": "token", "description": "Inspired by the super successful phenomenon of Shiba Inu, COW community spontaneously and jointly led and formed a work group whose purpose is to allocate the skills in the community to appropriate roles in the development of COW, and promote the ecology of COW. \r\n\r\nAnyone who has the skills or time can contribute to COW and will be invited to help develop and promote the ecology, responsible for logo creation, social media, marketing and ecological development. The Community is the core of this project, leading the airdrop of COW Tokens. \r\n\r\nThe work group will unite 10 million fans to make COW a fan ecological currency built and promoted by the community spontaneously, and it will continue to develop and expand. CowToken\u2019s ecological applications will be built for NFT and Metaverse.\r\n\r\nCowToken is a great experiment of decentralized animal currency that is spontaneously built and promoted by the community", "slug": "cow-token10", "logo": "https://s2.coinmarketcap.com/static/img/coins/64x64/14860.png", "subreddit": "CowToken10m", "notice": "", "tags": null, "tag-names": null, "tag-groups": null, "urls": {"website": ["www.cowtoken.io"], "twitter": ["https://twitter.com/CowToken10m"], "message_board": [], "chat": ["https://t.me/joinchat/1RstGEC97DU2MjE1", "Discord: \r\nCow Token #5884"], "facebook": [], "explorer": ["https://bscscan.com/token/0xd81789a7de517b25c09ac9d0f0c0340ce4e70e6e"], "reddit": ["https://reddit.com/r/CowToken10m"], "technical_doc": ["https://drive.google.com/file/d/1CuC_cyHvRRltVJjwb82i1o2Mj1_0t2X6/view"], "source_code": ["https://github.com/muuuusk/tokens"], "announcement": []}, "platform": null, "date_added": "2021-11-19T10:35:12.000Z", "twitter_username": "CowToken10m", "is_hidden": 0, "date_launched": "2021-10-21T00:00:00.000Z", "contract_address": [], "self_reported_circulating_supply": NaN, "self_reported_tags": null, "self_reported_market_cap": NaN}]