[{"id": 12051, "name": "Cryptopolis", "symbol": "CPO", "category": "token", "description": "Cryptopolis (CPO) is a cryptocurrency launched in 2021and operates on the BNB Smart Chain (BEP20) platform. Cryptopolis has a current supply of 742,192,201 with 14,742,255.55027562 in circulation. The last known price of Cryptopolis is 0.00623902 USD and is down -1.60 over the last 24 hours. It is currently trading on 8 active market(s) with $33,375.86 traded over the last 24 hours. More information can be found at https://cryptopolisgame.com/#.", "slug": "cryptopolis", "logo": "https://s2.coinmarketcap.com/static/img/coins/64x64/12051.png", "subreddit": "", "notice": "", "tags": ["gaming", "play-to-earn"], "tag-names": ["Gaming", "Play To Earn"], "tag-groups": ["INDUSTRY", "CATEGORY"], "urls": {"website": ["https://cryptopolisgame.com/#"], "twitter": ["https://twitter.com/cryptopolisgame"], "message_board": [], "chat": ["https://t.me/CryptopolisGame", "https://t.me/CryptopolisAnn\r\n\r\nhttps://discord.gg/MYJsSNStEZ"], "facebook": [], "explorer": ["https://bscscan.com/token/0xea395DFaFEd39924988b475f2Ca7f4C72655203A"], "reddit": [], "technical_doc": ["https://cryptopolisgame.com/WHITEPAPER.pdf"], "source_code": [], "announcement": ["https://t.me/CryptopolisAnn"]}, "platform": {"id": "1839", "name": "BNB", "slug": "bnb", "symbol": "BNB", "token_address": "0xea395DFaFEd39924988b475f2Ca7f4C72655203A"}, "date_added": "2021-10-18T15:25:55.000Z", "twitter_username": "cryptopolisgame", "is_hidden": 0, "date_launched": "2021-10-20T00:00:00.000Z", "contract_address": [{"contract_address": "0xea395DFaFEd39924988b475f2Ca7f4C72655203A", "platform": {"name": "BNB Smart Chain (BEP20)", "coin": {"id": "1839", "name": "BNB", "symbol": "BNB", "slug": "bnb"}}}], "self_reported_circulating_supply": 103232459, "self_reported_tags": ["Marketplace", "Gaming", "Entertainment", "Metaverse", "Web3"], "self_reported_market_cap": 646714.3617313302}]