[{"id": 17545, "name": "Cipher", "symbol": "CPR", "category": "token", "description": "Cipher (CPR) is a cryptocurrency launched in 2018and operates on the Polygon platform. Cipher has a current supply of 10,800,000,000 with 0 in circulation. The last known price of Cipher is 0.00002167 USD and is down -4.30 over the last 24 hours. It is currently trading on 30 active market(s) with $36.03 traded over the last 24 hours. More information can be found at https://cipher.com.co.", "slug": "cipher-v2", "logo": "https://s2.coinmarketcap.com/static/img/coins/64x64/17545.png", "subreddit": "user/CipherTech", "notice": "", "tags": null, "tag-names": null, "tag-groups": null, "urls": {"website": ["https://cipher.com.co", "https://ciphercpr.com"], "twitter": ["https://twitter.com/ciphertoken"], "message_board": ["https://medium.com/@ciphertoken"], "chat": ["https://telegram.me/ciphernewz", "https://discord.gg/XuUbjzX"], "facebook": ["https://www.facebook.com/cipher.cpr"], "explorer": ["https://polygonscan.com/token/0xaa404804ba583c025fa64c9a276a6127ceb355c6"], "reddit": ["https://reddit.com/r/user/CipherTech"], "technical_doc": ["https://cipher.com.co/whitepaper.php"], "source_code": ["https://github.com/cphertech"], "announcement": ["https://bitcointalk.org/index.php?topic=5208655.msg53315600#msg53315600"]}, "platform": {"id": "3890", "name": "Polygon", "slug": "polygon", "symbol": "MATIC", "token_address": "0xaa404804ba583c025fa64c9a276a6127ceb355c6"}, "date_added": "2019-09-13T00:00:00.000Z", "twitter_username": "ciphertoken", "is_hidden": 0, "date_launched": "2018-04-09T00:00:00.000Z", "contract_address": [{"contract_address": "0xaa404804ba583c025fa64c9a276a6127ceb355c6", "platform": {"name": "Polygon", "coin": {"id": "3890", "name": "Polygon", "symbol": "MATIC", "slug": "polygon"}}}], "self_reported_circulating_supply": 1447515109, "self_reported_tags": ["PoS", "Food & Beverage", "Platform", "Services", "Sports", "Transport", "DeFi", "E-commerce", "Software", "Polygon Ecosystem", "Web3"], "self_reported_market_cap": 31340.374079536552}, {"id": 4589, "name": "Cipher [Old]", "symbol": "CPR", "category": "token", "description": "Cipher [Old] (CPR) is a cryptocurrency launched in 2018and operates on the Ethereum platform. Cipher [Old] has a current supply of 1,080,000,000 with 76,283,402 in circulation. The last known price of Cipher [Old] is 0.00035086 USD and is up 25.65 over the last 24 hours. More information can be found at https://ciphercryptotech.org/.", "slug": "cipher", "logo": "https://s2.coinmarketcap.com/static/img/coins/64x64/4589.png", "subreddit": "user/CipherTech", "notice": "Old CIPHER (CPR) token has migrated to new [contract address](https://coinmarketcap.com/currencies/cipher-v2/). For more information, kindly visit [here.](https://twitter.com/ciphertoken/status/1482256999417257990?s=20)", "tags": ["ethereum-ecosystem", "stellar", "bnb-chain"], "tag-names": ["Ethereum Ecosystem", "Stellar", "BNB Chain"], "tag-groups": ["PLATFORM", "PLATFORM", "PLATFORM"], "urls": {"website": ["https://ciphercryptotech.org/", "https://ciphercpr.com"], "twitter": ["https://twitter.com/ciphertoken"], "message_board": ["https://medium.com/@ciphertoken"], "chat": ["https://telegram.me/ciphernewz", "https://discord.gg/XuUbjzX"], "facebook": ["https://www.facebook.com/cipher.cpr"], "explorer": ["https://etherscan.io/token/0x20ae0ca9d42e6ffeb1188f341a7d63450452def6", "https://stellar.expert/explorer/public/asset/CPR-GCVAN6WSFRYAL2JCZMMGDGHEYUZVJKUQ7737NEDRNG4OE4TCJUJ6EOU4", "https://bscscan.com/token/0x40c1b6f93901733629605d271268a6935f323748", "https://algoexplorer.io/asset/125584116", "https://solscan.io/token/UfBpRmFbQrM9qT4ydiZqcBDEnU1yZA21CBtz15s9Ye9"], "reddit": ["https://reddit.com/r/user/CipherTech"], "technical_doc": ["https://ciphercryptotech.org/Cipher_White_Paper.pdf"], "source_code": ["https://github.com/cphertech"], "announcement": ["https://bitcointalk.org/index.php?topic=5208655.msg53315600#msg53315600"]}, "platform": {"id": "1027", "name": "Ethereum", "slug": "ethereum", "symbol": "ETH", "token_address": "0x20ae0ca9d42e6ffeb1188f341a7d63450452def6"}, "date_added": "2019-09-13T00:00:00.000Z", "twitter_username": "ciphertoken", "is_hidden": 0, "date_launched": "2018-04-09T00:00:00.000Z", "contract_address": [{"contract_address": "0x20ae0ca9d42e6ffeb1188f341a7d63450452def6", "platform": {"name": "Ethereum", "coin": {"id": "1027", "name": "Ethereum", "symbol": "ETH", "slug": "ethereum"}}}, {"contract_address": "0x40c1b6f93901733629605d271268a6935f323748", "platform": {"name": "BNB Smart Chain (BEP20)", "coin": {"id": "1839", "name": "BNB", "symbol": "BNB", "slug": "bnb"}}}, {"contract_address": "GCVAN6WSFRYAL2JCZMMGDGHEYUZVJKUQ7737NEDRNG4OE4TCJUJ6EOU4", "platform": {"name": "Stellar", "coin": {"id": "512", "name": "Stellar", "symbol": "XLM", "slug": "stellar"}}}], "self_reported_circulating_supply": 186283402, "self_reported_tags": ["Platform", "Services", "Interoperability", "Software", "Solana Ecosystem"], "self_reported_market_cap": 65358.54792718265}]