[{"id": 7411, "name": "Covalent", "symbol": "CQT", "category": "token", "description": "Covalent (CQT) is a cryptocurrency and operates on the Ethereum platform. Covalent has a current supply of 1,000,000,000 with 254,842,989.34659484 in circulation. The last known price of Covalent is 0.10248022 USD and is up 0.25 over the last 24 hours. It is currently trading on 39 active market(s) with $423,106.86 traded over the last 24 hours. More information can be found at https://www.covalenthq.com/.", "slug": "covalent", "logo": "https://s2.coinmarketcap.com/static/img/coins/64x64/7411.png", "subreddit": "CovalentHQ", "notice": "", "tags": ["ai-big-data", "enterprise-solutions", "defi", "polkadot-ecosystem", "avalanche-ecosystem", "fantom-ecosystem", "near-protocol-ecosystem", "injective-ecosystem"], "tag-names": ["AI & Big Data", "Enterprise Solutions", "DeFi", "Polkadot Ecosystem", "Avalanche Ecosystem", "Fantom Ecosystem", "Near Protocol Ecosystem", "Injective Ecosystem"], "tag-groups": ["INDUSTRY", "INDUSTRY", "CATEGORY", "PLATFORM", "PLATFORM", "PLATFORM", "CATEGORY", "PLATFORM"], "urls": {"website": ["https://www.covalenthq.com/"], "twitter": ["https://twitter.com/covalent_hq"], "message_board": ["https://medium.com/@Covalent_Hq"], "chat": ["https://t.me/CovalentHQ", "https://www.covalenthq.com/discord/"], "facebook": [], "explorer": ["https://etherscan.io/token/0xD417144312DbF50465b1C641d016962017Ef6240"], "reddit": ["https://reddit.com/r/CovalentHQ"], "technical_doc": [], "source_code": ["https://github.com/covalenthq"], "announcement": []}, "platform": {"id": "1027", "name": "Ethereum", "slug": "ethereum", "symbol": "ETH", "token_address": "0xD417144312DbF50465b1C641d016962017Ef6240"}, "date_added": "2020-10-14T00:00:00.000Z", "twitter_username": "covalent_hq", "is_hidden": 0, "date_launched": null, "contract_address": [{"contract_address": "0xD417144312DbF50465b1C641d016962017Ef6240", "platform": {"name": "Ethereum", "coin": {"id": "1027", "name": "Ethereum", "symbol": "ETH", "slug": "ethereum"}}}], "self_reported_circulating_supply": null, "self_reported_tags": null, "self_reported_market_cap": null}]