[{"id": 13655, "name": "Crabada", "symbol": "CRA", "category": "token", "description": "Crabada (CRA) is a cryptocurrency and operates on the Avalanche C-Chain platform. Crabada has a current supply of 1,000,000,000 with 218,983,565 in circulation. The last known price of Crabada is 0.00427796 USD and is down -4.46 over the last 24 hours. It is currently trading on 15 active market(s) with $50,253.81 traded over the last 24 hours. More information can be found at https://www.crabada.com/.", "slug": "crabada", "logo": "https://s2.coinmarketcap.com/static/img/coins/64x64/13655.png", "subreddit": "", "notice": "", "tags": ["gaming", "avalanche-ecosystem", "play-to-earn", "skyvision-capital-portfolio"], "tag-names": ["Gaming", "Avalanche Ecosystem", "Play To Earn", "SkyVision Capital Portfolio"], "tag-groups": ["INDUSTRY", "PLATFORM", "CATEGORY", "CATEGORY"], "urls": {"website": ["https://www.crabada.com/"], "twitter": ["https://twitter.com/playcrabada"], "message_board": ["https://medium.com/@PlayCrabada"], "chat": ["https://t.me/playcrabada", "https://discord.gg/Djy57Zhau9"], "facebook": [], "explorer": ["https://avascan.info/blockchain/c/address/0xA32608e873F9DdEF944B24798db69d80Bbb4d1ed"], "reddit": [], "technical_doc": ["https://docs.crabada.com/"], "source_code": [], "announcement": []}, "platform": {"id": "5805", "name": "Avalanche", "slug": "avalanche", "symbol": "AVAX", "token_address": "0xA32608e873F9DdEF944B24798db69d80Bbb4d1ed"}, "date_added": "2021-11-13T14:35:04.000Z", "twitter_username": "playcrabada", "is_hidden": 0, "date_launched": null, "contract_address": [{"contract_address": "0xA32608e873F9DdEF944B24798db69d80Bbb4d1ed", "platform": {"name": "Avalanche C-Chain", "coin": {"id": "5805", "name": "Avalanche", "symbol": "AVAX", "slug": "avalanche"}}}], "self_reported_circulating_supply": NaN, "self_reported_tags": ["Collectibles & NFTs", "Metaverse", "Play To Earn"], "self_reported_market_cap": NaN}, {"id": 18305, "name": "Magic Of Universe", "symbol": "CRA", "category": "token", "description": "Magic Of Universe (CRA) is a cryptocurrency launched in 2021and operates on the BNB Smart Chain (BEP20) platform. Magic Of Universe has a current supply of 1,000,000,000 with 0 in circulation. The last known price of Magic Of Universe is 0.00450708 USD and is up 0.86 over the last 24 hours. More information can be found at https://www.magicofuniverse.games/.", "slug": "magic-of-universe-cra", "logo": "https://s2.coinmarketcap.com/static/img/coins/64x64/18305.png", "subreddit": "", "notice": "", "tags": null, "tag-names": null, "tag-groups": null, "urls": {"website": ["https://www.magicofuniverse.games/", "https://market.magicofuniverse.games"], "twitter": ["https://twitter.com/MOUofficial_21"], "message_board": [], "chat": ["https://discord.gg/magicofuniverse", "https://t.me/MOUofficialEN"], "facebook": [], "explorer": ["https://bscscan.com/token/0xdFc380D7Ce395be4d911b94dD77983536aD71f94"], "reddit": [], "technical_doc": ["https://magic-universe.gitbook.io/internal-wiki/economy/tokenomics"], "source_code": [], "announcement": []}, "platform": {"id": "1839", "name": "BNB", "slug": "bnb", "symbol": "BNB", "token_address": "0xdFc380D7Ce395be4d911b94dD77983536aD71f94"}, "date_added": "2022-02-23T08:03:39.000Z", "twitter_username": "MOUofficial_21", "is_hidden": 0, "date_launched": "2021-12-31T00:00:00.000Z", "contract_address": [{"contract_address": "0xdFc380D7Ce395be4d911b94dD77983536aD71f94", "platform": {"name": "BNB Smart Chain (BEP20)", "coin": {"id": "1839", "name": "BNB", "symbol": "BNB", "slug": "bnb"}}}], "self_reported_circulating_supply": 44498384.07, "self_reported_tags": null, "self_reported_market_cap": 200557.5793521676}]