[{"id": 13871, "name": "TaleCraft", "symbol": "CRAFT", "category": "token", "description": "TaleCraft (CRAFT) is a cryptocurrency launched in 2021and operates on the Avalanche C-Chain platform. TaleCraft has a current supply of 30,000,000 with 0 in circulation. The last known price of TaleCraft is 0.01709452 USD and is down -8.66 over the last 24 hours. It is currently trading on 10 active market(s) with $60,332.71 traded over the last 24 hours. More information can be found at https://talecraft.io.", "slug": "talecraft", "logo": "https://s2.coinmarketcap.com/static/img/coins/64x64/13871.png", "subreddit": "", "notice": "", "tags": ["gaming", "avalanche-ecosystem", "metaverse", "ferrum-network"], "tag-names": ["Gaming", "Avalanche Ecosystem", "Metaverse", "Ferrum Network"], "tag-groups": ["INDUSTRY", "PLATFORM", "CATEGORY", "CATEGORY"], "urls": {"website": ["https://talecraft.io"], "twitter": ["https://twitter.com/Talecraftio"], "message_board": ["https://medium.com/@talecraft"], "chat": ["https://discord.gg/3eEBM5y8"], "facebook": [], "explorer": ["https://snowtrace.io/address/0x8ae8be25c23833e0a01aa200403e826f611f9cd2"], "reddit": [], "technical_doc": ["https://talecraft.io/images/TaleCraft_Pitchdeck.pdf"], "source_code": [], "announcement": ["https://t.me/talecraft"]}, "platform": {"id": "5805", "name": "Avalanche", "slug": "avalanche", "symbol": "AVAX", "token_address": "0x8ae8be25c23833e0a01aa200403e826f611f9cd2"}, "date_added": "2021-11-26T15:37:04.000Z", "twitter_username": "Talecraftio", "is_hidden": 0, "date_launched": "2021-11-22T00:00:00.000Z", "contract_address": [{"contract_address": "0x8ae8be25c23833e0a01aa200403e826f611f9cd2", "platform": {"name": "Avalanche C-Chain", "coin": {"id": "5805", "name": "Avalanche", "symbol": "AVAX", "slug": "avalanche"}}}], "self_reported_circulating_supply": 6000000.0, "self_reported_tags": ["Gaming", "Avalanche Ecosystem", "Metaverse", "Web3"], "self_reported_market_cap": 102698.8678478411}, {"id": 7385, "name": "deCraft Finance", "symbol": "CRAFT", "category": "token", "description": "deCraft Finance (CRAFT) is a cryptocurrency and operates on the Ethereum platform. deCraft Finance has a current supply of 5,000 with 0 in circulation. The last known price of deCraft Finance is 19.81828866 USD and is up 0.00 over the last 24 hours. More information can be found at https://decraft.finance/.", "slug": "decraft-finance", "logo": "https://s2.coinmarketcap.com/static/img/coins/64x64/7385.png", "subreddit": "", "notice": "", "tags": null, "tag-names": null, "tag-groups": null, "urls": {"website": ["https://decraft.finance/"], "twitter": ["https://twitter.com/deCRAFTfinance"], "message_board": [], "chat": ["https://t.me/deCraftfinance"], "facebook": [], "explorer": ["https://etherscan.io/token/0xa09ff006c652496e72d648cef2f4ee6777efdf6f", "https://ethplorer.io/address/0xa09ff006c652496e72d648cef2f4ee6777efdf6f"], "reddit": [], "technical_doc": [], "source_code": [], "announcement": []}, "platform": {"id": "1027", "name": "Ethereum", "slug": "ethereum", "symbol": "ETH", "token_address": "0xa09ff006c652496e72d648cef2f4ee6777efdf6f"}, "date_added": "2020-10-13T00:00:00.000Z", "twitter_username": "deCRAFTfinance", "is_hidden": 0, "date_launched": null, "contract_address": [{"contract_address": "0xa09ff006c652496e72d648cef2f4ee6777efdf6f", "platform": {"name": "Ethereum", "coin": {"id": "1027", "name": "Ethereum", "symbol": "ETH", "slug": "ethereum"}}}], "self_reported_circulating_supply": NaN, "self_reported_tags": null, "self_reported_market_cap": NaN}]