[{"id": 7809, "name": "Carbon", "symbol": "CRBN", "category": "token", "description": "Carbon (CRBN) is a cryptocurrency launched in 2020and operates on the Ethereum platform. Carbon has a current supply of 50,000,000 with 32,415,783.20249867 in circulation. The last known price of Carbon is 0.01334245 USD and is down -5.24 over the last 24 hours. It is currently trading on 10 active market(s) with $17,149.42 traded over the last 24 hours. More information can be found at https://crbn.io.", "slug": "carbon", "logo": "https://s2.coinmarketcap.com/static/img/coins/64x64/7809.png", "subreddit": "", "notice": "", "tags": ["collectibles-nfts", "gaming", "social-token", "play-to-earn"], "tag-names": ["Collectibles & NFTs", "Gaming", "Social Token", "Play To Earn"], "tag-groups": ["CATEGORY", "INDUSTRY", "CATEGORY", "CATEGORY"], "urls": {"website": ["https://crbn.io"], "twitter": ["https://twitter.com/crbnio"], "message_board": ["https://medium.com/@crbnio"], "chat": ["t.me/crbnio\r\nt.me/crbn_news"], "facebook": [], "explorer": ["https://etherscan.io/token/0xCdeee767beD58c5325f68500115d4B722b3724EE"], "reddit": [], "technical_doc": ["https://www.crbn.io/downloads/whitepaper.pdf"], "source_code": ["https://github.com"], "announcement": ["https://bitcointalk.org/index.php?topic=5261815"]}, "platform": {"id": "1027", "name": "Ethereum", "slug": "ethereum", "symbol": "ETH", "token_address": "0xCdeee767beD58c5325f68500115d4B722b3724EE"}, "date_added": "2020-12-02T00:00:00.000Z", "twitter_username": "crbnio", "is_hidden": 0, "date_launched": "2020-11-22T00:00:00.000Z", "contract_address": [{"contract_address": "0xCdeee767beD58c5325f68500115d4B722b3724EE", "platform": {"name": "Ethereum", "coin": {"id": "1027", "name": "Ethereum", "symbol": "ETH", "slug": "ethereum"}}}, {"contract_address": "0x5a4fb10e7c4cbb9a2b9d9a942f9a875ebd3489ea", "platform": {"name": "BNB Smart Chain (BEP20)", "coin": {"id": "1839", "name": "BNB", "symbol": "BNB", "slug": "bnb"}}}, {"contract_address": "0x89ef0900b0a6b5548ab2ff58ef588f9433b5fcf5", "platform": {"name": "Polygon", "coin": {"id": "3890", "name": "Polygon", "symbol": "MATIC", "slug": "polygon"}}}], "self_reported_circulating_supply": null, "self_reported_tags": null, "self_reported_market_cap": null}]