[{"id": 6193, "name": "Cream Finance", "symbol": "CREAM", "category": "token", "description": "Cream Finance (CREAM) is a cryptocurrency launched in 2020and operates on the Ethereum platform. Cream Finance has a current supply of 2,924,546 with 1,855,659 in circulation. The last known price of Cream Finance is 10.39277754 USD and is down -1.42 over the last 24 hours. It is currently trading on 61 active market(s) with $1,026,481.37 traded over the last 24 hours. More information can be found at https://cream.finance/.", "slug": "cream-finance", "logo": "https://s2.coinmarketcap.com/static/img/coins/64x64/6193.png", "subreddit": "", "notice": "", "tags": ["defi", "dao", "amm", "yearn-partnerships", "governance", "lending-borowing", "alameda-research-portfolio", "fantom-ecosystem", "arbitrum-ecosytem", "bnb-chain"], "tag-names": ["DeFi", "DAO", "AMM", "Yearn Partnerships", "Governance", "Lending & Borrowing", "Alameda Research Portfolio", "Fantom Ecosystem", "Arbitrum Ecosystem", "BNB Chain"], "tag-groups": ["CATEGORY", "CATEGORY", "CATEGORY", "CATEGORY", "CATEGORY", "CATEGORY", "CATEGORY", "PLATFORM", "PLATFORM", "PLATFORM"], "urls": {"website": ["https://cream.finance/", "https://app.cream.finance/"], "twitter": ["https://twitter.com/CreamdotFinance"], "message_board": ["https://medium.com/@CreamdotFinance", "https://medium.com/c-r-e-a-m-%E6%97%A5%E6%9C%AC%E5%85%AC%E5%BC%8F"], "chat": ["https://discord.com/invite/W44TyPh", "https://discord.com/invite/W44TyPh"], "facebook": [], "explorer": ["https://etherscan.io/token/0x2ba592f78db6436527729929aaf6c908497cb200", "https://ethplorer.io/address/0x2ba592f78db6436527729929aaf6c908497cb200", "https://bscscan.com/token/0xd4cb328a82bdf5f03eb737f37fa6b370aef3e888", "https://blockscout.com/xdai/mainnet/tokens/0x1939D3431CF0E44B1d63b86e2cE489E5a341B1Bf/token-transfers", "https://ftmscan.com/token/0x657A1861c15A3deD9AF0B6799a195a249ebdCbc6"], "reddit": [], "technical_doc": ["https://docs.cream.finance/"], "source_code": ["https://github.com/CreamFi/"], "announcement": ["https://t.me/CreamdotFinance"]}, "platform": {"id": "1027", "name": "Ethereum", "slug": "ethereum", "symbol": "ETH", "token_address": "0x2ba592f78db6436527729929aaf6c908497cb200"}, "date_added": "2020-08-04T00:00:00.000Z", "twitter_username": "CreamdotFinance", "is_hidden": 0, "date_launched": "2020-07-16T00:00:00.000Z", "contract_address": [{"contract_address": "0x2ba592f78db6436527729929aaf6c908497cb200", "platform": {"name": "Ethereum", "coin": {"id": "1027", "name": "Ethereum", "symbol": "ETH", "slug": "ethereum"}}}, {"contract_address": "0xd4cb328a82bdf5f03eb737f37fa6b370aef3e888", "platform": {"name": "BNB Smart Chain (BEP20)", "coin": {"id": "1839", "name": "BNB", "symbol": "BNB", "slug": "bnb"}}}, {"contract_address": "0x1939D3431CF0E44B1d63b86e2cE489E5a341B1Bf", "platform": {"name": "Gnosis Chain", "coin": {"id": "1659", "name": "Gnosis", "symbol": "GNO", "slug": "gnosis-gno"}}}, {"contract_address": "0x657A1861c15A3deD9AF0B6799a195a249ebdCbc6", "platform": {"name": "Fantom", "coin": {"id": "3513", "name": "Fantom", "symbol": "FTM", "slug": "fantom"}}}, {"contract_address": "HihxL2iM6L6P1oqoSeiixdJ3PhPYNxvSKH9A2dDqLVDH", "platform": {"name": "Solana", "coin": {"id": "5426", "name": "Solana", "symbol": "SOL", "slug": "solana"}}}], "self_reported_circulating_supply": 1877154.0, "self_reported_tags": ["DeFi", "Staking", "DAO", "Ethereum Ecosystem", "Yield Farming", "BNB Smart Chain", "Yearn Partnerships", "Governance", "Lending & Borrowing", "ETH 2.0 Staking", "Polygon Ecosystem", "Fantom Ecosystem"], "self_reported_market_cap": 19509813.668363255}, {"id": 17761, "name": "IceCream Finance", "symbol": "CREAM", "category": "token", "description": "IceCream Finance (CREAM) is a cryptocurrency and operates on the Avalanche C-Chain platform. IceCream Finance has a current supply of 11,412 with 0 in circulation. The last known price of IceCream Finance is 0.10405326 USD and is down -2.08 over the last 24 hours. It is currently trading on 3 active market(s) with $10.30 traded over the last 24 hours. More information can be found at https://icecreamfinance.app/.", "slug": "icecream-finance", "logo": "https://s2.coinmarketcap.com/static/img/coins/64x64/17761.png", "subreddit": "", "notice": "", "tags": ["avalanche-ecosystem"], "tag-names": ["Avalanche Ecosystem"], "tag-groups": ["PLATFORM"], "urls": {"website": ["https://icecreamfinance.app/"], "twitter": ["https://twitter.com/IcecreamFinance"], "message_board": [], "chat": ["https://discord.com/invite/icecream"], "facebook": [], "explorer": ["https://snowtrace.io/token/0xae21d31a6494829a9e4b2b291f4984aae8121757"], "reddit": [], "technical_doc": [], "source_code": ["https://github.com/icecreamfinancial"], "announcement": []}, "platform": {"id": "5805", "name": "Avalanche", "slug": "avalanche", "symbol": "AVAX", "token_address": "0xae21d31a6494829a9e4b2b291f4984aae8121757"}, "date_added": "2022-01-31T10:54:10.000Z", "twitter_username": "IcecreamFinance", "is_hidden": 0, "date_launched": null, "contract_address": [{"contract_address": "0xae21d31a6494829a9e4b2b291f4984aae8121757", "platform": {"name": "Avalanche C-Chain", "coin": {"id": "5805", "name": "Avalanche", "symbol": "AVAX", "slug": "avalanche"}}}], "self_reported_circulating_supply": NaN, "self_reported_tags": null, "self_reported_market_cap": NaN}]