[{"id": 17000, "name": "Creo Engine", "symbol": "CREO", "category": "token", "description": "Creo Engine (CREO) is a cryptocurrency launched in 2021and operates on the BNB Smart Chain (BEP20) platform. Creo Engine has a current supply of 998,425,260.47 with 59,901,869 in circulation. The last known price of Creo Engine is 0.00246592 USD and is down -1.33 over the last 24 hours. It is currently trading on 5 active market(s) with $155,415.79 traded over the last 24 hours. More information can be found at https://www.creoengine.com/.", "slug": "creo-engine", "logo": "https://s2.coinmarketcap.com/static/img/coins/64x64/17000.png", "subreddit": "", "notice": "", "tags": ["collectibles-nfts", "gaming", "binance-smart-chain", "play-to-earn"], "tag-names": ["Collectibles & NFTs", "Gaming", "BNB Smart Chain", "Play To Earn"], "tag-groups": ["CATEGORY", "INDUSTRY", "PLATFORM", "CATEGORY"], "urls": {"website": ["https://www.creoengine.com/"], "twitter": ["https://twitter.com/creo_engine"], "message_board": [], "chat": ["https://t.me/CreoEngineEN"], "facebook": ["https://www.facebook.com/CreoEngineGlobal"], "explorer": ["https://bscscan.com/token/0x9521728bF66a867BC65A93Ece4a543D817871Eb7"], "reddit": [], "technical_doc": ["http://tny.sh/CreoEngineWhitepaper"], "source_code": [], "announcement": ["https://t.me/CreoEngineChannel"]}, "platform": {"id": "1839", "name": "BNB", "slug": "bnb", "symbol": "BNB", "token_address": "0x9521728bF66a867BC65A93Ece4a543D817871Eb7"}, "date_added": "2022-01-07T16:05:23.000Z", "twitter_username": "creo_engine", "is_hidden": 0, "date_launched": "2021-05-04T00:00:00.000Z", "contract_address": [{"contract_address": "0x9521728bF66a867BC65A93Ece4a543D817871Eb7", "platform": {"name": "BNB Smart Chain (BEP20)", "coin": {"id": "1839", "name": "BNB", "symbol": "BNB", "slug": "bnb"}}}], "self_reported_circulating_supply": 10412576, "self_reported_tags": null, "self_reported_market_cap": 25560.98430010931}]