[{"id": 8893, "name": "Cream ETH 2", "symbol": "CRETH2", "category": "token", "description": "Cream ETH 2 (CRETH2) is a cryptocurrency and operates on the Ethereum platform. Cream ETH 2 has a current supply of 0. The last known price of Cream ETH 2 is 11.18989388 USD and is up 0.00 over the last 24 hours. More information can be found at https://cream.finance/.", "slug": "cream-eth2", "logo": "https://s2.coinmarketcap.com/static/img/coins/64x64/8893.png", "subreddit": "", "notice": "Cream ETH 2 migrated from [old contract](https://etherscan.io/token/0xcbc1065255cbc3ab41a6868c22d1f1c573ab89fd) to [new contract](https://etherscan.io/token/0x49D72e3973900A195A155a46441F0C08179FdB64). For more information, visit [here](https://twitter.com/CreamdotFinance/status/1460855215192637440?s=20)", "tags": ["eth-2-staking"], "tag-names": ["ETH 2.0 Staking"], "tag-groups": ["PLATFORM"], "urls": {"website": ["https://cream.finance/"], "twitter": ["https://twitter.com/CreamdotFinance"], "message_board": ["https://medium.com/@CreamdotFinance"], "chat": ["https://t.me/creamfinance", "https://discord.com/invite/8Ms25mV"], "facebook": [], "explorer": ["https://etherscan.io/token/0x49D72e3973900A195A155a46441F0C08179FdB64"], "reddit": [], "technical_doc": [], "source_code": ["https://github.com/CreamFi"], "announcement": []}, "platform": {"id": "1027", "name": "Ethereum", "slug": "ethereum", "symbol": "ETH", "token_address": "0x49D72e3973900A195A155a46441F0C08179FdB64"}, "date_added": "2021-03-19T00:00:00.000Z", "twitter_username": "CreamdotFinance", "is_hidden": 0, "date_launched": null, "contract_address": [{"contract_address": "0x49D72e3973900A195A155a46441F0C08179FdB64", "platform": {"name": "Ethereum", "coin": {"id": "1027", "name": "Ethereum", "symbol": "ETH", "slug": "ethereum"}}}], "self_reported_circulating_supply": null, "self_reported_tags": null, "self_reported_market_cap": null}]