[{"id": 4484, "name": "ChronoCoin", "symbol": "CRN", "category": "token", "description": "ChronoCoin (CRN) is a cryptocurrency and operates on the Neo platform. ChronoCoin has a current supply of 5,680,000,000 with 2,221,053,119.3844 in circulation. The last known price of ChronoCoin is 0.00082266 USD and is down -0.06 over the last 24 hours. More information can be found at http://timeinnovation.io/.", "slug": "chronocoin", "logo": "https://s2.coinmarketcap.com/static/img/coins/64x64/4484.png", "subreddit": "", "notice": "", "tags": null, "tag-names": null, "tag-groups": null, "urls": {"website": ["http://timeinnovation.io/"], "twitter": [], "message_board": [], "chat": [], "facebook": [], "explorer": ["https://neotracker.io/asset/c875e3e1a9f7ba1291aea40cead371754dfcb3de"], "reddit": [], "technical_doc": [], "source_code": [], "announcement": []}, "platform": {"id": "1376", "name": "Neo", "slug": "neo", "symbol": "NEO", "token_address": "c875e3e1a9f7ba1291aea40cead371754dfcb3de"}, "date_added": "2019-10-15T00:00:00.000Z", "twitter_username": "", "is_hidden": 0, "date_launched": null, "contract_address": [{"contract_address": "c875e3e1a9f7ba1291aea40cead371754dfcb3de", "platform": {"name": "Neo", "coin": {"id": "1376", "name": "Neo", "symbol": "NEO", "slug": "neo"}}}], "self_reported_circulating_supply": null, "self_reported_tags": null, "self_reported_market_cap": null}, {"id": 14494, "name": "Cryptorun Network", "symbol": "CRN", "category": "token", "description": "Cryptorun Network (CRN) is a cryptocurrency and operates on the BNB Smart Chain (BEP20) platform. Cryptorun Network has a current supply of 100,000,000 with 0 in circulation. The last known price of Cryptorun Network is 0.00042109 USD and is up 0.00 over the last 24 hours. More information can be found at https://www.cryptorun.network/.", "slug": "cryptorun-network", "logo": "https://s2.coinmarketcap.com/static/img/coins/64x64/14494.png", "subreddit": "", "notice": "", "tags": null, "tag-names": null, "tag-groups": null, "urls": {"website": ["https://www.cryptorun.network/"], "twitter": ["https://twitter.com/NetworkCRN"], "message_board": [], "chat": ["https://t.me/CryptoRunNetwork"], "facebook": [], "explorer": ["https://bscscan.com/token/0xbd16c4343fb5769a71983f3e131df9b1491c2314"], "reddit": [], "technical_doc": [], "source_code": [], "announcement": []}, "platform": {"id": "1839", "name": "BNB", "slug": "bnb", "symbol": "BNB", "token_address": "0xbd16c4343fb5769a71983f3e131df9b1491c2314"}, "date_added": "2021-11-15T06:27:26.000Z", "twitter_username": "NetworkCRN", "is_hidden": 0, "date_launched": null, "contract_address": [{"contract_address": "0xbd16c4343fb5769a71983f3e131df9b1491c2314", "platform": {"name": "BNB Smart Chain (BEP20)", "coin": {"id": "1839", "name": "BNB", "symbol": "BNB", "slug": "bnb"}}}], "self_reported_circulating_supply": null, "self_reported_tags": null, "self_reported_market_cap": null}, {"id": 17226, "name": "CroNodes", "symbol": "CRN", "category": "token", "description": "CroNodes (CRN) is a cryptocurrency and operates on the Cronos platform. CroNodes has a current supply of 20,456,743 with 0 in circulation. The last known price of CroNodes is 0.41504629 USD and is up 2.08 over the last 24 hours. More information can be found at https://www.cronodes.xyz/.", "slug": "cronodes", "logo": "https://s2.coinmarketcap.com/static/img/coins/64x64/17226.png", "subreddit": "", "notice": "", "tags": ["cronos-ecosystem"], "tag-names": ["Cronos Ecosystem"], "tag-groups": ["PLATFORM"], "urls": {"website": ["https://www.cronodes.xyz/"], "twitter": ["https://twitter.com/CronodesFinance"], "message_board": [], "chat": ["https://discord.com/invite/jZe366FaP5"], "facebook": [], "explorer": ["https://cronos.crypto.org/explorer/token/0x8174BaC1453c3AC7CaED909c20ceaDeb5E1CDA00/token-transfers", "https://cronos-explorer.crypto.org/token/0x8174BaC1453c3AC7CaED909c20ceaDeb5E1CDA00"], "reddit": [], "technical_doc": [], "source_code": [], "announcement": []}, "platform": {"id": "3635", "name": "Cronos", "slug": "cronos", "symbol": "CRO", "token_address": "0x8174BaC1453c3AC7CaED909c20ceaDeb5E1CDA00"}, "date_added": "2022-01-13T05:30:29.000Z", "twitter_username": "CronodesFinance", "is_hidden": 0, "date_launched": null, "contract_address": [{"contract_address": "0x8174BaC1453c3AC7CaED909c20ceaDeb5E1CDA00", "platform": {"name": "Cronos", "coin": {"id": "3635", "name": "Cronos", "symbol": "CRO", "slug": "cronos"}}}], "self_reported_circulating_supply": null, "self_reported_tags": null, "self_reported_market_cap": null}, {"id": 20592, "name": "Crown Finance", "symbol": "CRN", "category": "token", "description": "Crown Finance (CRN) is a cryptocurrency and operates on the Cronos platform. Crown Finance has a current supply of 10,800,000 with 0 in circulation. The last known price of Crown Finance is 0.00918973 USD and is up 0.00 over the last 24 hours. More information can be found at https://www.crownfinance.io/.", "slug": "crown-finance", "logo": "https://s2.coinmarketcap.com/static/img/coins/64x64/20592.png", "subreddit": "", "notice": "", "tags": null, "tag-names": null, "tag-groups": null, "urls": {"website": ["https://www.crownfinance.io/"], "twitter": ["https://twitter.com/CrownFi_"], "message_board": [], "chat": ["https://discord.gg/SchyBaHn"], "facebook": [], "explorer": ["https://cronoscan.com/token/0xf287e8999fcbea602d2c5dd699ea2ff7f3685964", "https://cronos-explorer.crypto.org/token/0xf287e8999fcbea602d2c5dd699ea2ff7f3685964"], "reddit": [], "technical_doc": [], "source_code": ["https://github.com/0xcrownlabs"], "announcement": []}, "platform": {"id": "3635", "name": "Cronos", "slug": "cronos", "symbol": "CRO", "token_address": "0xf287e8999fcbea602d2c5dd699ea2ff7f3685964"}, "date_added": "2022-06-14T12:48:12.000Z", "twitter_username": "CrownFi_", "is_hidden": 0, "date_launched": null, "contract_address": [{"contract_address": "0xf287e8999fcbea602d2c5dd699ea2ff7f3685964", "platform": {"name": "Cronos", "coin": {"id": "3635", "name": "Cronos", "symbol": "CRO", "slug": "cronos"}}}], "self_reported_circulating_supply": null, "self_reported_tags": null, "self_reported_market_cap": null}]