[{"id": 3635, "name": "Cronos", "symbol": "CRO", "category": "token", "description": "Cronos (CRO) is a cryptocurrency and operates on the Ethereum platform. Cronos has a current supply of 30,263,013,692 with 25,263,013,692 in circulation. The last known price of Cronos is 0.05746108 USD and is up 0.06 over the last 24 hours. It is currently trading on 176 active market(s) with $10,943,573.69 traded over the last 24 hours. More information can be found at https://www.crypto.com/en/chain.", "slug": "cronos", "logo": "https://s2.coinmarketcap.com/static/img/coins/64x64/3635.png", "subreddit": "Crypto_com", "notice": "Crypto.com Coin has rebranded to Cronos. Read more [here](https://medium.com/cronos-chain/cro-is-now-cronos-bf103c257bd)", "tags": ["medium-of-exchange", "cosmos-ecosystem", "centralized-exchange", "mobile", "payments", "injective-ecosystem"], "tag-names": ["Medium of Exchange", "Cosmos Ecosystem", "Centralized Exchange (CEX) Token", "Mobile", "Payments", "Injective Ecosystem"], "tag-groups": ["INDUSTRY", "INDUSTRY", "CATEGORY", "INDUSTRY", "INDUSTRY", "PLATFORM"], "urls": {"website": ["https://www.crypto.com/en/chain"], "twitter": ["https://twitter.com/cryptocom"], "message_board": ["https://blog.crypto.com/", "http://medium.com/@crypto.com"], "chat": ["https://t.me/CryptoComOfficial", "https://discordapp.com/invite/B6cZahJ"], "facebook": [], "explorer": ["https://etherscan.io/token/0xa0b73e1ff0b80914ab6fe0444e65848c4c34450b", "https://ethplorer.io/address/0xa0b73e1ff0b80914ab6fe0444e65848c4c34450b", "https://blockchair.com/ethereum/erc-20/token/0xa0b73e1ff0b80914ab6fe0444e65848c4c34450b", "https://eth.tokenview.com/en/token/0xa0b73e1ff0b80914ab6fe0444e65848c4c34450b", "https://crypto.org/explorer/"], "reddit": ["https://reddit.com/r/Crypto_com"], "technical_doc": ["https://www.crypto.com/images/chain_whitepaper.pdf"], "source_code": ["https://github.com/crypto-org-chain/chain-main"], "announcement": []}, "platform": {"id": "1027", "name": "Ethereum", "slug": "ethereum", "symbol": "ETH", "token_address": "0xa0b73e1ff0b80914ab6fe0444e65848c4c34450b"}, "date_added": "2018-12-14T00:00:00.000Z", "twitter_username": "cryptocom", "is_hidden": 0, "date_launched": null, "contract_address": [{"contract_address": "0xa0b73e1ff0b80914ab6fe0444e65848c4c34450b", "platform": {"name": "Ethereum", "coin": {"id": "1027", "name": "Ethereum", "symbol": "ETH", "slug": "ethereum"}}}, {"contract_address": "IBC/E6931F78057F7CC5DA0FD6CEF82FF39373A6E0452BF1FD76910B93292CF356C1", "platform": {"name": "Cosmos", "coin": {"id": "3794", "name": "Cosmos", "symbol": "ATOM", "slug": "cosmos"}}}, {"contract_address": "DvjMYMVeXgKxaixGKpzQThLoG98nc7HSU7eanzsdCboA", "platform": {"name": "Solana", "coin": {"id": "5426", "name": "Solana", "symbol": "SOL", "slug": "solana"}}}], "self_reported_circulating_supply": null, "self_reported_tags": null, "self_reported_market_cap": null}, {"id": 5547, "name": "Cronos Coin", "symbol": "CRO", "category": "token", "description": "Launched on [19/04/2020] by a team based in [United Kingdom], Cronos Coin aims to address [waste of time] all over the world.", "slug": "cronos-coin", "logo": "https://s2.coinmarketcap.com/static/img/coins/64x64/5547.png", "subreddit": "", "notice": "", "tags": null, "tag-names": null, "tag-groups": null, "urls": {"website": ["http://cronoscoin.org"], "twitter": ["https://twitter.com/cronos_coin"], "message_board": [], "chat": ["https://discord.gg/a8gk8x8"], "facebook": [], "explorer": ["https://etherscan.io/token/0xddf993bebbd397f2a42de7c39f09f9c8e34ef322", "https://ethplorer.io/address/0xddf993bebbd397f2a42de7c39f09f9c8e34ef322"], "reddit": [], "technical_doc": ["https://www.cronoscoin.org/more-info"], "source_code": [], "announcement": []}, "platform": {"id": "1027", "name": "Ethereum", "slug": "ethereum", "symbol": "ETH", "token_address": "0xddf993bebbd397f2a42de7c39f09f9c8e34ef322"}, "date_added": "2020-05-07T00:00:00.000Z", "twitter_username": "cronos_coin", "is_hidden": 0, "date_launched": "2020-04-19T00:00:00.000Z", "contract_address": [{"contract_address": "0xddf993bebbd397f2a42de7c39f09f9c8e34ef322", "platform": {"name": "Ethereum", "coin": {"id": "1027", "name": "Ethereum", "symbol": "ETH", "slug": "ethereum"}}}], "self_reported_circulating_supply": null, "self_reported_tags": null, "self_reported_market_cap": null}]