[{"id": 17363, "name": "Croblanc", "symbol": "CROBLANC", "category": "token", "description": "Croblanc (CROBLANC) is a cryptocurrency and operates on the Cronos platform. Croblanc has a current supply of 10,221,370 with 0 in circulation. The last known price of Croblanc is 0.00283685 USD and is up 0.00 over the last 24 hours. More information can be found at https://app.croblanc.com/.", "slug": "croblanc", "logo": "https://s2.coinmarketcap.com/static/img/coins/64x64/17363.png", "subreddit": "", "notice": "", "tags": ["cronos-ecosystem"], "tag-names": ["Cronos Ecosystem"], "tag-groups": ["PLATFORM"], "urls": {"website": ["https://app.croblanc.com/"], "twitter": ["https://twitter.com/croblancdotcom"], "message_board": [], "chat": ["https://t.me/croblanc_cm"], "facebook": [], "explorer": ["https://cronoscan.com/token/0xD3ceCBE5639D05Aed446Da11F08D495CA6bF359F", "https://cronos-explorer.crypto.org/token/0xD3ceCBE5639D05Aed446Da11F08D495CA6bF359F"], "reddit": [], "technical_doc": [], "source_code": ["https://github.com/mountainlabs-team/croblanc-contracts"], "announcement": ["https://medium.com/@croblancdotcom"]}, "platform": {"id": "3635", "name": "Cronos", "slug": "cronos", "symbol": "CRO", "token_address": "0xd3cecbe5639d05aed446da11f08d495ca6bf359f"}, "date_added": "2022-01-17T01:51:32.000Z", "twitter_username": "croblancdotcom", "is_hidden": 0, "date_launched": null, "contract_address": [{"contract_address": "0xd3cecbe5639d05aed446da11f08d495ca6bf359f", "platform": {"name": "Cronos", "coin": {"id": "3635", "name": "Cronos", "symbol": "CRO", "slug": "cronos"}}}], "self_reported_circulating_supply": null, "self_reported_tags": null, "self_reported_market_cap": null}]