[{"id": 18336, "name": "CROLambos", "symbol": "CROLAMBOS", "category": "token", "description": "CROLambos (CROLAMBOS) is a cryptocurrency and operates on the Cronos platform. CROLambos has a current supply of 1,000,000 with 0 in circulation. The last known price of CROLambos is 0.0778933 USD and is up 0.00 over the last 24 hours. More information can be found at https://www.crolambos.com/.", "slug": "crolambos", "logo": "https://s2.coinmarketcap.com/static/img/coins/64x64/18336.png", "subreddit": "", "notice": "The smart contract for the following token contains variable tax rate function - this open the opportunity for contract owners to modify the contract behaviour (ie. change fees, or transfer tokens). Please exercise with extra caution if you are investing in this token.", "tags": ["cronos-ecosystem"], "tag-names": ["Cronos Ecosystem"], "tag-groups": ["PLATFORM"], "urls": {"website": ["https://www.crolambos.com/"], "twitter": ["https://twitter.com/CROLambos"], "message_board": [], "chat": ["https://t.me/crolambos", "https://discord.com/invite/7JZSZDgfvu"], "facebook": [], "explorer": ["https://cronoscan.com/token/0x2a96a67c3bc9063991127d475d0cfcb0e86a2e5c", "https://cronos-explorer.crypto.org/token/0x2a96a67c3bc9063991127d475d0cfcb0e86a2e5c"], "reddit": [], "technical_doc": [], "source_code": [], "announcement": []}, "platform": {"id": "3635", "name": "Cronos", "slug": "cronos", "symbol": "CRO", "token_address": "0x2a96a67c3bc9063991127d475d0cfcb0e86a2e5c"}, "date_added": "2022-02-24T06:09:33.000Z", "twitter_username": "CROLambos", "is_hidden": 0, "date_launched": null, "contract_address": [{"contract_address": "0x2a96a67c3bc9063991127d475d0cfcb0e86a2e5c", "platform": {"name": "Cronos", "coin": {"id": "3635", "name": "Cronos", "symbol": "CRO", "slug": "cronos"}}}], "self_reported_circulating_supply": null, "self_reported_tags": null, "self_reported_market_cap": null}]