[{"id": 17392, "name": "Cronofi Finance", "symbol": "CRONO", "category": "token", "description": "Cronofi Finance (CRONO) is a cryptocurrency and operates on the Cronos platform. Cronofi Finance has a current supply of 104 with 0 in circulation. The last known price of Cronofi Finance is 1.14519243 USD and is up 0.00 over the last 24 hours. More information can be found at https://www.cronofifinance.com/.", "slug": "cronofi-finance", "logo": "https://s2.coinmarketcap.com/static/img/coins/64x64/17392.png", "subreddit": "", "notice": "", "tags": ["cronos-ecosystem"], "tag-names": ["Cronos Ecosystem"], "tag-groups": ["PLATFORM"], "urls": {"website": ["https://www.cronofifinance.com/"], "twitter": ["https://twitter.com/cronofifinance"], "message_board": [], "chat": ["https://t.me/cronofi"], "facebook": [], "explorer": ["https://cronos.crypto.org/explorer/token/0x3Df064069Ba2c8B395592E7834934dBC48BbB955/token-transfers", "https://cronos-explorer.crypto.org/token/0x3Df064069Ba2c8B395592E7834934dBC48BbB955"], "reddit": [], "technical_doc": [], "source_code": ["https://github.com/cronofi/"], "announcement": []}, "platform": {"id": "3635", "name": "Cronos", "slug": "cronos", "symbol": "CRO", "token_address": "0x3df064069ba2c8b395592e7834934dbc48bbb955"}, "date_added": "2022-01-17T10:50:04.000Z", "twitter_username": "cronofifinance", "is_hidden": 0, "date_launched": null, "contract_address": [{"contract_address": "0x3df064069ba2c8b395592e7834934dbc48bbb955", "platform": {"name": "Cronos", "coin": {"id": "3635", "name": "Cronos", "symbol": "CRO", "slug": "cronos"}}}], "self_reported_circulating_supply": null, "self_reported_tags": null, "self_reported_market_cap": null}]