[{"id": 13964, "name": "FarmerDoge", "symbol": "CROP", "category": "token", "description": "FarmerDoge (CROP) is a cryptocurrency launched in 2021and operates on the BNB Smart Chain (BEP20) platform. FarmerDoge has a current supply of 10,000,000,000 with 0 in circulation. The last known price of FarmerDoge is 0.00004157 USD and is up 0.51 over the last 24 hours. It is currently trading on 5 active market(s) with $398.78 traded over the last 24 hours. More information can be found at https://www.farmerdoge.net/.", "slug": "farmerdoge", "logo": "https://s2.coinmarketcap.com/static/img/coins/64x64/13964.png", "subreddit": "FarmerDogeBSC/", "notice": "Please note CROP Token has migrated to [new](https://bscscan.com/token/0xEe0736c93E98B2e9fbf11f47dB19E7B68Db71E94) contract address.", "tags": ["memes", "doggone-doggerel"], "tag-names": ["Memes", "Doggone Doggerel"], "tag-groups": ["INDUSTRY", "CATEGORY"], "urls": {"website": ["https://www.farmerdoge.net/"], "twitter": ["https://twitter.com/farmerdogebsc"], "message_board": ["https://medium.com/@farmerdogeinfo"], "chat": ["https://t.me/FarmerDogeCrypto"], "facebook": ["https://www.facebook.com/groups/farmerdoge"], "explorer": ["https://bscscan.com/token/0xEe0736c93E98B2e9fbf11f47dB19E7B68Db71E94"], "reddit": ["https://reddit.com/r/FarmerDogeBSC/"], "technical_doc": ["https://github.com/farmerdoge/docs/raw/main/FarmerDoge%20whitepaper%20Final.pdf"], "source_code": [], "announcement": ["https://t.me/FarmerDogeUpdates"]}, "platform": {"id": "1839", "name": "BNB", "slug": "bnb", "symbol": "BNB", "token_address": "0xEe0736c93E98B2e9fbf11f47dB19E7B68Db71E94"}, "date_added": "2021-11-05T10:42:33.000Z", "twitter_username": "farmerdogebsc", "is_hidden": 0, "date_launched": "2021-08-20T00:00:00.000Z", "contract_address": [{"contract_address": "0xEe0736c93E98B2e9fbf11f47dB19E7B68Db71E94", "platform": {"name": "BNB Smart Chain (BEP20)", "coin": {"id": "1839", "name": "BNB", "symbol": "BNB", "slug": "bnb"}}}], "self_reported_circulating_supply": 8712517459.32385, "self_reported_tags": ["Agriculture", "Hospitality", "DeFi"], "self_reported_market_cap": 363328.0105057459}, {"id": 2671, "name": "Cropcoin", "symbol": "CROP", "category": "coin", "description": null, "slug": "cropcoin", "logo": "https://s2.coinmarketcap.com/static/img/coins/64x64/2671.png", "subreddit": "", "notice": "", "tags": ["mineable"], "tag-names": ["Mineable"], "tag-groups": ["OTHERS"], "urls": {"website": ["http://www.cropcoin.net/"], "twitter": ["https://twitter.com/IamCropcoin"], "message_board": [], "chat": [], "facebook": [], "explorer": ["https://cropcoin.blockxplorer.info/"], "reddit": [], "technical_doc": [], "source_code": ["https://github.com/Cropdev/CropDev"], "announcement": ["https://bitcointalk.org/index.php?topic=2863802.0"]}, "platform": null, "date_added": "2018-04-24T00:00:00.000Z", "twitter_username": "IamCropcoin", "is_hidden": 0, "date_launched": null, "contract_address": [], "self_reported_circulating_supply": NaN, "self_reported_tags": null, "self_reported_market_cap": NaN}, {"id": 9850, "name": "CROP Finance", "symbol": "CROP", "category": "token", "description": "CROP Finance automated yield farming platform acts as a DeFi yield aggregator. CROP Finance gives users a single place to deposit their liquidity. The user-friendly platform handles all the hard work of yield farming by pooling user liquidity and distributing the gas cost. This makes onboarding very simple, cheaper and removes the high barrier of entry.", "slug": "crop-finance", "logo": "https://s2.coinmarketcap.com/static/img/coins/64x64/9850.png", "subreddit": "", "notice": "", "tags": ["genpad"], "tag-names": ["Genpad"], "tag-groups": ["CATEGORY"], "urls": {"website": ["https://cropfinance.io/"], "twitter": ["https://twitter.com/crop_finance"], "message_board": ["https://cropfinance.medium.com/"], "chat": ["https://t.me/cropfi"], "facebook": [], "explorer": ["social@cropfinance.io", "https://etherscan.io/token/0x54efda7fae8316c210cbd1bd85f8cb87bdbda461"], "reddit": [], "technical_doc": [], "source_code": [], "announcement": []}, "platform": {"id": "1027", "name": "Ethereum", "slug": "ethereum", "symbol": "ETH", "token_address": "0x54efda7fae8316c210cbd1bd85f8cb87bdbda461"}, "date_added": "2021-05-17T00:00:00.000Z", "twitter_username": "crop_finance", "is_hidden": 0, "date_launched": "2021-05-24T00:00:00.000Z", "contract_address": [{"contract_address": "0x54efda7fae8316c210cbd1bd85f8cb87bdbda461", "platform": {"name": "Ethereum", "coin": {"id": "1027", "name": "Ethereum", "symbol": "ETH", "slug": "ethereum"}}}], "self_reported_circulating_supply": NaN, "self_reported_tags": null, "self_reported_market_cap": NaN}]