[{"id": 6865, "name": "Crypton", "symbol": "CRP", "category": "coin", "description": "Crypton (CRP) is a cryptocurrency launched in 2019. Users are able to generate CRP through the process of mining. Crypton has a current supply of 7,422,997. The last known price of Crypton is 0.63468582 USD and is down -0.03 over the last 24 hours. It is currently trading on 6 active market(s) with $180,197.58 traded over the last 24 hours. More information can be found at https://u.is/.", "slug": "utopia", "logo": "https://s2.coinmarketcap.com/static/img/coins/64x64/6865.png", "subreddit": "", "notice": "", "tags": ["mineable", "medium-of-exchange", "platform", "store-of-value", "collectibles-nfts", "e-commerce", "privacy", "gaming", "staking"], "tag-names": ["Mineable", "Medium of Exchange", "Platform", "Store Of Value", "Collectibles & NFTs", "E-commerce", "Privacy", "Gaming", "Staking"], "tag-groups": ["OTHERS", "INDUSTRY", "CATEGORY", "CATEGORY", "CATEGORY", "INDUSTRY", "CATEGORY", "INDUSTRY", "CATEGORY"], "urls": {"website": ["https://u.is/"], "twitter": [], "message_board": ["https://talk.u.is/", "https://bitcointalk.org/index.php?topic=5286191.0"], "chat": [], "facebook": [], "explorer": ["https://explorer.utopiaecosystem.com/"], "reddit": [], "technical_doc": [], "source_code": [], "announcement": ["https://bitcointalk.org/index.php?topic=5163273.0"]}, "platform": null, "date_added": "2020-09-03T00:00:00.000Z", "twitter_username": "", "is_hidden": 0, "date_launched": "2019-11-18T00:00:00.000Z", "contract_address": [], "self_reported_circulating_supply": NaN, "self_reported_tags": ["Communications & Social Media", "Filesharing", "Payments", "Services", "Distributed Computing", "Content Creation"], "self_reported_market_cap": NaN}, {"id": 11387, "name": "CropperFinance", "symbol": "CRP", "category": "token", "description": "CropperFinance (CRP) is a cryptocurrency launched in 2021and operates on the Solana platform. CropperFinance has a current supply of 500,000,000 with 28,131,000 in circulation. The last known price of CropperFinance is 0.00450075 USD and is down -1.61 over the last 24 hours. It is currently trading on 7 active market(s) with $62,626.69 traded over the last 24 hours. More information can be found at https://cropper.finance/.", "slug": "cropperfinance", "logo": "https://s2.coinmarketcap.com/static/img/coins/64x64/11387.png", "subreddit": "", "notice": "", "tags": ["yield-farming", "solana-ecosystem", "skyvision-capital-portfolio"], "tag-names": ["Yield Farming", "Solana Ecosystem", "SkyVision Capital Portfolio"], "tag-groups": ["CATEGORY", "PLATFORM", "CATEGORY"], "urls": {"website": ["https://cropper.finance/"], "twitter": ["https://twitter.com/CropperFinance"], "message_board": [], "chat": ["https://t.me/CropperFinance", "https://discord.com/invite/cropperfinance"], "facebook": [], "explorer": ["https://solscan.io/token/DubwWZNWiNGMMeeQHPnMATNj77YZPZSAz2WVR5WjLJqz"], "reddit": [], "technical_doc": ["https://github.com/HalbornSecurity/PublicReports/blob/master/Solana%20Program%20Audit/Cropper_Finance_AMM_Program_Security_Audit_Report_Halborn_Final.pdf"], "source_code": [], "announcement": []}, "platform": {"id": "5426", "name": "Solana", "slug": "solana", "symbol": "SOL", "token_address": "DubwWZNWiNGMMeeQHPnMATNj77YZPZSAz2WVR5WjLJqz"}, "date_added": "2021-08-25T00:00:00.000Z", "twitter_username": "CropperFinance", "is_hidden": 0, "date_launched": "2021-08-22T00:00:00.000Z", "contract_address": [{"contract_address": "DubwWZNWiNGMMeeQHPnMATNj77YZPZSAz2WVR5WjLJqz", "platform": {"name": "Solana", "coin": {"id": "5426", "name": "Solana", "symbol": "SOL", "slug": "solana"}}}], "self_reported_circulating_supply": NaN, "self_reported_tags": null, "self_reported_market_cap": NaN}, {"id": 4651, "name": "Cranepay", "symbol": "CRP", "category": "coin", "description": null, "slug": "cranepay", "logo": "https://s2.coinmarketcap.com/static/img/coins/64x64/4651.png", "subreddit": "", "notice": "", "tags": ["iot"], "tag-names": ["IoT"], "tag-groups": ["INDUSTRY"], "urls": {"website": ["https://cranepay.io"], "twitter": [], "message_board": [], "chat": ["https://t.me/cranepay"], "facebook": [], "explorer": ["http://ru.cranepay.io:8099"], "reddit": [], "technical_doc": [], "source_code": ["https://github.com/cranepay"], "announcement": ["https://bitcointalk.org/index.php?topic=2634468.0;all"]}, "platform": null, "date_added": "2019-09-17T00:00:00.000Z", "twitter_username": "", "is_hidden": 0, "date_launched": null, "contract_address": [], "self_reported_circulating_supply": NaN, "self_reported_tags": null, "self_reported_market_cap": NaN}, {"id": 7416, "name": "Cross Finance", "symbol": "CRP", "category": "token", "description": "Cross Finance (CRP) is a cryptocurrency and operates on the BNB Smart Chain (BEP20) platform. Cross Finance has a current supply of 50,000,000 with 0 in circulation. The last known price of Cross Finance is 0.00984487 USD and is up 7.56 over the last 24 hours. More information can be found at https://crossfin.io/.", "slug": "cross-finance", "logo": "https://s2.coinmarketcap.com/static/img/coins/64x64/7416.png", "subreddit": "", "notice": "", "tags": ["bnb-chain"], "tag-names": ["BNB Chain"], "tag-groups": ["PLATFORM"], "urls": {"website": ["https://crossfin.io/"], "twitter": ["https://twitter.com/Crossfinio"], "message_board": [], "chat": ["https://t.me/Crossfin"], "facebook": [], "explorer": ["https://bscscan.com/token/0x1ad8d89074afa789a027b9a31d0bd14e254711d0"], "reddit": [], "technical_doc": [], "source_code": [], "announcement": ["https://medium.com/cross-finance-defi"]}, "platform": {"id": "1839", "name": "BNB", "slug": "bnb", "symbol": "BNB", "token_address": "0x1ad8d89074afa789a027b9a31d0bd14e254711d0"}, "date_added": "2020-10-15T00:00:00.000Z", "twitter_username": "Crossfinio", "is_hidden": 0, "date_launched": null, "contract_address": [{"contract_address": "0x1ad8d89074afa789a027b9a31d0bd14e254711d0", "platform": {"name": "BNB Smart Chain (BEP20)", "coin": {"id": "1839", "name": "BNB", "symbol": "BNB", "slug": "bnb"}}}], "self_reported_circulating_supply": NaN, "self_reported_tags": null, "self_reported_market_cap": NaN}, {"id": 19298, "name": "CRO Predict", "symbol": "CRP", "category": "token", "description": "CRO Predict (CRP) is a cryptocurrency launched in 2022and operates on the Cronos platform. CRO Predict has a current supply of 0. The last known price of CRO Predict is 0.11255983 USD and is up 0.00 over the last 24 hours. More information can be found at https://cropredict.finance/.", "slug": "cro-predict", "logo": "https://s2.coinmarketcap.com/static/img/coins/64x64/19298.png", "subreddit": "", "notice": "", "tags": null, "tag-names": null, "tag-groups": null, "urls": {"website": ["https://cropredict.finance/"], "twitter": ["https://twitter.com/CROPredict"], "message_board": ["https://cropredict.medium.com/"], "chat": ["https://t.me/CROPredict"], "facebook": [], "explorer": ["https://cronoscan.com/token/0x7b8ad6d7560facd1959cfb4b4163d7d297c4bfc0"], "reddit": [], "technical_doc": ["https://cropredict.finance/CroPredict_whitepaper.pdf"], "source_code": [], "announcement": []}, "platform": {"id": "3635", "name": "Cronos", "slug": "cronos", "symbol": "CRO", "token_address": "0x7b8ad6d7560facd1959cfb4b4163d7d297c4bfc0"}, "date_added": "2022-04-04T06:35:15.000Z", "twitter_username": "CROPredict", "is_hidden": 0, "date_launched": "2022-01-24T00:00:00.000Z", "contract_address": [{"contract_address": "0x7b8ad6d7560facd1959cfb4b4163d7d297c4bfc0", "platform": {"name": "Cronos", "coin": {"id": "3635", "name": "Cronos", "symbol": "CRO", "slug": "cronos"}}}], "self_reported_circulating_supply": 750000.0, "self_reported_tags": null, "self_reported_market_cap": 84419.86897418326}]