[{"id": 21286, "name": "Cantina Royale", "symbol": "CRT", "category": "token", "description": "Cantina Royale (CRT) is a cryptocurrency and operates on the Elrond platform. Cantina Royale has a current supply of 131,855,000 with 0 in circulation. The last known price of Cantina Royale is 0.04756758 USD and is down -1.95 over the last 24 hours. It is currently trading on 2 active market(s) with $37,283.15 traded over the last 24 hours. More information can be found at https://cantinaroyale.io/.", "slug": "cantina-royale", "logo": "https://s2.coinmarketcap.com/static/img/coins/64x64/21286.png", "subreddit": "", "notice": "", "tags": ["elrond-ecosystem"], "tag-names": ["Elrond Ecosystem"], "tag-groups": ["CATEGORY"], "urls": {"website": ["https://cantinaroyale.io/"], "twitter": ["https://twitter.com/CantinaRoyale"], "message_board": ["https://discord.gg/cantinaroyale", "https://blog.cantinaroyale.io/"], "chat": ["https://t.me/CantinaRoyale"], "facebook": [], "explorer": ["https://elrondscan.com/token/CRT-52decf"], "reddit": [], "technical_doc": [], "source_code": [], "announcement": []}, "platform": {"id": "6892", "name": "MultiversX (Elrond)", "slug": "elrond-egld", "symbol": "EGLD", "token_address": "CRT-52decf"}, "date_added": "2022-08-07T15:48:03.000Z", "twitter_username": "CantinaRoyale", "is_hidden": 0, "date_launched": null, "contract_address": [{"contract_address": "CRT-52decf", "platform": {"name": "Elrond", "coin": {"id": "6892", "name": "MultiversX (Elrond)", "symbol": "EGLD", "slug": "elrond-egld"}}}], "self_reported_circulating_supply": null, "self_reported_tags": null, "self_reported_market_cap": null}, {"id": 6872, "name": "Carrot", "symbol": "CRT", "category": "token", "description": "Carrot (CRT) is a cryptocurrency and operates on the Tron20 platform. Carrot has a current supply of 0. The last known price of Carrot is 0.07937557 USD and is down -3.99 over the last 24 hours. It is currently trading on 3 active market(s) with $11,986.45 traded over the last 24 hours. More information can be found at https://carr.finance.", "slug": "carrot", "logo": "https://s2.coinmarketcap.com/static/img/coins/64x64/6872.png", "subreddit": "", "notice": "", "tags": null, "tag-names": null, "tag-groups": null, "urls": {"website": ["https://carr.finance"], "twitter": ["https://twitter.com/CarrotFinance"], "message_board": [], "chat": [], "facebook": [], "explorer": ["https://tronscan.io/#/token20/TZ7EvoZdEet2P9E2DKf9CtKf6EAyFwRAS3"], "reddit": [], "technical_doc": [], "source_code": ["https://github.com/carrotFinance/carrot-finance"], "announcement": []}, "platform": {"id": "1958", "name": "TRON", "slug": "tron", "symbol": "TRX", "token_address": "TZ7EvoZdEet2P9E2DKf9CtKf6EAyFwRAS3"}, "date_added": "2020-09-03T00:00:00.000Z", "twitter_username": "CarrotFinance", "is_hidden": 0, "date_launched": null, "contract_address": [{"contract_address": "TZ7EvoZdEet2P9E2DKf9CtKf6EAyFwRAS3", "platform": {"name": "Tron20", "coin": {"id": "1958", "name": "TRON", "symbol": "TRX", "slug": "tron"}}}], "self_reported_circulating_supply": null, "self_reported_tags": null, "self_reported_market_cap": null}, {"id": 308, "name": "CRTCoin", "symbol": "CRT", "category": "coin", "description": "CRTCoin (CRT) is a cryptocurrency . Users are able to generate CRT through the process of mining. CRTCoin has a current supply of 10,079,270.3032 with 0 in circulation. The last known price of CRTCoin is 0.03742828 USD and is up 0.00 over the last 24 hours. More information can be found at http://crtcoin.com/.", "slug": "crtcoin", "logo": "https://s2.coinmarketcap.com/static/img/coins/64x64/308.png", "subreddit": "", "notice": "", "tags": ["mineable"], "tag-names": ["Mineable"], "tag-groups": ["OTHERS"], "urls": {"website": ["http://crtcoin.com/"], "twitter": [], "message_board": [], "chat": [], "facebook": [], "explorer": ["http://www.crtcoin.com/explorer/"], "reddit": [], "technical_doc": [], "source_code": [], "announcement": []}, "platform": null, "date_added": "2014-05-11T00:00:00.000Z", "twitter_username": "", "is_hidden": 0, "date_launched": null, "contract_address": [], "self_reported_circulating_supply": null, "self_reported_tags": null, "self_reported_market_cap": null}, {"id": 6394, "name": "Certurium", "symbol": "CRT", "category": "coin", "description": "Certurium is a fork of Bitcoin, and was conceived in 2013 as a rare commodity with the explicit goal of long term value appreciation. It is claimed that Certuriums' parameters have been optimized to make it ideal for long term investments. It is claimed that it is not an issued token but a decentrally mined cryptocurrency like Bitcoin. A purely peer-to-peer, decentralized digital store of value building upon Bitcoin, optimizing its paramaters and implementing technological components to leverage the blockchains advantages and cutting its disadvantages out.\r\n\r\n\r\n\r\nThe content is for informational purposes only, you should not construe any such information or other material as legal, tax, investment, financial, or other advice. Nothing contained on our site constitutes a solicitation, recommendation, endorsement, or offer by Coinmarketcap. You shall assume the sole responsibility of evaluating the merits and risks associated with the use of any information or other content on Coinmarketcap before making any decisions based on such information or other content. There are risks associated with investing in cryptocurrencies. Investing in cryptocurrencies involves risk of loss and loss of principal is possible.", "slug": "certurium", "logo": "https://s2.coinmarketcap.com/static/img/coins/64x64/6394.png", "subreddit": "", "notice": "", "tags": null, "tag-names": null, "tag-groups": null, "urls": {"website": ["https://www.certuriumcoin.com/"], "twitter": ["https://twitter.com/Certurium"], "message_board": [], "chat": ["https://t.me/Certurium"], "facebook": [], "explorer": ["https://chainz.cryptoid.info/crt/"], "reddit": [], "technical_doc": [], "source_code": [], "announcement": ["https://bitcointalk.org/index.php?topic=5163807.0"]}, "platform": null, "date_added": "2020-08-08T00:00:00.000Z", "twitter_username": "Certurium", "is_hidden": 0, "date_launched": null, "contract_address": [], "self_reported_circulating_supply": null, "self_reported_tags": null, "self_reported_market_cap": null}, {"id": 8033, "name": "Cryptonits", "symbol": "CRT", "category": "token", "description": "Cryptonits (CRT) is a cryptocurrency launched in 2019and operates on the Ethereum platform. Cryptonits has a current supply of 0. The last known price of Cryptonits is 0.02662236 USD and is down -1.83 over the last 24 hours. More information can be found at https://cryptonits.com.", "slug": "cryptonits", "logo": "https://s2.coinmarketcap.com/static/img/coins/64x64/8033.png", "subreddit": "", "notice": "", "tags": null, "tag-names": null, "tag-groups": null, "urls": {"website": ["https://cryptonits.com"], "twitter": ["https://twitter.com/cryptonits"], "message_board": [], "chat": ["https://t.me/CryptonitsCRT"], "facebook": [], "explorer": ["https://etherscan.io/token/0x36a28c7c9b3dea22f07f4df67833cbe764feeeb4", "https://ethplorer.io/address/0x36a28c7c9b3dea22f07f4df67833cbe764feeeb4"], "reddit": [], "technical_doc": [], "source_code": ["https://etherscan.io/token/0x36a28c7c9b3dea22f07f4df67833cbe764feeeb4#readContract"], "announcement": []}, "platform": {"id": "1027", "name": "Ethereum", "slug": "ethereum", "symbol": "ETH", "token_address": "0x36a28c7c9b3dea22f07f4df67833cbe764feeeb4"}, "date_added": "2020-12-16T00:00:00.000Z", "twitter_username": "cryptonits", "is_hidden": 0, "date_launched": "2019-07-18T00:00:00.000Z", "contract_address": [{"contract_address": "0x36a28c7c9b3dea22f07f4df67833cbe764feeeb4", "platform": {"name": "Ethereum", "coin": {"id": "1027", "name": "Ethereum", "symbol": "ETH", "slug": "ethereum"}}}], "self_reported_circulating_supply": null, "self_reported_tags": null, "self_reported_market_cap": null}, {"id": 12309, "name": "Cryptonite (CRT)", "symbol": "CRT", "category": "token", "description": "Cryptonite (CRT) (CRT) is a cryptocurrency and operates on the BNB Smart Chain (BEP20) platform. Cryptonite (CRT) has a current supply of 1,000,000,000,000,000 with 0 in circulation. The last known price of Cryptonite (CRT) is 0 USD and is down -5.83 over the last 24 hours. More information can be found at https://www.cryptoniterelief.com/.", "slug": "cryptonite-crt", "logo": "https://s2.coinmarketcap.com/static/img/coins/64x64/12309.png", "subreddit": "", "notice": "", "tags": null, "tag-names": null, "tag-groups": null, "urls": {"website": ["https://www.cryptoniterelief.com/"], "twitter": ["https://twitter.com/CRYPTONITE_CRT"], "message_board": [], "chat": ["https://t.me/CryptoniteToken"], "facebook": [], "explorer": ["https://bscscan.com/token/0x6904b1c25c91fBD9431621fbE495d7c49FCD171F"], "reddit": [], "technical_doc": [], "source_code": [], "announcement": []}, "platform": {"id": "1839", "name": "BNB", "slug": "bnb", "symbol": "BNB", "token_address": "0x6904b1c25c91fBD9431621fbE495d7c49FCD171F"}, "date_added": "2021-10-05T00:49:54.000Z", "twitter_username": "CRYPTONITE_CRT", "is_hidden": 0, "date_launched": null, "contract_address": [{"contract_address": "0x6904b1c25c91fBD9431621fbE495d7c49FCD171F", "platform": {"name": "BNB Smart Chain (BEP20)", "coin": {"id": "1839", "name": "BNB", "symbol": "BNB", "slug": "bnb"}}}], "self_reported_circulating_supply": null, "self_reported_tags": null, "self_reported_market_cap": null}, {"id": 15569, "name": "Crystal Wallet", "symbol": "CRT", "category": "token", "description": "Crystal Wallet (CRT) is a cryptocurrency and operates on the BNB Smart Chain (BEP20) platform. Crystal Wallet has a current supply of 980,000,000 with 0 in circulation. The last known price of Crystal Wallet is 0.00011027 USD and is up 0.00 over the last 24 hours. More information can be found at https://crt.crystalwallet.eu/.", "slug": "crystal-wallet", "logo": "https://s2.coinmarketcap.com/static/img/coins/64x64/15569.png", "subreddit": "", "notice": "", "tags": null, "tag-names": null, "tag-groups": null, "urls": {"website": ["https://crt.crystalwallet.eu/"], "twitter": ["https://twitter.com/CrystalWalletEU"], "message_board": [], "chat": ["https://t.me/CrystalWalletCommunity"], "facebook": [], "explorer": ["https://bscscan.com/token/0x84817f5b8523c063d9574b36c5b670a046bb5810"], "reddit": [], "technical_doc": [], "source_code": ["https://github.com/crystalwalleteu"], "announcement": []}, "platform": {"id": "1839", "name": "BNB", "slug": "bnb", "symbol": "BNB", "token_address": "0x84817f5b8523c063d9574b36c5b670a046bb5810"}, "date_added": "2021-12-04T14:45:39.000Z", "twitter_username": "CrystalWalletEU", "is_hidden": 0, "date_launched": null, "contract_address": [{"contract_address": "0x84817f5b8523c063d9574b36c5b670a046bb5810", "platform": {"name": "BNB Smart Chain (BEP20)", "coin": {"id": "1839", "name": "BNB", "symbol": "BNB", "slug": "bnb"}}}], "self_reported_circulating_supply": null, "self_reported_tags": null, "self_reported_market_cap": null}, {"id": 21066, "name": "Cryptopia", "symbol": "CRT", "category": "token", "description": "# CRT is the native token of Cryptopia.\n\nCryptopia is a Groundbreaking Blockchain-Driven Metaverse Game. The game is *serverless* and all information is stored on and read from the blockchain.\n\nSeamless experience with Cryptopia integrated (multisig) crypto wallet - Doesn\u2019t require other external wallets (MetaMask).\n\nCryptopia is an independent city-state society based on the blockchain, where citizens can buy, sell, vote, and perform other essential activities using a safe, secure, and transparent system. Additionally, as a seasteading city-state, Cryptopia lies outside of any existing nation\u2019s borders, allowing its citizens free reign to experiment and create the community they want for themselves. Cryptopia has become humanity\u2019s haven, the reboot of society the world needs to survive.\n\n**Rise of the Factions**\nNot everyone interpreted the new society the same way. Some believed Cryptopia was meant to create fantastic wealth, while others saw an opportunity to start fresh and save the environment. Still others believed that essential policies should be based on technology, while others argued they should be made with the people\u2019s consensus. Inevitably, these disparate agendas splintered the citizens into four Factions. Each group appointed a member to serve as the \u201cface\u201d of their faction, who would speak on their behalf and mentor new members.\n \nAll items in the game are tradable. There are fungible tokens for resources and products like oil, gold, glass and plastic. There are also non fungible tokens for items that represent ownership or uniqueness: for example ships, blueprints for construction of buildings and title deeds.\nThese fungible and non fungible tokens are stored in a multi-sig wallet. When you create a game account your multi-sig wallet is mined. Since this is a multi-sig wallet, you can store any ERC-20 compatible token. This is why we call it a metaverse DeFi game: we can bridge to other projects in our game.\n\nThe game is free to play (**F2P**) and play to earn (**P2E**). F2P is an important aspect: you don't need an expensive NFT. Cryptopia is not a game where only the first ones can earn while raising the barrier to entry. Every player can earn in our game: rich, poor and in between. How you go about it is up to you: invest your time or your assets. Or both. Players can stake other players.\nAs the game progresses, more expensive NFTs come into play. This does not mean that players with a small budget are left out. Cryptopia allows players to pool resources to acquire such expensive NFTs. It is up to them how to share revenue and profit.\n\nCryptopia has 40% of the token supply locked in the game: this means that 4 billion Cryptopia Tokens (CRT) are available as player rewards!\n\nWhen Cryptopia is a stable, matured game the players will take over. Cryptopia truly will be a decentralized autonomous organization.", "slug": "cryptopia", "logo": "https://s2.coinmarketcap.com/static/img/coins/64x64/21066.png", "subreddit": "Cryptopia_Official", "notice": "", "tags": null, "tag-names": null, "tag-groups": null, "urls": {"website": ["https://cryptopia.com"], "twitter": ["https://twitter.com/Cryptopia_OFCL"], "message_board": ["https://blog.cryptopia.com/"], "chat": ["https://discord.gg/cryptopia"], "facebook": ["https://www.facebook.com/cryptopiacom"], "explorer": ["https://polygonscan.com/token/0x7348565f0a5077252d310392c3cecd8db87a7704", "https://etherscan.io/token/0xabdd22dfe5db2be20262050523470b650e91f246"], "reddit": ["https://reddit.com/r/Cryptopia_Official"], "technical_doc": [], "source_code": [], "announcement": []}, "platform": {"id": "3890", "name": "Polygon", "slug": "polygon", "symbol": "MATIC", "token_address": "0x7348565F0A5077252D310392C3CeCD8dB87a7704"}, "date_added": "2022-07-20T17:31:05.000Z", "twitter_username": "Cryptopia_OFCL", "is_hidden": 0, "date_launched": "2022-01-15T00:00:00.000Z", "contract_address": [{"contract_address": "0x7348565F0A5077252D310392C3CeCD8dB87a7704", "platform": {"name": "Polygon", "coin": {"id": "3890", "name": "Polygon", "symbol": "MATIC", "slug": "polygon"}}}], "self_reported_circulating_supply": null, "self_reported_tags": null, "self_reported_market_cap": null}]