[{"id": 6747, "name": "Crust Network", "symbol": "CRU", "category": "token", "description": "Crust Network (CRU) is a cryptocurrency and operates on the Ethereum platform. Crust Network has a current supply of 24,483,885.71 with 9,245,318 in circulation. The last known price of Crust Network is 0.58705896 USD and is up 0.78 over the last 24 hours. It is currently trading on 33 active market(s) with $4,930,914.76 traded over the last 24 hours. More information can be found at https://www.crust.network/.", "slug": "crustnetwork", "logo": "https://s2.coinmarketcap.com/static/img/coins/64x64/6747.png", "subreddit": "", "notice": "Let's Learn About [\"Crust Network\"](https://coinmarketcap.com/earn/project/crust-network) on the Learn & Earn Page!", "tags": ["distributed-computing", "filesharing", "substrate", "polkadot", "storage", "polkadot-ecosystem", "web3", "elrond-ecosystem"], "tag-names": ["Distributed Computing", "Filesharing", "Substrate", "Polkadot", "Storage", "Polkadot Ecosystem", "Web3", "Elrond Ecosystem"], "tag-groups": ["INDUSTRY", "INDUSTRY", "CATEGORY", "PLATFORM", "CATEGORY", "PLATFORM", "INDUSTRY", "CATEGORY"], "urls": {"website": ["https://www.crust.network/"], "twitter": ["https://twitter.com/CrustNetwork"], "message_board": ["https://medium.com/@CrustNetwork"], "chat": ["https://t.me/CrustNetwork"], "facebook": [], "explorer": ["https://etherscan.io/token/0x32a7C02e79c4ea1008dD6564b35F131428673c41"], "reddit": [], "technical_doc": ["https://wiki.crust.network/en"], "source_code": ["https://github.com/crustio"], "announcement": ["https://t.me/CrustNetworkNews"]}, "platform": {"id": "1027", "name": "Ethereum", "slug": "ethereum", "symbol": "ETH", "token_address": "0x32a7C02e79c4ea1008dD6564b35F131428673c41"}, "date_added": "2020-08-28T00:00:00.000Z", "twitter_username": "CrustNetwork", "is_hidden": 0, "date_launched": null, "contract_address": [{"contract_address": "0x32a7C02e79c4ea1008dD6564b35F131428673c41", "platform": {"name": "Ethereum", "coin": {"id": "1027", "name": "Ethereum", "symbol": "ETH", "slug": "ethereum"}}}], "self_reported_circulating_supply": null, "self_reported_tags": ["Filesharing", "Substrate", "Storage", "Polkadot Ecosystem", "Metaverse", "Polygon Ecosystem", "Web3", "Cross-Chain", "Moonriver Ecosystem", "Elrond Ecosystem"], "self_reported_market_cap": null}, {"id": 19437, "name": "Cryptounit", "symbol": "CRU", "category": "token", "description": "Cryptounit (CRU) is a cryptocurrency . Cryptounit has a current supply of 9,619,982,210 with 0 in circulation. The last known price of Cryptounit is 0.00201038 USD and is up 0.00 over the last 24 hours. It is currently trading on 3 active market(s) with $568.62 traded over the last 24 hours. More information can be found at http://cryptounit.cc/.", "slug": "cryptounit", "logo": "https://s2.coinmarketcap.com/static/img/coins/64x64/19437.png", "subreddit": "", "notice": "", "tags": null, "tag-names": null, "tag-groups": null, "urls": {"website": ["http://cryptounit.cc/"], "twitter": ["https://twitter.com/CryptoUnit_en"], "message_board": [], "chat": [], "facebook": [], "explorer": ["https://explorer.cryptounit.cc/"], "reddit": [], "technical_doc": [], "source_code": ["https://github.com/CryptoUnit-blockchain"], "announcement": []}, "platform": null, "date_added": "2022-04-10T18:38:58.000Z", "twitter_username": "CryptoUnit_en", "is_hidden": 0, "date_launched": null, "contract_address": [], "self_reported_circulating_supply": null, "self_reported_tags": null, "self_reported_market_cap": null}]