[{"id": 6538, "name": "Curve DAO Token", "symbol": "CRV", "category": "token", "description": "Curve DAO Token (CRV) is a cryptocurrency and operates on the Ethereum platform. Curve DAO Token has a current supply of 1,820,680,573.067954 with 531,583,334.41539234 in circulation. The last known price of Curve DAO Token is 0.49848096 USD and is down -4.14 over the last 24 hours. It is currently trading on 395 active market(s) with $29,725,267.21 traded over the last 24 hours. More information can be found at https://guides.curve.fi/everything-you-need-to-know-about-crv/.", "slug": "curve-dao-token", "logo": "https://s2.coinmarketcap.com/static/img/coins/64x64/6538.png", "subreddit": "CurveDAO", "notice": "", "tags": ["decentralized-exchange-dex-token", "defi", "dao", "yield-farming", "amm", "governance", "framework-ventures-portfolio", "alameda-research-portfolio", "polygon-ecosystem", "fantom-ecosystem", "arbitrum-ecosytem"], "tag-names": ["Decentralized Exchange (DEX) Token", "DeFi", "DAO", "Yield Farming", "AMM", "Governance", "Framework Ventures Portfolio", "Alameda Research Portfolio", "Polygon Ecosystem", "Fantom Ecosystem", "Arbitrum Ecosystem"], "tag-groups": ["CATEGORY", "CATEGORY", "CATEGORY", "CATEGORY", "CATEGORY", "CATEGORY", "CATEGORY", "CATEGORY", "PLATFORM", "PLATFORM", "PLATFORM"], "urls": {"website": ["https://guides.curve.fi/everything-you-need-to-know-about-crv/", "https://www.curve.fi/"], "twitter": ["https://twitter.com/curvefinance"], "message_board": [], "chat": ["https://t.me/curvefi", "https://discord.gg/rgrfS7W"], "facebook": [], "explorer": ["https://etherscan.io/token/0xD533a949740bb3306d119CC777fa900bA034cd52", "https://ethplorer.io/address/0xD533a949740bb3306d119CC777fa900bA034cd52", "https://blockscout.com/xdai/mainnet/tokens/0x712b3d230f3c1c19db860d80619288b1f0bdd0bd/token-transfers", "https://ftmscan.com/token/0x1E4F97b9f9F913c46F1632781732927B9019C68b", "https://solscan.io/token/7gjNiPun3AzEazTZoFEjZgcBMeuaXdpjHq2raZTmTrfs"], "reddit": ["https://reddit.com/r/CurveDAO"], "technical_doc": [], "source_code": ["https://github.com/curvefi/curve-contract"], "announcement": []}, "platform": {"id": "1027", "name": "Ethereum", "slug": "ethereum", "symbol": "ETH", "token_address": "0xD533a949740bb3306d119CC777fa900bA034cd52"}, "date_added": "2020-08-14T00:00:00.000Z", "twitter_username": "curvefinance", "is_hidden": 0, "date_launched": null, "contract_address": [{"contract_address": "0xD533a949740bb3306d119CC777fa900bA034cd52", "platform": {"name": "Ethereum", "coin": {"id": "1027", "name": "Ethereum", "symbol": "ETH", "slug": "ethereum"}}}, {"contract_address": "0x712b3d230f3c1c19db860d80619288b1f0bdd0bd", "platform": {"name": "Gnosis Chain", "coin": {"id": "1659", "name": "Gnosis", "symbol": "GNO", "slug": "gnosis-gno"}}}, {"contract_address": "0x1E4F97b9f9F913c46F1632781732927B9019C68b", "platform": {"name": "Fantom", "coin": {"id": "3513", "name": "Fantom", "symbol": "FTM", "slug": "fantom"}}}, {"contract_address": "7gjNiPun3AzEazTZoFEjZgcBMeuaXdpjHq2raZTmTrfs", "platform": {"name": "Solana", "coin": {"id": "5426", "name": "Solana", "symbol": "SOL", "slug": "solana"}}}], "self_reported_circulating_supply": null, "self_reported_tags": null, "self_reported_market_cap": null}, {"id": 3675, "name": "Crowdvilla Ownership", "symbol": "CRV", "category": "token", "description": "Crowdvilla Ownership (CRV) is a cryptocurrency and operates on the Ethereum platform. Crowdvilla Ownership has a current supply of 745,940,000 with 0 in circulation. The last known price of Crowdvilla Ownership is 0.0008136 USD and is up 0.00 over the last 24 hours. More information can be found at https://www.crowdvilla.io.", "slug": "crowdvilla-ownership", "logo": "https://s2.coinmarketcap.com/static/img/coins/64x64/3675.png", "subreddit": "Crowdvilla", "notice": "", "tags": null, "tag-names": null, "tag-groups": null, "urls": {"website": ["https://www.crowdvilla.io", "https://medium.com/@crowdvilla"], "twitter": ["https://twitter.com/crowdvillaio"], "message_board": [], "chat": ["https://t.me/reidao"], "facebook": [], "explorer": ["https://etherscan.io/token/0x69f64d814aa278825997e71738120392993973a4", "https://ethplorer.io/address/0x69f64d814aa278825997e71738120392993973a4"], "reddit": ["https://reddit.com/r/Crowdvilla"], "technical_doc": ["https://crowdvilla.io/whitepaper.pdf"], "source_code": ["https://github.com/REIDAO/crowdvilla-token-sale"], "announcement": ["https://bitcointalk.org/index.php?topic=2962977"]}, "platform": {"id": "1027", "name": "Ethereum", "slug": "ethereum", "symbol": "ETH", "token_address": "0x69f64d814aa278825997e71738120392993973a4"}, "date_added": "2019-01-17T00:00:00.000Z", "twitter_username": "crowdvillaio", "is_hidden": 0, "date_launched": null, "contract_address": [{"contract_address": "0x69f64d814aa278825997e71738120392993973a4", "platform": {"name": "Ethereum", "coin": {"id": "1027", "name": "Ethereum", "symbol": "ETH", "slug": "ethereum"}}}], "self_reported_circulating_supply": null, "self_reported_tags": null, "self_reported_market_cap": null}]