[{"id": 9348, "name": "Crowny", "symbol": "CRWNY", "category": "token", "description": "Crowny (CRWNY) is a cryptocurrency launched in 2021and operates on the Solana platform. Crowny has a current supply of 813,097,988.24 with 462,191,889.24 in circulation. The last known price of Crowny is 0.00052789 USD and is down -0.65 over the last 24 hours. It is currently trading on 5 active market(s) with $67,014.86 traded over the last 24 hours. More information can be found at https://crowny.io/en/.", "slug": "crowny", "logo": "https://s2.coinmarketcap.com/static/img/coins/64x64/9348.png", "subreddit": "", "notice": "Please note that Crowny has migrated to [new](https://solscan.io/token/CRWNYkqdgvhGGae9CKfNka58j6QQkaD5bLhKXvUYqnc1) contract address.", "tags": ["marketplace", "solana-ecosystem", "exnetwork-capital-portfolio"], "tag-names": ["Marketplace", "Solana Ecosystem", "Exnetwork Capital Portfolio"], "tag-groups": ["INDUSTRY", "PLATFORM", "CATEGORY"], "urls": {"website": ["https://crowny.io/en/"], "twitter": ["https://twitter.com/crownyio"], "message_board": ["https://crowny.medium.com"], "chat": ["https://t.me/crownyio"], "facebook": [], "explorer": ["https://solscan.io/token/CRWNYkqdgvhGGae9CKfNka58j6QQkaD5bLhKXvUYqnc1"], "reddit": [], "technical_doc": ["https://crowny.io/docs/Crowny_Whitepaper_2.pdf"], "source_code": [], "announcement": []}, "platform": {"id": "5426", "name": "Solana", "slug": "solana", "symbol": "SOL", "token_address": "CRWNYkqdgvhGGae9CKfNka58j6QQkaD5bLhKXvUYqnc1"}, "date_added": "2021-04-20T00:00:00.000Z", "twitter_username": "crownyio", "is_hidden": 0, "date_launched": "2021-04-18T00:00:00.000Z", "contract_address": [{"contract_address": "CRWNYkqdgvhGGae9CKfNka58j6QQkaD5bLhKXvUYqnc1", "platform": {"name": "Solana", "coin": {"id": "5426", "name": "Solana", "symbol": "SOL", "slug": "solana"}}}], "self_reported_circulating_supply": null, "self_reported_tags": null, "self_reported_market_cap": null}]