[{"id": 12574, "name": "World of Cryptia", "symbol": "CRYPT", "category": "token", "description": "World of Cryptia (CRYPT) is a cryptocurrency launched in 2021and operates on the BNB Smart Chain (BEP20) platform. World of Cryptia has a current supply of 0. The last known price of World of Cryptia is 0.0004459 USD and is down -1.75 over the last 24 hours. It is currently trading on 6 active market(s) with $770.88 traded over the last 24 hours. More information can be found at https://cryptia.io/.", "slug": "world-of-cryptia", "logo": "https://s2.coinmarketcap.com/static/img/coins/64x64/12574.png", "subreddit": "WorldOfCryptia", "notice": "", "tags": ["polkafoundry-red-kite", "bullperks-launchpad"], "tag-names": ["PolkaFoundry Red Kite", "BullPerks Launchpad"], "tag-groups": ["CATEGORY", "CATEGORY"], "urls": {"website": ["https://cryptia.io/"], "twitter": ["https://twitter.com/CryptiaOfficial"], "message_board": [], "chat": ["https://t.me/cryptiaofficial"], "facebook": [], "explorer": ["https://bscscan.com/token/0x142ba459218cafdcf8f98a5fa3e139f32fccec70"], "reddit": ["https://reddit.com/r/WorldOfCryptia"], "technical_doc": ["https://docs.cryptia.io/"], "source_code": [], "announcement": []}, "platform": {"id": "1839", "name": "BNB", "slug": "bnb", "symbol": "BNB", "token_address": "0x142ba459218cafdcf8f98a5fa3e139f32fccec70"}, "date_added": "2021-10-10T08:21:01.000Z", "twitter_username": "CryptiaOfficial", "is_hidden": 0, "date_launched": "2021-10-07T00:00:00.000Z", "contract_address": [{"contract_address": "0x142ba459218cafdcf8f98a5fa3e139f32fccec70", "platform": {"name": "BNB Smart Chain (BEP20)", "coin": {"id": "1839", "name": "BNB", "symbol": "BNB", "slug": "bnb"}}}], "self_reported_circulating_supply": 21450000.0, "self_reported_tags": null, "self_reported_market_cap": 9579.312862341756}, {"id": 12875, "name": "CrypterToken", "symbol": "CRYPT", "category": "token", "description": "CrypterToken (CRYPT) is a cryptocurrency launched in 2021and operates on the BNB Smart Chain (BEP20) platform. CrypterToken has a current supply of 1,000,000,000,000,000 with 0 in circulation. The last known price of CrypterToken is 0 USD and is down -3.17 over the last 24 hours. It is currently trading on 4 active market(s) with $2.70 traded over the last 24 hours. More information can be found at https://crypter.io/.", "slug": "cryptertoken", "logo": "https://s2.coinmarketcap.com/static/img/coins/64x64/12875.png", "subreddit": "CrypterMain/", "notice": "", "tags": null, "tag-names": null, "tag-groups": null, "urls": {"website": ["https://crypter.io/", "https://crypter.com/"], "twitter": ["https://twitter.com/CrypterOfficial"], "message_board": ["https://www.marketwatch.com/press-release/innovative-social-networking-platform-crypter-launches-the-next-safemoon-with-great-utility-2021-10-12", "https://cointelegraph.com/press-releases/crypter-network-debuts-engage-to-earn-reward-system"], "chat": ["https://t.me/cryptermain", "https://discord.gg/ReVJ9PHmh6"], "facebook": ["https://www.facebook.com/CrypterOfficial"], "explorer": ["https://bscscan.com/token/0xda6802bbec06ab447a68294a63de47ed4506acaa", "https://bscscan.com/token/0xda6802bbec06ab447a68294a63de47ed4506acaa"], "reddit": ["https://reddit.com/r/CrypterMain/"], "technical_doc": [], "source_code": [], "announcement": ["https://t.me/CrypterAnnouncementChannel"]}, "platform": {"id": "1839", "name": "BNB", "slug": "bnb", "symbol": "BNB", "token_address": "0xda6802bbec06ab447a68294a63de47ed4506acaa"}, "date_added": "2021-10-19T06:46:04.000Z", "twitter_username": "CrypterOfficial", "is_hidden": 0, "date_launched": "2021-10-16T00:00:00.000Z", "contract_address": [{"contract_address": "0xda6802bbec06ab447a68294a63de47ed4506acaa", "platform": {"name": "BNB Smart Chain (BEP20)", "coin": {"id": "1839", "name": "BNB", "symbol": "BNB", "slug": "bnb"}}}], "self_reported_circulating_supply": 798667998832616.0, "self_reported_tags": ["Art", "Education", "Platform", "Content Creation", "DeFi", "Gaming", "Entertainment", "Identity", "Memes", "Mobile", "Wallet", "DApp"], "self_reported_market_cap": 288787.1829692052}, {"id": 337, "name": "CryptCoin", "symbol": "CRYPT", "category": "coin", "description": "CryptCoin (CRYPT) is a cryptocurrency . Users are able to generate CRYPT through the process of mining. CryptCoin has a current supply of 6,070,408.64065 with 0 in circulation. The last known price of CryptCoin is 0.05020176 USD and is up 0.00 over the last 24 hours. More information can be found at http://cryptco.org/.", "slug": "cryptcoin", "logo": "https://s2.coinmarketcap.com/static/img/coins/64x64/337.png", "subreddit": "", "notice": "", "tags": ["mineable", "pow", "x11"], "tag-names": ["Mineable", "PoW", "X11"], "tag-groups": ["OTHERS", "ALGORITHM", "ALGORITHM"], "urls": {"website": ["http://cryptco.org/"], "twitter": [], "message_board": [], "chat": [], "facebook": [], "explorer": ["http://chainz.cryptoid.info/crypt/"], "reddit": [], "technical_doc": [], "source_code": [], "announcement": ["https://bitcointalk.org/index.php?topic=618377.0"]}, "platform": null, "date_added": "2014-05-26T00:00:00.000Z", "twitter_username": "", "is_hidden": 0, "date_launched": null, "contract_address": [], "self_reported_circulating_supply": NaN, "self_reported_tags": null, "self_reported_market_cap": NaN}, {"id": 10135, "name": "Cryptonaught", "symbol": "CRYPT", "category": "token", "description": "Cryptonaught (CRYPT) is a cryptocurrency launched in 2021and operates on the BNB Smart Chain (BEP20) platform. Cryptonaught has a current supply of 1,000,000,000 with 0 in circulation. The last known price of Cryptonaught is 0.00001311 USD and is up 0.26 over the last 24 hours. More information can be found at https://www.thecrypt.space/.", "slug": "cryptonaught", "logo": "https://s2.coinmarketcap.com/static/img/coins/64x64/10135.png", "subreddit": "", "notice": "", "tags": ["bnb-chain"], "tag-names": ["BNB Chain"], "tag-groups": ["PLATFORM"], "urls": {"website": ["https://www.thecrypt.space/"], "twitter": ["https://twitter.com/CryptoNaughtNFT"], "message_board": [], "chat": [], "facebook": [], "explorer": ["https://bscscan.com/token/0x1ad7dbe0d521ca1ae72decc06f1570aa43c781a2"], "reddit": [], "technical_doc": ["https://secureservercdn.net/72.167.241.46/p4m.d9f.myftpupload.com/wp-content/uploads/2021/05/whitepaperv1.0-1.pdf"], "source_code": [], "announcement": []}, "platform": {"id": "1839", "name": "BNB", "slug": "bnb", "symbol": "BNB", "token_address": "0x1ad7dbe0d521ca1ae72decc06f1570aa43c781a2"}, "date_added": "2021-05-29T00:00:00.000Z", "twitter_username": "CryptoNaughtNFT", "is_hidden": 0, "date_launched": "2021-05-03T00:00:00.000Z", "contract_address": [{"contract_address": "0x1ad7dbe0d521ca1ae72decc06f1570aa43c781a2", "platform": {"name": "BNB Smart Chain (BEP20)", "coin": {"id": "1839", "name": "BNB", "symbol": "BNB", "slug": "bnb"}}}], "self_reported_circulating_supply": NaN, "self_reported_tags": null, "self_reported_market_cap": NaN}, {"id": 11545, "name": "The Crypt Space", "symbol": "CRYPT", "category": "token", "description": "The Crypt Space (CRYPT) is a cryptocurrency launched in 2021and operates on the BNB Smart Chain (BEP20) platform. The Crypt Space has a current supply of 1,000,000,000,000,000 with 0 in circulation. The last known price of The Crypt Space is 0 USD and is up 0.36 over the last 24 hours. More information can be found at https://www.thecryptspace.com.", "slug": "the-crypt-space", "logo": "https://s2.coinmarketcap.com/static/img/coins/64x64/11545.png", "subreddit": "TheCryptSpace/", "notice": "", "tags": null, "tag-names": null, "tag-groups": null, "urls": {"website": ["https://www.thecryptspace.com"], "twitter": ["https://twitter.com/TheCryptSpace"], "message_board": ["https://thecryptspace.medium.com/"], "chat": ["https://t.me/TheCryptSpace_CommunityChat", "https://discord.gg/7zHyfa5GaH"], "facebook": [], "explorer": ["https://bscscan.com/token/0x9C0C8156b268A4432191A282BdF4287019526cCe"], "reddit": ["https://reddit.com/r/TheCryptSpace/"], "technical_doc": ["https://secureservercdn.net/72.167.241.46/p4m.d9f.myftpupload.com/wp-content/uploads/2021/08/whitepaper-v1.1.pdf"], "source_code": ["https://github.com/TheCryptSpace"], "announcement": ["https://t.me/TheCryptSpace_Announcements"]}, "platform": {"id": "1839", "name": "BNB", "slug": "bnb", "symbol": "BNB", "token_address": "0x9C0C8156b268A4432191A282BdF4287019526cCe"}, "date_added": "2021-09-01T10:57:03.000Z", "twitter_username": "TheCryptSpace", "is_hidden": 0, "date_launched": "2021-08-31T00:00:00.000Z", "contract_address": [{"contract_address": "0x9C0C8156b268A4432191A282BdF4287019526cCe", "platform": {"name": "BNB Smart Chain (BEP20)", "coin": {"id": "1839", "name": "BNB", "symbol": "BNB", "slug": "bnb"}}}], "self_reported_circulating_supply": 1000000000000000.0, "self_reported_tags": ["Asset Management", "Art", "Collectibles & NFTs", "Staking", "DApp", "Ethereum Ecosystem", "BNB Smart Chain", "Launchpad"], "self_reported_market_cap": 357020.0}]