[{"id": 17851, "name": "IceCream Shares", "symbol": "CSHARE", "category": "token", "description": "IceCream Shares (CSHARE) is a cryptocurrency launched in 2022and operates on the Avalanche C-Chain platform. IceCream Shares has a current supply of 41,170 with 0 in circulation. The last known price of IceCream Shares is 0.07325727 USD and is up 0.39 over the last 24 hours. It is currently trading on 2 active market(s) with $0.00 traded over the last 24 hours. More information can be found at https://icecreamfinance.app/.", "slug": "icecream-shares", "logo": "https://s2.coinmarketcap.com/static/img/coins/64x64/17851.png", "subreddit": "", "notice": "", "tags": null, "tag-names": null, "tag-groups": null, "urls": {"website": ["https://icecreamfinance.app/"], "twitter": ["https://twitter.com/IcecreamFinance"], "message_board": [], "chat": ["https://discord.gg/Icecream", "https://t.me/icecreamfinance"], "facebook": [], "explorer": ["https://snowtrace.io/token/0x155f794b56353533E0AfBF76e1B1FC57DFAd5Bd7"], "reddit": [], "technical_doc": ["https://icecreamfinancial.gitbook.io/icecream-finance/"], "source_code": ["https://github.com/icecreamfinancial"], "announcement": []}, "platform": {"id": "5805", "name": "Avalanche", "slug": "avalanche", "symbol": "AVAX", "token_address": "0x155f794b56353533E0AfBF76e1B1FC57DFAd5Bd7"}, "date_added": "2022-02-04T05:08:21.000Z", "twitter_username": "IcecreamFinance", "is_hidden": 0, "date_launched": "2022-02-24T00:00:00.000Z", "contract_address": [{"contract_address": "0x155f794b56353533E0AfBF76e1B1FC57DFAd5Bd7", "platform": {"name": "Avalanche C-Chain", "coin": {"id": "5805", "name": "Avalanche", "symbol": "AVAX", "slug": "avalanche"}}}], "self_reported_circulating_supply": 670.0, "self_reported_tags": ["DAO", "DApp", "Decentralized Exchange (DEX) Token", "DeFi", "Staking"], "self_reported_market_cap": 49.0823690192049}, {"id": 17639, "name": "Comfy Share", "symbol": "CSHARE", "category": "token", "description": "Comfy Share (CSHARE) is a cryptocurrency and operates on the Harmony platform. Comfy Share has a current supply of 0. The last known price of Comfy Share is 2.98169817 USD and is up 0.00 over the last 24 hours. More information can be found at https://comfy.money/.", "slug": "comfy-share", "logo": "https://s2.coinmarketcap.com/static/img/coins/64x64/17639.png", "subreddit": "", "notice": "", "tags": ["harmony-ecosystem"], "tag-names": ["Harmony Ecosystem"], "tag-groups": ["CATEGORY"], "urls": {"website": ["https://comfy.money/"], "twitter": ["https://twitter.com/VenomDAO"], "message_board": ["https://medium.com/venomdao"], "chat": ["https://t.me/VenomDAO", "https://discord.venomdao.org"], "facebook": [], "explorer": ["https://explorer.harmony.one/address/0x3cb98cacd44ee77eb35e99eb74ace91bf550c964"], "reddit": [], "technical_doc": [], "source_code": ["https://github.com/VenomProtocol"], "announcement": []}, "platform": {"id": "3945", "name": "Harmony", "slug": "harmony", "symbol": "ONE", "token_address": "0x3cb98cacd44ee77eb35e99eb74ace91bf550c964"}, "date_added": "2022-01-26T04:24:31.000Z", "twitter_username": "VenomDAO", "is_hidden": 0, "date_launched": null, "contract_address": [{"contract_address": "0x3cb98cacd44ee77eb35e99eb74ace91bf550c964", "platform": {"name": "Harmony", "coin": {"id": "3945", "name": "Harmony", "symbol": "ONE", "slug": "harmony"}}}], "self_reported_circulating_supply": NaN, "self_reported_tags": null, "self_reported_market_cap": NaN}]