[{"id": 3842, "name": "Caspian", "symbol": "CSP", "category": "token", "description": "Caspian (CSP) is a cryptocurrency and operates on the Ethereum platform. Caspian has a current supply of 1,000,000,000 with 449,036,296 in circulation. The last known price of Caspian is 0.00070505 USD and is down -0.43 over the last 24 hours. It is currently trading on 3 active market(s) with $2,341.98 traded over the last 24 hours. More information can be found at https://caspian.tech.", "slug": "caspian", "logo": "https://s2.coinmarketcap.com/static/img/coins/64x64/3842.png", "subreddit": "", "notice": "", "tags": ["asset-management", "kenetic-capital-portfolio"], "tag-names": ["Asset Management", "Kenetic Capital Portfolio"], "tag-groups": ["INDUSTRY", "CATEGORY"], "urls": {"website": ["https://caspian.tech"], "twitter": ["https://twitter.com/Caspian_Tech"], "message_board": ["https://medium.com/@Caspian_Tech"], "chat": ["https://t.me/Caspian_Tech"], "facebook": [], "explorer": ["https://etherscan.io/token/0xa6446d655a0c34bc4f05042ee88170d056cbaf45", "https://ethplorer.io/address/0xa6446d655a0c34bc4f05042ee88170d056cbaf45"], "reddit": [], "technical_doc": ["https://caspian.tech/wp-content/uploads/2018/05/Caspian_Whitepaper_v1.pdf"], "source_code": [], "announcement": []}, "platform": {"id": "1027", "name": "Ethereum", "slug": "ethereum", "symbol": "ETH", "token_address": "0xa6446d655a0c34bc4f05042ee88170d056cbaf45"}, "date_added": "2019-04-05T00:00:00.000Z", "twitter_username": "Caspian_Tech", "is_hidden": 0, "date_launched": null, "contract_address": [{"contract_address": "0xa6446d655a0c34bc4f05042ee88170d056cbaf45", "platform": {"name": "Ethereum", "coin": {"id": "1027", "name": "Ethereum", "symbol": "ETH", "slug": "ethereum"}}}], "self_reported_circulating_supply": null, "self_reported_tags": null, "self_reported_market_cap": null}]