[{"id": 5899, "name": "Casper", "symbol": "CSPR", "category": "coin", "description": "Casper (CSPR) is a cryptocurrency launched in 2021. Casper has a current supply of 11,392,772,040 with 10,632,993,189 in circulation. The last known price of Casper is 0.02686691 USD and is down -1.00 over the last 24 hours. It is currently trading on 43 active market(s) with $4,495,532.16 traded over the last 24 hours. More information can be found at https://casper.network/.", "slug": "casper", "logo": "https://s2.coinmarketcap.com/static/img/coins/64x64/5899.png", "subreddit": "CasperCSPR", "notice": "", "tags": ["enterprise-solutions", "arrington-xrp-capital-portfolio", "hashkey-capital-portfolio", "web3", "okex-blockdream-ventures-portfolio"], "tag-names": ["Enterprise Solutions", "Arrington XRP Capital Portfolio", "Hashkey Capital Portfolio", "Web3", "OKEx Blockdream Ventures Portfolio"], "tag-groups": ["INDUSTRY", "CATEGORY", "CATEGORY", "INDUSTRY", "CATEGORY"], "urls": {"website": ["https://casper.network/"], "twitter": ["https://twitter.com/Casper_Network"], "message_board": ["https://casper.network/network/blog"], "chat": ["https://t.me/casperblockchain", "https://discord.com/invite/casperblockchain"], "facebook": [], "explorer": ["https://cspr.live/", "https://casperstats.io/"], "reddit": ["https://reddit.com/r/CasperCSPR"], "technical_doc": ["https://casper.network/network/developers/getting-started"], "source_code": ["https://github.com/casper-network/"], "announcement": ["https://t.me/casperofficialann"]}, "platform": null, "date_added": "2020-07-21T00:00:00.000Z", "twitter_username": "Casper_Network", "is_hidden": 0, "date_launched": "2021-05-12T00:00:00.000Z", "contract_address": [], "self_reported_circulating_supply": null, "self_reported_tags": ["PoS", "POS 3.0", "Platform", "Smart Contracts", "DApp", "Hashkey Capital Portfolio", "Draper Venture Network Portfolio"], "self_reported_market_cap": null}]