[{"id": 15338, "name": "CoreStarter", "symbol": "CSTR", "category": "token", "description": "CoreStarter (CSTR) is a cryptocurrency launched in 2021and operates on the Solana platform. CoreStarter has a current supply of 100,000,000 with 0 in circulation. The last known price of CoreStarter is 0.00309931 USD and is down -0.55 over the last 24 hours. It is currently trading on 4 active market(s) with $15,857.89 traded over the last 24 hours. More information can be found at https://www.corestarter.com.", "slug": "corestarter", "logo": "https://s2.coinmarketcap.com/static/img/coins/64x64/15338.png", "subreddit": "", "notice": "", "tags": ["solana-ecosystem"], "tag-names": ["Solana Ecosystem"], "tag-groups": ["PLATFORM"], "urls": {"website": ["https://www.corestarter.com", "https://sit.corestarter.com"], "twitter": ["https://twitter.com/CoreStarter"], "message_board": ["https://www.corestarter.medium.com"], "chat": ["https://t.me/corestarter_chat", "https://discord.gg/pHwczfGgqk"], "facebook": [], "explorer": ["https://solscan.io/token/G7uYedVqFy97mzjygebnmmaMUVxWHFhNZotY6Zzsprvf"], "reddit": [], "technical_doc": ["https://drive.google.com/file/d/1nZJ0000r-Swl4uTycYGDAg1rIFVayFNn/view"], "source_code": [], "announcement": ["https://t.me/corestarter"]}, "platform": {"id": "5426", "name": "Solana", "slug": "solana", "symbol": "SOL", "token_address": "G7uYedVqFy97mzjygebnmmaMUVxWHFhNZotY6Zzsprvf"}, "date_added": "2021-11-30T05:12:06.000Z", "twitter_username": "CoreStarter", "is_hidden": 0, "date_launched": "2021-11-17T00:00:00.000Z", "contract_address": [{"contract_address": "G7uYedVqFy97mzjygebnmmaMUVxWHFhNZotY6Zzsprvf", "platform": {"name": "Solana", "coin": {"id": "5426", "name": "Solana", "symbol": "SOL", "slug": "solana"}}}], "self_reported_circulating_supply": 36319752, "self_reported_tags": null, "self_reported_market_cap": 112567.937975484}]