[{"id": 11298, "name": "CrossSwap", "symbol": "CSWAP", "category": "token", "description": "CrossSwap (CSWAP) is a cryptocurrency launched in 2021and operates on the Ethereum platform. CrossSwap has a current supply of 20,000,000 with 0 in circulation. The last known price of CrossSwap is 0.00851625 USD and is down -0.52 over the last 24 hours. It is currently trading on 5 active market(s) with $5.00 traded over the last 24 hours. More information can be found at https://crossswap.com.", "slug": "crossswap", "logo": "https://s2.coinmarketcap.com/static/img/coins/64x64/11298.png", "subreddit": "", "notice": "", "tags": ["bluezilla"], "tag-names": ["BlueZilla"], "tag-groups": ["CATEGORY"], "urls": {"website": ["https://crossswap.com"], "twitter": [], "message_board": [], "chat": ["https://t.me/CrossSwapDex", "https://t.me/CrossSwapannouncements"], "facebook": [], "explorer": ["https://bscscan.com/token/0xe0b0C16038845BEd3fCf70304D3e167Df81ce225", "https://etherscan.io/token/0xe0b0C16038845BEd3fCf70304D3e167Df81ce225"], "reddit": [], "technical_doc": [], "source_code": [], "announcement": []}, "platform": {"id": "1027", "name": "Ethereum", "slug": "ethereum", "symbol": "ETH", "token_address": "0xe0b0C16038845BEd3fCf70304D3e167Df81ce225"}, "date_added": "2021-08-18T00:00:00.000Z", "twitter_username": "", "is_hidden": 0, "date_launched": "2021-08-25T00:00:00.000Z", "contract_address": [{"contract_address": "0xe0b0C16038845BEd3fCf70304D3e167Df81ce225", "platform": {"name": "Ethereum", "coin": {"id": "1027", "name": "Ethereum", "symbol": "ETH", "slug": "ethereum"}}}, {"contract_address": "0xe0b0C16038845BEd3fCf70304D3e167Df81ce225", "platform": {"name": "BNB Smart Chain (BEP20)", "coin": {"id": "1839", "name": "BNB", "symbol": "BNB", "slug": "bnb"}}}], "self_reported_circulating_supply": null, "self_reported_tags": null, "self_reported_market_cap": null}, {"id": 11365, "name": "CardSwap", "symbol": "CSWAP", "category": "token", "description": "CardSwap (CSWAP) is a cryptocurrency and operates on the Ethereum platform. CardSwap has a current supply of 0. The last known price of CardSwap is 0.03790532 USD and is up 0.00 over the last 24 hours. More information can be found at https://www.cardstarter.io/.", "slug": "cardswap", "logo": "https://s2.coinmarketcap.com/static/img/coins/64x64/11365.png", "subreddit": "", "notice": "", "tags": ["cardano-ecosystem", "cardano"], "tag-names": ["Cardano Ecosystem", "Cardano"], "tag-groups": ["CATEGORY", "PLATFORM"], "urls": {"website": ["https://www.cardstarter.io/"], "twitter": ["https://twitter.com/cardanoswap"], "message_board": ["https://cardstarter.medium.com/cardswap-dex-liquidity-mining-tutorial-56b32531dcca"], "chat": ["https://t.me/CSWAP_Chat"], "facebook": [], "explorer": ["https://etherscan.io/token/0x3b3f95938958a4029fa8b01873e2721b02950883", "https://ethplorer.io/address/0x3b3f95938958a4029fa8b01873e2721b02950883"], "reddit": [], "technical_doc": [], "source_code": [], "announcement": []}, "platform": {"id": "1027", "name": "Ethereum", "slug": "ethereum", "symbol": "ETH", "token_address": "0x3b3f95938958a4029fa8b01873e2721b02950883"}, "date_added": "2021-08-23T00:00:00.000Z", "twitter_username": "cardanoswap", "is_hidden": 0, "date_launched": null, "contract_address": [{"contract_address": "0x3b3f95938958a4029fa8b01873e2721b02950883", "platform": {"name": "Ethereum", "coin": {"id": "1027", "name": "Ethereum", "symbol": "ETH", "slug": "ethereum"}}}], "self_reported_circulating_supply": null, "self_reported_tags": null, "self_reported_market_cap": null}]