[{"id": 8418, "name": "CryptoTask", "symbol": "CTASK", "category": "token", "description": "CryptoTask (CTASK) is a cryptocurrency launched in 2021and operates on the Ethereum platform. CryptoTask has a current supply of 15,400,000 with 1,071,112.62542239 in circulation. The last known price of CryptoTask is 0.10901199 USD and is up 0.00 over the last 24 hours. More information can be found at https://www.cryptotask.org.", "slug": "cryptotask", "logo": "https://s2.coinmarketcap.com/static/img/coins/64x64/8418.png", "subreddit": "Cryptotask", "notice": "", "tags": ["jobs", "sharing-economy"], "tag-names": ["Jobs", "Sharing Economy"], "tag-groups": ["INDUSTRY", "INDUSTRY"], "urls": {"website": ["https://www.cryptotask.org"], "twitter": ["https://twitter.com/ct_task"], "message_board": ["https://cryptotask.medium.com/"], "chat": ["https://t.me/cryptotaskofficial", "https://discord.gg/CEBgDSvzff"], "facebook": [], "explorer": ["https://etherscan.io/address/0x196c81385bc536467433014042788eb707703934"], "reddit": ["https://reddit.com/r/Cryptotask"], "technical_doc": ["https://drive.google.com/file/d/1MOTmIVAjNhZJxBAOPb_CJEFDehr5iJ7h/preview"], "source_code": ["https://github.com/vkajic"], "announcement": []}, "platform": {"id": "1027", "name": "Ethereum", "slug": "ethereum", "symbol": "ETH", "token_address": "0x196c81385bc536467433014042788eb707703934"}, "date_added": "2021-02-09T00:00:00.000Z", "twitter_username": "ct_task", "is_hidden": 0, "date_launched": "2021-02-06T00:00:00.000Z", "contract_address": [{"contract_address": "0x196c81385bc536467433014042788eb707703934", "platform": {"name": "Ethereum", "coin": {"id": "1027", "name": "Ethereum", "symbol": "ETH", "slug": "ethereum"}}}], "self_reported_circulating_supply": null, "self_reported_tags": null, "self_reported_market_cap": null}]