[{"id": 4807, "name": "Shentu", "symbol": "CTK", "category": "coin", "description": "Shentu (CTK) is a cryptocurrency . Shentu has a current supply of 105,635,268.684179 with 87,802,846.895235 in circulation. The last known price of Shentu is 0.70061755 USD and is down -1.39 over the last 24 hours. It is currently trading on 42 active market(s) with $1,626,081.02 traded over the last 24 hours. More information can be found at https://www.shentu.technology/.", "slug": "shentu", "logo": "https://s2.coinmarketcap.com/static/img/coins/64x64/4807.png", "subreddit": "", "notice": "", "tags": ["cybersecurity", "cosmos-ecosystem", "enterprise-solutions", "interoperability", "scaling", "smart-contracts", "binance-launchpool", "binance-labs-portfolio", "arrington-xrp-capital-portfolio", "kenetic-capital-portfolio", "injective-ecosystem", "bnb-chain"], "tag-names": ["Cybersecurity", "Cosmos Ecosystem", "Enterprise Solutions", "Interoperability", "Scaling", "Smart Contracts", "Binance Launchpool", "Binance Labs Portfolio", "Arrington XRP Capital Portfolio", "Kenetic Capital Portfolio", "Injective Ecosystem", "BNB Chain"], "tag-groups": ["INDUSTRY", "INDUSTRY", "INDUSTRY", "CATEGORY", "CATEGORY", "CATEGORY", "CATEGORY", "CATEGORY", "CATEGORY", "CATEGORY", "PLATFORM", "PLATFORM"], "urls": {"website": ["https://www.shentu.technology/"], "twitter": ["https://twitter.com/ShentuChain"], "message_board": ["https://medium.com/shentu-foundation"], "chat": ["https://t.me/certikfoundation", "https://discord.com/invite/PsJ95xPqbC"], "facebook": [], "explorer": ["https://explorer.shentu.technology", "https://bscscan.com/token/0xa8c2b8eec3d368c0253ad3dae65a5f2bbb89c929", "https://etherscan.io/token/0x4c67B8392fC17892338d590e5AE1aB7BE485BE50", "https://polygonscan.com/token/0x799a88F32EBB23aA9Ef440a7A1cb37653af74422"], "reddit": [], "technical_doc": [], "source_code": ["https://github.com/ShentuChain"], "announcement": []}, "platform": {"id": "1839", "name": "BNB", "slug": "bnb", "symbol": "BNB", "token_address": "0xa8c2b8eec3d368c0253ad3dae65a5f2bbb89c929"}, "date_added": "2019-10-19T00:00:00.000Z", "twitter_username": "ShentuChain", "is_hidden": 0, "date_launched": null, "contract_address": [{"contract_address": "0xa8c2b8eec3d368c0253ad3dae65a5f2bbb89c929", "platform": {"name": "BNB Smart Chain (BEP20)", "coin": {"id": "1839", "name": "BNB", "symbol": "BNB", "slug": "bnb"}}}], "self_reported_circulating_supply": null, "self_reported_tags": null, "self_reported_market_cap": null}, {"id": 4596, "name": "Cryptyk Token", "symbol": "CTK", "category": "token", "description": "Cryptyk Token (CTK) is a cryptocurrency and operates on the Ethereum platform. Cryptyk Token has a current supply of 0. The last known price of Cryptyk Token is 1.01113884 USD and is up 0.00 over the last 24 hours. It is currently trading on 1 active market(s) with $0.00 traded over the last 24 hours. More information can be found at https://www.cryptyk.io.", "slug": "cryptyk-token", "logo": "https://s2.coinmarketcap.com/static/img/coins/64x64/4596.png", "subreddit": "", "notice": "", "tags": null, "tag-names": null, "tag-groups": null, "urls": {"website": ["https://www.cryptyk.io"], "twitter": ["https://twitter.com/TeamCryptyk"], "message_board": [], "chat": ["https://t.me/cryptykChat"], "facebook": [], "explorer": ["https://etherscan.io/token/0x42a501903afaa1086b5975773375c80e363f4063"], "reddit": [], "technical_doc": [], "source_code": [], "announcement": []}, "platform": {"id": "1027", "name": "Ethereum", "slug": "ethereum", "symbol": "ETH", "token_address": "0x42a501903afaa1086b5975773375c80e363f4063"}, "date_added": "2019-09-13T00:00:00.000Z", "twitter_username": "TeamCryptyk", "is_hidden": 0, "date_launched": null, "contract_address": [{"contract_address": "0x42a501903afaa1086b5975773375c80e363f4063", "platform": {"name": "Ethereum", "coin": {"id": "1027", "name": "Ethereum", "symbol": "ETH", "slug": "ethereum"}}}], "self_reported_circulating_supply": null, "self_reported_tags": null, "self_reported_market_cap": null}]