[{"id": 5444, "name": "Cartesi", "symbol": "CTSI", "category": "token", "description": "Cartesi (CTSI) is a cryptocurrency launched in 2020and operates on the Ethereum platform. Cartesi has a current supply of 1,000,000,000 with 651,796,366.3024007 in circulation. The last known price of Cartesi is 0.1014868 USD and is down -1.01 over the last 24 hours. It is currently trading on 94 active market(s) with $2,692,152.02 traded over the last 24 hours. More information can be found at https://cartesi.io/.", "slug": "cartesi", "logo": "https://s2.coinmarketcap.com/static/img/coins/64x64/5444.png", "subreddit": "cartesi", "notice": "", "tags": ["pos", "platform", "cosmos-ecosystem", "scaling", "smart-contracts", "staking", "dapp", "ethereum-ecosystem", "binance-smart-chain", "layer-2", "rollups", "sidechain", "binance-launchpad", "binance-labs-portfolio", "arbitrum-ecosytem", "injective-ecosystem", "bnb-chain"], "tag-names": ["PoS", "Platform", "Cosmos Ecosystem", "Scaling", "Smart Contracts", "Staking", "DApp", "Ethereum Ecosystem", "BNB Smart Chain", "Layer 2", "Rollups", "Sidechain", "Binance Launchpad", "Binance Labs Portfolio", "Arbitrum Ecosystem", "Injective Ecosystem", "BNB Chain"], "tag-groups": ["ALGORITHM", "CATEGORY", "INDUSTRY", "CATEGORY", "CATEGORY", "CATEGORY", "CATEGORY", "PLATFORM", "PLATFORM", "CATEGORY", "CATEGORY", "CATEGORY", "CATEGORY", "CATEGORY", "PLATFORM", "PLATFORM", "PLATFORM"], "urls": {"website": ["https://cartesi.io/"], "twitter": ["https://twitter.com/cartesiproject"], "message_board": ["https://medium.com/cartesi"], "chat": ["https://t.me/cartesiproject", "https://discordapp.com/invite/Pt2NrnS"], "facebook": ["https://www.facebook.com/cartesiproject"], "explorer": ["https://etherscan.io/token/0x491604c0fdf08347dd1fa4ee062a822a5dd06b5d", "https://bscscan.com/token/0x8da443f84fea710266c8eb6bc34b71702d033ef2", "https://explorer.cartesi.io/", "https://explorer-mainnet.maticvigil.com/address/0x2727Ab1c2D22170ABc9b595177B2D5C6E1Ab7B7B/transactions", "https://arbiscan.io/address/0x319f865b287fcc10b30d8ce6144e8b6d1b476999"], "reddit": ["https://reddit.com/r/cartesi"], "technical_doc": ["https://cartesi.io/docs/"], "source_code": ["https://github.com/cartesi"], "announcement": ["https://t.me/CartesiAnnouncements"]}, "platform": {"id": "1027", "name": "Ethereum", "slug": "ethereum", "symbol": "ETH", "token_address": "0x491604c0fdf08347dd1fa4ee062a822a5dd06b5d"}, "date_added": "2020-04-23T00:00:00.000Z", "twitter_username": "cartesiproject", "is_hidden": 0, "date_launched": "2020-04-14T00:00:00.000Z", "contract_address": [{"contract_address": "0x491604c0fdf08347dd1fa4ee062a822a5dd06b5d", "platform": {"name": "Ethereum", "coin": {"id": "1027", "name": "Ethereum", "symbol": "ETH", "slug": "ethereum"}}}, {"contract_address": "0x8da443f84fea710266c8eb6bc34b71702d033ef2", "platform": {"name": "BNB Smart Chain (BEP20)", "coin": {"id": "1839", "name": "BNB", "symbol": "BNB", "slug": "bnb"}}}, {"contract_address": "0x2727Ab1c2D22170ABc9b595177B2D5C6E1Ab7B7B", "platform": {"name": "Polygon", "coin": {"id": "3890", "name": "Polygon", "symbol": "MATIC", "slug": "polygon"}}}, {"contract_address": "0x6b289cceaa8639e3831095d75a3e43520fabf552", "platform": {"name": "Avalanche C-Chain", "coin": {"id": "5805", "name": "Avalanche", "symbol": "AVAX", "slug": "avalanche"}}}, {"contract_address": "0xEc6adef5E1006bb305bB1975333e8fc4071295bf", "platform": {"name": "Optimism", "coin": {"id": "11840", "name": "Optimism", "symbol": "OP", "slug": "optimism-ethereum"}}}], "self_reported_circulating_supply": null, "self_reported_tags": ["Smart Contracts"], "self_reported_market_cap": null}]