[{"id": 2638, "name": "Cortex", "symbol": "CTXC", "category": "coin", "description": "Cortex (CTXC) is a cryptocurrency . Users are able to generate CTXC through the process of mining. Cortex has a current supply of 299,792,458 with 205,922,266.21875 in circulation. The last known price of Cortex is 0.16250264 USD and is down -5.95 over the last 24 hours. It is currently trading on 29 active market(s) with $5,367,961.44 traded over the last 24 hours. More information can be found at http://www.cortexlabs.ai/.", "slug": "cortex", "logo": "https://s2.coinmarketcap.com/static/img/coins/64x64/2638.png", "subreddit": "Cortex_Official", "notice": "", "tags": ["mineable", "platform", "ai-big-data", "iot", "smart-contracts", "kenetic-capital-portfolio"], "tag-names": ["Mineable", "Platform", "AI & Big Data", "IoT", "Smart Contracts", "Kenetic Capital Portfolio"], "tag-groups": ["OTHERS", "CATEGORY", "INDUSTRY", "INDUSTRY", "CATEGORY", "CATEGORY"], "urls": {"website": ["http://www.cortexlabs.ai/"], "twitter": ["https://twitter.com/CTXCBlockchain"], "message_board": ["https://medium.com/cortexlabs", "https://mirror.xyz/0xb7aAFdE89259d45ECF6eA1a0EF51d33E7fbeA8FB"], "chat": ["https://t.me/CortexOfficialEN"], "facebook": ["https://www.facebook.com/CTXCBlockchain/"], "explorer": ["https://cerebro.cortexlabs.ai/"], "reddit": ["https://reddit.com/r/Cortex_Official"], "technical_doc": ["https://cortexlabs.ai/cortex_2_0_whitepaper_en"], "source_code": ["https://github.com/CortexFoundation"], "announcement": []}, "platform": null, "date_added": "2018-04-16T00:00:00.000Z", "twitter_username": "CTXCBlockchain", "is_hidden": 0, "date_launched": null, "contract_address": [], "self_reported_circulating_supply": null, "self_reported_tags": null, "self_reported_market_cap": null}]