[{"id": 16095, "name": "Totem", "symbol": "CTZN", "category": "token", "description": "Totem (CTZN) is a cryptocurrency launched in 2021and operates on the Ethereum platform. Totem has a current supply of 1,000,000,000 with 0 in circulation. The last known price of Totem is 0.00091195 USD and is down -1.88 over the last 24 hours. It is currently trading on 10 active market(s) with $1,051.87 traded over the last 24 hours. More information can be found at https://www.totem.earth/.", "slug": "totem-new-earth-systems", "logo": "https://s2.coinmarketcap.com/static/img/coins/64x64/16095.png", "subreddit": "", "notice": "", "tags": ["bullperks-launchpad"], "tag-names": ["BullPerks Launchpad"], "tag-groups": ["CATEGORY"], "urls": {"website": ["https://www.totem.earth/", "https://xela.earth/"], "twitter": ["https://twitter.com/totemearth"], "message_board": ["https://medium.com/@totem.earth"], "chat": ["https://t.me/totemteam", "https://discord.gg/totem"], "facebook": [], "explorer": ["https://etherscan.io/token/0xa803778ab953d3ffe4fbd20cfa0042ecefe8319d", "https://bscscan.com/token/0xa803778ab953d3ffe4fbd20cfa0042ecefe8319d"], "reddit": [], "technical_doc": ["https://docs.totem.earth/"], "source_code": [], "announcement": ["https://t.me/totemupdates"]}, "platform": {"id": "1027", "name": "Ethereum", "slug": "ethereum", "symbol": "ETH", "token_address": "0xa803778ab953d3ffe4fbd20cfa0042ecefe8319d"}, "date_added": "2021-12-15T10:44:18.000Z", "twitter_username": "totemearth", "is_hidden": 0, "date_launched": "2021-12-17T00:00:00.000Z", "contract_address": [{"contract_address": "0xa803778ab953d3ffe4fbd20cfa0042ecefe8319d", "platform": {"name": "Ethereum", "coin": {"id": "1027", "name": "Ethereum", "symbol": "ETH", "slug": "ethereum"}}}, {"contract_address": "0xa803778ab953d3ffe4fbd20cfa0042ecefe8319d", "platform": {"name": "BNB Smart Chain (BEP20)", "coin": {"id": "1839", "name": "BNB", "symbol": "BNB", "slug": "bnb"}}}], "self_reported_circulating_supply": 161550145, "self_reported_tags": ["Platform", "VR/AR", "Collectibles & NFTs", "Staking", "Software", "Metaverse", "Web3"], "self_reported_market_cap": 147553.89932282703}]