[{"id": 5338, "name": "Somnium Space Cubes", "symbol": "CUBE", "category": "token", "description": "Somnium Space Cubes (CUBE) is a cryptocurrency launched in 2018and operates on the Ethereum platform. Somnium Space Cubes has a current supply of 100,000,000 with 12,500,000 in circulation. The last known price of Somnium Space Cubes is 0.5870638 USD and is down -7.50 over the last 24 hours. It is currently trading on 8 active market(s) with $74,950.58 traded over the last 24 hours. More information can be found at https://somniumspace.com/.", "slug": "somnium-space-cubes", "logo": "https://s2.coinmarketcap.com/static/img/coins/64x64/5338.png", "subreddit": "", "notice": "", "tags": ["vr-ar", "collectibles-nfts", "ethereum-ecosystem", "solana-ecosystem", "metaverse", "polygon-ecosystem", "web3", "near-protocol-ecosystem"], "tag-names": ["VR/AR", "Collectibles & NFTs", "Ethereum Ecosystem", "Solana Ecosystem", "Metaverse", "Polygon Ecosystem", "Web3", "Near Protocol Ecosystem"], "tag-groups": ["INDUSTRY", "CATEGORY", "PLATFORM", "PLATFORM", "CATEGORY", "PLATFORM", "INDUSTRY", "CATEGORY"], "urls": {"website": ["https://somniumspace.com/"], "twitter": ["https://twitter.com/somniumspace"], "message_board": ["https://medium.com/@SomniumSpace"], "chat": ["https://discordapp.com/invite/somniumspace", "https://t.me/somniumspace"], "facebook": [], "explorer": ["https://etherscan.io/token/0xdf801468a808a32656d2ed2d2d80b72a129739f4", "https://ethplorer.io/address/0xdf801468a808a32656d2ed2d2d80b72a129739f4"], "reddit": [], "technical_doc": ["https://somniumspace.com/files/Somnium%20Space%20Economy%20Paper.pdf"], "source_code": [], "announcement": []}, "platform": {"id": "1027", "name": "Ethereum", "slug": "ethereum", "symbol": "ETH", "token_address": "0xdf801468a808a32656d2ed2d2d80b72a129739f4"}, "date_added": "2020-03-18T00:00:00.000Z", "twitter_username": "somniumspace", "is_hidden": 0, "date_launched": "2018-01-08T00:00:00.000Z", "contract_address": [{"contract_address": "0xdf801468a808a32656d2ed2d2d80b72a129739f4", "platform": {"name": "Ethereum", "coin": {"id": "1027", "name": "Ethereum", "symbol": "ETH", "slug": "ethereum"}}}], "self_reported_circulating_supply": NaN, "self_reported_tags": null, "self_reported_market_cap": NaN}, {"id": 20519, "name": "Cube Network", "symbol": "CUBE", "category": "token", "description": "Cube Network (CUBE) is a cryptocurrency launched in 2022and operates on the Ethereum platform. Cube Network has a current supply of 1,000,000,000 with 0 in circulation. The last known price of Cube Network is 0.44696321 USD and is up -0.00 over the last 24 hours. It is currently trading on 5 active market(s) with $29.83 traded over the last 24 hours. More information can be found at https://www.cube.network/.", "slug": "cube-network", "logo": "https://s2.coinmarketcap.com/static/img/coins/64x64/20519.png", "subreddit": "", "notice": "", "tags": null, "tag-names": null, "tag-groups": null, "urls": {"website": ["https://www.cube.network/"], "twitter": ["https://twitter.com/Cube0x"], "message_board": ["https://medium.com/@Cube0x"], "chat": ["https://discord.gg/gBhyATdCvG", "https://t.me/Cube_Network"], "facebook": [], "explorer": ["https://www.cubescan.network/en-us/"], "reddit": [], "technical_doc": ["https://github.com/cube-network/techical-whitepaper"], "source_code": [], "announcement": []}, "platform": {"id": "1027", "name": "Ethereum", "slug": "ethereum", "symbol": "ETH", "token_address": "0x6df241103F89983b1fB86244C8601E44ea55368C"}, "date_added": "2022-06-09T04:57:32.000Z", "twitter_username": "Cube0x", "is_hidden": 0, "date_launched": "2022-06-06T00:00:00.000Z", "contract_address": [{"contract_address": "0x6df241103F89983b1fB86244C8601E44ea55368C", "platform": {"name": "Ethereum", "coin": {"id": "1027", "name": "Ethereum", "symbol": "ETH", "slug": "ethereum"}}}], "self_reported_circulating_supply": 48150000.0, "self_reported_tags": null, "self_reported_market_cap": 21520472.438026473}, {"id": 1100, "name": "DigiCube", "symbol": "CUBE", "category": "coin", "description": "DigiCube (CUBE) is a cryptocurrency . DigiCube has a current supply of 2,429,126,009.17 with 0 in circulation. The last known price of DigiCube is 0.00006712 USD and is up 0.00 over the last 24 hours.", "slug": "digicube", "logo": "https://s2.coinmarketcap.com/static/img/coins/64x64/1100.png", "subreddit": "", "notice": "", "tags": null, "tag-names": null, "tag-groups": null, "urls": {"website": [], "twitter": ["https://twitter.com/PurePoS"], "message_board": [], "chat": [], "facebook": [], "explorer": ["http://www.presstab.pw/phpexplorer/CUBE/chain.php"], "reddit": [], "technical_doc": [], "source_code": [], "announcement": ["https://bitcointalk.org/index.php?topic=1211692"]}, "platform": null, "date_added": "2015-10-24T00:00:00.000Z", "twitter_username": "PurePoS", "is_hidden": 0, "date_launched": null, "contract_address": [], "self_reported_circulating_supply": NaN, "self_reported_tags": null, "self_reported_market_cap": NaN}]