[{"id": 8258, "name": "CUDOS", "symbol": "CUDOS", "category": "token", "description": "CUDOS (CUDOS) is a cryptocurrency and operates on the Ethereum platform. CUDOS has a current supply of 8,699,716,185 with 3,449,041,266.837831 in circulation. The last known price of CUDOS is 0.00205642 USD and is up 2.88 over the last 24 hours. It is currently trading on 18 active market(s) with $672,323.36 traded over the last 24 hours. More information can be found at https://www.cudos.org/.", "slug": "cudos", "logo": "https://s2.coinmarketcap.com/static/img/coins/64x64/8258.png", "subreddit": "", "notice": "", "tags": ["algorand-ecosystem", "exnetwork-capital-portfolio"], "tag-names": ["Algorand Ecosystem", "Exnetwork Capital Portfolio"], "tag-groups": ["CATEGORY", "CATEGORY"], "urls": {"website": ["https://www.cudos.org/"], "twitter": ["https://twitter.com/CUDOS_"], "message_board": ["https://medium.com/cudos"], "chat": ["https://t.me/cudostelegram"], "facebook": [], "explorer": ["https://etherscan.io/token/0x817bbDbC3e8A1204f3691d14bB44992841e3dB35", "https://ethplorer.io/address/0x817bbdbc3e8a1204f3691d14bb44992841e3db35", "https://explorer.cudos.org/"], "reddit": [], "technical_doc": [], "source_code": [], "announcement": []}, "platform": {"id": "1027", "name": "Ethereum", "slug": "ethereum", "symbol": "ETH", "token_address": "0x817bbDbC3e8A1204f3691d14bB44992841e3dB35"}, "date_added": "2021-01-13T00:00:00.000Z", "twitter_username": "CUDOS_", "is_hidden": 0, "date_launched": null, "contract_address": [{"contract_address": "0x817bbDbC3e8A1204f3691d14bB44992841e3dB35", "platform": {"name": "Ethereum", "coin": {"id": "1027", "name": "Ethereum", "symbol": "ETH", "slug": "ethereum"}}}], "self_reported_circulating_supply": 3308104323, "self_reported_tags": ["Hardware", "Distributed Computing", "Collectibles & NFTs", "DeFi", "Oracles", "Scaling", "Smart Contracts", "Staking", "DApp", "Ethereum Ecosystem", "Cosmos", "Governance", "Metaverse", "Web3", "Cross-Chain"], "self_reported_market_cap": 6802855.758880363}]