[{"id": 333, "name": "Curecoin", "symbol": "CURE", "category": "coin", "description": "Curecoin (CURE) is a cryptocurrency . Users are able to generate CURE through the process of mining. Curecoin has a current supply of 27,661,328.929803. The last known price of Curecoin is 0.0009898 USD and is down -0.65 over the last 24 hours. It is currently trading on 2 active market(s) with $0.00 traded over the last 24 hours. More information can be found at https://curecoin.net/.", "slug": "curecoin", "logo": "https://s2.coinmarketcap.com/static/img/coins/64x64/333.png", "subreddit": "curecoin", "notice": "", "tags": ["mineable", "pow", "scrypt", "education", "distributed-computing", "research"], "tag-names": ["Mineable", "PoW", "Scrypt", "Education", "Distributed Computing", "Research"], "tag-groups": ["OTHERS", "ALGORITHM", "ALGORITHM", "INDUSTRY", "INDUSTRY", "INDUSTRY"], "urls": {"website": ["https://curecoin.net/"], "twitter": ["https://twitter.com/CureCoin_Team"], "message_board": [], "chat": ["https://discord.gg/2FDg8nu"], "facebook": [], "explorer": ["https://chainz.cryptoid.info/cure/"], "reddit": ["https://reddit.com/r/curecoin"], "technical_doc": [], "source_code": ["https://github.com/cygnusxi/CurecoinSource"], "announcement": ["https://bitcointalk.org/index.php?topic=603757.0"]}, "platform": null, "date_added": "2014-05-26T00:00:00.000Z", "twitter_username": "CureCoin_Team", "is_hidden": 0, "date_launched": null, "contract_address": [], "self_reported_circulating_supply": null, "self_reported_tags": null, "self_reported_market_cap": null}, {"id": 12553, "name": "CURE Token", "symbol": "CURE", "category": "token", "description": "CURE Token (CURE) is a cryptocurrency launched in 2021and operates on the BNB Smart Chain (BEP20) platform. CURE Token has a current supply of 0. The last known price of CURE Token is 0.00106503 USD and is down -0.87 over the last 24 hours. It is currently trading on 3 active market(s) with $280.05 traded over the last 24 hours. More information can be found at https://www.curetoken.net.", "slug": "cure-token", "logo": "https://s2.coinmarketcap.com/static/img/coins/64x64/12553.png", "subreddit": "", "notice": "", "tags": null, "tag-names": null, "tag-groups": null, "urls": {"website": ["https://www.curetoken.net"], "twitter": ["https://twitter.com/CURE_Ecosystem"], "message_board": [], "chat": ["https://t.me/CURE_Ecosystem", "https://discord.com/invite/DuzQCwRfPd"], "facebook": ["https://www.facebook.com/CUREToken"], "explorer": ["https://bscscan.com/token/0x76aECB353AbF596BD61EE6BDb07d70787DeC4FD6"], "reddit": [], "technical_doc": ["https://www.curetoken.net/whitepaper"], "source_code": ["https://github.com/JacobWBeckley/CURE-Token"], "announcement": []}, "platform": {"id": "1839", "name": "BNB", "slug": "bnb", "symbol": "BNB", "token_address": "0x76aECB353AbF596BD61EE6BDb07d70787DeC4FD6"}, "date_added": "2021-10-09T08:42:51.000Z", "twitter_username": "CURE_Ecosystem", "is_hidden": 0, "date_launched": "2021-09-15T00:00:00.000Z", "contract_address": [{"contract_address": "0x76aECB353AbF596BD61EE6BDb07d70787DeC4FD6", "platform": {"name": "BNB Smart Chain (BEP20)", "coin": {"id": "1839", "name": "BNB", "symbol": "BNB", "slug": "bnb"}}}], "self_reported_circulating_supply": null, "self_reported_tags": null, "self_reported_market_cap": null}, {"id": 8326, "name": "CURE Farm", "symbol": "CURE", "category": "token", "description": "CURE Farm (CURE) is a cryptocurrency launched in 2021and operates on the Ethereum platform. CURE Farm has a current supply of 0. The last known price of CURE Farm is 4.91835391 USD and is up 0.58 over the last 24 hours. More information can be found at https://cure.farm.", "slug": "cure-farm", "logo": "https://s2.coinmarketcap.com/static/img/coins/64x64/8326.png", "subreddit": "", "notice": "", "tags": null, "tag-names": null, "tag-groups": null, "urls": {"website": ["https://cure.farm"], "twitter": ["https://twitter.com/CURE_Farm"], "message_board": ["https://curefarm.medium.com"], "chat": ["https://t.me/CUREFarm", "https://discord.gg/EMuhfHugtK"], "facebook": [], "explorer": ["https://etherscan.io/token/0x089a502032166e07ae83eb434c16790ca2fa4661", "https://ethplorer.io/address/0x089a502032166e07ae83eb434c16790ca2fa4661"], "reddit": [], "technical_doc": ["https://curefarm.medium.com"], "source_code": ["https://github.com/CureFarmOfficial/Cure-Protocol/tree/master/contracts"], "announcement": []}, "platform": {"id": "1027", "name": "Ethereum", "slug": "ethereum", "symbol": "ETH", "token_address": "0x089a502032166e07ae83eb434c16790ca2fa4661"}, "date_added": "2021-01-25T00:00:00.000Z", "twitter_username": "CURE_Farm", "is_hidden": 0, "date_launched": "2021-01-17T00:00:00.000Z", "contract_address": [{"contract_address": "0x089a502032166e07ae83eb434c16790ca2fa4661", "platform": {"name": "Ethereum", "coin": {"id": "1027", "name": "Ethereum", "symbol": "ETH", "slug": "ethereum"}}}], "self_reported_circulating_supply": null, "self_reported_tags": null, "self_reported_market_cap": null}]