[{"id": 7236, "name": "Celo Dollar", "symbol": "CUSD", "category": "token", "description": "Celo Dollar (CUSD) is a cryptocurrency launched in 2020and operates on the Celo platform. Celo Dollar has a current supply of 57,241,566.21607361 with 43,191,119.33407125 in circulation. The last known price of Celo Dollar is 0.99787889 USD and is up 0.24 over the last 24 hours. It is currently trading on 46 active market(s) with $568,236.92 traded over the last 24 hours. More information can be found at https://celo.org/.", "slug": "celo-dollar", "logo": "https://s2.coinmarketcap.com/static/img/coins/64x64/7236.png", "subreddit": "", "notice": "", "tags": ["defi", "stablecoin", "algorithmic-stablecoin", "celo-ecosystem", "usd-stablecoin"], "tag-names": ["DeFi", "Stablecoin", "Algorithmic Stablecoin", "Celo Ecosystem", "USD Stablecoin"], "tag-groups": ["CATEGORY", "CATEGORY", "CATEGORY", "CATEGORY", "CATEGORY"], "urls": {"website": ["https://celo.org/", "https://thecelo.com/"], "twitter": ["https://twitter.com/celoorg"], "message_board": [], "chat": ["https://chat.celo.org"], "facebook": [], "explorer": ["https://thecelo.com/", "https://explorer.celo.org/", "https://stats.celo.org/"], "reddit": [], "technical_doc": ["https://celo.org/papers"], "source_code": ["https://github.com/celo-org"], "announcement": ["https://medium.com/celoorg/celo-dollars-powerful-new-digital-money-in-circulation-b4147eda2d10"]}, "platform": {"id": "5567", "name": "Celo", "slug": "celo", "symbol": "CELO", "token_address": "0x765de816845861e75a25fca122bb6898b8b1282a"}, "date_added": "2020-09-29T00:00:00.000Z", "twitter_username": "celoorg", "is_hidden": 0, "date_launched": "2020-06-28T00:00:00.000Z", "contract_address": [{"contract_address": "0x765de816845861e75a25fca122bb6898b8b1282a", "platform": {"name": "Celo", "coin": {"id": "5567", "name": "Celo", "symbol": "CELO", "slug": "celo"}}}, {"contract_address": "cusd.token.a11bd.near", "platform": {"name": "Near", "coin": {"id": "6535", "name": "NEAR Protocol", "symbol": "NEAR", "slug": "near-protocol"}}}], "self_reported_circulating_supply": NaN, "self_reported_tags": null, "self_reported_market_cap": NaN}, {"id": 21871, "name": "Coin98 Dollar", "symbol": "CUSD", "category": "token", "description": "Coin98 Dollar (CUSD) is a cryptocurrency launched in 2022and operates on the Ethereum platform. Coin98 Dollar has a current supply of 0. The last known price of Coin98 Dollar is 0.98808224 USD and is down -0.36 over the last 24 hours. It is currently trading on 7 active market(s) with $0.00 traded over the last 24 hours. More information can be found at https://coin98.com/dollar.", "slug": "coin98-dollar", "logo": "https://s2.coinmarketcap.com/static/img/coins/64x64/21871.png", "subreddit": "", "notice": "", "tags": ["stablecoin"], "tag-names": ["Stablecoin"], "tag-groups": ["CATEGORY"], "urls": {"website": ["https://coin98.com/dollar"], "twitter": ["https://twitter.com/Coin98Dollar"], "message_board": ["https://blog.coin98.com/"], "chat": ["http://c98.link/discord"], "facebook": [], "explorer": ["https://etherscan.io/token/0xC285B7E09A4584D027E5BC36571785B515898246", "https://bscscan.com/token/0xfa4ba88cf97e282c505bea095297786c16070129", "https://solscan.io/token/CUSDvqAQLbt7fRofcmV2EXfPA2t36kzj7FjzdmqDiNQL"], "reddit": [], "technical_doc": [], "source_code": ["https://github.com/coin98/"], "announcement": ["https://t.me/coin98dollar"]}, "platform": {"id": "1027", "name": "Ethereum", "slug": "ethereum", "symbol": "ETH", "token_address": "0xC285B7E09A4584D027E5BC36571785B515898246"}, "date_added": "2022-09-20T05:34:57.000Z", "twitter_username": "Coin98Dollar", "is_hidden": 0, "date_launched": "2022-09-18T00:00:00.000Z", "contract_address": [{"contract_address": "0xC285B7E09A4584D027E5BC36571785B515898246", "platform": {"name": "Ethereum", "coin": {"id": "1027", "name": "Ethereum", "symbol": "ETH", "slug": "ethereum"}}}, {"contract_address": "0xfa4ba88cf97e282c505bea095297786c16070129", "platform": {"name": "BNB Smart Chain (BEP20)", "coin": {"id": "1839", "name": "BNB", "symbol": "BNB", "slug": "bnb"}}}, {"contract_address": "CUSDvqAQLbt7fRofcmV2EXfPA2t36kzj7FjzdmqDiNQL", "platform": {"name": "Solana", "coin": {"id": "5426", "name": "Solana", "symbol": "SOL", "slug": "solana"}}}], "self_reported_circulating_supply": 345421.67924193316, "self_reported_tags": null, "self_reported_market_cap": 341818.01302161603}]