[{"id": 1816, "name": "Civic", "symbol": "CVC", "category": "token", "description": "Civic (CVC) is a cryptocurrency and operates on the Ethereum platform. Civic has a current supply of 1,000,000,000. The last known price of Civic is 0.07474211 USD and is up 1.34 over the last 24 hours. It is currently trading on 104 active market(s) with $19,503,926.36 traded over the last 24 hours. More information can be found at https://www.civic.com/.", "slug": "civic", "logo": "https://s2.coinmarketcap.com/static/img/coins/64x64/1816.png", "subreddit": "civicplatform", "notice": "", "tags": ["enterprise-solutions", "identity", "solana-ecosystem", "dcg-portfolio", "pantera-capital-portfolio", "web3"], "tag-names": ["Enterprise Solutions", "Identity", "Solana Ecosystem", "DCG Portfolio", "Pantera Capital Portfolio", "Web3"], "tag-groups": ["INDUSTRY", "INDUSTRY", "PLATFORM", "CATEGORY", "CATEGORY", "INDUSTRY"], "urls": {"website": ["https://www.civic.com/"], "twitter": ["https://twitter.com/civickey"], "message_board": [], "chat": ["https://discord.gg/MWmhXauJw8"], "facebook": [], "explorer": ["https://etherscan.io/token/civic"], "reddit": ["https://reddit.com/r/civicplatform"], "technical_doc": ["https://tokensale.civic.com/CivicTokenSaleWhitePaper.pdf"], "source_code": [], "announcement": ["https://bitcointalk.org/index.php?topic=1942882.0"]}, "platform": {"id": "1027", "name": "Ethereum", "slug": "ethereum", "symbol": "ETH", "token_address": "0x41e5560054824ea6b0732e656e3ad64e20e94e45"}, "date_added": "2017-07-17T00:00:00.000Z", "twitter_username": "civickey", "is_hidden": 0, "date_launched": null, "contract_address": [{"contract_address": "0x41e5560054824ea6b0732e656e3ad64e20e94e45", "platform": {"name": "Ethereum", "coin": {"id": "1027", "name": "Ethereum", "symbol": "ETH", "slug": "ethereum"}}}], "self_reported_circulating_supply": NaN, "self_reported_tags": null, "self_reported_market_cap": NaN}, {"id": 18362, "name": "Covid Cutter", "symbol": "CVC", "category": "token", "description": "Covid Cutter (CVC) is a cryptocurrency launched in 2022and operates on the BNB Smart Chain (BEP20) platform. Covid Cutter has a current supply of 1,000,000,000 with 0 in circulation. The last known price of Covid Cutter is 0.00000999 USD and is up -0.00 over the last 24 hours. It is currently trading on 2 active market(s) with $0.00 traded over the last 24 hours. More information can be found at https://covidcutter.net/.", "slug": "covid-cutter", "logo": "https://s2.coinmarketcap.com/static/img/coins/64x64/18362.png", "subreddit": "", "notice": "", "tags": null, "tag-names": null, "tag-groups": null, "urls": {"website": ["https://covidcutter.net/"], "twitter": ["https://twitter.com/CovidCutter"], "message_board": [], "chat": ["https://t.me/convidcutter"], "facebook": [], "explorer": ["https://bscscan.com/token/0x168b616a1b08bc1f016bb9a680e5fa9b05e00b78#balances"], "reddit": [], "technical_doc": [], "source_code": [], "announcement": []}, "platform": {"id": "1839", "name": "BNB", "slug": "bnb", "symbol": "BNB", "token_address": "0x168b616a1b08bc1F016Bb9a680e5fa9b05e00b78"}, "date_added": "2022-02-24T15:36:03.000Z", "twitter_username": "CovidCutter", "is_hidden": 0, "date_launched": "2022-01-31T00:00:00.000Z", "contract_address": [{"contract_address": "0x168b616a1b08bc1F016Bb9a680e5fa9b05e00b78", "platform": {"name": "BNB Smart Chain (BEP20)", "coin": {"id": "1839", "name": "BNB", "symbol": "BNB", "slug": "bnb"}}}], "self_reported_circulating_supply": 10000000.0, "self_reported_tags": null, "self_reported_market_cap": 99.8659150299755}, {"id": 12492, "name": "CoviCoin", "symbol": "CVC", "category": "token", "description": "CoviCoin (CVC) is a cryptocurrency launched in 2021and operates on the BNB Smart Chain (BEP20) platform. CoviCoin has a current supply of 10,000,000,000 with 0 in circulation. The last known price of CoviCoin is 0.00007622 USD and is up 0.00 over the last 24 hours. More information can be found at https://www.covicoin.org/.", "slug": "covicoin", "logo": "https://s2.coinmarketcap.com/static/img/coins/64x64/12492.png", "subreddit": "covicoin", "notice": "", "tags": null, "tag-names": null, "tag-groups": null, "urls": {"website": ["https://www.covicoin.org/"], "twitter": ["https://twitter.com/covicoin"], "message_board": [], "chat": ["https://t.me/covicoinofficial"], "facebook": [], "explorer": ["https://bscscan.com/token/0xc6f0a9b75fa529dcc0f90459e30684e7ed9a9ea6"], "reddit": ["https://reddit.com/r/covicoin"], "technical_doc": ["https://www.covicoin.org/white-paper"], "source_code": [], "announcement": ["https://t.me/covicoinofficial"]}, "platform": {"id": "1839", "name": "BNB", "slug": "bnb", "symbol": "BNB", "token_address": "0xc6f0a9b75fa529dcc0f90459e30684e7ed9a9ea6"}, "date_added": "2021-10-08T05:33:41.000Z", "twitter_username": "covicoin", "is_hidden": 0, "date_launched": "2021-09-18T00:00:00.000Z", "contract_address": [{"contract_address": "0xc6f0a9b75fa529dcc0f90459e30684e7ed9a9ea6", "platform": {"name": "BNB Smart Chain (BEP20)", "coin": {"id": "1839", "name": "BNB", "symbol": "BNB", "slug": "bnb"}}}], "self_reported_circulating_supply": 1000000000.0, "self_reported_tags": ["Health", "Hospitality"], "self_reported_market_cap": 76218.13433258703}, {"id": 19832, "name": "CoinViewCap", "symbol": "CVC", "category": "token", "description": "CoinViewCap (CVC) is a cryptocurrency launched in 2022and operates on the Ethereum platform. CoinViewCap has a current supply of 1,000,000,000,000,000 with 0 in circulation. The last known price of CoinViewCap is 0 USD and is up 0.00 over the last 24 hours. More information can be found at https://www.cvcofficial.com/.", "slug": "coinviewcap", "logo": "https://s2.coinmarketcap.com/static/img/coins/64x64/19832.png", "subreddit": "", "notice": "", "tags": null, "tag-names": null, "tag-groups": null, "urls": {"website": ["https://www.cvcofficial.com/"], "twitter": ["https://twitter.com/CoinViewCap"], "message_board": [], "chat": ["https://www.t.me/CoinViewCap"], "facebook": [], "explorer": ["https://etherscan.io/token/0x22b59a7387f7d25fe2b1c692ee825e1802e6e3d5"], "reddit": [], "technical_doc": ["https://www.cvcofficial.com/whitepaper.pdf"], "source_code": [], "announcement": []}, "platform": {"id": "1027", "name": "Ethereum", "slug": "ethereum", "symbol": "ETH", "token_address": "0x22b59a7387f7d25fe2b1c692ee825e1802e6e3d5"}, "date_added": "2022-04-27T23:49:15.000Z", "twitter_username": "CoinViewCap", "is_hidden": 0, "date_launched": "2022-02-28T00:00:00.000Z", "contract_address": [{"contract_address": "0x22b59a7387f7d25fe2b1c692ee825e1802e6e3d5", "platform": {"name": "Ethereum", "coin": {"id": "1027", "name": "Ethereum", "symbol": "ETH", "slug": "ethereum"}}}], "self_reported_circulating_supply": 699846839089685.0, "self_reported_tags": null, "self_reported_market_cap": 2000478.7005667328}]