[{"id": 6669, "name": "PowerPool", "symbol": "CVP", "category": "token", "description": "PowerPool (CVP) is a cryptocurrency and operates on the Ethereum platform. PowerPool has a current supply of 100,000,000 with 27,342,770.89613525 in circulation. The last known price of PowerPool is 0.32883811 USD and is down -3.74 over the last 24 hours. It is currently trading on 49 active market(s) with $3,034,709.63 traded over the last 24 hours. More information can be found at https://powerpool.finance/.", "slug": "powerpool", "logo": "https://s2.coinmarketcap.com/static/img/coins/64x64/6669.png", "subreddit": "", "notice": "", "tags": ["defi", "dao", "yearn-partnerships", "governance", "ledgerprime-portfolio", "polygon-ecosystem", "mvb"], "tag-names": ["DeFi", "DAO", "Yearn Partnerships", "Governance", "LedgerPrime Portfolio", "Polygon Ecosystem", "MVB"], "tag-groups": ["CATEGORY", "CATEGORY", "CATEGORY", "CATEGORY", "CATEGORY", "PLATFORM", "CATEGORY"], "urls": {"website": ["https://powerpool.finance/"], "twitter": ["https://twitter.com/powerpoolcvp"], "message_board": ["https://medium.com/@powerpoolcvp"], "chat": ["https://t.me/powerpoolcvp", "https://discord.com/invite/hYJXUBQ"], "facebook": [], "explorer": ["https://etherscan.io/token/0x38e4adb44ef08f22f5b5b76a8f0c2d0dcbe7dca1", "https://ethplorer.io/address/0x38e4adb44ef08f22f5b5b76a8f0c2d0dcbe7dca1", "https://blockscout.com/xdai/mainnet/tokens/0x7da0bfe9d26c5b64c7580c04bb1425364273e4b0/token-transfers"], "reddit": [], "technical_doc": ["https://github.com/powerpool-finance/powerpool-docs/blob/master/introduction.md"], "source_code": [], "announcement": []}, "platform": {"id": "1027", "name": "Ethereum", "slug": "ethereum", "symbol": "ETH", "token_address": "0x38e4adb44ef08f22f5b5b76a8f0c2d0dcbe7dca1"}, "date_added": "2020-08-21T00:00:00.000Z", "twitter_username": "powerpoolcvp", "is_hidden": 0, "date_launched": null, "contract_address": [{"contract_address": "0x38e4adb44ef08f22f5b5b76a8f0c2d0dcbe7dca1", "platform": {"name": "Ethereum", "coin": {"id": "1027", "name": "Ethereum", "symbol": "ETH", "slug": "ethereum"}}}, {"contract_address": "0x7da0bfe9d26c5b64c7580c04bb1425364273e4b0", "platform": {"name": "Gnosis Chain", "coin": {"id": "1659", "name": "Gnosis", "symbol": "GNO", "slug": "gnosis-gno"}}}], "self_reported_circulating_supply": NaN, "self_reported_tags": null, "self_reported_market_cap": NaN}, {"id": 18016, "name": "Community Vote Power", "symbol": "CVP", "category": "token", "description": "Community Vote Power (CVP) is a cryptocurrency launched in 2021and operates on the BNB Smart Chain (BEP20) platform. Community Vote Power has a current supply of 1,000,000 with 0 in circulation. The last known price of Community Vote Power is 0.39986617 USD and is up -0.00 over the last 24 hours. It is currently trading on 3 active market(s) with $0.00 traded over the last 24 hours. More information can be found at https://communitymetaverse.space/.", "slug": "community-vote-power", "logo": "https://s2.coinmarketcap.com/static/img/coins/64x64/18016.png", "subreddit": "CommunityMetaverse", "notice": "", "tags": null, "tag-names": null, "tag-groups": null, "urls": {"website": ["https://communitymetaverse.space/"], "twitter": ["https://twitter.com/commetaverse"], "message_board": ["https://twitter.com/commetaverse", "https://www.reddit.com/r/CommunityMetaverse/\r\nhttps://medium.com/@community_metaverse"], "chat": ["https://t.me/joinchat/-jicLZLxMHpmNzMy", "https://discord.com/invite/tQKE5sGUwC"], "facebook": [], "explorer": ["https://bscscan.com/token/0x64AE88A79f79A2Cf3bF032ff6b687966b09645d9"], "reddit": ["https://reddit.com/r/CommunityMetaverse"], "technical_doc": ["https://whitepaper.communitymetaverse.space/"], "source_code": [], "announcement": []}, "platform": {"id": "1839", "name": "BNB", "slug": "bnb", "symbol": "BNB", "token_address": "0x64AE88A79f79A2Cf3bF032ff6b687966b09645d9"}, "date_added": "2022-02-10T06:59:04.000Z", "twitter_username": "commetaverse", "is_hidden": 0, "date_launched": "2021-11-15T00:00:00.000Z", "contract_address": [{"contract_address": "0x64AE88A79f79A2Cf3bF032ff6b687966b09645d9", "platform": {"name": "BNB Smart Chain (BEP20)", "coin": {"id": "1839", "name": "BNB", "symbol": "BNB", "slug": "bnb"}}}], "self_reported_circulating_supply": 1000000.0, "self_reported_tags": null, "self_reported_market_cap": 399861.3220008972}]