[{"id": 8300, "name": "CoverCompared", "symbol": "CVR", "category": "token", "description": "CoverCompared (CVR) is a cryptocurrency and operates on the Ethereum platform. CoverCompared has a current supply of 137,865,569 with 100,878,209.22719735 in circulation. The last known price of CoverCompared is 0.00175947 USD and is up -0.00 over the last 24 hours. It is currently trading on 7 active market(s) with $74,113.21 traded over the last 24 hours. More information can be found at https://covercompared.com/.", "slug": "covercompared", "logo": "https://s2.coinmarketcap.com/static/img/coins/64x64/8300.png", "subreddit": "", "notice": "Polkacover has rebranded to CoverCompared. Please find the announcement [here] (https://twitter.com/CoverCompared/status/1445796974247088136)", "tags": ["substrate", "polkadot", "polkadot-ecosystem", "polkastarter", "exnetwork-capital-portfolio"], "tag-names": ["Substrate", "Polkadot", "Polkadot Ecosystem", "Polkastarter", "Exnetwork Capital Portfolio"], "tag-groups": ["CATEGORY", "PLATFORM", "PLATFORM", "CATEGORY", "CATEGORY"], "urls": {"website": ["https://covercompared.com/"], "twitter": ["https://twitter.com/CoverCompared"], "message_board": ["https://covercompared.medium.com"], "chat": ["https://t.me/CoverCompared"], "facebook": [], "explorer": ["https://etherscan.io/token/0x3c03b4ec9477809072ff9cc9292c9b25d4a8e6c6", "https://ethplorer.io/address/0x3c03b4ec9477809072ff9cc9292c9b25d4a8e6c6"], "reddit": [], "technical_doc": ["https://www.polkacover.com/pdf/whitepaper.pdf"], "source_code": ["https://github.com/CoverCompared"], "announcement": []}, "platform": {"id": "1027", "name": "Ethereum", "slug": "ethereum", "symbol": "ETH", "token_address": "0x3c03b4ec9477809072ff9cc9292c9b25d4a8e6c6"}, "date_added": "2021-01-21T00:00:00.000Z", "twitter_username": "CoverCompared", "is_hidden": 0, "date_launched": null, "contract_address": [{"contract_address": "0x3c03b4ec9477809072ff9cc9292c9b25d4a8e6c6", "platform": {"name": "Ethereum", "coin": {"id": "1027", "name": "Ethereum", "symbol": "ETH", "slug": "ethereum"}}}], "self_reported_circulating_supply": NaN, "self_reported_tags": null, "self_reported_market_cap": NaN}, {"id": 6767, "name": "COVIR.IO", "symbol": "CVR", "category": "token", "description": "COVIR.IO (CVR) is a cryptocurrency launched in 2020and operates on the Ethereum platform. COVIR.IO has a current supply of 8,000,000 with 119,108 in circulation. The last known price of COVIR.IO is 0.01946733 USD and is down -2.21 over the last 24 hours. More information can be found at https://covir.io/v2/.", "slug": "covir-io", "logo": "https://s2.coinmarketcap.com/static/img/coins/64x64/6767.png", "subreddit": "covir-io", "notice": "", "tags": null, "tag-names": null, "tag-groups": null, "urls": {"website": ["https://covir.io/v2/"], "twitter": ["https://twitter.com/Covir_io"], "message_board": ["https://medium.com/@covir"], "chat": ["https://t.me/covirio"], "facebook": [], "explorer": ["https://better-call.dev/mainnet/KT1T1tZRqU7DuLf6qsMFxBFFXqLsAG3qhXxY/storage", "https://etherscan.io/token/0x89e93789db5f8271e4c4bbc4c0252c2253ff4920"], "reddit": ["https://reddit.com/r/covir-io"], "technical_doc": ["https://covir.fr/wp-content/uploads/2020/03/covir_v2-2.pdf"], "source_code": ["https://github.com/covir-io"], "announcement": ["https://bitcointalk.org/index.php?topic=5265488"]}, "platform": {"id": "1027", "name": "Ethereum", "slug": "ethereum", "symbol": "ETH", "token_address": "0x89e93789db5f8271e4c4bbc4c0252c2253ff4920"}, "date_added": "2020-08-31T00:00:00.000Z", "twitter_username": "Covir_io", "is_hidden": 0, "date_launched": "2020-03-01T00:00:00.000Z", "contract_address": [{"contract_address": "0x89e93789db5f8271e4c4bbc4c0252c2253ff4920", "platform": {"name": "Ethereum", "coin": {"id": "1027", "name": "Ethereum", "symbol": "ETH", "slug": "ethereum"}}}], "self_reported_circulating_supply": 3613369.0, "self_reported_tags": null, "self_reported_market_cap": 70342.65912569883}]