[{"id": 14901, "name": "CryptoVsZombie", "symbol": "CVZ", "category": "token", "description": "CryptoVsZombie (CVZ) is a cryptocurrency launched in 2021and operates on the BNB Smart Chain (BEP20) platform. CryptoVsZombie has a current supply of 1,000,000,000 with 0 in circulation. The last known price of CryptoVsZombie is 0.00075476 USD and is up 3.39 over the last 24 hours. It is currently trading on 6 active market(s) with $1.17 traded over the last 24 hours. More information can be found at https://www.cryptovszombie.com/.", "slug": "cryptovszombie", "logo": "https://s2.coinmarketcap.com/static/img/coins/64x64/14901.png", "subreddit": "", "notice": "", "tags": ["gaming", "polkafoundry-red-kite", "play-to-earn", "vbc-ventures-portfolio", "kommunitas-launchpad"], "tag-names": ["Gaming", "PolkaFoundry Red Kite", "Play To Earn", "VBC Ventures Portfolio", "Kommunitas Launchpad"], "tag-groups": ["INDUSTRY", "CATEGORY", "CATEGORY", "CATEGORY", "CATEGORY"], "urls": {"website": ["https://www.cryptovszombie.com/"], "twitter": ["https://twitter.com/CryptoVsZombie?t=VbN3EehEpj7WsuvebZBLIA&s=09"], "message_board": ["https://medium.com/@cryptovszombie"], "chat": ["https://t.me/cryptovszombie"], "facebook": [], "explorer": ["https://bscscan.com/token/0x6fBB278C4eaa5218495a1858447B26D905ac0010"], "reddit": [], "technical_doc": [], "source_code": [], "announcement": ["https://t.me/cryptovszombie_news"]}, "platform": {"id": "1839", "name": "BNB", "slug": "bnb", "symbol": "BNB", "token_address": "0x6fBB278C4eaa5218495a1858447B26D905ac0010"}, "date_added": "2021-11-21T08:10:27.000Z", "twitter_username": "CryptoVsZombie?t=VbN3EehEpj7WsuvebZBLIA&s=09", "is_hidden": 0, "date_launched": "2021-12-09T00:00:00.000Z", "contract_address": [{"contract_address": "0x6fBB278C4eaa5218495a1858447B26D905ac0010", "platform": {"name": "BNB Smart Chain (BEP20)", "coin": {"id": "1839", "name": "BNB", "symbol": "BNB", "slug": "bnb"}}}], "self_reported_circulating_supply": null, "self_reported_tags": null, "self_reported_market_cap": null}]