[{"id": 12722, "name": "Cryowar", "symbol": "CWAR", "category": "token", "description": "Cryowar (CWAR) is a cryptocurrency launched in 2021and operates on the Solana platform. Cryowar has a current supply of 1,000,000,000 with 0 in circulation. The last known price of Cryowar is 0.01226412 USD and is down -1.92 over the last 24 hours. It is currently trading on 13 active market(s) with $36,349.07 traded over the last 24 hours. More information can be found at https://cryowar.com/.", "slug": "cryowar", "logo": "https://s2.coinmarketcap.com/static/img/coins/64x64/12722.png", "subreddit": "CryowarDevs", "notice": "", "tags": ["collectibles-nfts", "gaming", "solana-ecosystem", "metaverse", "play-to-earn", "bullperks-launchpad"], "tag-names": ["Collectibles & NFTs", "Gaming", "Solana Ecosystem", "Metaverse", "Play To Earn", "BullPerks Launchpad"], "tag-groups": ["CATEGORY", "INDUSTRY", "PLATFORM", "CATEGORY", "CATEGORY", "CATEGORY"], "urls": {"website": ["https://cryowar.com/"], "twitter": ["https://twitter.com/CryowarDevs"], "message_board": ["https://medium.com/@cryowar"], "chat": ["https://t.me/cryowar", "https://discord.com/invite/cryowar"], "facebook": ["https://www.facebook.com/cryowar/"], "explorer": ["https://solscan.io/token/HfYFjMKNZygfMC8LsQ8LtpPsPxEJoXJx4M6tqi75Hajo"], "reddit": ["https://reddit.com/r/CryowarDevs"], "technical_doc": ["https://www.cryowar.com/files/wp35.pdf"], "source_code": [], "announcement": ["https://t.me/cwarann"]}, "platform": {"id": "5426", "name": "Solana", "slug": "solana", "symbol": "SOL", "token_address": "HfYFjMKNZygfMC8LsQ8LtpPsPxEJoXJx4M6tqi75Hajo"}, "date_added": "2021-10-14T08:48:55.000Z", "twitter_username": "CryowarDevs", "is_hidden": 0, "date_launched": "2021-11-12T00:00:00.000Z", "contract_address": [{"contract_address": "HfYFjMKNZygfMC8LsQ8LtpPsPxEJoXJx4M6tqi75Hajo", "platform": {"name": "Solana", "coin": {"id": "5426", "name": "Solana", "symbol": "SOL", "slug": "solana"}}}], "self_reported_circulating_supply": 170000000, "self_reported_tags": ["Collectibles & NFTs", "Gaming", "Solana Ecosystem", "Metaverse", "Play To Earn"], "self_reported_market_cap": 2085094.4294168514}]