[{"id": 12089, "name": "Coinweb", "symbol": "CWEB", "category": "token", "description": "Coinweb (CWEB) is a cryptocurrency launched in 2021and operates on the Ethereum platform. Coinweb has a current supply of 7,671,841,068 with 0 in circulation. The last known price of Coinweb is 0.01328876 USD and is up 8.05 over the last 24 hours. It is currently trading on 13 active market(s) with $221,109.01 traded over the last 24 hours. More information can be found at https://www.coinweb.io.", "slug": "coinweb", "logo": "https://s2.coinmarketcap.com/static/img/coins/64x64/12089.png", "subreddit": "coinweb", "notice": "", "tags": ["bullperks-launchpad"], "tag-names": ["BullPerks Launchpad"], "tag-groups": ["CATEGORY"], "urls": {"website": ["https://www.coinweb.io"], "twitter": ["https://twitter.com/coinwebofficial"], "message_board": ["https://coinweb.io/discover/", "https://medium.com/@Coinweb.io"], "chat": ["https://t.me/coinweb", "https://weibo.com/u/7742173069"], "facebook": ["https://www.facebook.com/Coinweb.io"], "explorer": ["https://the.explorer.coinweb.io/", "https://etherscan.io/token/0x505b5eda5e25a67e1c24a2bf1a527ed9eb88bf04"], "reddit": ["https://reddit.com/r/coinweb"], "technical_doc": ["https://coinweb.io/wp-content/uploads/2021/05/Coinweb-Whitepaper.pdf"], "source_code": [], "announcement": ["https://t.me/coinwebofficial"]}, "platform": {"id": "1027", "name": "Ethereum", "slug": "ethereum", "symbol": "ETH", "token_address": "0x505b5eda5e25a67e1c24a2bf1a527ed9eb88bf04"}, "date_added": "2021-12-30T11:12:59.000Z", "twitter_username": "coinwebofficial", "is_hidden": 0, "date_launched": "2021-12-06T00:00:00.000Z", "contract_address": [{"contract_address": "0x505b5eda5e25a67e1c24a2bf1a527ed9eb88bf04", "platform": {"name": "Ethereum", "coin": {"id": "1027", "name": "Ethereum", "symbol": "ETH", "slug": "ethereum"}}}], "self_reported_circulating_supply": 2102981010, "self_reported_tags": ["Interoperability", "Smart Contracts", "Wallet", "Layer 2"], "self_reported_market_cap": 27945947.49355466}]