[{"id": 8365, "name": "Seascape Crowns", "symbol": "CWS", "category": "token", "description": "Seascape Crowns (CWS) is a cryptocurrency launched in 2021and operates on the Ethereum platform. Seascape Crowns has a current supply of 10,000,000 with 3,998,271.588676 in circulation. The last known price of Seascape Crowns is 0.21767971 USD and is down -1.01 over the last 24 hours. It is currently trading on 29 active market(s) with $148,115.09 traded over the last 24 hours. More information can be found at https://www.seascape.network/.", "slug": "crowns", "logo": "https://s2.coinmarketcap.com/static/img/coins/64x64/8365.png", "subreddit": "SeascapeNetwork", "notice": "", "tags": ["collectibles-nfts", "gaming", "dao-maker", "play-to-earn", "bnb-chain"], "tag-names": ["Collectibles & NFTs", "Gaming", "DAO Maker", "Play To Earn", "BNB Chain"], "tag-groups": ["CATEGORY", "INDUSTRY", "CATEGORY", "CATEGORY", "PLATFORM"], "urls": {"website": ["https://www.seascape.network/"], "twitter": ["https://twitter.com/seascapenetwork"], "message_board": [], "chat": ["https://t.me/seascapenetwork", "https://discord.com/invite/qG2Vynh"], "facebook": [], "explorer": ["https://etherscan.io/token/0xac0104cca91d167873b8601d2e71eb3d4d8c33e0", "https://bscscan.com/token/0xbcf39f0edda668c58371e519af37ca705f2bfcbd"], "reddit": ["https://reddit.com/r/SeascapeNetwork"], "technical_doc": ["https://f2be4719-641d-430b-92d5-747132d8c9bd.filesusr.com/ugd/061436_2d3e0cc2c8cc41a0a42e3cc2d57c7e3e.pdf"], "source_code": ["https://github.com/blocklords/seascape-smartcontracts"], "announcement": []}, "platform": {"id": "1027", "name": "Ethereum", "slug": "ethereum", "symbol": "ETH", "token_address": "0xac0104cca91d167873b8601d2e71eb3d4d8c33e0"}, "date_added": "2021-01-31T00:00:00.000Z", "twitter_username": "seascapenetwork", "is_hidden": 0, "date_launched": "2021-01-31T00:00:00.000Z", "contract_address": [{"contract_address": "0xac0104cca91d167873b8601d2e71eb3d4d8c33e0", "platform": {"name": "Ethereum", "coin": {"id": "1027", "name": "Ethereum", "symbol": "ETH", "slug": "ethereum"}}}, {"contract_address": "0xbcf39f0edda668c58371e519af37ca705f2bfcbd", "platform": {"name": "BNB Smart Chain (BEP20)", "coin": {"id": "1839", "name": "BNB", "symbol": "BNB", "slug": "bnb"}}}, {"contract_address": "0x6fc9651f45B262AE6338a701D563Ab118B1eC0Ce", "platform": {"name": "Moonriver", "coin": {"id": "9285", "name": "Moonriver", "symbol": "MOVR", "slug": "moonriver"}}}], "self_reported_circulating_supply": null, "self_reported_tags": ["Collectibles & NFTs", "DeFi", "Launchpad", "Metaverse", "Play To Earn"], "self_reported_market_cap": null}]