[{"id": 10530, "name": "CrossWallet", "symbol": "CWT", "category": "token", "description": "CrossWallet (CWT) is a cryptocurrency and operates on the BNB Smart Chain (BEP20) platform. CrossWallet has a current supply of 50,000,000 with 0 in circulation. The last known price of CrossWallet is 0.01078251 USD and is down -0.63 over the last 24 hours. It is currently trading on 9 active market(s) with $13,097.33 traded over the last 24 hours. More information can be found at https://crosswallet.app/.", "slug": "crosswallet", "logo": "https://s2.coinmarketcap.com/static/img/coins/64x64/10530.png", "subreddit": "", "notice": "", "tags": ["wallet", "bluezilla", "bnb-chain"], "tag-names": ["Wallet", "BlueZilla", "BNB Chain"], "tag-groups": ["CATEGORY", "CATEGORY", "PLATFORM"], "urls": {"website": ["https://crosswallet.app/"], "twitter": ["https://twitter.com/cross_wallet"], "message_board": ["https://crosswallet.app/"], "chat": ["http://t.me/crosswallet"], "facebook": [], "explorer": ["https://bscscan.com/token/0x5A726a26eDB0Df8Fd55f03cc30aF8A7cEa81e78D"], "reddit": [], "technical_doc": [], "source_code": [], "announcement": []}, "platform": {"id": "1839", "name": "BNB", "slug": "bnb", "symbol": "BNB", "token_address": "0x5A726a26eDB0Df8Fd55f03cc30aF8A7cEa81e78D"}, "date_added": "2021-06-21T00:00:00.000Z", "twitter_username": "cross_wallet", "is_hidden": 0, "date_launched": null, "contract_address": [{"contract_address": "0x5A726a26eDB0Df8Fd55f03cc30aF8A7cEa81e78D", "platform": {"name": "BNB Smart Chain (BEP20)", "coin": {"id": "1839", "name": "BNB", "symbol": "BNB", "slug": "bnb"}}}], "self_reported_circulating_supply": 50000000.0, "self_reported_tags": null, "self_reported_market_cap": 539979.2706634147}, {"id": 10807, "name": "CoinW Token", "symbol": "CWT", "category": "token", "description": "CoinW Token (CWT) is a cryptocurrency launched in 2019and operates on the Ethereum platform. CoinW Token has a current supply of 0. The last known price of CoinW Token is 0.16685893 USD and is down -0.46 over the last 24 hours. It is currently trading on 1 active market(s) with $0.00 traded over the last 24 hours. More information can be found at https://www.coinw.com/front/fastTrading?symbol=421.", "slug": "coinw-token", "logo": "https://s2.coinmarketcap.com/static/img/coins/64x64/10807.png", "subreddit": "", "notice": "", "tags": null, "tag-names": null, "tag-groups": null, "urls": {"website": ["https://www.coinw.com/front/fastTrading?symbol=421"], "twitter": [], "message_board": [], "chat": [], "facebook": [], "explorer": ["https://etherscan.io/address/0x901ea3606d567f9f1e964639d5cbb8659080be8a"], "reddit": [], "technical_doc": [], "source_code": [], "announcement": []}, "platform": {"id": "1027", "name": "Ethereum", "slug": "ethereum", "symbol": "ETH", "token_address": "0x901ea3606d567f9f1e964639d5cbb8659080be8a"}, "date_added": "2021-07-09T00:00:00.000Z", "twitter_username": "", "is_hidden": 0, "date_launched": "2019-11-30T00:00:00.000Z", "contract_address": [{"contract_address": "0x901ea3606d567f9f1e964639d5cbb8659080be8a", "platform": {"name": "Ethereum", "coin": {"id": "1027", "name": "Ethereum", "symbol": "ETH", "slug": "ethereum"}}}], "self_reported_circulating_supply": NaN, "self_reported_tags": null, "self_reported_market_cap": NaN}, {"id": 8152, "name": "CryptoWars", "symbol": "CWT", "category": "token", "description": "CryptoWars has created a gamified option for liquidity mining with a simple, nonetheless, entertaining gaming process. Also, NFT was successfully integrated into the game and allows users to make a profit collecting your favorite characters\u2019 game skins. \r\n\r\nThe simplicity and uniqueness of the game are the main features that make CryptoWars stand out from the crowd of other competitors (do they actually have ones?). The game process is pretty obvious, fast, and simple. Firstly, you need to log into your game account and make a choice of the duel mode. Right after this, let\u2019s choose the cryptocurrency and the amount of bet you want to make. Press the \u201cFight\u201d button and that\u2019s it, let\u2019s get ready for a rumble!   \r\n\r\nWhen the transaction within a platform is confirmed, the selection of an opponent starts. When the enemy is found, there is still some time to revise the gaming rules in the memory or refresh some forgotten skills. Press the \u201cReady\u201d button and the time starts! \r\n\r\nThe gaming rules are obvious and easy to understand. Two of the players have 100 warriors at their disposal. The game plot is divided into 3 stages with 7 bases in each. The first stage has 3 while two others have 2 bases. All you need is to place as many warriors as possible to capture the base and beat your opponent. The winner takes it all! Don\u2019t hesitate to try the Demo MVP version to enjoy all the advantages of CryptoWars and become a sincere fan!", "slug": "cryptowars", "logo": "https://s2.coinmarketcap.com/static/img/coins/64x64/8152.png", "subreddit": "", "notice": "", "tags": null, "tag-names": null, "tag-groups": null, "urls": {"website": ["https://cryptowars-ou.finance/"], "twitter": ["https://twitter.com/CryptoWarsOU"], "message_board": [], "chat": ["https://t.me/CWGroup"], "facebook": [], "explorer": ["https://etherscan.io/token/0x75ABDbc10eEEe99CF708D3273e34de3c161428E4"], "reddit": [], "technical_doc": ["https://cryptowars101.gitbook.io/cryptowarsou/"], "source_code": ["https://etherscan.io/address/0x75ABDbc10eEEe99CF708D3273e34de3c161428E4"], "announcement": []}, "platform": {"id": "1027", "name": "Ethereum", "slug": "ethereum", "symbol": "ETH", "token_address": "0x75ABDbc10eEEe99CF708D3273e34de3c161428E4"}, "date_added": "2020-12-30T00:00:00.000Z", "twitter_username": "CryptoWarsOU", "is_hidden": 0, "date_launched": "2020-11-27T00:00:00.000Z", "contract_address": [{"contract_address": "0x75ABDbc10eEEe99CF708D3273e34de3c161428E4", "platform": {"name": "Ethereum", "coin": {"id": "1027", "name": "Ethereum", "symbol": "ETH", "slug": "ethereum"}}}], "self_reported_circulating_supply": NaN, "self_reported_tags": null, "self_reported_market_cap": NaN}]