[{"id": 10217, "name": "Cykura", "symbol": "CYS", "category": "token", "description": "Cykura (CYS) is a cryptocurrency launched in 2021and operates on the Solana platform. Cykura has a current supply of 100,000,000 with 0 in circulation. The last known price of Cykura is 0.0087724 USD and is down -14.88 over the last 24 hours. It is currently trading on 12 active market(s) with $51,040.05 traded over the last 24 hours. More information can be found at https://cykura.io/.", "slug": "cyclos", "logo": "https://s2.coinmarketcap.com/static/img/coins/64x64/10217.png", "subreddit": "", "notice": "", "tags": ["defi", "amm", "dex", "solana-ecosystem", "petrock-capital-portfolio", "skyvision-capital-portfolio"], "tag-names": ["DeFi", "AMM", "DEX", "Solana Ecosystem", "PetRock Capital Portfolio", "SkyVision Capital Portfolio"], "tag-groups": ["CATEGORY", "CATEGORY", "CATEGORY", "PLATFORM", "CATEGORY", "CATEGORY"], "urls": {"website": ["https://cykura.io/"], "twitter": ["https://twitter.com/cykurafi"], "message_board": ["https://medium.com/@cykura"], "chat": ["https://t.me/cykuraofficial"], "facebook": [], "explorer": ["https://solscan.io/token/BRLsMczKuaR5w9vSubF4j8HwEGGprVAyyVgS4EX7DKEg"], "reddit": [], "technical_doc": [], "source_code": ["https://github.com/cykura"], "announcement": []}, "platform": {"id": "5426", "name": "Solana", "slug": "solana", "symbol": "SOL", "token_address": "BRLsMczKuaR5w9vSubF4j8HwEGGprVAyyVgS4EX7DKEg"}, "date_added": "2021-06-02T00:00:00.000Z", "twitter_username": "cykurafi", "is_hidden": 0, "date_launched": "2021-05-18T00:00:00.000Z", "contract_address": [{"contract_address": "BRLsMczKuaR5w9vSubF4j8HwEGGprVAyyVgS4EX7DKEg", "platform": {"name": "Solana", "coin": {"id": "5426", "name": "Solana", "symbol": "SOL", "slug": "solana"}}}], "self_reported_circulating_supply": 6180000, "self_reported_tags": null, "self_reported_market_cap": 53691.951410722606}]