[{"id": 11427, "name": "Coinary Token", "symbol": "CYT", "category": "token", "description": "Coinary Token (CYT) is a cryptocurrency launched in 2021and operates on the BNB Smart Chain (BEP20) platform. Coinary Token has a current supply of 267,040,411.9 with 0 in circulation. The last known price of Coinary Token is 0.004458 USD and is up 7.17 over the last 24 hours. It is currently trading on 16 active market(s) with $15,840.16 traded over the last 24 hours. More information can be found at https://www.dragonary.com.", "slug": "coinary-token", "logo": "https://s2.coinmarketcap.com/static/img/coins/64x64/11427.png", "subreddit": "", "notice": "", "tags": ["mvb"], "tag-names": ["MVB"], "tag-groups": ["CATEGORY"], "urls": {"website": ["https://www.dragonary.com", "https://www.coinary.com"], "twitter": ["https://twitter.com/DragonaryGame"], "message_board": [], "chat": ["https://t.me/dragonaryen", "https://t.me/DragonaryEs\r\nhttps://discord.gg/cM64us323x\r\nhttps://www.instagram.com/dragonaryen/"], "facebook": [], "explorer": ["https://bscscan.com/address/0xd9025e25bb6cf39f8c926a704039d2dd51088063"], "reddit": [], "technical_doc": ["https://whitepaper.dragonary.com/"], "source_code": ["https://bscscan.com/address/0xd9025e25bb6cf39f8c926a704039d2dd51088063#code"], "announcement": []}, "platform": {"id": "1839", "name": "BNB", "slug": "bnb", "symbol": "BNB", "token_address": "0xd9025e25bb6cf39f8c926a704039d2dd51088063"}, "date_added": "2021-08-27T05:26:58.000Z", "twitter_username": "DragonaryGame", "is_hidden": 0, "date_launched": "2021-08-07T00:00:00.000Z", "contract_address": [{"contract_address": "0xd9025e25bb6cf39f8c926a704039d2dd51088063", "platform": {"name": "BNB Smart Chain (BEP20)", "coin": {"id": "1839", "name": "BNB", "symbol": "BNB", "slug": "bnb"}}}], "self_reported_circulating_supply": 217040411.9, "self_reported_tags": null, "self_reported_market_cap": 967649.70521856}, {"id": 1077, "name": "Cryptokenz", "symbol": "CYT", "category": "coin", "description": "Cryptokenz (CYT) is a cryptocurrency . Cryptokenz has a current supply of 76,603.5494002. The last known price of Cryptokenz is 0.66773766 USD and is up 0.00 over the last 24 hours.", "slug": "cryptokenz", "logo": "https://s2.coinmarketcap.com/static/img/coins/64x64/1077.png", "subreddit": "", "notice": "", "tags": null, "tag-names": null, "tag-groups": null, "urls": {"website": [], "twitter": ["https://twitter.com/Cryptokenz"], "message_board": [], "chat": [], "facebook": [], "explorer": ["http://www.theblockexplorers.com/cryptoken.html"], "reddit": [], "technical_doc": [], "source_code": [], "announcement": []}, "platform": null, "date_added": "2015-09-21T00:00:00.000Z", "twitter_username": "Cryptokenz", "is_hidden": 0, "date_launched": null, "contract_address": [], "self_reported_circulating_supply": NaN, "self_reported_tags": null, "self_reported_market_cap": NaN}, {"id": 21184, "name": "Cyberpop Metaverse", "symbol": "CYT", "category": "token", "description": "Cyberpop is an open-world UGC blockchain metaverse game combined with exploration, combat and play- create- to- earn. It is the world's first open-world MMO- RPG metaverse game with cyber style. Cyberpop Metaverse is created by a top technical team whose members are from Tencent, Ubisoft, and Intel. This game is officially authorized by \"Prince of Persia\". It aims to lead the GameFi industry to the age of AAA games.                                                                                                                                     \r\nDifferent from traditional games, Cyberpop Metaverse firmly believes that the contents of the metaverse should be developed by the players. And the whole industry will transition from PGC[Professionally Generated Content] to UGC[User Generated Content]. Utilizing the UGC editor, players can build homes, cars, airships, roads, etc.", "slug": "cyberpop-metaverse", "logo": "https://s2.coinmarketcap.com/static/img/coins/64x64/21184.png", "subreddit": "", "notice": "", "tags": null, "tag-names": null, "tag-groups": null, "urls": {"website": ["https://www.cyberpop.online/"], "twitter": ["https://twitter.com/cyberpopnw"], "message_board": ["https://medium.com/@Cyberpopmetaverse"], "chat": ["https://discord.com/invite/tzwpkdHhVQ", "https://t.me/cyberpopnw"], "facebook": [], "explorer": [], "reddit": [], "technical_doc": ["https://pdf.cyberpop.online/"], "source_code": [], "announcement": []}, "platform": null, "date_added": "2022-08-01T09:10:33.000Z", "twitter_username": "cyberpopnw", "is_hidden": 0, "date_launched": "2022-08-30T00:00:00.000Z", "contract_address": [], "self_reported_circulating_supply": NaN, "self_reported_tags": null, "self_reported_market_cap": NaN}]