[{"id": 8874, "name": "DAFI Protocol", "symbol": "DAFI", "category": "token", "description": "DAFI Protocol (DAFI) is a cryptocurrency and operates on the Ethereum platform. DAFI Protocol has a current supply of 2,250,000,000 with 558,916,380.9314886 in circulation. The last known price of DAFI Protocol is 0.00181818 USD and is up 0.55 over the last 24 hours. It is currently trading on 13 active market(s) with $143,521.03 traded over the last 24 hours. More information can be found at https://www.dafiprotocol.io/.", "slug": "dafi-protocol", "logo": "https://s2.coinmarketcap.com/static/img/coins/64x64/8874.png", "subreddit": "", "notice": "", "tags": ["defi", "dao-maker", "polygon-ecosystem"], "tag-names": ["DeFi", "DAO Maker", "Polygon Ecosystem"], "tag-groups": ["CATEGORY", "CATEGORY", "PLATFORM"], "urls": {"website": ["https://www.dafiprotocol.io/"], "twitter": [], "message_board": ["https://dafiprotocol.medium.com/"], "chat": ["https://t.me/dafiprotocol"], "facebook": [], "explorer": ["https://etherscan.io/token/0xfc979087305a826c2b2a0056cfaba50aad3e6439", "https://polygonscan.com/token/0x638df98ad8069a15569da5a6b01181804c47e34c"], "reddit": [], "technical_doc": ["https://dafiprotocol.io/litepaper"], "source_code": [], "announcement": ["https://t.me/DAFIAnnouncement"]}, "platform": {"id": "1027", "name": "Ethereum", "slug": "ethereum", "symbol": "ETH", "token_address": "0xfc979087305a826c2b2a0056cfaba50aad3e6439"}, "date_added": "2021-03-18T00:00:00.000Z", "twitter_username": "", "is_hidden": 0, "date_launched": null, "contract_address": [{"contract_address": "0xfc979087305a826c2b2a0056cfaba50aad3e6439", "platform": {"name": "Ethereum", "coin": {"id": "1027", "name": "Ethereum", "symbol": "ETH", "slug": "ethereum"}}}, {"contract_address": "0x638df98ad8069a15569da5a6b01181804c47e34c", "platform": {"name": "Polygon", "coin": {"id": "3890", "name": "Polygon", "symbol": "MATIC", "slug": "polygon"}}}], "self_reported_circulating_supply": null, "self_reported_tags": null, "self_reported_market_cap": null}]