[{"id": 4943, "name": "Dai", "symbol": "DAI", "category": "token", "description": "Dai (DAI) is a cryptocurrency and operates on the Ethereum platform. Dai has a current supply of 5,773,554,779.152854. The last known price of Dai is 0.99974073 USD and is down -0.02 over the last 24 hours. It is currently trading on 1763 active market(s) with $154,536,016.66 traded over the last 24 hours. More information can be found at http://www.makerdao.com/.", "slug": "multi-collateral-dai", "logo": "https://s2.coinmarketcap.com/static/img/coins/64x64/4943.png", "subreddit": "", "notice": "For details on the upgrade from Single-Collateral Dai (Sai) to Multi-Collateral Dai (Dai), please click [here](https://blog.makerdao.com/single-collateral-dai-to-multi-collateral-dai-upgrade-timeline-and-actions/)", "tags": ["defi", "stablecoin", "asset-backed-stablecoin", "ethereum-ecosystem", "avalanche-ecosystem", "polygon-ecosystem", "fantom-ecosystem", "arbitrum-ecosytem", "harmony-ecosystem", "moonriver-ecosystem", "bnb-chain", "usd-stablecoin"], "tag-names": ["DeFi", "Stablecoin", "Asset-Backed Stablecoin", "Ethereum Ecosystem", "Avalanche Ecosystem", "Polygon Ecosystem", "Fantom Ecosystem", "Arbitrum Ecosystem", "Harmony Ecosystem", "Moonriver Ecosystem", "BNB Chain", "USD Stablecoin"], "tag-groups": ["CATEGORY", "CATEGORY", "CATEGORY", "PLATFORM", "PLATFORM", "PLATFORM", "PLATFORM", "PLATFORM", "CATEGORY", "CATEGORY", "PLATFORM", "CATEGORY"], "urls": {"website": ["http://www.makerdao.com/"], "twitter": [], "message_board": [], "chat": [], "facebook": [], "explorer": ["https://etherscan.io/token/0x6b175474e89094c44da98b954eedeac495271d0f", "https://polygonscan.com/token/0x8f3Cf7ad23Cd3CaDbD9735AFf958023239c6A063", "https://bscscan.com/token/0x1af3f329e8be154074d8769d1ffa4ee058b1dbc3", "https://blockscout.com/xdai/mainnet/tokens/0x44fA8E6f47987339850636F88629646662444217/token-transfers", "https://ftmscan.com/token/0x8D11eC38a3EB5E956B052f67Da8Bdc9bef8Abf3E"], "reddit": [], "technical_doc": [], "source_code": [], "announcement": []}, "platform": {"id": "1027", "name": "Ethereum", "slug": "ethereum", "symbol": "ETH", "token_address": "0x6b175474e89094c44da98b954eedeac495271d0f"}, "date_added": "2019-11-22T00:00:00.000Z", "twitter_username": "", "is_hidden": 0, "date_launched": null, "contract_address": [{"contract_address": "0x6b175474e89094c44da98b954eedeac495271d0f", "platform": {"name": "Ethereum", "coin": {"id": "1027", "name": "Ethereum", "symbol": "ETH", "slug": "ethereum"}}}, {"contract_address": "0x1af3f329e8be154074d8769d1ffa4ee058b1dbc3", "platform": {"name": "BNB Smart Chain (BEP20)", "coin": {"id": "1839", "name": "BNB", "symbol": "BNB", "slug": "bnb"}}}, {"contract_address": "0x44fA8E6f47987339850636F88629646662444217", "platform": {"name": "Gnosis Chain", "coin": {"id": "1659", "name": "Gnosis", "symbol": "GNO", "slug": "gnosis-gno"}}}, {"contract_address": "0x8D11eC38a3EB5E956B052f67Da8Bdc9bef8Abf3E", "platform": {"name": "Fantom", "coin": {"id": "3513", "name": "Fantom", "symbol": "FTM", "slug": "fantom"}}}, {"contract_address": "0x8f3Cf7ad23Cd3CaDbD9735AFf958023239c6A063", "platform": {"name": "Polygon", "coin": {"id": "3890", "name": "Polygon", "symbol": "MATIC", "slug": "polygon"}}}, {"contract_address": "0xd586E7F844cEa2F87f50152665BCbc2C279D8d70", "platform": {"name": "Avalanche C-Chain", "coin": {"id": "5805", "name": "Avalanche", "symbol": "AVAX", "slug": "avalanche"}}}, {"contract_address": "0xda10009cbd5d07dd0cecc66161fc93d7c9000da1", "platform": {"name": "Optimism", "coin": {"id": "11840", "name": "Optimism", "symbol": "OP", "slug": "optimism-ethereum"}}}, {"contract_address": "0x0200060000000000000000000000000000000000000000000000000000000000", "platform": {"name": "Sora", "coin": {"id": "5802", "name": "SORA", "symbol": "XOR", "slug": "sora"}}}, {"contract_address": "0xef977d2f931c1978db5f6747666fa1eacb0d0339", "platform": {"name": "Harmony", "coin": {"id": "3945", "name": "Harmony", "symbol": "ONE", "slug": "harmony"}}}, {"contract_address": "0x80a16016cc4a2e6a2caca8a4a498b1699ff0f844", "platform": {"name": "Moonriver", "coin": {"id": "9285", "name": "Moonriver", "symbol": "MOVR", "slug": "moonriver"}}}, {"contract_address": "0xf74195Bb8a5cf652411867c5C2C5b8C2a402be35", "platform": {"name": "Boba Network", "coin": {"id": "14556", "name": "Boba Network", "symbol": "BOBA", "slug": "boba-network"}}}, {"contract_address": "EjmyN6qEC1Tf1JxiG1ae7UTJhUxSwk1TCWNWqxWV4J6o", "platform": {"name": "Solana", "coin": {"id": "5426", "name": "Solana", "symbol": "SOL", "slug": "solana"}}}, {"contract_address": "terra1zmclyfepfmqvfqflu8r3lv6f75trmg05z7xq95", "platform": {"name": "Terra Classic", "coin": {"id": "4172", "name": "Terra Classic", "symbol": "LUNC", "slug": "terra-luna"}}}, {"contract_address": "0x765277eebeca2e31912c9946eae1021199b39c61", "platform": {"name": "Moonbeam", "coin": {"id": "6836", "name": "Moonbeam", "symbol": "GLMR", "slug": "moonbeam"}}}, {"contract_address": "0xe3520349f477a5f6eb06107066048508498a291b", "platform": {"name": "Aurora", "coin": {"id": "14803", "name": "Aurora", "symbol": "AURORA", "slug": "aurora-near"}}}, {"contract_address": "0x5c74070fdea071359b86082bd9f9b3deaafbe32b", "platform": {"name": "Klaytn", "coin": {"id": "4256", "name": "Klaytn", "symbol": "KLAY", "slug": "klaytn"}}}, {"contract_address": "0x4651b38e7ec14bb3db731369bfe5b08f2466bd0a", "platform": {"name": "Metis Andromeda", "coin": {"id": "9640", "name": "MetisDAO", "symbol": "METIS", "slug": "metisdao"}}}, {"contract_address": "0xf2001b145b43032aaf5ee2884e456ccd805f677d", "platform": {"name": "Cronos", "coin": {"id": "3635", "name": "Cronos", "symbol": "CRO", "slug": "cronos"}}}, {"contract_address": "6b175474e89094c44da98b954eedeac495271d0f.factory.bridge.near", "platform": {"name": "Near", "coin": {"id": "6535", "name": "NEAR Protocol", "symbol": "NEAR", "slug": "near-protocol"}}}, {"contract_address": "0:eb2ccad2020d9af9cec137d3146dde067039965c13a27d97293c931dae22b2b9", "platform": {"name": "Everscale", "coin": {"id": "7505", "name": "Everscale", "symbol": "EVER", "slug": "everscale"}}}, {"contract_address": "0xfA9343C3897324496A05fC75abeD6bAC29f8A40f", "platform": {"name": "Bitgert", "coin": {"id": "11079", "name": "Bitgert", "symbol": "BRISE", "slug": "bitrise-token"}}}], "self_reported_circulating_supply": null, "self_reported_tags": null, "self_reported_market_cap": null}]