[{"id": 14516, "name": "DAOLaunch", "symbol": "DAL", "category": "token", "description": "DAOLaunch (DAL) is a cryptocurrency launched in 2021and operates on the BNB Smart Chain (BEP20) platform. DAOLaunch has a current supply of 6,000,000 with 0 in circulation. The last known price of DAOLaunch is 0.08296438 USD and is down -3.24 over the last 24 hours. It is currently trading on 3 active market(s) with $13,730.65 traded over the last 24 hours. More information can be found at https://daolaunch.net.", "slug": "daolaunch", "logo": "https://s2.coinmarketcap.com/static/img/coins/64x64/14516.png", "subreddit": "", "notice": "", "tags": ["defi", "dao", "dapp", "trustswap-launchpad", "bnb-chain"], "tag-names": ["DeFi", "DAO", "DApp", "Trustswap Launchpad", "BNB Chain"], "tag-groups": ["CATEGORY", "CATEGORY", "CATEGORY", "CATEGORY", "PLATFORM"], "urls": {"website": ["https://daolaunch.net"], "twitter": ["https://twitter.com/DAOLaunch"], "message_board": ["https://daolaunch.medium.com"], "chat": ["https://t.me/daolaunchcommunity"], "facebook": ["https://www.facebook.com/daolaunch"], "explorer": [], "reddit": [], "technical_doc": ["https://docsend.com/view/2xvgec58rer8enfq"], "source_code": ["https://github.com/DAOLaunch"], "announcement": ["https://daolaunch.net/article"]}, "platform": {"id": "1839", "name": "BNB", "slug": "bnb", "symbol": "BNB", "token_address": "0x53e4b7Aa6cACcb9576548Be3259e62dE4Ddd4417"}, "date_added": "2021-11-15T08:59:20.000Z", "twitter_username": "DAOLaunch", "is_hidden": 0, "date_launched": "2021-12-03T00:00:00.000Z", "contract_address": [{"contract_address": "0x53e4b7Aa6cACcb9576548Be3259e62dE4Ddd4417", "platform": {"name": "BNB Smart Chain (BEP20)", "coin": {"id": "1839", "name": "BNB", "symbol": "BNB", "slug": "bnb"}}}], "self_reported_circulating_supply": 1059836.2, "self_reported_tags": ["Platform", "DAO", "DApp", "Ethereum Ecosystem", "BNB Smart Chain", "Launchpad", "Avalanche Ecosystem", "Solana Ecosystem"], "self_reported_market_cap": 87828.43642877167}]