[{"id": 2260, "name": "Datamine", "symbol": "DAM", "category": "token", "description": "Datamine (DAM) is a cryptocurrency launched in 2020and operates on the Ethereum platform. Datamine has a current supply of 16,876,778.9 with 3,074,137.64641288 in circulation. The last known price of Datamine is 0.01349571 USD and is up 0.00 over the last 24 hours. It is currently trading on 8 active market(s) with $0.00 traded over the last 24 hours. More information can be found at https://datamine.network/.", "slug": "datamine", "logo": "https://s2.coinmarketcap.com/static/img/coins/64x64/2260.png", "subreddit": "dataminecrypto", "notice": "", "tags": ["defi", "arbitrum-ecosytem"], "tag-names": ["DeFi", "Arbitrum Ecosystem"], "tag-groups": ["CATEGORY", "PLATFORM"], "urls": {"website": ["https://datamine.network/"], "twitter": ["https://twitter.com/dataminenetwork"], "message_board": ["https://medium.com/@dataminenetwork", "https://www.datamine.finance"], "chat": ["https://discord.me/dataminenetwork"], "facebook": [], "explorer": ["https://etherscan.io/token/0xf80d589b3dbe130c270a69f1a69d050f268786df", "https://ethplorer.io/address/0xf80d589b3dbe130c270a69f1a69d050f268786df"], "reddit": ["https://reddit.com/r/dataminecrypto"], "technical_doc": ["https://github.com/Datamine-Crypto/white-paper/blob/master/docs/datamine-smart-contracts.md"], "source_code": ["https://github.com/Datamine-Crypto"], "announcement": ["https://bitcointalk.org/index.php?topic=5246889"]}, "platform": {"id": "1027", "name": "Ethereum", "slug": "ethereum", "symbol": "ETH", "token_address": "0xf80d589b3dbe130c270a69f1a69d050f268786df"}, "date_added": "2017-12-08T00:00:00.000Z", "twitter_username": "dataminenetwork", "is_hidden": 0, "date_launched": "2020-06-09T00:00:00.000Z", "contract_address": [{"contract_address": "0xf80d589b3dbe130c270a69f1a69d050f268786df", "platform": {"name": "Ethereum", "coin": {"id": "1027", "name": "Ethereum", "symbol": "ETH", "slug": "ethereum"}}}], "self_reported_circulating_supply": 5521479, "self_reported_tags": ["DeFi"], "self_reported_market_cap": 74516.29379765452}, {"id": 11003, "name": "Diamonds Alaska Malamuted", "symbol": "DAM", "category": "token", "description": "Diamonds Alaska Malamuted (DAM) is a cryptocurrency launched in 2021and operates on the BNB Smart Chain (BEP20) platform. Diamonds Alaska Malamuted has a current supply of 100,000,000,000 with 0 in circulation. The last known price of Diamonds Alaska Malamuted is 0.00000015 USD and is up 0.00 over the last 24 hours. More information can be found at https://alaskatoken.io/#/.", "slug": "diamonds-alaska-malamuted", "logo": "https://s2.coinmarketcap.com/static/img/coins/64x64/11003.png", "subreddit": "AlaskaInuCom", "notice": "", "tags": ["bnb-chain"], "tag-names": ["BNB Chain"], "tag-groups": ["PLATFORM"], "urls": {"website": ["https://alaskatoken.io/#/", "https://alaskatoken.finance/#/"], "twitter": ["https://twitter.com/AlaskaInu"], "message_board": ["https://alaskainu.medium.com/"], "chat": ["https://t.me/alaskainu", "https://discord.com/invite/2XxQ2QDTwd"], "facebook": [], "explorer": ["https://bscscan.com/token/0x4299260f10d7AE857DD877865D0C4aC96aFe773A"], "reddit": ["https://reddit.com/r/AlaskaInuCom"], "technical_doc": ["https://docs.alaskatoken.io/"], "source_code": ["https://github.com/Alaskatoken"], "announcement": []}, "platform": {"id": "1839", "name": "BNB", "slug": "bnb", "symbol": "BNB", "token_address": "0x4299260f10d7AE857DD877865D0C4aC96aFe773A"}, "date_added": "2021-07-22T00:00:00.000Z", "twitter_username": "AlaskaInu", "is_hidden": 0, "date_launched": "2021-07-08T00:00:00.000Z", "contract_address": [{"contract_address": "0x4299260f10d7AE857DD877865D0C4aC96aFe773A", "platform": {"name": "BNB Smart Chain (BEP20)", "coin": {"id": "1839", "name": "BNB", "symbol": "BNB", "slug": "bnb"}}}], "self_reported_circulating_supply": 24568916937, "self_reported_tags": ["Collectibles & NFTs", "BNB Smart Chain"], "self_reported_market_cap": 3747.6583444996486}]