[{"id": 12769, "name": "Ardana", "symbol": "DANA", "category": "token", "description": "Ardana (DANA) is a cryptocurrency launched in 2021and operates on the Cardano platform. Ardana has a current supply of 125,000,000 with 0 in circulation. The last known price of Ardana is 0.00767736 USD and is down -4.36 over the last 24 hours. It is currently trading on 6 active market(s) with $10,217.49 traded over the last 24 hours. More information can be found at https://ardana.org/.", "slug": "ardana", "logo": "https://s2.coinmarketcap.com/static/img/coins/64x64/12769.png", "subreddit": "ardana", "notice": "", "tags": ["store-of-value", "decentralized-exchange-dex-token", "defi", "amm", "three-arrows-capital-portfolio", "governance", "lending-borowing", "cardano-ecosystem", "cardano"], "tag-names": ["Store Of Value", "Decentralized Exchange (DEX) Token", "DeFi", "AMM", "Three Arrows Capital Portfolio", "Governance", "Lending & Borrowing", "Cardano Ecosystem", "Cardano"], "tag-groups": ["CATEGORY", "CATEGORY", "CATEGORY", "CATEGORY", "CATEGORY", "CATEGORY", "CATEGORY", "CATEGORY", "PLATFORM"], "urls": {"website": ["https://ardana.org/"], "twitter": ["https://twitter.com/ArdanaProject"], "message_board": [], "chat": ["https://t.me/ardanaofficial", "https://discord.com/invite/c9skrZvsqH"], "facebook": [], "explorer": ["https://cardanoscan.io/token/c88bbd1848db5ea665b1fffbefba86e8dcd723b5085348e8a8d2260f44414e41"], "reddit": ["https://reddit.com/r/ardana"], "technical_doc": ["https://docs.ardana.org"], "source_code": [], "announcement": ["https://medium.com/ardana-hub"]}, "platform": {"id": "2010", "name": "Cardano", "slug": "cardano", "symbol": "ADA", "token_address": "c88bbd1848db5ea665b1fffbefba86e8dcd723b5085348e8a8d2260f44414e41"}, "date_added": "2021-10-15T06:02:25.000Z", "twitter_username": "ArdanaProject", "is_hidden": 0, "date_launched": "2021-11-22T00:00:00.000Z", "contract_address": [{"contract_address": "c88bbd1848db5ea665b1fffbefba86e8dcd723b5085348e8a8d2260f44414e41", "platform": {"name": "Cardano", "coin": {"id": "2010", "name": "Cardano", "symbol": "ADA", "slug": "cardano"}}}], "self_reported_circulating_supply": null, "self_reported_tags": null, "self_reported_market_cap": null}]