[{"id": 8420, "name": "DAO Maker", "symbol": "DAO", "category": "token", "description": "DAO Maker (DAO) is a cryptocurrency launched in 2021and operates on the Ethereum platform. DAO Maker has a current supply of 274,810,687 with 92,074,258.92539924 in circulation. The last known price of DAO Maker is 0.87113796 USD and is down -0.40 over the last 24 hours. It is currently trading on 53 active market(s) with $861,146.70 traded over the last 24 hours. More information can be found at https://daomaker.com/.", "slug": "dao-maker", "logo": "https://s2.coinmarketcap.com/static/img/coins/64x64/8420.png", "subreddit": "", "notice": "", "tags": ["defi", "governance", "launchpad", "dao-maker", "vbc-ventures-portfolio", "injective-ecosystem"], "tag-names": ["DeFi", "Governance", "Launchpad", "DAO Maker", "VBC Ventures Portfolio", "Injective Ecosystem"], "tag-groups": ["CATEGORY", "CATEGORY", "CATEGORY", "CATEGORY", "CATEGORY", "PLATFORM"], "urls": {"website": ["https://daomaker.com/"], "twitter": ["https://twitter.com/thedaomaker"], "message_board": ["https://medium.com/daomaker", "https://discord.gg/daomaker"], "chat": ["https://t.me/daomaker", "https://t.me/daomaker_trading"], "facebook": [], "explorer": ["https://etherscan.io/token/0x0f51bb10119727a7e5ea3538074fb341f56b09ad", "https://ethplorer.io/address/0x0f51bb10119727a7e5ea3538074fb341f56b09ad", "https://bscscan.com/address/0x4d2d32d8652058Bf98c772953E1Df5c5c85D9F45"], "reddit": [], "technical_doc": [], "source_code": ["https://github.com/daomaker"], "announcement": ["https://t.me/daomaker_ann"]}, "platform": {"id": "1027", "name": "Ethereum", "slug": "ethereum", "symbol": "ETH", "token_address": "0x0f51bb10119727a7e5ea3538074fb341f56b09ad"}, "date_added": "2021-02-09T00:00:00.000Z", "twitter_username": "thedaomaker", "is_hidden": 0, "date_launched": "2021-02-09T00:00:00.000Z", "contract_address": [{"contract_address": "0x0f51bb10119727a7e5ea3538074fb341f56b09ad", "platform": {"name": "Ethereum", "coin": {"id": "1027", "name": "Ethereum", "symbol": "ETH", "slug": "ethereum"}}}, {"contract_address": "0x4d2d32d8652058Bf98c772953E1Df5c5c85D9F45", "platform": {"name": "BNB Smart Chain (BEP20)", "coin": {"id": "1839", "name": "BNB", "symbol": "BNB", "slug": "bnb"}}}], "self_reported_circulating_supply": 126282000.0, "self_reported_tags": ["Platform", "Ethereum Ecosystem", "DAO Maker", "Token", "Gaming Guild"], "self_reported_market_cap": 109967910.52378207}, {"id": 1253, "name": "The DAO", "symbol": "DAO", "category": "token", "description": "The DAO (DAO) is a cryptocurrency . The DAO has a current supply of 0. The last known price of The DAO is 0.09880773 USD and is up 0.00 over the last 24 hours. More information can be found at https://daohub.org/.", "slug": "the-dao", "logo": "https://s2.coinmarketcap.com/static/img/coins/64x64/1253.png", "subreddit": "TheDao", "notice": "", "tags": null, "tag-names": null, "tag-groups": null, "urls": {"website": ["https://daohub.org/"], "twitter": ["https://twitter.com/the_dao_project"], "message_board": [], "chat": [], "facebook": [], "explorer": ["https://etherscan.io/token/TheDAO"], "reddit": ["https://reddit.com/r/TheDao"], "technical_doc": [], "source_code": [], "announcement": []}, "platform": null, "date_added": "2016-05-16T00:00:00.000Z", "twitter_username": "the_dao_project", "is_hidden": 0, "date_launched": null, "contract_address": [], "self_reported_circulating_supply": NaN, "self_reported_tags": null, "self_reported_market_cap": NaN}, {"id": 11339, "name": "GameDAO", "symbol": "DAO", "category": "token", "description": "GameDAO (DAO) is a cryptocurrency launched in 2021and operates on the BNB Smart Chain (BEP20) platform. GameDAO has a current supply of 0. The last known price of GameDAO is 0.00006883 USD and is up 0.58 over the last 24 hours. More information can be found at https://gamedao.io/.", "slug": "game-dao", "logo": "https://s2.coinmarketcap.com/static/img/coins/64x64/11339.png", "subreddit": "", "notice": "", "tags": null, "tag-names": null, "tag-groups": null, "urls": {"website": ["https://gamedao.io/"], "twitter": ["https://twitter.com/NFTGameplatform"], "message_board": ["https://t.me/GameDAO_EN"], "chat": [], "facebook": [], "explorer": ["https://bscscan.com/token/0x21a807b748423e5c37a914fb4fb40850037dafdd"], "reddit": [], "technical_doc": [], "source_code": ["https://github.com/gamedaoio"], "announcement": []}, "platform": {"id": "1839", "name": "BNB", "slug": "bnb", "symbol": "BNB", "token_address": "0x21a807b748423e5c37a914fb4fb40850037dafdd"}, "date_added": "2021-08-20T00:00:00.000Z", "twitter_username": "NFTGameplatform", "is_hidden": 0, "date_launched": "2021-08-18T00:00:00.000Z", "contract_address": [{"contract_address": "0x21a807b748423e5c37a914fb4fb40850037dafdd", "platform": {"name": "BNB Smart Chain (BEP20)", "coin": {"id": "1839", "name": "BNB", "symbol": "BNB", "slug": "bnb"}}}], "self_reported_circulating_supply": NaN, "self_reported_tags": null, "self_reported_market_cap": NaN}]