[{"id": 11374, "name": "Mines of Dalarnia", "symbol": "DAR", "category": "token", "description": "Mines of Dalarnia (DAR) is a cryptocurrency launched in 2021and operates on the Ethereum platform. Mines of Dalarnia has a current supply of 800,000,000 with 310,491,258 in circulation. The last known price of Mines of Dalarnia is 0.11421405 USD and is down -2.15 over the last 24 hours. It is currently trading on 86 active market(s) with $8,876,062.32 traded over the last 24 hours. More information can be found at https://www.minesofdalarnia.com/.", "slug": "mines-of-dalarnia", "logo": "https://s2.coinmarketcap.com/static/img/coins/64x64/11374.png", "subreddit": "", "notice": "", "tags": ["collectibles-nfts", "gaming", "metaverse", "chromia-ecosystem", "play-to-earn", "animoca-brands-portfolio"], "tag-names": ["Collectibles & NFTs", "Gaming", "Metaverse", "Chromia Ecosystem", "Play To Earn", "Animoca Brands Portfolio"], "tag-groups": ["CATEGORY", "INDUSTRY", "CATEGORY", "CATEGORY", "CATEGORY", "CATEGORY"], "urls": {"website": ["https://www.minesofdalarnia.com/"], "twitter": ["https://twitter.com/MinesOfDalarnia"], "message_board": ["https://minesofdalarnia.medium.com/"], "chat": ["https://t.me/MinesOfDalarnia", "https://discord.com/invite/dZaVUMy"], "facebook": [], "explorer": ["https://etherscan.io/token/0x081131434f93063751813c619ecca9c4dc7862a3", "https://bscscan.com/token/0x23ce9e926048273ef83be0a3a8ba9cb6d45cd978"], "reddit": [], "technical_doc": ["https://www.minesofdalarnia.com/assets/MoD-Litepaper-updated-27-Oct.pdf"], "source_code": [], "announcement": []}, "platform": {"id": "1027", "name": "Ethereum", "slug": "ethereum", "symbol": "ETH", "token_address": "0x081131434f93063751813c619ecca9c4dc7862a3"}, "date_added": "2021-08-24T00:00:00.000Z", "twitter_username": "MinesOfDalarnia", "is_hidden": 0, "date_launched": "2021-10-30T00:00:00.000Z", "contract_address": [{"contract_address": "0x081131434f93063751813c619ecca9c4dc7862a3", "platform": {"name": "Ethereum", "coin": {"id": "1027", "name": "Ethereum", "symbol": "ETH", "slug": "ethereum"}}}, {"contract_address": "0x23ce9e926048273ef83be0a3a8ba9cb6d45cd978", "platform": {"name": "BNB Smart Chain (BEP20)", "coin": {"id": "1839", "name": "BNB", "symbol": "BNB", "slug": "bnb"}}}], "self_reported_circulating_supply": null, "self_reported_tags": null, "self_reported_market_cap": null}]