[{"id": 12487, "name": "Dark Frontiers", "symbol": "DARK", "category": "token", "description": "Dark Frontiers (DARK) is a cryptocurrency launched in 2021and operates on the BNB Smart Chain (BEP20) platform. Dark Frontiers has a current supply of 0. The last known price of Dark Frontiers is 0.04459979 USD and is down -1.40 over the last 24 hours. It is currently trading on 15 active market(s) with $55,903.11 traded over the last 24 hours. More information can be found at https://www.darkfrontiers.com/.", "slug": "dark-frontiers", "logo": "https://s2.coinmarketcap.com/static/img/coins/64x64/12487.png", "subreddit": "", "notice": "", "tags": ["metaverse", "polkafoundry-red-kite"], "tag-names": ["Metaverse", "PolkaFoundry Red Kite"], "tag-groups": ["CATEGORY", "CATEGORY"], "urls": {"website": ["https://www.darkfrontiers.com/", "https://www.gamestarter.com"], "twitter": ["https://twitter.com/DarkFrontiersGS"], "message_board": ["https://blog.gamestarter.com/"], "chat": ["https://t.me/darkfrontiers"], "facebook": [], "explorer": [], "reddit": [], "technical_doc": ["https://www.darkfrontiers.com/wp"], "source_code": [], "announcement": ["https://t.me/darkfrontiers_ann"]}, "platform": {"id": "1839", "name": "BNB", "slug": "bnb", "symbol": "BNB", "token_address": "0x12fc07081fab7de60987cad8e8dc407b606fb2f8"}, "date_added": "2021-10-08T01:30:36.000Z", "twitter_username": "DarkFrontiersGS", "is_hidden": 0, "date_launched": "2021-10-03T00:00:00.000Z", "contract_address": [{"contract_address": "0x12fc07081fab7de60987cad8e8dc407b606fb2f8", "platform": {"name": "BNB Smart Chain (BEP20)", "coin": {"id": "1839", "name": "BNB", "symbol": "BNB", "slug": "bnb"}}}], "self_reported_circulating_supply": 21787977.04, "self_reported_tags": null, "self_reported_market_cap": 970665.90324753}, {"id": 17118, "name": "DarkCrypto", "symbol": "DARK", "category": "token", "description": "DarkCrypto (DARK) is a cryptocurrency and operates on the Cronos platform. DarkCrypto has a current supply of 200,000 with 0 in circulation. The last known price of DarkCrypto is 0.00502581 USD and is up 0.36 over the last 24 hours. It is currently trading on 19 active market(s) with $301.85 traded over the last 24 hours. More information can be found at https://www.darkcrypto.finance/.", "slug": "darkcrypto", "logo": "https://s2.coinmarketcap.com/static/img/coins/64x64/17118.png", "subreddit": "", "notice": "", "tags": null, "tag-names": null, "tag-groups": null, "urls": {"website": ["https://www.darkcrypto.finance/"], "twitter": ["https://twitter.com/DarkCryptoFi"], "message_board": ["https://medium.com/@darkcryptofi"], "chat": ["https://t.me/DarkCryptoFi", "https://discord.gg/46sZwPFGCv"], "facebook": [], "explorer": ["https://cronoscan.com/token/0x83b2AC8642aE46FC2823Bc959fFEB3c1742c48B5", "https://cronos-explorer.crypto.org/token/0x83b2AC8642aE46FC2823Bc959fFEB3c1742c48B5"], "reddit": [], "technical_doc": [], "source_code": ["https://github.com/darkcryptofi"], "announcement": []}, "platform": {"id": "3635", "name": "Cronos", "slug": "cronos", "symbol": "CRO", "token_address": "0x83b2AC8642aE46FC2823Bc959fFEB3c1742c48B5"}, "date_added": "2022-01-11T04:18:35.000Z", "twitter_username": "DarkCryptoFi", "is_hidden": 0, "date_launched": null, "contract_address": [{"contract_address": "0x83b2AC8642aE46FC2823Bc959fFEB3c1742c48B5", "platform": {"name": "Cronos", "coin": {"id": "3635", "name": "Cronos", "symbol": "CRO", "slug": "cronos"}}}], "self_reported_circulating_supply": NaN, "self_reported_tags": null, "self_reported_market_cap": NaN}, {"id": 745, "name": "DarkCoin", "symbol": "DARK", "category": "coin", "description": "DarkCoin (DARK) is a cryptocurrency . Users are able to generate DARK through the process of mining. DarkCoin has a current supply of 13,061,360.9006115. The last known price of DarkCoin is 0.00067043 USD and is up 0.00 over the last 24 hours. More information can be found at http://fudcoin.net.", "slug": "fudcoin", "logo": "https://s2.coinmarketcap.com/static/img/coins/64x64/745.png", "subreddit": "FUDcoin", "notice": "", "tags": ["mineable"], "tag-names": ["Mineable"], "tag-groups": ["OTHERS"], "urls": {"website": ["http://fudcoin.net"], "twitter": ["https://twitter.com/TheNewDARK"], "message_board": [], "chat": [], "facebook": [], "explorer": ["http://cryptobe.com/chain/DarkCoin"], "reddit": ["https://reddit.com/r/FUDcoin"], "technical_doc": [], "source_code": [], "announcement": ["https://bitcointalk.org/index.php?topic=1002259"]}, "platform": null, "date_added": "2014-12-07T00:00:00.000Z", "twitter_username": "TheNewDARK", "is_hidden": 0, "date_launched": null, "contract_address": [], "self_reported_circulating_supply": NaN, "self_reported_tags": null, "self_reported_market_cap": NaN}, {"id": 7325, "name": "Dark.Build", "symbol": "DARK", "category": "token", "description": "Dark.Build (DARK) is a cryptocurrency and operates on the Ethereum platform. Dark.Build has a current supply of 100,000 with 0 in circulation. The last known price of Dark.Build is 18.90104441 USD and is up 6.32 over the last 24 hours. More information can be found at https://www.dark.build/.", "slug": "darkbuild", "logo": "https://s2.coinmarketcap.com/static/img/coins/64x64/7325.png", "subreddit": "", "notice": "", "tags": null, "tag-names": null, "tag-groups": null, "urls": {"website": ["https://www.dark.build/"], "twitter": ["https://twitter.com/DarkBuild1"], "message_board": ["https://t.me/darkbuildANN"], "chat": ["https://t.me/darkbuild", "https://discord.gg/darkbuild"], "facebook": [], "explorer": ["https://etherscan.io/token/0x3108ccFd96816F9E663baA0E8c5951D229E8C6da", "https://ethplorer.io/address/0x3108ccFd96816F9E663baA0E8c5951D229E8C6da", "https://explorer-mainnet.maticvigil.com/tokens/0x0e59D50adD2d90f5111aca875baE0a72D95B4762/token-transfers"], "reddit": [], "technical_doc": [], "source_code": [], "announcement": []}, "platform": {"id": "1027", "name": "Ethereum", "slug": "ethereum", "symbol": "ETH", "token_address": "0x3108ccFd96816F9E663baA0E8c5951D229E8C6da"}, "date_added": "2020-10-07T00:00:00.000Z", "twitter_username": "DarkBuild1", "is_hidden": 0, "date_launched": null, "contract_address": [{"contract_address": "0x3108ccFd96816F9E663baA0E8c5951D229E8C6da", "platform": {"name": "Ethereum", "coin": {"id": "1027", "name": "Ethereum", "symbol": "ETH", "slug": "ethereum"}}}, {"contract_address": "0x0e59d50add2d90f5111aca875bae0a72d95b4762", "platform": {"name": "Polygon", "coin": {"id": "3890", "name": "Polygon", "symbol": "MATIC", "slug": "polygon"}}}], "self_reported_circulating_supply": NaN, "self_reported_tags": null, "self_reported_market_cap": NaN}]