[{"id": 2143, "name": "Streamr", "symbol": "DATA", "category": "token", "description": "Streamr (DATA) is a cryptocurrency and operates on the Ethereum platform. Streamr has a current supply of 861,800,041.8100061 with 767,121,867.272933 in circulation. The last known price of Streamr is 0.0225817 USD and is down -1.19 over the last 24 hours. It is currently trading on 63 active market(s) with $1,551,709.58 traded over the last 24 hours. More information can be found at https://streamr.network.", "slug": "streamr", "logo": "https://s2.coinmarketcap.com/static/img/coins/64x64/2143.png", "subreddit": "streamr", "notice": "Streamr (DATA) is undergoing Migration from Streamr XDATA (XDATA) . Read more at: https://medium.com/streamrblog/its-time-to-upgrade-your-streamr-data-tokens-5d790833c639", "tags": ["platform", "ai-big-data", "distributed-computing", "filesharing", "iot", "fabric-ventures-portfolio", "web3"], "tag-names": ["Platform", "AI & Big Data", "Distributed Computing", "Filesharing", "IoT", "Fabric Ventures Portfolio", "Web3"], "tag-groups": ["CATEGORY", "INDUSTRY", "INDUSTRY", "INDUSTRY", "INDUSTRY", "CATEGORY", "INDUSTRY"], "urls": {"website": ["https://streamr.network"], "twitter": ["https://twitter.com/streamr"], "message_board": ["https://streamr.network/blog", "https://www.reddit.com/r/streamr/"], "chat": ["https://t.me/streamrdata", "https://discord.com/invite/gZAm8P7hK8"], "facebook": [], "explorer": ["https://etherscan.io/token/0x8f693ca8d21b157107184d29d398a8d082b38b76", "https://ethplorer.io/address/0x8f693ca8d21b157107184d29d398a8d082b38b76", "https://polygonscan.com/token/0x3a9A81d576d83FF21f26f325066054540720fC34", "https://bscscan.com/token/0x0864c156b3C5F69824564dEC60c629aE6401bf2a", "https://gnosisscan.io/token/0x256eb8a51f382650b2a1e946b8811953640ee47d"], "reddit": ["https://reddit.com/r/streamr"], "technical_doc": ["https://s3.amazonaws.com/streamr-public/streamr-datacoin-whitepaper-2017-07-25-v1_1.pdf"], "source_code": ["https://github.com/streamr-dev"], "announcement": []}, "platform": {"id": "1027", "name": "Ethereum", "slug": "ethereum", "symbol": "ETH", "token_address": "0x8f693ca8d21b157107184d29d398a8d082b38b76"}, "date_added": "2017-11-03T00:00:00.000Z", "twitter_username": "streamr", "is_hidden": 0, "date_launched": null, "contract_address": [{"contract_address": "0x8f693ca8d21b157107184d29d398a8d082b38b76", "platform": {"name": "Ethereum", "coin": {"id": "1027", "name": "Ethereum", "symbol": "ETH", "slug": "ethereum"}}}, {"contract_address": "0x3a9A81d576d83FF21f26f325066054540720fC34", "platform": {"name": "Polygon", "coin": {"id": "3890", "name": "Polygon", "symbol": "MATIC", "slug": "polygon"}}}, {"contract_address": "0x0864c156b3C5F69824564dEC60c629aE6401bf2a", "platform": {"name": "BNB Smart Chain (BEP20)", "coin": {"id": "1839", "name": "BNB", "symbol": "BNB", "slug": "bnb"}}}], "self_reported_circulating_supply": null, "self_reported_tags": null, "self_reported_market_cap": null}, {"id": 12035, "name": "Data Economy Index", "symbol": "DATA", "category": "token", "description": "Data Economy Index (DATA) is a cryptocurrency and operates on the Ethereum platform. Data Economy Index has a current supply of 0. The last known price of Data Economy Index is 16.77881579 USD and is up 0.00 over the last 24 hours. It is currently trading on 4 active market(s) with $0.00 traded over the last 24 hours. More information can be found at https://www.indexcoop.com/data.", "slug": "data-economy-index", "logo": "https://s2.coinmarketcap.com/static/img/coins/64x64/12035.png", "subreddit": "", "notice": "", "tags": null, "tag-names": null, "tag-groups": null, "urls": {"website": ["https://www.indexcoop.com/data"], "twitter": ["https://twitter.com/indexcoop"], "message_board": ["https://medium.com/indexcoop"], "chat": ["https://discord.gg/DRbnEy6Q"], "facebook": [], "explorer": ["https://etherscan.io/token/0x33d63ba1e57e54779f7ddaeaa7109349344cf5f1", "https://ethplorer.io/address/0x33d63ba1e57e54779f7ddaeaa7109349344cf5f1"], "reddit": [], "technical_doc": [], "source_code": [], "announcement": []}, "platform": {"id": "1027", "name": "Ethereum", "slug": "ethereum", "symbol": "ETH", "token_address": "0x33d63ba1e57e54779f7ddaeaa7109349344cf5f1"}, "date_added": "2021-09-21T18:05:09.000Z", "twitter_username": "indexcoop", "is_hidden": 0, "date_launched": null, "contract_address": [{"contract_address": "0x33d63ba1e57e54779f7ddaeaa7109349344cf5f1", "platform": {"name": "Ethereum", "coin": {"id": "1027", "name": "Ethereum", "symbol": "ETH", "slug": "ethereum"}}}], "self_reported_circulating_supply": null, "self_reported_tags": null, "self_reported_market_cap": null}]