[{"id": 15175, "name": "DAWG", "symbol": "DAWG", "category": "token", "description": "DAWG (DAWG) is a cryptocurrency launched in 2021and operates on the Solana platform. DAWG has a current supply of 1,500,000 with 0 in circulation. The last known price of DAWG is 0.00224725 USD and is down -37.53 over the last 24 hours. It is currently trading on 2 active market(s) with $2.98 traded over the last 24 hours. More information can be found at https://www.thedogecapital.com/.", "slug": "dawg", "logo": "https://s2.coinmarketcap.com/static/img/coins/64x64/15175.png", "subreddit": "DAWGTOKEN/", "notice": "", "tags": ["collectibles-nfts", "solana-ecosystem"], "tag-names": ["Collectibles & NFTs", "Solana Ecosystem"], "tag-groups": ["CATEGORY", "PLATFORM"], "urls": {"website": ["https://www.thedogecapital.com/"], "twitter": ["https://twitter.com/thedogecapital"], "message_board": [], "chat": ["https://discord.com/invite/DeM5VFF29v"], "facebook": [], "explorer": ["https://solscan.io/token/3DHPqxdMXogNNnpqBMF8N4Zs4dn1WR31H7UjWq6FExwG"], "reddit": ["https://reddit.com/r/DAWGTOKEN/"], "technical_doc": [], "source_code": [], "announcement": []}, "platform": {"id": "5426", "name": "Solana", "slug": "solana", "symbol": "SOL", "token_address": "3DHPqxdMXogNNnpqBMF8N4Zs4dn1WR31H7UjWq6FExwG"}, "date_added": "2021-11-25T09:29:04.000Z", "twitter_username": "thedogecapital", "is_hidden": 0, "date_launched": "2021-11-23T00:00:00.000Z", "contract_address": [{"contract_address": "3DHPqxdMXogNNnpqBMF8N4Zs4dn1WR31H7UjWq6FExwG", "platform": {"name": "Solana", "coin": {"id": "5426", "name": "Solana", "symbol": "SOL", "slug": "solana"}}}], "self_reported_circulating_supply": null, "self_reported_tags": ["Collectibles & NFTs", "DeFi", "Staking"], "self_reported_market_cap": null}, {"id": 10912, "name": "Inumaki", "symbol": "DAWG", "category": "token", "description": "Inumaki (DAWG) is a cryptocurrency launched in 2021and operates on the BNB Smart Chain (BEP20) platform. Inumaki has a current supply of 0. The last known price of Inumaki is 0.00003275 USD and is down -0.02 over the last 24 hours. More information can be found at https://dawgtoken.com.", "slug": "inumaki", "logo": "https://s2.coinmarketcap.com/static/img/coins/64x64/10912.png", "subreddit": "inumaki", "notice": "", "tags": ["bnb-chain"], "tag-names": ["BNB Chain"], "tag-groups": ["PLATFORM"], "urls": {"website": ["https://dawgtoken.com", "https://inumaki.org"], "twitter": ["https://twitter.com/inumakidawg"], "message_board": ["https://medium.com/@inumaki"], "chat": ["https://t.me/inumakidawg", "Discord: https://discord.com/invite/qTENySSbMT\r\nSlack: http://inumaki.slack.com/"], "facebook": [], "explorer": ["https://bscscan.com/token/0x221532ea2601a16e3abdc4efe4d5c325bbbba436", "https://etherscan.io/token/0xaa9127e8d5289f43e6ad41d9986c9992a7e2c64d"], "reddit": ["https://reddit.com/r/inumaki"], "technical_doc": ["https://dawgtoken.com/lightpaper.pdf"], "source_code": ["https://github.com/inumakidawg/governance-protocol"], "announcement": []}, "platform": {"id": "1839", "name": "BNB", "slug": "bnb", "symbol": "BNB", "token_address": "0x221532ea2601a16e3abdc4efe4d5c325bbbba436"}, "date_added": "2021-07-15T00:00:00.000Z", "twitter_username": "inumakidawg", "is_hidden": 0, "date_launched": "2021-06-24T00:00:00.000Z", "contract_address": [{"contract_address": "0x221532ea2601a16e3abdc4efe4d5c325bbbba436", "platform": {"name": "BNB Smart Chain (BEP20)", "coin": {"id": "1839", "name": "BNB", "symbol": "BNB", "slug": "bnb"}}}], "self_reported_circulating_supply": null, "self_reported_tags": null, "self_reported_market_cap": null}]