[{"id": 5618, "name": "Dawn Protocol", "symbol": "DAWN", "category": "token", "description": "Dawn Protocol (DAWN) is a cryptocurrency launched in 2020and operates on the Ethereum platform. Dawn Protocol has a current supply of 76,588,156.82742885 with 74,464,266.09522189 in circulation. The last known price of Dawn Protocol is 0.55451988 USD and is up 1.51 over the last 24 hours. It is currently trading on 13 active market(s) with $1,817,438.39 traded over the last 24 hours. More information can be found at https://dawn.org.", "slug": "dawn-protocol", "logo": "https://s2.coinmarketcap.com/static/img/coins/64x64/5618.png", "subreddit": "", "notice": "", "tags": ["cosmos-ecosystem", "gaming", "injective-ecosystem"], "tag-names": ["Cosmos Ecosystem", "Gaming", "Injective Ecosystem"], "tag-groups": ["INDUSTRY", "INDUSTRY", "PLATFORM"], "urls": {"website": ["https://dawn.org", "https://firstblood.io"], "twitter": ["https://twitter.com/dawnprotocol"], "message_board": ["https://medium.com/@dawnprotocol/"], "chat": ["https://t.me/dawnprotocol"], "facebook": [], "explorer": ["https://etherscan.io/token/0x580c8520deda0a441522aeae0f9f7a5f29629afa", "https://ethplorer.io/address/0x580c8520deda0a441522aeae0f9f7a5f29629afa"], "reddit": [], "technical_doc": [], "source_code": ["https://github.com/Dawn-Protocol"], "announcement": []}, "platform": {"id": "1027", "name": "Ethereum", "slug": "ethereum", "symbol": "ETH", "token_address": "0x580c8520deda0a441522aeae0f9f7a5f29629afa"}, "date_added": "2020-05-27T00:00:00.000Z", "twitter_username": "dawnprotocol", "is_hidden": 0, "date_launched": "2020-05-05T00:00:00.000Z", "contract_address": [{"contract_address": "0x580c8520deda0a441522aeae0f9f7a5f29629afa", "platform": {"name": "Ethereum", "coin": {"id": "1027", "name": "Ethereum", "symbol": "ETH", "slug": "ethereum"}}}], "self_reported_circulating_supply": null, "self_reported_tags": null, "self_reported_market_cap": null}]