[{"id": 2316, "name": "DeepBrain Chain", "symbol": "DBC", "category": "token", "description": "DeepBrain Chain (DBC) is a cryptocurrency . DeepBrain Chain has a current supply of 10,000,000,000 with 3,200,000,000 in circulation. The last known price of DeepBrain Chain is 0.00125608 USD and is down -2.03 over the last 24 hours. It is currently trading on 12 active market(s) with $653,908.28 traded over the last 24 hours. More information can be found at https://www.deepbrainchain.org/.", "slug": "deepbrain-chain", "logo": "https://s2.coinmarketcap.com/static/img/coins/64x64/2316.png", "subreddit": "", "notice": "", "tags": ["platform", "ai-big-data", "distributed-computing", "substrate", "polkadot", "polkadot-ecosystem", "metaverse"], "tag-names": ["Platform", "AI & Big Data", "Distributed Computing", "Substrate", "Polkadot", "Polkadot Ecosystem", "Metaverse"], "tag-groups": ["CATEGORY", "INDUSTRY", "INDUSTRY", "CATEGORY", "PLATFORM", "PLATFORM", "CATEGORY"], "urls": {"website": ["https://www.deepbrainchain.org/"], "twitter": ["https://twitter.com/DeepBrainChain"], "message_board": [], "chat": ["https://t.me/deepbrainchainglobal"], "facebook": [], "explorer": ["https://dbc.subscan.io/"], "reddit": [], "technical_doc": ["https://www.deepbrainchain.org/assets/pdf/DeepBrainChainWhitepaper_en.pdf"], "source_code": [], "announcement": ["https://bitcointalk.org/index.php?topic=2509823.0"]}, "platform": null, "date_added": "2017-12-28T00:00:00.000Z", "twitter_username": "DeepBrainChain", "is_hidden": 0, "date_launched": null, "contract_address": [], "self_reported_circulating_supply": NaN, "self_reported_tags": null, "self_reported_market_cap": NaN}, {"id": 17468, "name": "Dhabi Coin", "symbol": "DBC", "category": "token", "description": "Dhabi Coin (DBC) is a cryptocurrency launched in 2021and operates on the BNB Smart Chain (BEP20) platform. Dhabi Coin has a current supply of 0. The last known price of Dhabi Coin is 0.00007063 USD and is down -1.25 over the last 24 hours. It is currently trading on 4 active market(s) with $266.84 traded over the last 24 hours. More information can be found at https://dhabicoin.ae/.", "slug": "dhabi-coin", "logo": "https://s2.coinmarketcap.com/static/img/coins/64x64/17468.png", "subreddit": "dhabicoin", "notice": "", "tags": null, "tag-names": null, "tag-groups": null, "urls": {"website": ["https://dhabicoin.ae/"], "twitter": ["https://twitter.com/DhabicoinUae"], "message_board": ["https://dhabicoin.medium.com/"], "chat": ["https://t.me/joinchat/94HGhsK4sDNlN2Jk"], "facebook": [], "explorer": ["https://bscscan.com/token/0x220e6a613f00c79025d5611b73639e045b186ff8"], "reddit": ["https://reddit.com/r/dhabicoin"], "technical_doc": ["https://drive.google.com/file/d/1hP9VhhWtPuI1ON3Iw-8GJLJzRo0wVy_C/view"], "source_code": [], "announcement": []}, "platform": {"id": "1839", "name": "BNB", "slug": "bnb", "symbol": "BNB", "token_address": "0x220e6a613f00c79025d5611b73639e045b186ff8"}, "date_added": "2022-01-19T10:37:37.000Z", "twitter_username": "DhabicoinUae", "is_hidden": 0, "date_launched": "2021-09-30T00:00:00.000Z", "contract_address": [{"contract_address": "0x220e6a613f00c79025d5611b73639e045b186ff8", "platform": {"name": "BNB Smart Chain (BEP20)", "coin": {"id": "1839", "name": "BNB", "symbol": "BNB", "slug": "bnb"}}}], "self_reported_circulating_supply": 250000000.0, "self_reported_tags": ["Centralized Exchange (CEX) Token", "DAO", "Decentralized Exchange (DEX) Token", "Gaming", "Marketing", "Marketplace"], "self_reported_market_cap": 17608.750739853942}, {"id": 20542, "name": "DragonBall Coin", "symbol": "DBC", "category": "token", "description": "DragonBall Coin (DBC) is a cryptocurrency launched in 2022and operates on the BNB Smart Chain (BEP20) platform. DragonBall Coin has a current supply of 5,000,000 with 0 in circulation. The last known price of DragonBall Coin is 0.00144599 USD and is up 0.00 over the last 24 hours. More information can be found at https://dragonballcoins.com/.", "slug": "dragonball-coin", "logo": "https://s2.coinmarketcap.com/static/img/coins/64x64/20542.png", "subreddit": "", "notice": "", "tags": null, "tag-names": null, "tag-groups": null, "urls": {"website": ["https://dragonballcoins.com/"], "twitter": ["https://twitter.com/DRAGONBALLGAFI"], "message_board": [], "chat": ["https://t.me/DragonBallCoinMoon", "https://t.me/DragonBallCoin_CN"], "facebook": [], "explorer": ["https://bscscan.com/address/0x6841c6407B216F11A2CA2A845F80A53d20dE6723"], "reddit": [], "technical_doc": ["https://docs.dragonballcoins.com/"], "source_code": [], "announcement": []}, "platform": {"id": "1839", "name": "BNB", "slug": "bnb", "symbol": "BNB", "token_address": "0x6841c6407B216F11A2CA2A845F80A53d20dE6723"}, "date_added": "2022-06-10T07:26:58.000Z", "twitter_username": "DRAGONBALLGAFI", "is_hidden": 0, "date_launched": "2022-06-08T00:00:00.000Z", "contract_address": [{"contract_address": "0x6841c6407B216F11A2CA2A845F80A53d20dE6723", "platform": {"name": "BNB Smart Chain (BEP20)", "coin": {"id": "1839", "name": "BNB", "symbol": "BNB", "slug": "bnb"}}}], "self_reported_circulating_supply": 1360410.0, "self_reported_tags": null, "self_reported_market_cap": 1967.1345489419716}]