[{"id": 19450, "name": "Doubloon", "symbol": "DBL", "category": "token", "description": "Doubloon (DBL) is a cryptocurrency launched in 2022and operates on the Arbitrum platform. Doubloon has a current supply of 0. The last known price of Doubloon is 0.03703456 USD and is down -0.57 over the last 24 hours. It is currently trading on 7 active market(s) with $42,809.09 traded over the last 24 hours. More information can be found at https://galleon.community.", "slug": "doubloon-token", "logo": "https://s2.coinmarketcap.com/static/img/coins/64x64/19450.png", "subreddit": "", "notice": "", "tags": ["arbitrum-ecosytem"], "tag-names": ["Arbitrum Ecosystem"], "tag-groups": ["PLATFORM"], "urls": {"website": ["https://galleon.community"], "twitter": ["https://twitter.com/galleondao"], "message_board": [], "chat": ["https://discord.gg/CYHufDGN"], "facebook": [], "explorer": ["https://arbiscan.io/token/0xd3f1da62cafb7e7bc6531ff1cef6f414291f03d3"], "reddit": [], "technical_doc": [], "source_code": ["https://github.com/GalleonDAO"], "announcement": []}, "platform": null, "date_added": "2022-04-11T06:01:01.000Z", "twitter_username": "galleondao", "is_hidden": 0, "date_launched": "2022-02-16T00:00:00.000Z", "contract_address": [], "self_reported_circulating_supply": 21392050.0, "self_reported_tags": null, "self_reported_market_cap": 793157.0280074549}, {"id": 28, "name": "Doubloons", "symbol": "DBL", "category": "coin", "description": "Doubloons (DBL) is a cryptocurrency . Users are able to generate DBL through the process of mining. Doubloons has a current supply of 4,845,824.4. The last known price of Doubloons is 0.00047813 USD and is up 0.00 over the last 24 hours. More information can be found at http://doubloons.net.", "slug": "doubloons", "logo": "https://s2.coinmarketcap.com/static/img/coins/64x64/28.png", "subreddit": "", "notice": "", "tags": ["mineable"], "tag-names": ["Mineable"], "tag-groups": ["OTHERS"], "urls": {"website": ["http://doubloons.net"], "twitter": [], "message_board": [], "chat": [], "facebook": [], "explorer": ["http://explorer.doubloons.net/chain/Doubloons"], "reddit": [], "technical_doc": [], "source_code": [], "announcement": ["https://bitcointalk.org/index.php?topic=206361"]}, "platform": null, "date_added": "2013-07-04T00:00:00.000Z", "twitter_username": "", "is_hidden": 0, "date_launched": null, "contract_address": [], "self_reported_circulating_supply": NaN, "self_reported_tags": null, "self_reported_market_cap": NaN}, {"id": 8109, "name": "DBLend", "symbol": "DBL", "category": "token", "description": "The DBLend lending platform is a decentralized DeFi ecological application. The key to DBLend's popularity as soon as it was launched is the decentralized mining form. Its token \"DBL\" is all issued by mining, and the team has no reservation. At the same time, through multiple smart contracts, both the borrower and the lender can enjoy the income of the corresponding loan products in the platform, and the maximum annual income can exceed 500%.\r\n\"BCB Token Fund\", an offshore fund subordinate to BCB Wealth Management Limited, a world-famous investment company, has reached a strategic cooperation with DBLend decentralized lending platform. It will inject $8000000 loan assets into DBLend, of which $500000 will be injected as the first batch of DBLend lending assets.", "slug": "dblend", "logo": "https://s2.coinmarketcap.com/static/img/coins/64x64/8109.png", "subreddit": "", "notice": "", "tags": null, "tag-names": null, "tag-groups": null, "urls": {"website": ["https://www.dblend.pro/", "https://app.dblend.pro/"], "twitter": ["https://twitter.com/DibiGlobal"], "message_board": [], "chat": ["https://t.me/dblendmining"], "facebook": [], "explorer": ["https://etherscan.io/address/0x3800544c0ad45e2222d67151ff08ee0c476f6221", "https://ethplorer.io/address/0x3800544c0ad45e2222d67151ff08ee0c476f6221"], "reddit": [], "technical_doc": ["https://www.dblend.pro/whitepaper_EN.html"], "source_code": ["https://github.com/panxianhai/dblend_wallet"], "announcement": []}, "platform": {"id": "1027", "name": "Ethereum", "slug": "ethereum", "symbol": "ETH", "token_address": "0x3800544c0ad45e2222d67151ff08ee0c476f6221"}, "date_added": "2020-12-24T00:00:00.000Z", "twitter_username": "DibiGlobal", "is_hidden": 0, "date_launched": "2020-09-27T00:00:00.000Z", "contract_address": [{"contract_address": "0x3800544c0ad45e2222d67151ff08ee0c476f6221", "platform": {"name": "Ethereum", "coin": {"id": "1027", "name": "Ethereum", "symbol": "ETH", "slug": "ethereum"}}}], "self_reported_circulating_supply": NaN, "self_reported_tags": null, "self_reported_market_cap": NaN}]