[{"id": 21414, "name": "Dogechain", "symbol": "DC", "category": "token", "description": "Dogechain (DC) is a cryptocurrency and operates on the Ethereum platform. Dogechain has a current supply of 199,273,534,586 with 0 in circulation. The last known price of Dogechain is 0.00081188 USD and is down -0.61 over the last 24 hours. It is currently trading on 40 active market(s) with $930,749.62 traded over the last 24 hours. More information can be found at https://dogechain.dog/.", "slug": "dogechain", "logo": "https://s2.coinmarketcap.com/static/img/coins/64x64/21414.png", "subreddit": "", "notice": "", "tags": ["memes", "doggone-doggerel", "doge-chain-ecosystem"], "tag-names": ["Memes", "Doggone Doggerel", "Doge Chain Ecosystem"], "tag-groups": ["INDUSTRY", "CATEGORY", "CATEGORY"], "urls": {"website": ["https://dogechain.dog/"], "twitter": ["https://twitter.com/dogechainfamily"], "message_board": [], "chat": ["https://discord.com/invite/e9TQwwmF79", "https://t.me/DogeChainOfficial"], "facebook": [], "explorer": [], "reddit": [], "technical_doc": [], "source_code": [], "announcement": []}, "platform": {"id": "1027", "name": "Ethereum", "slug": "ethereum", "symbol": "ETH", "token_address": "0x7B4328c127B85369D9f82ca0503B000D09CF9180"}, "date_added": "2022-08-16T15:08:33.000Z", "twitter_username": "dogechainfamily", "is_hidden": 0, "date_launched": null, "contract_address": [{"contract_address": "0x7B4328c127B85369D9f82ca0503B000D09CF9180", "platform": {"name": "Ethereum", "coin": {"id": "1027", "name": "Ethereum", "symbol": "ETH", "slug": "ethereum"}}}, {"contract_address": "0x7B4328c127B85369D9f82ca0503B000D09CF9180", "platform": {"name": "Dogechain", "coin": {"id": "74", "name": "Dogecoin", "symbol": "DOGE", "slug": "dogecoin"}}}], "self_reported_circulating_supply": 14154522970.0, "self_reported_tags": null, "self_reported_market_cap": 11493928.91753723}, {"id": 10357, "name": "DATACHAIN FOUNDATION (DC)", "symbol": "DC", "category": "token", "description": "DATACHAIN FOUNDATION (DC) (DC) is a cryptocurrency launched in 2017and operates on the Ethereum platform. DATACHAIN FOUNDATION (DC) has a current supply of 0. The last known price of DATACHAIN FOUNDATION (DC) is 0.04376142 USD and is up -0.00 over the last 24 hours. It is currently trading on 2 active market(s) with $0.00 traded over the last 24 hours. More information can be found at https://www.datachain.one/.", "slug": "datachain-foundation", "logo": "https://s2.coinmarketcap.com/static/img/coins/64x64/10357.png", "subreddit": "", "notice": "", "tags": ["xdc-ecosystem"], "tag-names": ["XDC Ecosystem"], "tag-groups": ["CATEGORY"], "urls": {"website": ["https://www.datachain.one/", "http://dc.datachain.one/"], "twitter": ["https://twitter.com/datachaindc"], "message_board": [], "chat": ["https://t.me/datachain"], "facebook": [], "explorer": ["https://etherscan.io/token/0x0b44547be0a0df5dcd5327de8ea73680517c5a54", "https://etherscan.io/token/0x0b44547be0a0df5dcd5327de8ea73680517c5a54"], "reddit": [], "technical_doc": ["https://www.datachain.one/document/P2P_DATAMARKETPLACE_PAPER.pdf"], "source_code": [], "announcement": []}, "platform": {"id": "1027", "name": "Ethereum", "slug": "ethereum", "symbol": "ETH", "token_address": "0x0b44547be0a0df5dcd5327de8ea73680517c5a54"}, "date_added": "2021-06-09T00:00:00.000Z", "twitter_username": "datachaindc", "is_hidden": 0, "date_launched": "2017-09-02T00:00:00.000Z", "contract_address": [{"contract_address": "0x0b44547be0a0df5dcd5327de8ea73680517c5a54", "platform": {"name": "Ethereum", "coin": {"id": "1027", "name": "Ethereum", "symbol": "ETH", "slug": "ethereum"}}}], "self_reported_circulating_supply": NaN, "self_reported_tags": null, "self_reported_market_cap": NaN}, {"id": 4728, "name": "Ducat Coin", "symbol": "DC", "category": "coin", "description": null, "slug": "ducat-coin", "logo": "https://s2.coinmarketcap.com/static/img/coins/64x64/4728.png", "subreddit": "Ducatcoin_official", "notice": "", "tags": null, "tag-names": null, "tag-groups": null, "urls": {"website": ["https://www.ducatcoin.io/"], "twitter": ["https://twitter.com/Ducat_Coin"], "message_board": [], "chat": ["https://t.me/ducat_ann", "https://discordapp.com/invite/t6Xv3Rc"], "facebook": [], "explorer": ["https://www.coinexplorer.net/DC"], "reddit": ["https://reddit.com/r/Ducatcoin_official"], "technical_doc": ["https://www.ducatcoin.io/whitepaper/Whitepaper_Ducat_Coin_v2.0.pdf"], "source_code": ["https://github.com/DucatC"], "announcement": ["https://bitcointalk.org/index.php?topic=3359696.0"]}, "platform": null, "date_added": "2019-10-01T00:00:00.000Z", "twitter_username": "Ducat_Coin", "is_hidden": 0, "date_launched": null, "contract_address": [], "self_reported_circulating_supply": NaN, "self_reported_tags": null, "self_reported_market_cap": NaN}, {"id": 8511, "name": "DeepCoin", "symbol": "DC", "category": "token", "description": "DeepCoin (DC) is a cryptocurrency . DeepCoin has a current supply of 0. The last known price of DeepCoin is 0.1210389 USD and is up 0.00 over the last 24 hours. More information can be found at https://www.deepcoin.com/en/exchange.", "slug": "deep-coin", "logo": "https://s2.coinmarketcap.com/static/img/coins/64x64/8511.png", "subreddit": "", "notice": "", "tags": null, "tag-names": null, "tag-groups": null, "urls": {"website": ["https://www.deepcoin.com/en/exchange"], "twitter": ["https://twitter.com/Deepcoin_Daily"], "message_board": ["https://note.com/deepcoinjp"], "chat": [], "facebook": [], "explorer": [], "reddit": [], "technical_doc": [], "source_code": [], "announcement": []}, "platform": null, "date_added": "2021-02-18T00:00:00.000Z", "twitter_username": "Deepcoin_Daily", "is_hidden": 0, "date_launched": null, "contract_address": [], "self_reported_circulating_supply": NaN, "self_reported_tags": null, "self_reported_market_cap": NaN}]