[{"id": 7159, "name": "Digital Currency Daily", "symbol": "DCD", "category": "token", "description": "Digital Currency Daily (DCD) is a cryptocurrency . Digital Currency Daily has a current supply of 249,874,450 with 0 in circulation. The last known price of Digital Currency Daily is 0.00000383 USD and is up 0.00 over the last 24 hours. More information can be found at https://www.digitalcurrencydaily.com/.", "slug": "digital-currency-daily", "logo": "https://s2.coinmarketcap.com/static/img/coins/64x64/7159.png", "subreddit": "", "notice": "", "tags": null, "tag-names": null, "tag-groups": null, "urls": {"website": ["https://www.digitalcurrencydaily.com/"], "twitter": ["https://twitter.com/digitalcdaily"], "message_board": [], "chat": ["https://telegram.me/digitalcurrencydaily"], "facebook": [], "explorer": ["https://tronscan.org/#/token20/TNp9BX9NMjsmWPZugw13VisP1oVJT2pMDv"], "reddit": [], "technical_doc": [], "source_code": [], "announcement": ["https://medium.com/@DigiCryptoDaily"]}, "platform": null, "date_added": "2020-09-24T00:00:00.000Z", "twitter_username": "digitalcdaily", "is_hidden": 0, "date_launched": null, "contract_address": [], "self_reported_circulating_supply": null, "self_reported_tags": null, "self_reported_market_cap": null}, {"id": 18868, "name": "DCD Ecosystem", "symbol": "DCD", "category": "token", "description": "DCD Ecosystem (DCD) is a cryptocurrency and operates on the BNB Smart Chain (BEP20) platform. DCD Ecosystem has a current supply of 0. The last known price of DCD Ecosystem is 0.00104574 USD and is up 0.00 over the last 24 hours. More information can be found at https://dcdp.io/.", "slug": "dcd-ecosystem", "logo": "https://s2.coinmarketcap.com/static/img/coins/64x64/18868.png", "subreddit": "", "notice": "", "tags": ["binance-smart-chain", "solana-ecosystem", "cross-chain"], "tag-names": ["BNB Smart Chain", "Solana Ecosystem", "Cross-Chain"], "tag-groups": ["PLATFORM", "PLATFORM", "CATEGORY"], "urls": {"website": ["https://dcdp.io/"], "twitter": ["https://twitter.com/Dcd_ecosystem"], "message_board": ["https://medium.com/@dcd_ecosystem"], "chat": ["https://t.me/DCDecosystem"], "facebook": [], "explorer": ["https://bscscan.com/token/0x4AC857A78E05cd7c492A0011fB6d5256A82f5514"], "reddit": [], "technical_doc": ["https://docsend.com/view/r6tuscvv53phakjc"], "source_code": ["https://github.com/DCD-Ecosystem"], "announcement": []}, "platform": {"id": "1839", "name": "BNB", "slug": "bnb", "symbol": "BNB", "token_address": "0x4AC857A78E05cd7c492A0011fB6d5256A82f5514"}, "date_added": "2022-03-16T13:22:40.000Z", "twitter_username": "Dcd_ecosystem", "is_hidden": 0, "date_launched": null, "contract_address": [{"contract_address": "0x4AC857A78E05cd7c492A0011fB6d5256A82f5514", "platform": {"name": "BNB Smart Chain (BEP20)", "coin": {"id": "1839", "name": "BNB", "symbol": "BNB", "slug": "bnb"}}}], "self_reported_circulating_supply": null, "self_reported_tags": null, "self_reported_market_cap": null}]