[{"id": 1168, "name": "Decred", "symbol": "DCR", "category": "coin", "description": "Decred (DCR) is a cryptocurrency launched in 2016. Users are able to generate DCR through the process of mining. Decred has a current supply of 14,185,885.35481751 with 14,620,184.87012004 in circulation. The last known price of Decred is 18.49149585 USD and is down -1.63 over the last 24 hours. It is currently trading on 63 active market(s) with $1,056,720.74 traded over the last 24 hours. More information can be found at https://decred.org/.", "slug": "decred", "logo": "https://s2.coinmarketcap.com/static/img/coins/64x64/1168.png", "subreddit": "decred", "notice": "", "tags": ["mineable", "hybrid-pow-pos", "blake256", "medium-of-exchange", "store-of-value", "privacy", "dao", "placeholder-ventures-portfolio"], "tag-names": ["Mineable", "Hybrid - PoW & PoS", "BLAKE256", "Medium of Exchange", "Store Of Value", "Privacy", "DAO", "Placeholder Ventures Portfolio"], "tag-groups": ["OTHERS", "ALGORITHM", "ALGORITHM", "INDUSTRY", "CATEGORY", "CATEGORY", "CATEGORY", "CATEGORY"], "urls": {"website": ["https://decred.org/", "https://proposals.decred.org/"], "twitter": ["https://twitter.com/decredproject"], "message_board": ["https://www.decredmagazine.com/", "https://forum.decred.org/"], "chat": ["https://chat.decred.org/", "https://t.me/Decred"], "facebook": [], "explorer": ["https://dcrdata.decred.org/", "https://dcr.tokenview.com/en/", "https://explore.stakey.net/", "https://explore.stakey.net/"], "reddit": ["https://reddit.com/r/decred"], "technical_doc": ["https://docs.decred.org/"], "source_code": ["https://github.com/decred/"], "announcement": ["https://bitcointalk.org/index.php?topic=1290358.0"]}, "platform": null, "date_added": "2016-02-10T00:00:00.000Z", "twitter_username": "decredproject", "is_hidden": 0, "date_launched": "2016-02-08T00:00:00.000Z", "contract_address": [], "self_reported_circulating_supply": null, "self_reported_tags": ["Hybrid - PoW & PoS", "BLAKE256", "Medium of Exchange", "Store Of Value", "Atomic Swaps", "Decentralized Exchange (DEX) Token", "Privacy", "Staking", "Timestamping", "DAO", "DEX", "Governance"], "self_reported_market_cap": null}]