[{"id": 9066, "name": "DCTDAO", "symbol": "DCTD", "category": "token", "description": "DCTDAO (DCTD) is a cryptocurrency and operates on the Ethereum platform. DCTDAO has a current supply of 10,000,000 with 0 in circulation. The last known price of DCTDAO is 0.01725301 USD and is up 0.00 over the last 24 hours. More information can be found at https://dctdao.org/.", "slug": "dctdao", "logo": "https://s2.coinmarketcap.com/static/img/coins/64x64/9066.png", "subreddit": "", "notice": "", "tags": ["avalanche-ecosystem", "trustswap-launchpad"], "tag-names": ["Avalanche Ecosystem", "Trustswap Launchpad"], "tag-groups": ["PLATFORM", "CATEGORY"], "urls": {"website": ["https://dctdao.org/", "https://dex.dctdao.org/"], "twitter": ["https://twitter.com/dctdao"], "message_board": ["https://medium.com/@dctdao"], "chat": ["https://t.me/dctdao"], "facebook": [], "explorer": ["https://etherscan.io/token/0xb566e883555aebf5b1db211070b530ab00a4b18a", "https://ethplorer.io/address/0xb566e883555aebf5b1db211070b530ab00a4b18a"], "reddit": [], "technical_doc": ["https://dctdao.org/DCTDAO_WP.pdf"], "source_code": ["https://github.com/dctdao"], "announcement": []}, "platform": {"id": "1027", "name": "Ethereum", "slug": "ethereum", "symbol": "ETH", "token_address": "0xb566e883555aebf5b1db211070b530ab00a4b18a"}, "date_added": "2021-04-01T00:00:00.000Z", "twitter_username": "dctdao", "is_hidden": 0, "date_launched": null, "contract_address": [{"contract_address": "0xb566e883555aebf5b1db211070b530ab00a4b18a", "platform": {"name": "Ethereum", "coin": {"id": "1027", "name": "Ethereum", "symbol": "ETH", "slug": "ethereum"}}}, {"contract_address": "0x8Db2dBdFB50480FE79F6576deAA4f6E68DcBfb15", "platform": {"name": "Avalanche C-Chain", "coin": {"id": "5805", "name": "Avalanche", "symbol": "AVAX", "slug": "avalanche"}}}], "self_reported_circulating_supply": 4206502, "self_reported_tags": null, "self_reported_market_cap": 72574.80007428203}]