[{"id": 9024, "name": "disBalancer", "symbol": "DDOS", "category": "token", "description": "disBalancer (DDOS) is a cryptocurrency launched in 2021and operates on the Ethereum platform. disBalancer has a current supply of 7,460,000 with 6,748,245.41 in circulation. The last known price of disBalancer is 0.03049079 USD and is up -0.00 over the last 24 hours. It is currently trading on 4 active market(s) with $12,267.46 traded over the last 24 hours. More information can be found at https://disbalancer.com/.", "slug": "disbalancer", "logo": "https://s2.coinmarketcap.com/static/img/coins/64x64/9024.png", "subreddit": "disbalancer", "notice": "", "tags": ["cybersecurity", "distributed-computing", "duckstarter", "poolz-finance-portfolio", "hacken-foundation", "bnb-chain"], "tag-names": ["Cybersecurity", "Distributed Computing", "DuckSTARTER", "Poolz Finance Portfolio", "Hacken Foundation", "BNB Chain"], "tag-groups": ["INDUSTRY", "INDUSTRY", "CATEGORY", "CATEGORY", "CATEGORY", "PLATFORM"], "urls": {"website": ["https://disbalancer.com/"], "twitter": ["https://twitter.com/thedisbalancer"], "message_board": ["https://medium.com/@disbalancer"], "chat": ["https://t.me/disbalancer_group"], "facebook": [], "explorer": ["https://etherscan.io/token/0x7fbec0bb6a7152e77c30d005b5d49cbc08a602c3", "https://ethplorer.io/address/0x7fbec0bb6a7152e77c30d005b5d49cbc08a602c3", "https://bscscan.com/token/0x7FBEC0bb6A7152e77C30D005B5D49cbC08A602C3"], "reddit": ["https://reddit.com/r/disbalancer"], "technical_doc": [], "source_code": ["https://github.com/thedisbalancer"], "announcement": ["https://medium.com/@disbalancer"]}, "platform": {"id": "1027", "name": "Ethereum", "slug": "ethereum", "symbol": "ETH", "token_address": "0x7fbec0bb6a7152e77c30d005b5d49cbc08a602c3"}, "date_added": "2021-04-15T00:00:00.000Z", "twitter_username": "thedisbalancer", "is_hidden": 0, "date_launched": "2021-04-14T00:00:00.000Z", "contract_address": [{"contract_address": "0x7fbec0bb6a7152e77c30d005b5d49cbc08a602c3", "platform": {"name": "Ethereum", "coin": {"id": "1027", "name": "Ethereum", "symbol": "ETH", "slug": "ethereum"}}}, {"contract_address": "0x7FBEC0bb6A7152e77C30D005B5D49cbC08A602C3", "platform": {"name": "BNB Smart Chain (BEP20)", "coin": {"id": "1839", "name": "BNB", "symbol": "BNB", "slug": "bnb"}}}], "self_reported_circulating_supply": 2122056.76, "self_reported_tags": null, "self_reported_market_cap": 64488.12829954222}]