[{"id": 5835, "name": "Decentr", "symbol": "DEC", "category": "token", "description": "Decentr (DEC) is a cryptocurrency launched in 2020and operates on the Ethereum platform. Decentr has a current supply of 1,000,000,000 with 108,767,633.45027654 in circulation. The last known price of Decentr is 0.00733896 USD and is down -1.97 over the last 24 hours. It is currently trading on 15 active market(s) with $71,977.50 traded over the last 24 hours. More information can be found at https://decentr.net/.", "slug": "decentr", "logo": "https://s2.coinmarketcap.com/static/img/coins/64x64/5835.png", "subreddit": "", "notice": "", "tags": ["cosmos-ecosystem", "defi", "injective-ecosystem"], "tag-names": ["Cosmos Ecosystem", "DeFi", "Injective Ecosystem"], "tag-groups": ["INDUSTRY", "CATEGORY", "PLATFORM"], "urls": {"website": ["https://decentr.net/"], "twitter": ["https://twitter.com/DecentrNet"], "message_board": [], "chat": ["https://t.me/DecentrNet"], "facebook": [], "explorer": ["https://etherscan.io/token/0x30f271c9e86d2b7d00a6376cd96a1cfbd5f0b9b3", "https://ethplorer.io/address/0x30f271c9e86d2b7d00a6376cd96a1cfbd5f0b9b3"], "reddit": [], "technical_doc": [], "source_code": [], "announcement": []}, "platform": {"id": "1027", "name": "Ethereum", "slug": "ethereum", "symbol": "ETH", "token_address": "0x30f271c9e86d2b7d00a6376cd96a1cfbd5f0b9b3"}, "date_added": "2020-07-13T00:00:00.000Z", "twitter_username": "DecentrNet", "is_hidden": 0, "date_launched": "2020-07-14T00:00:00.000Z", "contract_address": [{"contract_address": "0x30f271c9e86d2b7d00a6376cd96a1cfbd5f0b9b3", "platform": {"name": "Ethereum", "coin": {"id": "1027", "name": "Ethereum", "symbol": "ETH", "slug": "ethereum"}}}], "self_reported_circulating_supply": 61500000.0, "self_reported_tags": ["DeFi", "Marketplace", "E-commerce", "Privacy", "Platform"], "self_reported_market_cap": 451349.5560984512}, {"id": 6264, "name": "Dark Energy Crystals", "symbol": "DEC", "category": "token", "description": "Dark Energy Crystals (DEC) is a cryptocurrency and operates on the Tron10 platform. Dark Energy Crystals has a current supply of 1,000,000,000,000 with 0 in circulation. The last known price of Dark Energy Crystals is 0.00061035 USD and is down -5.22 over the last 24 hours. It is currently trading on 18 active market(s) with $24,131.17 traded over the last 24 hours. More information can be found at https://splinterlands.io/.", "slug": "dark-energy-crystals", "logo": "https://s2.coinmarketcap.com/static/img/coins/64x64/6264.png", "subreddit": "", "notice": "", "tags": ["gaming", "play-to-earn"], "tag-names": ["Gaming", "Play To Earn"], "tag-groups": ["INDUSTRY", "CATEGORY"], "urls": {"website": ["https://splinterlands.io/"], "twitter": [], "message_board": [], "chat": [], "facebook": [], "explorer": ["https://tronscan.org/#/token/1002361", "https://etherscan.io/token/0x9393fdc77090f31c7db989390d43f454b1a6e7f3", "https://bscscan.com/token/0xe9d7023f2132d55cbd4ee1f78273cb7a3e74f10a"], "reddit": [], "technical_doc": [], "source_code": [], "announcement": []}, "platform": {"id": "1958", "name": "TRON", "slug": "tron", "symbol": "TRX", "token_address": "1002361"}, "date_added": "2020-08-10T00:00:00.000Z", "twitter_username": "", "is_hidden": 0, "date_launched": null, "contract_address": [{"contract_address": "1002361", "platform": {"name": "Tron10", "coin": {"id": "1958", "name": "TRON", "symbol": "TRX", "slug": "tron"}}}, {"contract_address": "0x9393fdc77090f31c7db989390d43f454b1a6e7f3", "platform": {"name": "Ethereum", "coin": {"id": "1027", "name": "Ethereum", "symbol": "ETH", "slug": "ethereum"}}}, {"contract_address": "0xe9d7023f2132d55cbd4ee1f78273cb7a3e74f10a", "platform": {"name": "BNB Smart Chain (BEP20)", "coin": {"id": "1839", "name": "BNB", "symbol": "BNB", "slug": "bnb"}}}], "self_reported_circulating_supply": NaN, "self_reported_tags": null, "self_reported_market_cap": NaN}, {"id": 3376, "name": "Darico Ecosystem Coin", "symbol": "DEC", "category": "token", "description": "Darico Ecosystem Coin (DEC) is a cryptocurrency and operates on the Ethereum platform. Darico Ecosystem Coin has a current supply of 99,006,341.50190786 with 63,006,341.50190786 in circulation. The last known price of Darico Ecosystem Coin is 0.34045829 USD and is up 5.17 over the last 24 hours. More information can be found at https://darico.io/.", "slug": "darcio-ecosystem-coin", "logo": "https://s2.coinmarketcap.com/static/img/coins/64x64/3376.png", "subreddit": "Darico", "notice": "", "tags": null, "tag-names": null, "tag-groups": null, "urls": {"website": ["https://darico.io/"], "twitter": ["https://twitter.com/daricocoin"], "message_board": [], "chat": ["https://t.me/joinchat/Gvx5mxFWu7_OVJApUXxb5Q"], "facebook": [], "explorer": ["https://etherscan.io/token/0x89c6c856a6db3e46107163d0cda7a7ff211bd655", "https://ethplorer.io/address/0x89c6c856a6db3e46107163d0cda7a7ff211bd655"], "reddit": ["https://reddit.com/r/Darico"], "technical_doc": [], "source_code": [], "announcement": ["https://bitcointalk.org/index.php?topic=2443796.0"]}, "platform": {"id": "1027", "name": "Ethereum", "slug": "ethereum", "symbol": "ETH", "token_address": "0x89c6c856a6db3e46107163d0cda7a7ff211bd655"}, "date_added": "2018-10-11T00:00:00.000Z", "twitter_username": "daricocoin", "is_hidden": 0, "date_launched": null, "contract_address": [{"contract_address": "0x89c6c856a6db3e46107163d0cda7a7ff211bd655", "platform": {"name": "Ethereum", "coin": {"id": "1027", "name": "Ethereum", "symbol": "ETH", "slug": "ethereum"}}}], "self_reported_circulating_supply": NaN, "self_reported_tags": null, "self_reported_market_cap": NaN}, {"id": 6420, "name": "Distributed Energy Coin", "symbol": "DEC", "category": "token", "description": "Distributed Energy Coin (DEC) is a cryptocurrency and operates on the Ethereum platform. Distributed Energy Coin has a current supply of 0. The last known price of Distributed Energy Coin is 0.00100035 USD and is up -0.00 over the last 24 hours. More information can be found at https://www.decpower.io/.", "slug": "distributed-energy-coin", "logo": "https://s2.coinmarketcap.com/static/img/coins/64x64/6420.png", "subreddit": "", "notice": "", "tags": null, "tag-names": null, "tag-groups": null, "urls": {"website": ["https://www.decpower.io/"], "twitter": ["https://twitter.com/DecPower2"], "message_board": [], "chat": [], "facebook": [], "explorer": ["https://etherscan.io/token/0x58379bF685ea2e251AE63d3eE26269c7c3848A17", "https://ethplorer.io/address/0x58379bF685ea2e251AE63d3eE26269c7c3848A17"], "reddit": [], "technical_doc": [], "source_code": [], "announcement": []}, "platform": {"id": "1027", "name": "Ethereum", "slug": "ethereum", "symbol": "ETH", "token_address": "0x58379bF685ea2e251AE63d3eE26269c7c3848A17"}, "date_added": "2020-08-10T00:00:00.000Z", "twitter_username": "DecPower2", "is_hidden": 0, "date_launched": null, "contract_address": [{"contract_address": "0x58379bF685ea2e251AE63d3eE26269c7c3848A17", "platform": {"name": "Ethereum", "coin": {"id": "1027", "name": "Ethereum", "symbol": "ETH", "slug": "ethereum"}}}], "self_reported_circulating_supply": NaN, "self_reported_tags": null, "self_reported_market_cap": NaN}]