[{"id": 8430, "name": "DEFI Top 5 Tokens Index", "symbol": "DEFI5", "category": "token", "description": "DEFI Top 5 Tokens Index (DEFI5) is a cryptocurrency launched in 2021and operates on the Ethereum platform. DEFI Top 5 Tokens Index has a current supply of 0. The last known price of DEFI Top 5 Tokens Index is 3.75408138 USD and is up 1.59 over the last 24 hours. More information can be found at http://www.indexed.finance/.", "slug": "defi-top-5-tokens-index", "logo": "https://s2.coinmarketcap.com/static/img/coins/64x64/8430.png", "subreddit": "", "notice": "", "tags": ["defi", "defi-index"], "tag-names": ["DeFi", "DeFi Index"], "tag-groups": ["CATEGORY", "CATEGORY"], "urls": {"website": ["http://www.indexed.finance/"], "twitter": ["https://twitter.com/ndxfi"], "message_board": [], "chat": ["https://discord.gg/jaeSTNPNt9"], "facebook": [], "explorer": ["https://etherscan.io/address/0xfa6de2697d59e88ed7fc4dfe5a33dac43565ea41"], "reddit": [], "technical_doc": [], "source_code": ["https://github.com/indexed-finance"], "announcement": []}, "platform": {"id": "1027", "name": "Ethereum", "slug": "ethereum", "symbol": "ETH", "token_address": "0xfa6de2697d59e88ed7fc4dfe5a33dac43565ea41"}, "date_added": "2021-02-12T00:00:00.000Z", "twitter_username": "ndxfi", "is_hidden": 0, "date_launched": "2021-01-05T00:00:00.000Z", "contract_address": [{"contract_address": "0xfa6de2697d59e88ed7fc4dfe5a33dac43565ea41", "platform": {"name": "Ethereum", "coin": {"id": "1027", "name": "Ethereum", "symbol": "ETH", "slug": "ethereum"}}}], "self_reported_circulating_supply": null, "self_reported_tags": null, "self_reported_market_cap": null}]