[{"id": 9155, "name": "Digital Fitness", "symbol": "DEFIT", "category": "token", "description": "Digital Fitness (DEFIT) is a cryptocurrency launched in 2021and operates on the Ethereum platform. Digital Fitness has a current supply of 50,000,000 with 27,806,086.911519 in circulation. The last known price of Digital Fitness is 0.05359308 USD and is down -5.31 over the last 24 hours. It is currently trading on 8 active market(s) with $227,549.32 traded over the last 24 hours. More information can be found at https://defit.com.", "slug": "digital-fitness", "logo": "https://s2.coinmarketcap.com/static/img/coins/64x64/9155.png", "subreddit": "", "notice": "", "tags": ["ferrum-network", "move-to-earn"], "tag-names": ["Ferrum Network", "Move To Earn"], "tag-groups": ["CATEGORY", "CATEGORY"], "urls": {"website": ["https://defit.com"], "twitter": ["https://twitter.com/DEFITofficial"], "message_board": [], "chat": ["https://t.me/DEFITofficial", "https://discord.gg/DEFIT"], "facebook": [], "explorer": ["https://etherscan.io/token/0x84cffa78b2fbbeec8c37391d2b12a04d2030845e", "https://polygonscan.com/token/0x428360b02c1269bc1c79fbc399ad31d58c1e8fda"], "reddit": [], "technical_doc": ["https://whitepaper.defit.com/"], "source_code": [], "announcement": ["https://t.me/DEFITofficialann"]}, "platform": {"id": "1027", "name": "Ethereum", "slug": "ethereum", "symbol": "ETH", "token_address": "0x84cffa78b2fbbeec8c37391d2b12a04d2030845e"}, "date_added": "2021-04-07T00:00:00.000Z", "twitter_username": "DEFITofficial", "is_hidden": 0, "date_launched": "2021-04-07T00:00:00.000Z", "contract_address": [{"contract_address": "0x84cffa78b2fbbeec8c37391d2b12a04d2030845e", "platform": {"name": "Ethereum", "coin": {"id": "1027", "name": "Ethereum", "symbol": "ETH", "slug": "ethereum"}}}, {"contract_address": "0x428360b02c1269bc1c79fbc399ad31d58c1e8fda", "platform": {"name": "Polygon", "coin": {"id": "3890", "name": "Polygon", "symbol": "MATIC", "slug": "polygon"}}}], "self_reported_circulating_supply": null, "self_reported_tags": ["Marketplace", "Sports", "Polygon Ecosystem", "Web3"], "self_reported_market_cap": null}]