[{"id": 14923, "name": "DeFlyBall", "symbol": "DEFLY", "category": "token", "description": "DeFlyBall (DEFLY) is a cryptocurrency launched in 2021and operates on the BNB Smart Chain (BEP20) platform. DeFlyBall has a current supply of 100,000,000 with 0 in circulation. The last known price of DeFlyBall is 0.00240485 USD and is down -0.39 over the last 24 hours. It is currently trading on 5 active market(s) with $39.32 traded over the last 24 hours. More information can be found at https://deflyball.com/.", "slug": "deflyball", "logo": "https://s2.coinmarketcap.com/static/img/coins/64x64/14923.png", "subreddit": "", "notice": "", "tags": ["kommunitas-launchpad"], "tag-names": ["Kommunitas Launchpad"], "tag-groups": ["CATEGORY"], "urls": {"website": ["https://deflyball.com/"], "twitter": ["https://twitter.com/DeflyBall"], "message_board": [], "chat": ["https://t.me/deflyball_official"], "facebook": [], "explorer": ["https://bscscan.com/address/0x0fe6a599c280853621a11c12e1a68e6949cbd08a"], "reddit": [], "technical_doc": [], "source_code": [], "announcement": []}, "platform": {"id": "1839", "name": "BNB", "slug": "bnb", "symbol": "BNB", "token_address": "0x0fe6a599c280853621a11c12e1a68e6949cbd08a"}, "date_added": "2021-11-22T02:07:48.000Z", "twitter_username": "DeflyBall", "is_hidden": 0, "date_launched": "2021-12-15T00:00:00.000Z", "contract_address": [{"contract_address": "0x0fe6a599c280853621a11c12e1a68e6949cbd08a", "platform": {"name": "BNB Smart Chain (BEP20)", "coin": {"id": "1839", "name": "BNB", "symbol": "BNB", "slug": "bnb"}}}], "self_reported_circulating_supply": NaN, "self_reported_tags": ["Collectibles & NFTs", "Gaming", "BNB Smart Chain", "Play To Earn"], "self_reported_market_cap": NaN}, {"id": 18077, "name": "Defly Token", "symbol": "DEFLY", "category": "token", "description": "Defly Token (DEFLY) is a cryptocurrency launched in 2021and operates on the Algorand platform. Defly Token has a current supply of 1,000,000,000 with 0 in circulation. The last known price of Defly Token is 0.01090162 USD and is up 0.00 over the last 24 hours. More information can be found at https://defly.blockshake.io.", "slug": "defly-token", "logo": "https://s2.coinmarketcap.com/static/img/coins/64x64/18077.png", "subreddit": "", "notice": "", "tags": ["algorand-ecosystem"], "tag-names": ["Algorand Ecosystem"], "tag-groups": ["CATEGORY"], "urls": {"website": ["https://defly.blockshake.io"], "twitter": ["https://twitter.com/deflyapp"], "message_board": [], "chat": ["https://discord.gg/NKgvASxfSK", "https://t.me/deflyapp"], "facebook": [], "explorer": ["https://algoexplorer.io/asset/470842789"], "reddit": [], "technical_doc": [], "source_code": [], "announcement": []}, "platform": {"id": "4030", "name": "Algorand", "slug": "algorand", "symbol": "ALGO", "token_address": "470842789"}, "date_added": "2022-02-14T08:00:06.000Z", "twitter_username": "deflyapp", "is_hidden": 0, "date_launched": "2021-12-16T00:00:00.000Z", "contract_address": [{"contract_address": "470842789", "platform": {"name": "Algorand", "coin": {"id": "4030", "name": "Algorand", "symbol": "ALGO", "slug": "algorand"}}}], "self_reported_circulating_supply": 300000000.0, "self_reported_tags": null, "self_reported_market_cap": 3270485.646113151}]