[{"id": 8699, "name": "DEGEN Index", "symbol": "DEGEN", "category": "token", "description": "DEGEN Index (DEGEN) is a cryptocurrency and operates on the Ethereum platform. DEGEN Index has a current supply of 0. The last known price of DEGEN Index is 0.57068334 USD and is down -1.63 over the last 24 hours. It is currently trading on 6 active market(s) with $1,032.71 traded over the last 24 hours. More information can be found at https://indexed.finance/.", "slug": "degen-index", "logo": "https://s2.coinmarketcap.com/static/img/coins/64x64/8699.png", "subreddit": "", "notice": "", "tags": ["defi-index"], "tag-names": ["DeFi Index"], "tag-groups": ["CATEGORY"], "urls": {"website": ["https://indexed.finance/"], "twitter": ["https://twitter.com/ndxfi"], "message_board": ["https://ndxfi.medium.com/"], "chat": ["https://discord.gg/jaeSTNPNt9"], "facebook": [], "explorer": ["https://etherscan.io/token/0x126c121f99e1e211df2e5f8de2d96fa36647c855", "https://ethplorer.io/address/0x126c121f99e1e211df2e5f8de2d96fa36647c855"], "reddit": [], "technical_doc": [], "source_code": ["https://github.com/indexed-finance"], "announcement": []}, "platform": {"id": "1027", "name": "Ethereum", "slug": "ethereum", "symbol": "ETH", "token_address": "0x126c121f99e1e211df2e5f8de2d96fa36647c855"}, "date_added": "2021-03-04T00:00:00.000Z", "twitter_username": "ndxfi", "is_hidden": 0, "date_launched": null, "contract_address": [{"contract_address": "0x126c121f99e1e211df2e5f8de2d96fa36647c855", "platform": {"name": "Ethereum", "coin": {"id": "1027", "name": "Ethereum", "symbol": "ETH", "slug": "ethereum"}}}], "self_reported_circulating_supply": NaN, "self_reported_tags": null, "self_reported_market_cap": NaN}, {"id": 18610, "name": "Degen Finance", "symbol": "DEGEN", "category": "token", "description": "Degen Finance (DEGEN) is a cryptocurrency and operates on the Fantom platform. Degen Finance has a current supply of 143,660 with 0 in circulation. The last known price of Degen Finance is 0.0341978 USD and is up 0.00 over the last 24 hours. More information can be found at https://degen-finance.com/.", "slug": "degen-finance", "logo": "https://s2.coinmarketcap.com/static/img/coins/64x64/18610.png", "subreddit": "", "notice": "The smart contract for following token contains variable tax rate function - this open the opportunity for contract owners to modify contract behaviour (ie. change fees, or transfer tokens). Please exercise with extra caution if you are investing in this token.", "tags": ["fantom-ecosystem"], "tag-names": ["Fantom Ecosystem"], "tag-groups": ["PLATFORM"], "urls": {"website": ["https://degen-finance.com/"], "twitter": ["https://twitter.com/Degenfinancee"], "message_board": [], "chat": ["https://discord.com/invite/degenfinance"], "facebook": [], "explorer": ["https://ftmscan.com/token/0xF61d81d623d9c4a45ff5766EDa5AF224c3dde1A5"], "reddit": [], "technical_doc": [], "source_code": [], "announcement": []}, "platform": {"id": "3513", "name": "Fantom", "slug": "fantom", "symbol": "FTM", "token_address": "0xF61d81d623d9c4a45ff5766EDa5AF224c3dde1A5"}, "date_added": "2022-03-07T10:41:30.000Z", "twitter_username": "Degenfinancee", "is_hidden": 0, "date_launched": null, "contract_address": [{"contract_address": "0xF61d81d623d9c4a45ff5766EDa5AF224c3dde1A5", "platform": {"name": "Fantom", "coin": {"id": "3513", "name": "Fantom", "symbol": "FTM", "slug": "fantom"}}}], "self_reported_circulating_supply": NaN, "self_reported_tags": null, "self_reported_market_cap": NaN}, {"id": 18663, "name": "Degen", "symbol": "DEGEN", "category": "token", "description": "Holders of $DEGEN will be the first one to get participation in upcoming farming, staking pools and many more features coming down the road\r\nThe first one to come out will be our \"Life-Saving pools\". All holders of $DEGEN token will get airdrop proportionate to their holding\r\n\"LIFE-SAVINGS\" token can be staked in the pools just like pools on other popular pools eg. pcs\r\nDegenSwap's router and LP-smart contracts now makes it possible to collect the tax from the ETH amount before making the swap.", "slug": "degen", "logo": "https://s2.coinmarketcap.com/static/img/coins/64x64/18663.png", "subreddit": "", "notice": "The ownership of the smart contract isn't renounced for the following asset, which means the owners are able to modify contract behavior (for example: disable selling, change fees, mint new tokens, or transfer tokens). Please exercise with extra caution if you are investing in this asset.", "tags": null, "tag-names": null, "tag-groups": null, "urls": {"website": ["https://www.degenswap.info/"], "twitter": ["https://twitter.com/DegenSwapDex"], "message_board": [], "chat": ["https://t.me/DegenTokenPortal"], "facebook": [], "explorer": ["https://etherscan.io/token/0xDCaCa05de9adE34F3fCb9CE94d1B7930093E526E"], "reddit": [], "technical_doc": [], "source_code": [], "announcement": []}, "platform": {"id": "1027", "name": "Ethereum", "slug": "ethereum", "symbol": "ETH", "token_address": "0xdcaca05de9ade34f3fcb9ce94d1b7930093e526e"}, "date_added": "2022-03-09T09:33:17.000Z", "twitter_username": "DegenSwapDex", "is_hidden": 0, "date_launched": "2022-03-05T00:00:00.000Z", "contract_address": [{"contract_address": "0xdcaca05de9ade34f3fcb9ce94d1b7930093e526e", "platform": {"name": "Ethereum", "coin": {"id": "1027", "name": "Ethereum", "symbol": "ETH", "slug": "ethereum"}}}], "self_reported_circulating_supply": 10000000000.0, "self_reported_tags": null, "self_reported_market_cap": 0.0}, {"id": 18704, "name": "DegenFi", "symbol": "DEGEN", "category": "token", "description": "DegenFi (DEGEN) is a cryptocurrency launched in 2022and operates on the Avalanche C-Chain platform. DegenFi has a current supply of 1,000,000 with 0 in circulation. The last known price of DegenFi is 0.02400696 USD and is up 0.00 over the last 24 hours. More information can be found at https://degenfi.org.", "slug": "degenfi", "logo": "https://s2.coinmarketcap.com/static/img/coins/64x64/18704.png", "subreddit": "", "notice": "", "tags": null, "tag-names": null, "tag-groups": null, "urls": {"website": ["https://degenfi.org"], "twitter": ["https://twitter.com/AvaxDegenFi"], "message_board": ["https://medium.com/@DegenFi"], "chat": ["https://discord.gg/bfJJhKUNym", "https://t.me/AvalancheDegenFi"], "facebook": [], "explorer": ["https://snowtrace.io/token/0xA7b47575A9b4c2EbF3e6f9ad1d84932bD7AF380F"], "reddit": [], "technical_doc": ["https://medium.com/@DegenFi/announcing-degenfi-and-degen-nodes-dea27e128414"], "source_code": [], "announcement": []}, "platform": {"id": "5805", "name": "Avalanche", "slug": "avalanche", "symbol": "AVAX", "token_address": "0xA7b47575A9b4c2EbF3e6f9ad1d84932bD7AF380F"}, "date_added": "2022-03-10T06:55:05.000Z", "twitter_username": "AvaxDegenFi", "is_hidden": 0, "date_launched": "2022-03-04T00:00:00.000Z", "contract_address": [{"contract_address": "0xA7b47575A9b4c2EbF3e6f9ad1d84932bD7AF380F", "platform": {"name": "Avalanche C-Chain", "coin": {"id": "5805", "name": "Avalanche", "symbol": "AVAX", "slug": "avalanche"}}}], "self_reported_circulating_supply": 1000000.0, "self_reported_tags": null, "self_reported_market_cap": 24006.959805653438}]