[{"id": 7087, "name": "Dego Finance", "symbol": "DEGO", "category": "token", "description": "Dego Finance (DEGO) is a cryptocurrency and operates on the Ethereum platform. Dego Finance has a current supply of 21,000,000 with 14,166,464.79563452 in circulation. The last known price of Dego Finance is 1.51262672 USD and is down -3.08 over the last 24 hours. It is currently trading on 45 active market(s) with $1,838,951.89 traded over the last 24 hours. More information can be found at https://dego.finance/.", "slug": "dego-finance", "logo": "https://s2.coinmarketcap.com/static/img/coins/64x64/7087.png", "subreddit": "", "notice": "", "tags": ["collectibles-nfts", "defi", "dao", "polkadot-ecosystem", "governance", "binance-launchpad", "bnb-chain"], "tag-names": ["Collectibles & NFTs", "DeFi", "DAO", "Polkadot Ecosystem", "Governance", "Binance Launchpad", "BNB Chain"], "tag-groups": ["CATEGORY", "CATEGORY", "CATEGORY", "PLATFORM", "CATEGORY", "CATEGORY", "PLATFORM"], "urls": {"website": ["https://dego.finance/"], "twitter": ["https://twitter.com/dego_finance"], "message_board": [], "chat": ["https://telegram.me/dego_finance", "https://discord.gg/xJjSJrd"], "facebook": [], "explorer": ["https://etherscan.io/token/0x3da932456d082cba208feb0b096d49b202bf89c8", "https://ethplorer.io/address/0x3da932456d082cba208feb0b096d49b202bf89c8"], "reddit": [], "technical_doc": [], "source_code": [], "announcement": ["https://medium.com/@Degofinance"]}, "platform": {"id": "1027", "name": "Ethereum", "slug": "ethereum", "symbol": "ETH", "token_address": "0x3da932456d082cba208feb0b096d49b202bf89c8"}, "date_added": "2020-09-17T00:00:00.000Z", "twitter_username": "dego_finance", "is_hidden": 0, "date_launched": null, "contract_address": [{"contract_address": "0x3da932456d082cba208feb0b096d49b202bf89c8", "platform": {"name": "Ethereum", "coin": {"id": "1027", "name": "Ethereum", "symbol": "ETH", "slug": "ethereum"}}}, {"contract_address": "0x3da932456d082cba208feb0b096d49b202bf89c8", "platform": {"name": "BNB Smart Chain (BEP20)", "coin": {"id": "1839", "name": "BNB", "symbol": "BNB", "slug": "bnb"}}}], "self_reported_circulating_supply": null, "self_reported_tags": null, "self_reported_market_cap": null}, {"id": 4337, "name": "DeroGold", "symbol": "DEGO", "category": "coin", "description": null, "slug": "derogold", "logo": "https://s2.coinmarketcap.com/static/img/coins/64x64/4337.png", "subreddit": "DeroGold", "notice": "", "tags": null, "tag-names": null, "tag-groups": null, "urls": {"website": ["http://www.derogold.com"], "twitter": ["https://twitter.com/DeroGold"], "message_board": [], "chat": ["https://discordapp.com/invite/j2aSNFn"], "facebook": [], "explorer": ["https://explorer.dego.gq"], "reddit": ["https://reddit.com/r/DeroGold"], "technical_doc": [], "source_code": ["https://github.com/derogold/derogold"], "announcement": []}, "platform": null, "date_added": "2019-08-30T00:00:00.000Z", "twitter_username": "DeroGold", "is_hidden": 0, "date_launched": null, "contract_address": [], "self_reported_circulating_supply": null, "self_reported_tags": null, "self_reported_market_cap": null}]