[{"id": 18578, "name": "DeltaFi", "symbol": "DELFI", "category": "token", "description": "DeltaFi (DELFI) is a cryptocurrency and operates on the Solana platform. DeltaFi has a current supply of 1,000,000,000 with 0 in circulation. The last known price of DeltaFi is 0.06641759 USD and is up 3.39 over the last 24 hours. It is currently trading on 1 active market(s) with $13,058.46 traded over the last 24 hours. More information can be found at https://www.deltafi.ai/.", "slug": "deltafi", "logo": "https://s2.coinmarketcap.com/static/img/coins/64x64/18578.png", "subreddit": "", "notice": "", "tags": ["solana-ecosystem"], "tag-names": ["Solana Ecosystem"], "tag-groups": ["PLATFORM"], "urls": {"website": ["https://www.deltafi.ai/"], "twitter": ["https://twitter.com/deltafi_ai"], "message_board": ["https://medium.com/deltafi"], "chat": ["https://t.me/deltafi_labs", "https://discord.com/invite/deltafi"], "facebook": [], "explorer": ["https://explorer.solana.com/address/de1QJkP1qDCk5JYCCXCeq27bQQUdCaiv7xVKFrhPSzF"], "reddit": [], "technical_doc": [], "source_code": [], "announcement": []}, "platform": {"id": "5426", "name": "Solana", "slug": "solana", "symbol": "SOL", "token_address": "de1QJkP1qDCk5JYCCXCeq27bQQUdCaiv7xVKFrhPSzF"}, "date_added": "2022-03-05T15:16:11.000Z", "twitter_username": "deltafi_ai", "is_hidden": 0, "date_launched": null, "contract_address": [{"contract_address": "de1QJkP1qDCk5JYCCXCeq27bQQUdCaiv7xVKFrhPSzF", "platform": {"name": "Solana", "coin": {"id": "5426", "name": "Solana", "symbol": "SOL", "slug": "solana"}}}], "self_reported_circulating_supply": null, "self_reported_tags": null, "self_reported_market_cap": null}]