[{"id": 20324, "name": "Demeter", "symbol": "DEO", "category": "token", "description": "Demeter (DEO) is a cryptocurrency launched in 2022and operates on the Sora platform. Demeter has a current supply of 150,236.7513824 with 0 in circulation. The last known price of Demeter is 0.12571398 USD and is down -3.23 over the last 24 hours. It is currently trading on 1 active market(s) with $1,591.07 traded over the last 24 hours. More information can be found at https://cerestoken.io/.", "slug": "demeter-deo", "logo": "https://s2.coinmarketcap.com/static/img/coins/64x64/20324.png", "subreddit": "", "notice": "", "tags": ["farming-as-a-service"], "tag-names": ["Farming as a Service (FaaS)"], "tag-groups": ["CATEGORY"], "urls": {"website": ["https://cerestoken.io/", "https://farming.deotoken.io/"], "twitter": ["https://twitter.com/tokenceres"], "message_board": ["https://tokenceres.medium.com/"], "chat": ["https://t.me/cerestoken"], "facebook": [], "explorer": ["https://sora.subscan.io/asset/00f2f4fda40a4bf1fc3769d156fa695532eec31e265d75068524462c0b80f674"], "reddit": [], "technical_doc": ["https://cerestoken.s3.eu-central-1.amazonaws.com/docs/Ceres+Token+-+Demeter+Litepaper+09.12.2021.pdf"], "source_code": [], "announcement": ["https://t.me/ceres_announcements"]}, "platform": {"id": "5802", "name": "SORA", "slug": "sora", "symbol": "XOR", "token_address": "0x00f2f4fda40a4bf1fc3769d156fa695532eec31e265d75068524462c0b80f674"}, "date_added": "2022-05-26T13:36:21.000Z", "twitter_username": "tokenceres", "is_hidden": 0, "date_launched": "2022-05-15T00:00:00.000Z", "contract_address": [{"contract_address": "0x00f2f4fda40a4bf1fc3769d156fa695532eec31e265d75068524462c0b80f674", "platform": {"name": "Sora", "coin": {"id": "5802", "name": "SORA", "symbol": "XOR", "slug": "sora"}}}], "self_reported_circulating_supply": 1862348.6378175, "self_reported_tags": ["DeFi", "Gaming", "Staking", "DApp", "Substrate", "Yield Farming", "Polkadot Ecosystem", "Play To Earn"], "self_reported_market_cap": 234170.73676695637}]