[{"id": 5429, "name": "DEAPcoin", "symbol": "DEP", "category": "token", "description": "DEAPcoin (DEP) is a cryptocurrency launched in 2019and operates on the Ethereum platform. DEAPcoin has a current supply of 30,000,000,000 with 7,231,239,464.186971 in circulation. The last known price of DEAPcoin is 0.00253562 USD and is down -1.29 over the last 24 hours. It is currently trading on 53 active market(s) with $835,098.42 traded over the last 24 hours. More information can be found at https://dea.sg/.", "slug": "deapcoin", "logo": "https://s2.coinmarketcap.com/static/img/coins/64x64/5429.png", "subreddit": "", "notice": "", "tags": ["collectibles-nfts", "gaming", "metaverse", "play-to-earn", "bnb-chain"], "tag-names": ["Collectibles & NFTs", "Gaming", "Metaverse", "Play To Earn", "BNB Chain"], "tag-groups": ["CATEGORY", "INDUSTRY", "CATEGORY", "CATEGORY", "PLATFORM"], "urls": {"website": ["https://dea.sg/"], "twitter": ["https://twitter.com/PlayMining_SG"], "message_board": [], "chat": ["https://t.me/DEAPcoin_group", "https://t.me/DEAP001"], "facebook": ["https://www.facebook.com/PlayMining/"], "explorer": ["https://etherscan.io/token/0x1a3496c18d558bd9c6c8f609e1b129f67ab08163", "https://ethplorer.io/address/0x1a3496c18d558bd9c6c8f609e1b129f67ab08163", "https://bscscan.com/address/0xcaf5191fc480f43e4df80106c7695eca56e48b18", "https://polygonscan.com/address/0xd0ee109352c6116db0f17f4aa8519cdbfc7e7887", "https://ftmscan.com/address/0x8dFDC61c7c7551D0DEec950A2822eB59cddb8f59"], "reddit": [], "technical_doc": ["https://playmining.gitbook.io/whitepaper/"], "source_code": ["https://github.com/Digita-Entertainment-Asset/DEP"], "announcement": []}, "platform": {"id": "1027", "name": "Ethereum", "slug": "ethereum", "symbol": "ETH", "token_address": "0x1a3496c18d558bd9c6c8f609e1b129f67ab08163"}, "date_added": "2020-04-10T00:00:00.000Z", "twitter_username": "PlayMining_SG", "is_hidden": 0, "date_launched": "2019-08-27T00:00:00.000Z", "contract_address": [{"contract_address": "0x1a3496c18d558bd9c6c8f609e1b129f67ab08163", "platform": {"name": "Ethereum", "coin": {"id": "1027", "name": "Ethereum", "symbol": "ETH", "slug": "ethereum"}}}, {"contract_address": "0xcaf5191fc480f43e4df80106c7695eca56e48b18", "platform": {"name": "BNB Smart Chain (BEP20)", "coin": {"id": "1839", "name": "BNB", "symbol": "BNB", "slug": "bnb"}}}, {"contract_address": "BgwQjVNMWvt2d8CN51CsbniwRWyZ9H9HfHkEsvikeVuZ", "platform": {"name": "Solana", "coin": {"id": "5426", "name": "Solana", "symbol": "SOL", "slug": "solana"}}}, {"contract_address": "0x8dFDC61c7c7551D0DEec950A2822eB59cddb8f59", "platform": {"name": "Fantom", "coin": {"id": "3513", "name": "Fantom", "symbol": "FTM", "slug": "fantom"}}}, {"contract_address": "0xd0ee109352c6116db0f17f4aa8519cdbfc7e7887", "platform": {"name": "Polygon", "coin": {"id": "3890", "name": "Polygon", "symbol": "MATIC", "slug": "polygon"}}}, {"contract_address": "0xD4d026322C88C2d49942A75DfF920FCfbC5614C1", "platform": {"name": "Avalanche C-Chain", "coin": {"id": "5805", "name": "Avalanche", "symbol": "AVAX", "slug": "avalanche"}}}], "self_reported_circulating_supply": 7007829432.0, "self_reported_tags": ["Gaming", "Play To Earn"], "self_reported_market_cap": 17761299.475556392}, {"id": 9164, "name": "Depth Token", "symbol": "DEP", "category": "token", "description": "Depth Token (DEP) is a cryptocurrency and operates on the HECO platform. Depth Token has a current supply of 700,927,440.46 with 527,671,561.2 in circulation. The last known price of Depth Token is 0.00000555 USD and is down -0.75 over the last 24 hours. It is currently trading on 8 active market(s) with $4.49 traded over the last 24 hours. More information can be found at https://depth.fi/.", "slug": "depth-token", "logo": "https://s2.coinmarketcap.com/static/img/coins/64x64/9164.png", "subreddit": "", "notice": "", "tags": ["asset-management", "heco-ecosystem"], "tag-names": ["Asset Management", "HECO Ecosystem"], "tag-groups": ["INDUSTRY", "PLATFORM"], "urls": {"website": ["https://depth.fi/"], "twitter": ["https://twitter.com/DepthFi"], "message_board": [], "chat": ["https://t.me/depthglobal", "https://discord.gg/MJJj9ctgDy"], "facebook": [], "explorer": ["https://hecoinfo.com/token/0x48C859531254F25e57D1C1A8E030Ef0B1c895c27"], "reddit": [], "technical_doc": ["https://www.yuque.com/depthfi/about/product"], "source_code": ["https://github.com/depthfinance"], "announcement": []}, "platform": {"id": "2502", "name": "Huobi Token", "slug": "huobi-token", "symbol": "HT", "token_address": "0x48C859531254F25e57D1C1A8E030Ef0B1c895c27"}, "date_added": "2021-05-07T00:00:00.000Z", "twitter_username": "DepthFi", "is_hidden": 0, "date_launched": null, "contract_address": [{"contract_address": "0x48C859531254F25e57D1C1A8E030Ef0B1c895c27", "platform": {"name": "HECO", "coin": {"id": "2502", "name": "Huobi Token", "symbol": "HT", "slug": "huobi-token"}}}], "self_reported_circulating_supply": 631364406.75, "self_reported_tags": null, "self_reported_market_cap": 3502.384887680745}]