[{"id": 10744, "name": "DeRace", "symbol": "DERC", "category": "token", "description": "DeRace (DERC) is a cryptocurrency launched in 2021and operates on the Ethereum platform. DeRace has a current supply of 120,000,000 with 80,400,000 in circulation. The last known price of DeRace is 0.13177558 USD and is down -0.39 over the last 24 hours. It is currently trading on 48 active market(s) with $187,436.35 traded over the last 24 hours. More information can be found at https://www.derace.com.", "slug": "derace", "logo": "https://s2.coinmarketcap.com/static/img/coins/64x64/10744.png", "subreddit": "", "notice": "", "tags": ["collectibles-nfts", "gaming", "metaverse", "play-to-earn", "animoca-brands-portfolio", "bnb-chain"], "tag-names": ["Collectibles & NFTs", "Gaming", "Metaverse", "Play To Earn", "Animoca Brands Portfolio", "BNB Chain"], "tag-groups": ["CATEGORY", "INDUSTRY", "CATEGORY", "CATEGORY", "CATEGORY", "PLATFORM"], "urls": {"website": ["https://www.derace.com"], "twitter": ["https://twitter.com/DeRaceNFT"], "message_board": ["https://deracenft.medium.com/"], "chat": ["https://t.me/DeRaceNFT", "https://discord.com/invite/JjGDRqVSY7"], "facebook": [], "explorer": ["https://etherscan.io/token/0x9fa69536d1cda4a04cfb50688294de75b505a9ae", "https://bscscan.com/token/0x373e768f79c820aa441540d254dca6d045c6d25b"], "reddit": [], "technical_doc": ["https://derace.gitbook.io/derace/"], "source_code": [], "announcement": ["https://t.me/deracenews"]}, "platform": {"id": "1027", "name": "Ethereum", "slug": "ethereum", "symbol": "ETH", "token_address": "0x9fa69536d1cda4a04cfb50688294de75b505a9ae"}, "date_added": "2021-07-02T00:00:00.000Z", "twitter_username": "DeRaceNFT", "is_hidden": 0, "date_launched": "2021-08-03T00:00:00.000Z", "contract_address": [{"contract_address": "0x9fa69536d1cda4a04cfb50688294de75b505a9ae", "platform": {"name": "Ethereum", "coin": {"id": "1027", "name": "Ethereum", "symbol": "ETH", "slug": "ethereum"}}}, {"contract_address": "0x373e768f79c820aa441540d254dca6d045c6d25b", "platform": {"name": "BNB Smart Chain (BEP20)", "coin": {"id": "1839", "name": "BNB", "symbol": "BNB", "slug": "bnb"}}}, {"contract_address": "0xb35fcbcf1fd489fce02ee146599e893fdcdc60e6", "platform": {"name": "Polygon", "coin": {"id": "3890", "name": "Polygon", "symbol": "MATIC", "slug": "polygon"}}}], "self_reported_circulating_supply": null, "self_reported_tags": null, "self_reported_market_cap": null}]