[{"id": 8424, "name": "Deri Protocol", "symbol": "DERI", "category": "token", "description": "Deri Protocol (DERI) is a cryptocurrency and operates on the Ethereum platform. Deri Protocol has a current supply of 474,977,679.592577 with 175,473,953.51816022 in circulation. The last known price of Deri Protocol is 0.01522765 USD and is down -0.14 over the last 24 hours. It is currently trading on 43 active market(s) with $57,640.89 traded over the last 24 hours. More information can be found at https://deri.io/.", "slug": "deri-protocol", "logo": "https://s2.coinmarketcap.com/static/img/coins/64x64/8424.png", "subreddit": "", "notice": "", "tags": ["decentralized-exchange-dex-token", "defi", "derivatives", "options", "arbitrum-ecosytem", "mvb", "bnb-chain"], "tag-names": ["Decentralized Exchange (DEX) Token", "DeFi", "Derivatives", "Options", "Arbitrum Ecosystem", "MVB", "BNB Chain"], "tag-groups": ["CATEGORY", "CATEGORY", "CATEGORY", "CATEGORY", "PLATFORM", "CATEGORY", "PLATFORM"], "urls": {"website": ["https://deri.io/"], "twitter": ["https://twitter.com/DeriProtocol"], "message_board": ["https://deri-protocol.medium.com/"], "chat": ["https://t.me/DeriProtocol"], "facebook": [], "explorer": ["https://etherscan.io/token/0xa487bf43cf3b10dffc97a9a744cbb7036965d3b9", "https://ethplorer.io/address/0xa487bf43cf3b10dffc97a9a744cbb7036965d3b9", "https://bscscan.com/token/0xe60eaf5A997DFAe83739e035b005A33AfdCc6df5", "https://hecoinfo.com/token/0x2bdA3e331Cf735D9420e41567ab843441980C4B8", "https://arbiscan.io/address/0x21e60ee73f17ac0a411ae5d690f908c3ed66fe12"], "reddit": [], "technical_doc": ["https://github.com/deri-finance/whitepaper/blob/master/deri_whitepaper.pdf"], "source_code": ["https://github.com/deri-finance"], "announcement": ["https://bitcointalk.org/index.php?topic=5322611.0"]}, "platform": {"id": "1027", "name": "Ethereum", "slug": "ethereum", "symbol": "ETH", "token_address": "0xa487bf43cf3b10dffc97a9a744cbb7036965d3b9"}, "date_added": "2021-02-11T00:00:00.000Z", "twitter_username": "DeriProtocol", "is_hidden": 0, "date_launched": null, "contract_address": [{"contract_address": "0xa487bf43cf3b10dffc97a9a744cbb7036965d3b9", "platform": {"name": "Ethereum", "coin": {"id": "1027", "name": "Ethereum", "symbol": "ETH", "slug": "ethereum"}}}, {"contract_address": "0xe60eaf5A997DFAe83739e035b005A33AfdCc6df5", "platform": {"name": "BNB Smart Chain (BEP20)", "coin": {"id": "1839", "name": "BNB", "symbol": "BNB", "slug": "bnb"}}}, {"contract_address": "0x2bdA3e331Cf735D9420e41567ab843441980C4B8", "platform": {"name": "HECO", "coin": {"id": "2502", "name": "Huobi Token", "symbol": "HT", "slug": "huobi-token"}}}], "self_reported_circulating_supply": 124695829, "self_reported_tags": null, "self_reported_market_cap": 1900162.305065142}]