[{"id": 10442, "name": "Decentralized Social", "symbol": "DESO", "category": "coin", "description": "Decentralized Social (DESO) is a cryptocurrency . Decentralized Social has a current supply of 10,808,492 with 8,884,536 in circulation. The last known price of Decentralized Social is 6.89656704 USD and is down -5.19 over the last 24 hours. It is currently trading on 10 active market(s) with $482,255.15 traded over the last 24 hours. More information can be found at https://deso.com.", "slug": "deso", "logo": "https://s2.coinmarketcap.com/static/img/coins/64x64/10442.png", "subreddit": "DESO", "notice": "", "tags": ["communications-social-media", "arrington-xrp-capital-portfolio"], "tag-names": ["Communications & Social Media", "Arrington XRP Capital Portfolio"], "tag-groups": ["INDUSTRY", "CATEGORY"], "urls": {"website": ["https://deso.com"], "twitter": ["https://twitter.com/desoprotocol"], "message_board": ["https://blog.deso.com/"], "chat": ["https://discord.gg/deso"], "facebook": [], "explorer": ["https://www.openprosper.com/deso-scan/blocks", "https://explorer.deso.org/"], "reddit": ["https://reddit.com/r/DESO"], "technical_doc": ["https://docs.deso.org/about-deso-chain/readme"], "source_code": ["https://github.com/deso-protocol"], "announcement": ["https://twitter.com/desoprotocol"]}, "platform": null, "date_added": "2021-06-15T00:00:00.000Z", "twitter_username": "desoprotocol", "is_hidden": 0, "date_launched": null, "contract_address": [], "self_reported_circulating_supply": 10532253, "self_reported_tags": ["Platform", "Communications & Social Media", "Coinbase Ventures Portfolio", "Polychain Capital Portfolio", "a16z Portfolio", "Pantera Capital Portfolio"], "self_reported_market_cap": 72538597.90482187}]