[{"id": 12972, "name": "DEUS Finance", "symbol": "DEUS", "category": "token", "description": "DEUS Finance (DEUS) is a cryptocurrency and operates on the Ethereum platform. DEUS Finance has a current supply of 0. The last known price of DEUS Finance is 91.89497195 USD and is up 3.36 over the last 24 hours. It is currently trading on 39 active market(s) with $204,307.71 traded over the last 24 hours. More information can be found at https://deus.finance/.", "slug": "deus-finance-2", "logo": "https://s2.coinmarketcap.com/static/img/coins/64x64/12972.png", "subreddit": "", "notice": "", "tags": null, "tag-names": null, "tag-groups": null, "urls": {"website": ["https://deus.finance/"], "twitter": ["https://twitter.com/DeusDao"], "message_board": ["https://medium.com/deus-finance/"], "chat": ["https://t.me/deusfinance", "https://discord.com/invite/xfeYT6acha"], "facebook": [], "explorer": ["https://etherscan.io/token/0xde5ed76e7c05ec5e4572cfc88d1acea165109e44", "https://polygonscan.com/token/0xde5ed76e7c05ec5e4572cfc88d1acea165109e44"], "reddit": [], "technical_doc": [], "source_code": ["https://github.com/deusfinance"], "announcement": []}, "platform": {"id": "1027", "name": "Ethereum", "slug": "ethereum", "symbol": "ETH", "token_address": "0xde5ed76e7c05ec5e4572cfc88d1acea165109e44"}, "date_added": "2021-10-21T10:15:14.000Z", "twitter_username": "DeusDao", "is_hidden": 0, "date_launched": null, "contract_address": [{"contract_address": "0xde5ed76e7c05ec5e4572cfc88d1acea165109e44", "platform": {"name": "Ethereum", "coin": {"id": "1027", "name": "Ethereum", "symbol": "ETH", "slug": "ethereum"}}}, {"contract_address": "0xde5ed76e7c05ec5e4572cfc88d1acea165109e44", "platform": {"name": "Polygon", "coin": {"id": "3890", "name": "Polygon", "symbol": "MATIC", "slug": "polygon"}}}, {"contract_address": "0xDE5ed76E7c05eC5e4572CfC88d1ACEA165109E44", "platform": {"name": "Fantom", "coin": {"id": "3513", "name": "Fantom", "symbol": "FTM", "slug": "fantom"}}}], "self_reported_circulating_supply": null, "self_reported_tags": null, "self_reported_market_cap": null}, {"id": 1640, "name": "DeusCoin", "symbol": "DEUS", "category": "coin", "description": "DeusCoin (DEUS) is a cryptocurrency . Users are able to generate DEUS through the process of mining. DeusCoin has a current supply of 100,005,000 with 11,079,837.4514038 in circulation. The last known price of DeusCoin is 0.0010711 USD and is up 0.00 over the last 24 hours. More information can be found at http://deuscoin.org/.", "slug": "deuscoin", "logo": "https://s2.coinmarketcap.com/static/img/coins/64x64/1640.png", "subreddit": "", "notice": "", "tags": ["mineable"], "tag-names": ["Mineable"], "tag-groups": ["OTHERS"], "urls": {"website": ["http://deuscoin.org/"], "twitter": [], "message_board": [], "chat": [], "facebook": [], "explorer": ["http://explorer.deuscoin.org/"], "reddit": [], "technical_doc": ["http://deuscoin.org/assets/DEUSPAPER.pdf"], "source_code": ["https://github.com/deuscoin-org"], "announcement": ["https://bitcointalk.org/index.php?topic=1780266"]}, "platform": null, "date_added": "2017-04-20T00:00:00.000Z", "twitter_username": "", "is_hidden": 0, "date_launched": null, "contract_address": [], "self_reported_circulating_supply": null, "self_reported_tags": null, "self_reported_market_cap": null}, {"id": 7125, "name": "DEUS Finance", "symbol": "DEUS", "category": "token", "description": "DEUS Finance (DEUS) is a cryptocurrency and operates on the Ethereum platform. DEUS Finance has a current supply of 1,793,062.577204 with 0 in circulation. The last known price of DEUS Finance is 1.79560286 USD and is down -10.13 over the last 24 hours. More information can be found at https://deus.finance/home/.", "slug": "deus-finance", "logo": "https://s2.coinmarketcap.com/static/img/coins/64x64/7125.png", "subreddit": "", "notice": "Deus Finance Have Migrated to New Contract. Click here to visit [New Page](https://coinmarketcap.com/currencies/deus-finance-2/)", "tags": ["decentralized-exchange-dex-token", "defi", "derivatives", "dao", "yield-farming", "governance", "synthetics"], "tag-names": ["Decentralized Exchange (DEX) Token", "DeFi", "Derivatives", "DAO", "Yield Farming", "Governance", "Synthetics"], "tag-groups": ["CATEGORY", "CATEGORY", "CATEGORY", "CATEGORY", "CATEGORY", "CATEGORY", "PLATFORM"], "urls": {"website": ["https://deus.finance/home/"], "twitter": [], "message_board": [], "chat": ["https://telegram.me/deusfinance", "https://discord.com/invite/DxdM7TW"], "facebook": [], "explorer": ["https://etherscan.io/token/0x3b62F3820e0B035cc4aD602dECe6d796BC325325", "https://ethplorer.io/address/0x3b62F3820e0B035cc4aD602dECe6d796BC325325"], "reddit": [], "technical_doc": [], "source_code": [], "announcement": []}, "platform": {"id": "1027", "name": "Ethereum", "slug": "ethereum", "symbol": "ETH", "token_address": "0x3b62F3820e0B035cc4aD602dECe6d796BC325325"}, "date_added": "2021-01-13T00:00:00.000Z", "twitter_username": "", "is_hidden": 0, "date_launched": null, "contract_address": [{"contract_address": "0x3b62F3820e0B035cc4aD602dECe6d796BC325325", "platform": {"name": "Ethereum", "coin": {"id": "1027", "name": "Ethereum", "symbol": "ETH", "slug": "ethereum"}}}], "self_reported_circulating_supply": null, "self_reported_tags": null, "self_reported_market_cap": null}]