[{"id": 17125, "name": "Devil Finance", "symbol": "DEVIL", "category": "token", "description": "Devil Finance (DEVIL) is a cryptocurrency and operates on the Fantom platform. Devil Finance has a current supply of 851,215.657228 with 0 in circulation. The last known price of Devil Finance is 0.00280333 USD and is up 0.00 over the last 24 hours. More information can be found at https://devilfinance.io/.", "slug": "devil-finance", "logo": "https://s2.coinmarketcap.com/static/img/coins/64x64/17125.png", "subreddit": "", "notice": "", "tags": ["fantom-ecosystem"], "tag-names": ["Fantom Ecosystem"], "tag-groups": ["PLATFORM"], "urls": {"website": ["https://devilfinance.io/"], "twitter": ["https://twitter.com/DevilFinance_io"], "message_board": [], "chat": ["https://discord.com/invite/wWX6A52YZ7", "https://t.me/devilfinancechat"], "facebook": [], "explorer": ["https://ftmscan.com/token/0x174c7106AEeCdC11389f7dD21342F05f46CCB40F"], "reddit": [], "technical_doc": [], "source_code": ["https://github.com/devilfinanceio/devil-official-contracts"], "announcement": []}, "platform": {"id": "3513", "name": "Fantom", "slug": "fantom", "symbol": "FTM", "token_address": "0x174c7106aeecdc11389f7dd21342f05f46ccb40f"}, "date_added": "2022-01-11T09:00:02.000Z", "twitter_username": "DevilFinance_io", "is_hidden": 0, "date_launched": null, "contract_address": [{"contract_address": "0x174c7106aeecdc11389f7dd21342f05f46ccb40f", "platform": {"name": "Fantom", "coin": {"id": "3513", "name": "Fantom", "symbol": "FTM", "slug": "fantom"}}}], "self_reported_circulating_supply": 34355606.42164146, "self_reported_tags": null, "self_reported_market_cap": 96310.07470345765}]