[{"id": 15659, "name": "Decentralized Eternal Virtual Traveller", "symbol": "DEVT", "category": "token", "description": "Decentralized Eternal Virtual Traveller (DEVT) is a cryptocurrency launched in 2021and operates on the Ethereum platform. Decentralized Eternal Virtual Traveller has a current supply of 300,000,000 with 0 in circulation. The last known price of Decentralized Eternal Virtual Traveller is 0.0104311 USD and is up 1.93 over the last 24 hours. It is currently trading on 18 active market(s) with $417,372.84 traded over the last 24 hours. More information can be found at https://www.dehorizon.fun/.", "slug": "decentralized-eternal-virtual-traveller", "logo": "https://s2.coinmarketcap.com/static/img/coins/64x64/15659.png", "subreddit": "", "notice": "", "tags": ["animoca-brands-portfolio"], "tag-names": ["Animoca Brands Portfolio"], "tag-groups": ["CATEGORY"], "urls": {"website": ["https://www.dehorizon.fun/"], "twitter": ["https://twitter.com/DeHorizonfun"], "message_board": [], "chat": ["https://t.me/DeHorizonfun", "https://discord.com/invite/KUDsntqvzc"], "facebook": [], "explorer": ["https://etherscan.io/token/0xB5c578947de0fd71303F71F2C3d41767438bD0de"], "reddit": [], "technical_doc": [], "source_code": [], "announcement": []}, "platform": {"id": "1027", "name": "Ethereum", "slug": "ethereum", "symbol": "ETH", "token_address": "0xB5c578947de0fd71303F71F2C3d41767438bD0de"}, "date_added": "2021-12-06T11:34:14.000Z", "twitter_username": "DeHorizonfun", "is_hidden": 0, "date_launched": "2021-12-09T00:00:00.000Z", "contract_address": [{"contract_address": "0xB5c578947de0fd71303F71F2C3d41767438bD0de", "platform": {"name": "Ethereum", "coin": {"id": "1027", "name": "Ethereum", "symbol": "ETH", "slug": "ethereum"}}}], "self_reported_circulating_supply": 9000000, "self_reported_tags": null, "self_reported_market_cap": 93876.53677780443}]