[{"id": 5866, "name": "DEXTools", "symbol": "DEXT", "category": "token", "description": "DEXTools (DEXT) is a cryptocurrency launched in 2020and operates on the Ethereum platform. DEXTools has a current supply of 143,551,255 with 97,296,477.58747558 in circulation. The last known price of DEXTools is 0.13551501 USD and is down -3.39 over the last 24 hours. It is currently trading on 18 active market(s) with $319,056.98 traded over the last 24 hours. More information can be found at https://www.dextools.io/.", "slug": "dextools", "logo": "https://s2.coinmarketcap.com/static/img/coins/64x64/5866.png", "subreddit": "", "notice": "DEXT has performed a swap to a new contract address - 0xfb7b4564402e5500db5bb6d63ae671302777c75a", "tags": ["analytics"], "tag-names": ["Analytics"], "tag-groups": ["CATEGORY"], "urls": {"website": ["https://www.dextools.io/"], "twitter": ["https://twitter.com/DEXToolsApp"], "message_board": [], "chat": ["https://discord.gg/PnycaVp", "https://t.me/DEXToolsCommunity"], "facebook": [], "explorer": ["https://etherscan.io/token/0xfb7b4564402e5500db5bb6d63ae671302777c75a", "https://ethplorer.io/address/0xfb7b4564402e5500db5bb6d63ae671302777c75a"], "reddit": [], "technical_doc": [], "source_code": [], "announcement": ["https://t.me/DEXToolsNews"]}, "platform": {"id": "1027", "name": "Ethereum", "slug": "ethereum", "symbol": "ETH", "token_address": "0xfb7b4564402e5500db5bb6d63ae671302777c75a"}, "date_added": "2020-07-19T00:00:00.000Z", "twitter_username": "DEXToolsApp", "is_hidden": 0, "date_launched": "2020-06-08T00:00:00.000Z", "contract_address": [{"contract_address": "0xfb7b4564402e5500db5bb6d63ae671302777c75a", "platform": {"name": "Ethereum", "coin": {"id": "1027", "name": "Ethereum", "symbol": "ETH", "slug": "ethereum"}}}, {"contract_address": "0xe91a8d2c584ca93c7405f15c22cdfe53c29896e3", "platform": {"name": "BNB Smart Chain (BEP20)", "coin": {"id": "1839", "name": "BNB", "symbol": "BNB", "slug": "bnb"}}}], "self_reported_circulating_supply": null, "self_reported_tags": null, "self_reported_market_cap": null}]