[{"id": 4758, "name": "dForce", "symbol": "DF", "category": "token", "description": "dForce (DF) is a cryptocurrency launched in 2019and operates on the Ethereum platform. dForce has a current supply of 999,934,977.0387098 with 432,032,331.945122 in circulation. The last known price of dForce is 0.0379687 USD and is down -1.07 over the last 24 hours. It is currently trading on 50 active market(s) with $1,694,777.82 traded over the last 24 hours. More information can be found at https://dforce.network/.", "slug": "dforce", "logo": "https://s2.coinmarketcap.com/static/img/coins/64x64/4758.png", "subreddit": "dForceNetwork", "notice": "", "tags": ["defi", "arbitrum-ecosytem"], "tag-names": ["DeFi", "Arbitrum Ecosystem"], "tag-groups": ["CATEGORY", "PLATFORM"], "urls": {"website": ["https://dforce.network/", "https://app.dforce.network/"], "twitter": ["https://twitter.com/dForcenet"], "message_board": ["https://medium.com/dforcenet"], "chat": ["https://t.me/dforcenet", "https://discord.gg/Gbtd3MR"], "facebook": [], "explorer": ["https://etherscan.io/token/0x431ad2ff6a9c365805ebad47ee021148d6f7dbe0", "https://arbiscan.io/token/0xaE6aab43C4f3E0cea4Ab83752C278f8dEbabA689", "https://optimistic.etherscan.io/address/0x9e5AAC1Ba1a2e6aEd6b32689DFcF62A509Ca96f3", "https://bscscan.com/token/0x4A9A2b2b04549C3927dd2c9668A5eF3fCA473623", "https://polygonscan.com/token/0x08C15FA26E519A78a666D19CE5C646D55047e0a3"], "reddit": ["https://reddit.com/r/dForceNetwork"], "technical_doc": [], "source_code": ["https://github.com/dforcenetwork"], "announcement": ["https://forum.dforce.network/"]}, "platform": {"id": "1027", "name": "Ethereum", "slug": "ethereum", "symbol": "ETH", "token_address": "0x431ad2ff6a9c365805ebad47ee021148d6f7dbe0"}, "date_added": "2020-06-22T00:00:00.000Z", "twitter_username": "dForcenet", "is_hidden": 0, "date_launched": "2019-08-08T00:00:00.000Z", "contract_address": [{"contract_address": "0x431ad2ff6a9c365805ebad47ee021148d6f7dbe0", "platform": {"name": "Ethereum", "coin": {"id": "1027", "name": "Ethereum", "symbol": "ETH", "slug": "ethereum"}}}, {"contract_address": "0x4A9A2b2b04549C3927dd2c9668A5eF3fCA473623", "platform": {"name": "BNB Smart Chain (BEP20)", "coin": {"id": "1839", "name": "BNB", "symbol": "BNB", "slug": "bnb"}}}, {"contract_address": "0x08C15FA26E519A78a666D19CE5C646D55047e0a3", "platform": {"name": "Polygon", "coin": {"id": "3890", "name": "Polygon", "symbol": "MATIC", "slug": "polygon"}}}], "self_reported_circulating_supply": NaN, "self_reported_tags": ["Ethereum Ecosystem", "BNB Smart Chain", "Polygon Ecosystem", "Web3", "DeFi 2.0"], "self_reported_market_cap": NaN}, {"id": 7071, "name": "Daily Funds", "symbol": "DF", "category": "token", "description": "Daily Funds is a decentralized and non-custodial open source currency exchange protocol, Depositors can earn interest by providing liquidity to the loan pool, and borrowers can use liquidity to earn interest. Similar to other DeFi platforms (such as Compound), DF marks deposits as tokens, calculates real-time interest, and provides a variety of stable currency options.", "slug": "daily-funds", "logo": "https://s2.coinmarketcap.com/static/img/coins/64x64/7071.png", "subreddit": "", "notice": "", "tags": null, "tag-names": null, "tag-groups": null, "urls": {"website": ["https://dailyfunds.io/"], "twitter": [], "message_board": [], "chat": [], "facebook": [], "explorer": ["https://etherscan.io/token/0xa73862c5a66cf3be4bf86f60acf085bd927f83f8", "https://ethplorer.io/address/0xa73862c5a66cf3be4bf86f60acf085bd927f83f8"], "reddit": [], "technical_doc": [], "source_code": [], "announcement": []}, "platform": {"id": "1027", "name": "Ethereum", "slug": "ethereum", "symbol": "ETH", "token_address": "0xa73862c5a66cf3be4bf86f60acf085bd927f83f8"}, "date_added": "2020-09-16T00:00:00.000Z", "twitter_username": "", "is_hidden": 0, "date_launched": null, "contract_address": [{"contract_address": "0xa73862c5a66cf3be4bf86f60acf085bd927f83f8", "platform": {"name": "Ethereum", "coin": {"id": "1027", "name": "Ethereum", "symbol": "ETH", "slug": "ethereum"}}}], "self_reported_circulating_supply": NaN, "self_reported_tags": null, "self_reported_market_cap": NaN}, {"id": 13007, "name": "Dragon Fortune", "symbol": "DF", "category": "token", "description": "Dragon Fortune (DF) is a cryptocurrency launched in 2021and operates on the BNB Smart Chain (BEP20) platform. Dragon Fortune has a current supply of 100,000,000 with 0 in circulation. The last known price of Dragon Fortune is 0.010761 USD and is up 4.08 over the last 24 hours. More information can be found at http://www.dragonfortune.org/.", "slug": "dragon-fortune", "logo": "https://s2.coinmarketcap.com/static/img/coins/64x64/13007.png", "subreddit": "DragonFortune", "notice": "", "tags": null, "tag-names": null, "tag-groups": null, "urls": {"website": ["http://www.dragonfortune.org/"], "twitter": ["https://twitter.com/Dragontokenup"], "message_board": [], "chat": ["https://t.me/Dragon_Fortune"], "facebook": [], "explorer": ["https://bscscan.com/token/0x605f3a70de083e1eec7fdc1dff6c03d69bfad9ac"], "reddit": ["https://reddit.com/r/DragonFortune"], "technical_doc": ["http://www.dragonfortune.org/whitepaper.pdf"], "source_code": ["https://github.com/vic203020/Dragon-Fortune/blob/main/DragonFortune.sol"], "announcement": []}, "platform": {"id": "1839", "name": "BNB", "slug": "bnb", "symbol": "BNB", "token_address": "0x605f3a70de083e1eec7fdc1dff6c03d69bfad9ac"}, "date_added": "2021-10-22T08:36:40.000Z", "twitter_username": "Dragontokenup", "is_hidden": 0, "date_launched": "2021-08-03T00:00:00.000Z", "contract_address": [{"contract_address": "0x605f3a70de083e1eec7fdc1dff6c03d69bfad9ac", "platform": {"name": "BNB Smart Chain (BEP20)", "coin": {"id": "1839", "name": "BNB", "symbol": "BNB", "slug": "bnb"}}}], "self_reported_circulating_supply": 11641008.0, "self_reported_tags": ["Entertainment", "Gambling", "Gaming", "Platform"], "self_reported_market_cap": 125268.92066555629}]