[{"id": 15501, "name": "DeFiHorse", "symbol": "DFH", "category": "token", "description": "DeFiHorse (DFH) is a cryptocurrency launched in 2021and operates on the BNB Smart Chain (BEP20) platform. DeFiHorse has a current supply of 668,000,000 with 0 in circulation. The last known price of DeFiHorse is 0.00090365 USD and is down -0.55 over the last 24 hours. It is currently trading on 2 active market(s) with $29.94 traded over the last 24 hours. More information can be found at https://defihorse.com.", "slug": "defihorse", "logo": "https://s2.coinmarketcap.com/static/img/coins/64x64/15501.png", "subreddit": "", "notice": "", "tags": ["bullperks-launchpad"], "tag-names": ["BullPerks Launchpad"], "tag-groups": ["CATEGORY"], "urls": {"website": ["https://defihorse.com"], "twitter": ["https://twitter.com/Defi_horse"], "message_board": [], "chat": ["https://t.me/DeFiHorse_community", "https://www.twitch.tv/defihorse \r\nhttps://discord.gg/defihorse"], "facebook": ["https://www.facebook.com/DeFiHorse"], "explorer": [], "reddit": [], "technical_doc": ["https://defihorse.com/wp-content/uploads/2022/03/DeFiHorse_LitePaper-4.pdf"], "source_code": [], "announcement": []}, "platform": {"id": "1839", "name": "BNB", "slug": "bnb", "symbol": "BNB", "token_address": "0x5fdAb5BDbad5277B383B3482D085f4bFef68828C"}, "date_added": "2021-12-02T09:59:04.000Z", "twitter_username": "Defi_horse", "is_hidden": 0, "date_launched": "2021-11-23T00:00:00.000Z", "contract_address": [{"contract_address": "0x5fdAb5BDbad5277B383B3482D085f4bFef68828C", "platform": {"name": "BNB Smart Chain (BEP20)", "coin": {"id": "1839", "name": "BNB", "symbol": "BNB", "slug": "bnb"}}}], "self_reported_circulating_supply": 7403000.0, "self_reported_tags": null, "self_reported_market_cap": 6706.019654545334}, {"id": 19057, "name": "DeFiHelper", "symbol": "DFH", "category": "token", "description": "DeFiHelper is a decentralized non-custodial investment app that helps investors of any scale to easily manage and automate their DeFi investments across 300+ protocols. \r\n\r\nIts key features include:\r\n\r\n1. Auto-compounding. DFH helps you earn more on staking by automatically adding your profits to the deposit, effectively auto-compounding your interest. Our mathematical model makes decisions by taking into account current and historical fees, the prices of tokens, and other factors. The model was devised by Ilya Munerman, a mathematician and lecturer at the New Economic School and HSE University. \r\n\r\n2. No-code automation. Create automated investment strategies without having to know coding.\r\n\r\n3. Portfolio management. Monitor and manage your portfolios across various blockchains.\r\n\r\n4. Notifications. Get notifications on important market movements and updates on the protocols users follow.", "slug": "defihelper", "logo": "https://s2.coinmarketcap.com/static/img/coins/64x64/19057.png", "subreddit": "", "notice": "", "tags": null, "tag-names": null, "tag-groups": null, "urls": {"website": ["https://defihelper.io"], "twitter": ["https://twitter.com/defihelper"], "message_board": ["https://defihelper.medium.com"], "chat": ["https://discord.gg/2sT3bmjPhf", "https://t.me/defihelper_chat"], "facebook": [], "explorer": ["https://etherscan.io/token/0x5f2080542ab6ae7e0b06778f0b2d263006297840"], "reddit": [], "technical_doc": ["https://defihelper.io/static/media/DeFiHelper_litepaper.pdf"], "source_code": ["https://github.com/defi-helper"], "announcement": ["https://t.me/defihelper_news/16"]}, "platform": {"id": "1027", "name": "Ethereum", "slug": "ethereum", "symbol": "ETH", "token_address": "0x5F2080542ab6ae7e0b06778F0B2d263006297840"}, "date_added": "2022-03-25T02:52:08.000Z", "twitter_username": "defihelper", "is_hidden": 0, "date_launched": "2021-12-27T00:00:00.000Z", "contract_address": [{"contract_address": "0x5F2080542ab6ae7e0b06778F0B2d263006297840", "platform": {"name": "Ethereum", "coin": {"id": "1027", "name": "Ethereum", "symbol": "ETH", "slug": "ethereum"}}}], "self_reported_circulating_supply": NaN, "self_reported_tags": ["Services", "DeFi", "Smart Contracts", "DApp", "Ethereum Ecosystem", "Binance Chain", "Analytics", "Polygon Ecosystem", "Arbitrum Ecosystem", "Moonbeam Ecosystem"], "self_reported_market_cap": NaN}]