[{"id": 10294, "name": "DeFi Land", "symbol": "DFL", "category": "token", "description": "DeFi Land (DFL) is a cryptocurrency launched in 2021and operates on the Solana platform. DeFi Land has a current supply of 10,000,000,000 with 2,525,158,778 in circulation. The last known price of DeFi Land is 0.00160818 USD and is down -2.55 over the last 24 hours. It is currently trading on 12 active market(s) with $72,214.89 traded over the last 24 hours. More information can be found at https://defiland.app/.", "slug": "defi-land", "logo": "https://s2.coinmarketcap.com/static/img/coins/64x64/10294.png", "subreddit": "", "notice": "", "tags": ["defi", "gaming", "solana-ecosystem", "animoca-brands-portfolio"], "tag-names": ["DeFi", "Gaming", "Solana Ecosystem", "Animoca Brands Portfolio"], "tag-groups": ["CATEGORY", "INDUSTRY", "PLATFORM", "CATEGORY"], "urls": {"website": ["https://defiland.app/"], "twitter": ["https://twitter.com/defi_land"], "message_board": ["https://defiland.medium.com/introducing-defi-land-gamified-decentralized-finance-9d06c88d6369"], "chat": ["https://discord.gg/defiland", "https://t.me/official_defiland"], "facebook": [], "explorer": ["https://solscan.io/token/DFL1zNkaGPWm1BqAVqRjCZvHmwTFrEaJtbzJWgseoNJh#markets"], "reddit": [], "technical_doc": [], "source_code": [], "announcement": ["https://t.me/DeFiLand_announcements"]}, "platform": {"id": "5426", "name": "Solana", "slug": "solana", "symbol": "SOL", "token_address": "DFL1zNkaGPWm1BqAVqRjCZvHmwTFrEaJtbzJWgseoNJh"}, "date_added": "2021-11-25T00:48:37.000Z", "twitter_username": "defi_land", "is_hidden": 0, "date_launched": "2021-11-24T00:00:00.000Z", "contract_address": [{"contract_address": "DFL1zNkaGPWm1BqAVqRjCZvHmwTFrEaJtbzJWgseoNJh", "platform": {"name": "Solana", "coin": {"id": "5426", "name": "Solana", "symbol": "SOL", "slug": "solana"}}}], "self_reported_circulating_supply": 3779429748.0, "self_reported_tags": ["Marketing", "Agriculture", "Art", "Education", "Collectibles & NFTs", "Gaming", "Staking", "DApp", "Solana Ecosystem", "Metaverse", "Alameda Research Portfolio", "Play To Earn", "Web3", "Cross-Chain"], "self_reported_market_cap": 6113303.479156953}, {"id": 11740, "name": "DeFIL", "symbol": "DFL", "category": "token", "description": "DeFIL (DFL) is a cryptocurrency and operates on the Ethereum platform. DeFIL has a current supply of 87,726,620 with 0 in circulation. The last known price of DeFIL is 0.00256614 USD and is up 1.06 over the last 24 hours. It is currently trading on 7 active market(s) with $12,731.06 traded over the last 24 hours. More information can be found at https://defil.org/.", "slug": "defil", "logo": "https://s2.coinmarketcap.com/static/img/coins/64x64/11740.png", "subreddit": "", "notice": "", "tags": null, "tag-names": null, "tag-groups": null, "urls": {"website": ["https://defil.org/"], "twitter": [], "message_board": [], "chat": ["https://t.me/defilorg"], "facebook": [], "explorer": ["https://etherscan.io/token/0x09ce2b746c32528b7d864a1e3979bd97d2f095ab", "https://ethplorer.io/address/0x09ce2b746c32528b7d864a1e3979bd97d2f095ab"], "reddit": [], "technical_doc": [], "source_code": ["https://github.com/DeFIL-org"], "announcement": []}, "platform": {"id": "1027", "name": "Ethereum", "slug": "ethereum", "symbol": "ETH", "token_address": "0x09ce2b746c32528b7d864a1e3979bd97d2f095ab"}, "date_added": "2021-09-07T17:29:20.000Z", "twitter_username": "", "is_hidden": 0, "date_launched": null, "contract_address": [{"contract_address": "0x09ce2b746c32528b7d864a1e3979bd97d2f095ab", "platform": {"name": "Ethereum", "coin": {"id": "1027", "name": "Ethereum", "symbol": "ETH", "slug": "ethereum"}}}], "self_reported_circulating_supply": NaN, "self_reported_tags": null, "self_reported_market_cap": NaN}, {"id": 19200, "name": "Defily Finance", "symbol": "DFL", "category": "token", "description": "Defily Finance (DFL) is a cryptocurrency launched in 2021and operates on the BNB Smart Chain (BEP20) platform. Defily Finance has a current supply of 378,298,804 with 0 in circulation. The last known price of Defily Finance is 0.00023096 USD and is up 0.00 over the last 24 hours. More information can be found at http://www.defily.io/.", "slug": "defily-finance", "logo": "https://s2.coinmarketcap.com/static/img/coins/64x64/19200.png", "subreddit": "DefilyFinance", "notice": "", "tags": null, "tag-names": null, "tag-groups": null, "urls": {"website": ["http://www.defily.io/", "https://dragonwars.game"], "twitter": ["https://twitter.com/defilyfinance"], "message_board": ["https://defilyfinance.medium.com"], "chat": ["https://t.me/defilyfinance", "https://discord.gg/xUU85venae"], "facebook": [], "explorer": ["https://bscscan.com/token/0xd675ff2b0ff139e14f86d87b7a6049ca7c66d76e", "https://explorer.kardiachain.io/token/0xD675fF2B0ff139E14F86D87b7a6049ca7C66d76e", "https://explorer.harmony.one/address/0xfea7a6a0b346362bf88a9e4a88416b77a57d6c2a"], "reddit": ["https://reddit.com/r/DefilyFinance"], "technical_doc": [], "source_code": [], "announcement": []}, "platform": {"id": "1839", "name": "BNB", "slug": "bnb", "symbol": "BNB", "token_address": "0xD675fF2B0ff139E14F86D87b7a6049ca7C66d76e"}, "date_added": "2022-03-30T07:47:27.000Z", "twitter_username": "defilyfinance", "is_hidden": 0, "date_launched": "2021-06-07T00:00:00.000Z", "contract_address": [{"contract_address": "0xD675fF2B0ff139E14F86D87b7a6049ca7C66d76e", "platform": {"name": "BNB Smart Chain (BEP20)", "coin": {"id": "1839", "name": "BNB", "symbol": "BNB", "slug": "bnb"}}}, {"contract_address": "0xfea7a6a0b346362bf88a9e4a88416b77a57d6c2a", "platform": {"name": "Harmony", "coin": {"id": "3945", "name": "Harmony", "symbol": "ONE", "slug": "harmony"}}}, {"contract_address": "0xD675fF2B0ff139E14F86D87b7a6049ca7C66d76e", "platform": {"name": "KardiaChain", "coin": {"id": "5453", "name": "KardiaChain", "symbol": "KAI", "slug": "kardiachain"}}}], "self_reported_circulating_supply": 407787589.0, "self_reported_tags": null, "self_reported_market_cap": 94183.52771226563}]