[{"id": 8128, "name": "DFSocial Gaming [old]", "symbol": "DFSOCIAL", "category": "token", "description": "DFSocial Gaming [old] (DFSOCIAL) is a cryptocurrency launched in 2020and operates on the Ethereum platform. DFSocial Gaming [old] has a current supply of 21,000 with 7,500 in circulation. The last known price of DFSocial Gaming [old] is 22.9017548 USD and is up 0.00 over the last 24 hours. More information can be found at https://dfsocial.com/.", "slug": "defisocial-gaming", "logo": "https://s2.coinmarketcap.com/static/img/coins/64x64/8128.png", "subreddit": "DFSocial_Gaming/", "notice": "Please note that DFS has undergone a [swap](https://coinmarketcap.com/currencies/defisocial-gaming-new).", "tags": ["gambling", "collectibles-nfts", "defi", "gaming", "lp-tokens", "play-to-earn", "bnb-chain"], "tag-names": ["Gambling", "Collectibles & NFTs", "DeFi", "Gaming", "LP Tokens", "Play To Earn", "BNB Chain"], "tag-groups": ["INDUSTRY", "CATEGORY", "CATEGORY", "INDUSTRY", "CATEGORY", "CATEGORY", "PLATFORM"], "urls": {"website": ["https://dfsocial.com/"], "twitter": ["https://twitter.com/DFSocial_Gaming"], "message_board": ["https://defisocial.medium.com/"], "chat": ["https://t.me/defisocial", "https://dfsocial.link/discord"], "facebook": [], "explorer": ["https://etherscan.io/address/0x54ee01beB60E745329E6a8711Ad2D6cb213e38d7", "https://ethplorer.io/address/0x54ee01beB60E745329E6a8711Ad2D6cb213e38d7"], "reddit": ["https://reddit.com/r/DFSocial_Gaming/"], "technical_doc": ["https://defisocial.gitbook.io/dfsocial-gaming"], "source_code": ["https://github.com/DFSocial/DeFi-Social-Gaming"], "announcement": ["https://t.me/DFSocialAnnouncements"]}, "platform": {"id": "1027", "name": "Ethereum", "slug": "ethereum", "symbol": "ETH", "token_address": "0x54ee01beB60E745329E6a8711Ad2D6cb213e38d7"}, "date_added": "2020-12-28T00:00:00.000Z", "twitter_username": "DFSocial_Gaming", "is_hidden": 0, "date_launched": "2020-12-27T00:00:00.000Z", "contract_address": [{"contract_address": "0x54ee01beB60E745329E6a8711Ad2D6cb213e38d7", "platform": {"name": "Ethereum", "coin": {"id": "1027", "name": "Ethereum", "symbol": "ETH", "slug": "ethereum"}}}, {"contract_address": "0x75de745a333a47Fe786e8DbBf3E9440d3d5Bc809", "platform": {"name": "BNB Smart Chain (BEP20)", "coin": {"id": "1839", "name": "BNB", "symbol": "BNB", "slug": "bnb"}}}], "self_reported_circulating_supply": 12260, "self_reported_tags": null, "self_reported_market_cap": 280775.51383575186}]