[{"id": 1120, "name": "DraftCoin", "symbol": "DFT", "category": "coin", "description": "DraftCoin (DFT) is a cryptocurrency . DraftCoin has a current supply of 18,715,912.491817 with 8,715,912.491817 in circulation. The last known price of DraftCoin is 0.00071797 USD and is down -0.45 over the last 24 hours. It is currently trading on 2 active market(s) with $0.00 traded over the last 24 hours. More information can be found at http://btcdraft.com/.", "slug": "draftcoin", "logo": "https://s2.coinmarketcap.com/static/img/coins/64x64/1120.png", "subreddit": "", "notice": "", "tags": ["pos", "scrypt"], "tag-names": ["PoS", "Scrypt"], "tag-groups": ["ALGORITHM", "ALGORITHM"], "urls": {"website": ["http://btcdraft.com/"], "twitter": ["https://twitter.com/draftcoin"], "message_board": [], "chat": ["https://t.me/btcdraftcoins"], "facebook": [], "explorer": ["http://explorer.btcdraft.com/"], "reddit": [], "technical_doc": ["http://www.btcdraft.com/wp-content/uploads/Draftcoin-whitepaper.pdf"], "source_code": [], "announcement": ["https://bitcointalk.org/index.php?topic=2144790.0"]}, "platform": null, "date_added": "2015-11-23T00:00:00.000Z", "twitter_username": "draftcoin", "is_hidden": 0, "date_launched": null, "contract_address": [], "self_reported_circulating_supply": NaN, "self_reported_tags": null, "self_reported_market_cap": NaN}, {"id": 2878, "name": "DigiFinexToken", "symbol": "DFT", "category": "token", "description": "DigiFinexToken (DFT) is a cryptocurrency and operates on the Ethereum platform. DigiFinexToken has a current supply of 2,100,000,000 with 0 in circulation. The last known price of DigiFinexToken is 0.02818248 USD and is up 1.50 over the last 24 hours. It is currently trading on 2 active market(s) with $19,768.28 traded over the last 24 hours. More information can be found at https://www.digifinex.com/.", "slug": "digifinextoken", "logo": "https://s2.coinmarketcap.com/static/img/coins/64x64/2878.png", "subreddit": "", "notice": "", "tags": ["centralized-exchange"], "tag-names": ["Centralized Exchange (CEX) Token"], "tag-groups": ["CATEGORY"], "urls": {"website": ["https://www.digifinex.com/"], "twitter": [], "message_board": ["https://www.digifinex.com/notice"], "chat": [], "facebook": [], "explorer": ["https://etherscan.io/token/0xa2a54f1ec1f09316ef12c1770d32ed8f21b1fb6a", "https://ethplorer.io/address/0xa2a54f1ec1f09316ef12c1770d32ed8f21b1fb6a"], "reddit": [], "technical_doc": [], "source_code": [], "announcement": []}, "platform": {"id": "1027", "name": "Ethereum", "slug": "ethereum", "symbol": "ETH", "token_address": "0xa2a54f1ec1f09316ef12c1770d32ed8f21b1fb6a"}, "date_added": "2018-06-27T00:00:00.000Z", "twitter_username": "", "is_hidden": 0, "date_launched": null, "contract_address": [{"contract_address": "0xa2a54f1ec1f09316ef12c1770d32ed8f21b1fb6a", "platform": {"name": "Ethereum", "coin": {"id": "1027", "name": "Ethereum", "symbol": "ETH", "slug": "ethereum"}}}], "self_reported_circulating_supply": NaN, "self_reported_tags": null, "self_reported_market_cap": NaN}, {"id": 6850, "name": "DeFiat", "symbol": "DFT", "category": "token", "description": "DeFiat (DFT) is a cryptocurrency and operates on the Ethereum platform. DeFiat has a current supply of 0. The last known price of DeFiat is 0.11100573 USD and is up 0.00 over the last 24 hours. More information can be found at https://defiat.net/.", "slug": "defiat", "logo": "https://s2.coinmarketcap.com/static/img/coins/64x64/6850.png", "subreddit": "", "notice": "", "tags": ["yield-farming"], "tag-names": ["Yield Farming"], "tag-groups": ["CATEGORY"], "urls": {"website": ["https://defiat.net/"], "twitter": ["https://twitter.com/DefiatOfficial"], "message_board": ["https://medium.com/@defiat"], "chat": ["https://t.me/defiat_crypto", "https://discord.com/invite/fjHpaAr"], "facebook": [], "explorer": ["https://etherscan.io/token/0xb6ee603933e024d8d53dde3faa0bf98fe2a3d6f1", "https://ethplorer.io/address/0xb6ee603933e024d8d53dde3faa0bf98fe2a3d6f1"], "reddit": [], "technical_doc": [], "source_code": ["https://github.com/QuantSoldier/defiat"], "announcement": []}, "platform": {"id": "1027", "name": "Ethereum", "slug": "ethereum", "symbol": "ETH", "token_address": "0xb6ee603933e024d8d53dde3faa0bf98fe2a3d6f1"}, "date_added": "2020-09-02T00:00:00.000Z", "twitter_username": "DefiatOfficial", "is_hidden": 0, "date_launched": null, "contract_address": [{"contract_address": "0xb6ee603933e024d8d53dde3faa0bf98fe2a3d6f1", "platform": {"name": "Ethereum", "coin": {"id": "1027", "name": "Ethereum", "symbol": "ETH", "slug": "ethereum"}}}], "self_reported_circulating_supply": NaN, "self_reported_tags": null, "self_reported_market_cap": NaN}, {"id": 8758, "name": "dFuture", "symbol": "DFT", "category": "token", "description": "dFuture (DFT) is a cryptocurrency launched in 2021and operates on the HECO platform. dFuture has a current supply of 111,739,960 with 0 in circulation. The last known price of dFuture is 0.000033 USD and is up 0.00 over the last 24 hours. More information can be found at https://www.dfuture.com.", "slug": "dfuture", "logo": "https://s2.coinmarketcap.com/static/img/coins/64x64/8758.png", "subreddit": "dFuture_finance", "notice": "", "tags": ["derivatives", "heco-ecosystem", "bnb-chain"], "tag-names": ["Derivatives", "HECO Ecosystem", "BNB Chain"], "tag-groups": ["CATEGORY", "PLATFORM", "PLATFORM"], "urls": {"website": ["https://www.dfuture.com", "https://m.dfuture.com"], "twitter": ["https://twitter.com/dFuture_finance"], "message_board": [], "chat": ["https://t.me/dfutureglobal"], "facebook": [], "explorer": ["https://hecoinfo.com/token/0x42712dF5009c20fee340B245b510c0395896cF6e", "https://bscscan.com/token/0x42712dF5009c20fee340B245b510c0395896cF6e"], "reddit": ["https://reddit.com/r/dFuture_finance"], "technical_doc": ["https://www.dfuture.com/oss-files/dFuture%20Whitepaper.pdf"], "source_code": [], "announcement": []}, "platform": {"id": "2502", "name": "Huobi Token", "slug": "huobi-token", "symbol": "HT", "token_address": "0x42712dF5009c20fee340B245b510c0395896cF6e"}, "date_added": "2021-03-09T00:00:00.000Z", "twitter_username": "dFuture_finance", "is_hidden": 0, "date_launched": "2021-02-27T00:00:00.000Z", "contract_address": [{"contract_address": "0x42712dF5009c20fee340B245b510c0395896cF6e", "platform": {"name": "HECO", "coin": {"id": "2502", "name": "Huobi Token", "symbol": "HT", "slug": "huobi-token"}}}, {"contract_address": "0x42712dF5009c20fee340B245b510c0395896cF6e", "platform": {"name": "BNB Smart Chain (BEP20)", "coin": {"id": "1839", "name": "BNB", "symbol": "BNB", "slug": "bnb"}}}], "self_reported_circulating_supply": 111739960.0, "self_reported_tags": null, "self_reported_market_cap": 3686.928217566925}]