[{"id": 9511, "name": "Dfyn Network", "symbol": "DFYN", "category": "token", "description": "Dfyn Network (DFYN) is a cryptocurrency launched in 2021and operates on the Ethereum platform. Dfyn Network has a current supply of 198,284,457 with 168,504,863 in circulation. The last known price of Dfyn Network is 0.02196773 USD and is down -2.03 over the last 24 hours. It is currently trading on 69 active market(s) with $101,519.08 traded over the last 24 hours. More information can be found at https://dfyn.network/.", "slug": "dfyn-network", "logo": "https://s2.coinmarketcap.com/static/img/coins/64x64/9511.png", "subreddit": "", "notice": "", "tags": ["amm", "algorand-ecosystem", "arbitrum-ecosytem"], "tag-names": ["AMM", "Algorand Ecosystem", "Arbitrum Ecosystem"], "tag-groups": ["CATEGORY", "CATEGORY", "PLATFORM"], "urls": {"website": ["https://dfyn.network/"], "twitter": ["https://twitter.com/_DFyn"], "message_board": ["https://dfyn-network.medium.com/"], "chat": ["https://t.me/Dfyn_HQ", "https://t.me/dfynofficial"], "facebook": [], "explorer": ["https://etherscan.io/token/0x9695e0114e12c0d3a3636fab5a18e6b737529023"], "reddit": [], "technical_doc": ["https://dfyn.network/assets/docs/Dfyn-Litepaper.pdf"], "source_code": ["https://github.com/dfyn"], "announcement": []}, "platform": {"id": "1027", "name": "Ethereum", "slug": "ethereum", "symbol": "ETH", "token_address": "0x9695e0114e12c0d3a3636fab5a18e6b737529023"}, "date_added": "2021-04-30T00:00:00.000Z", "twitter_username": "_DFyn", "is_hidden": 0, "date_launched": "2021-05-09T00:00:00.000Z", "contract_address": [{"contract_address": "0x9695e0114e12c0d3a3636fab5a18e6b737529023", "platform": {"name": "Ethereum", "coin": {"id": "1027", "name": "Ethereum", "symbol": "ETH", "slug": "ethereum"}}}, {"contract_address": "0xC168E40227E4ebD8C1caE80F7a55a4F0e6D66C97", "platform": {"name": "Polygon", "coin": {"id": "3890", "name": "Polygon", "symbol": "MATIC", "slug": "polygon"}}}], "self_reported_circulating_supply": null, "self_reported_tags": ["Decentralized Exchange (DEX) Token", "DeFi", "Prediction Markets", "DApp", "AMM", "DEX", "LP Tokens", "Polkastarter"], "self_reported_market_cap": null}]