[{"id": 8833, "name": "DeGate", "symbol": "DG", "category": "token", "description": "DeGate (DG) is a cryptocurrency launched in 2021and operates on the Ethereum platform. DeGate has a current supply of 1,000,000,000 with 186,342,038 in circulation. The last known price of DeGate is 0.09563503 USD and is down -0.76 over the last 24 hours. It is currently trading on 7 active market(s) with $137,200.64 traded over the last 24 hours. More information can be found at https://degate.com/.", "slug": "degate", "logo": "https://s2.coinmarketcap.com/static/img/coins/64x64/8833.png", "subreddit": "", "notice": "", "tags": null, "tag-names": null, "tag-groups": null, "urls": {"website": ["https://degate.com/"], "twitter": ["https://twitter.com/DeGateDex"], "message_board": ["https://medium.com/degate"], "chat": ["https://discord.gg/RFVDKGemJb", "https://t.me/degate_public"], "facebook": [], "explorer": ["https://etherscan.io/token/0x53c8395465a84955c95159814461466053dedede"], "reddit": [], "technical_doc": ["https://common-resource.degate.com/doc/whitepaper_en.pdf"], "source_code": ["https://github.com/degatedev"], "announcement": []}, "platform": {"id": "1027", "name": "Ethereum", "slug": "ethereum", "symbol": "ETH", "token_address": "0x53c8395465a84955c95159814461466053dedede"}, "date_added": "2021-03-16T00:00:00.000Z", "twitter_username": "DeGateDex", "is_hidden": 0, "date_launched": "2021-03-11T00:00:00.000Z", "contract_address": [{"contract_address": "0x53c8395465a84955c95159814461466053dedede", "platform": {"name": "Ethereum", "coin": {"id": "1027", "name": "Ethereum", "symbol": "ETH", "slug": "ethereum"}}}], "self_reported_circulating_supply": 186342038.74749994, "self_reported_tags": null, "self_reported_market_cap": 17820113.43288964}, {"id": 15478, "name": "Decentral Games", "symbol": "DG", "category": "token", "description": "Decentral Games (DG) is a cryptocurrency launched in 2020and operates on the Ethereum platform. Decentral Games has a current supply of 610,255,828.7215893 with 608,968,228.7215893 in circulation. The last known price of Decentral Games is 0.02254201 USD and is down -2.62 over the last 24 hours. It is currently trading on 23 active market(s) with $227,720.99 traded over the last 24 hours. More information can be found at https://decentral.games.", "slug": "decentral-games", "logo": "https://s2.coinmarketcap.com/static/img/coins/64x64/15478.png", "subreddit": "", "notice": "", "tags": ["gaming", "metaverse", "dcg-portfolio"], "tag-names": ["Gaming", "Metaverse", "DCG Portfolio"], "tag-groups": ["INDUSTRY", "CATEGORY", "CATEGORY"], "urls": {"website": ["https://decentral.games"], "twitter": ["https://twitter.com/decentralgames"], "message_board": ["https://decentral.games/blog"], "chat": ["https://decentral.games/discord", "https://t.me/decentralgames"], "facebook": ["https://www.facebook.com/decentralgames/"], "explorer": ["https://etherscan.io/token/0x4b520c812e8430659fc9f12f6d0c39026c83588d", "https://ethplorer.io/address/0x4b520c812e8430659fc9f12f6d0c39026c83588d"], "reddit": [], "technical_doc": ["https://docs.decentral.games/"], "source_code": ["https://github.com/decentralgames"], "announcement": ["https://decentral.games/blog/category/announcements"]}, "platform": {"id": "1027", "name": "Ethereum", "slug": "ethereum", "symbol": "ETH", "token_address": "0x4b520c812e8430659fc9f12f6d0c39026c83588d"}, "date_added": "2021-12-02T04:24:32.000Z", "twitter_username": "decentralgames", "is_hidden": 0, "date_launched": "2020-12-01T00:00:00.000Z", "contract_address": [{"contract_address": "0x4b520c812e8430659fc9f12f6d0c39026c83588d", "platform": {"name": "Ethereum", "coin": {"id": "1027", "name": "Ethereum", "symbol": "ETH", "slug": "ethereum"}}}, {"contract_address": "0xef938b6da8576a896f6e0321ef80996f4890f9c4", "platform": {"name": "Polygon", "coin": {"id": "3890", "name": "Polygon", "symbol": "MATIC", "slug": "polygon"}}}], "self_reported_circulating_supply": NaN, "self_reported_tags": ["Marketplace", "Store Of Value", "VR/AR", "Collectibles & NFTs", "Gaming", "Staking", "DAO", "Ethereum Ecosystem", "BNB Smart Chain", "Governance", "Binance Labs Portfolio", "Metaverse", "DCG Portfolio", "Hashkey Capital Portfolio", "Polygon Ecosystem", "Play To Earn", "Web3", "Gaming Guild"], "self_reported_market_cap": NaN}, {"id": 7798, "name": "Decentral Games [Old]", "symbol": "DG", "category": "token", "description": "Decentral Games [Old] (DG) is a cryptocurrency launched in 2020and operates on the Ethereum platform. Decentral Games [Old] has a current supply of 1,000,000 with 346,695.49674607 in circulation. The last known price of Decentral Games [Old] is 318.236001 USD and is up 2.25 over the last 24 hours. More information can be found at https://decentral.games.", "slug": "decentral-games-old", "logo": "https://s2.coinmarketcap.com/static/img/coins/64x64/7798.png", "subreddit": "", "notice": "The Decentral Games (DG) token has split 1:1000 and upgraded to DG Governance V2. The new contract address is 0x4b520c812e8430659fc9f12f6d0c39026c83588d. Read the [official announcement](https://decentral.games/blog/dg-token-split-governance-v2-and-liquidity-pool-updates) for details on migrating old DG tokens. View the new DG Token CoinMarketCap page [here](https://coinmarketcap.com/currencies/decentral-games/).", "tags": ["collectibles-nfts", "gaming", "dao", "metaverse", "polygon-ecosystem", "play-to-earn", "bnb-chain"], "tag-names": ["Collectibles & NFTs", "Gaming", "DAO", "Metaverse", "Polygon Ecosystem", "Play To Earn", "BNB Chain"], "tag-groups": ["CATEGORY", "INDUSTRY", "CATEGORY", "CATEGORY", "PLATFORM", "CATEGORY", "PLATFORM"], "urls": {"website": ["https://decentral.games"], "twitter": ["https://twitter.com/decentralgames"], "message_board": ["https://decentral.games/blog"], "chat": ["https://decentral.games/discord", "https://t.me/decentralgames"], "facebook": ["https://www.facebook.com/decentralgames/"], "explorer": ["https://etherscan.io/token/0xee06a81a695750e71a662b51066f2c74cf4478a0", "https://ethplorer.io/address/0xee06a81a695750e71a662b51066f2c74cf4478a0", "https://explorer-mainnet.maticvigil.com/tokens/0x2a93172c8DCCbfBC60a39d56183B7279a2F647b4/token-transfers", "https://bscscan.com/token/0x9fdc3ae5c814b79dca2556564047c5e7e5449c19"], "reddit": [], "technical_doc": ["https://docs.decentral.games/"], "source_code": ["https://github.com/decentralgames"], "announcement": ["https://decentral.games/blog/category/announcements"]}, "platform": {"id": "1027", "name": "Ethereum", "slug": "ethereum", "symbol": "ETH", "token_address": "0xee06a81a695750e71a662b51066f2c74cf4478a0"}, "date_added": "2020-11-27T00:00:00.000Z", "twitter_username": "decentralgames", "is_hidden": 0, "date_launched": "2020-11-30T00:00:00.000Z", "contract_address": [{"contract_address": "0xee06a81a695750e71a662b51066f2c74cf4478a0", "platform": {"name": "Ethereum", "coin": {"id": "1027", "name": "Ethereum", "symbol": "ETH", "slug": "ethereum"}}}, {"contract_address": "0x9fdc3ae5c814b79dca2556564047c5e7e5449c19", "platform": {"name": "BNB Smart Chain (BEP20)", "coin": {"id": "1839", "name": "BNB", "symbol": "BNB", "slug": "bnb"}}}, {"contract_address": "0x2a93172c8dccbfbc60a39d56183b7279a2f647b4", "platform": {"name": "Polygon", "coin": {"id": "3890", "name": "Polygon", "symbol": "MATIC", "slug": "polygon"}}}], "self_reported_circulating_supply": NaN, "self_reported_tags": ["Store Of Value", "VR/AR", "Collectibles & NFTs", "Gaming", "Staking", "DAO", "Ethereum Ecosystem", "BNB Smart Chain", "Governance", "Binance Labs Portfolio", "Metaverse", "DCG Portfolio", "Hashkey Capital Portfolio", "Polygon Ecosystem", "Play To Earn", "Web3", "Gaming Guild"], "self_reported_market_cap": NaN}, {"id": 19740, "name": "Naughty Dragon", "symbol": "DG", "category": "token", "description": "##What is Naughty Dragon\r\n\r\nNaughty Dragon is a Blockchain-based game on BSC, released by the game development team with many popular games. The game is built with a 3D character system, giving players a lot of new experiences thanks to the fact that players can directly interact with the game characters they own.\r\n\r\n\r\nWith simple, fun gameplay and adorable character creation, you will constantly feel comfortable and associated every chance you encounter Naughty Dragon.\r\n\r\n\r\n##What is DG?\r\nDG is the governance token of Naughty Dragon with a limited supply of 50 billion tokens.\r\n\r\nPlayers can use DG to swap into in game coins and play the game and withdraw it anytime. \r\n\r\n##How we avoid the token's inflation rate ?\r\n- Adjust number of circulation by buying back methods from the revenue of the marketplace\r\n- Adjustgame rewards upon the real value of the token on the market", "slug": "naughty-dragon", "logo": "https://s2.coinmarketcap.com/static/img/coins/64x64/19740.png", "subreddit": "", "notice": "", "tags": null, "tag-names": null, "tag-groups": null, "urls": {"website": ["https://www.naughtydragon.io/"], "twitter": ["https://twitter.com/Naughty_DRG"], "message_board": ["https://t.me/Naughty_DRG"], "chat": ["https://t.me/Naughty_DRG"], "facebook": [], "explorer": [], "reddit": [], "technical_doc": ["https://docs.naughtydragon.io/"], "source_code": [], "announcement": ["https://t.me/NaughtyDragon_Ann"]}, "platform": null, "date_added": "2022-04-25T04:43:34.000Z", "twitter_username": "Naughty_DRG", "is_hidden": 0, "date_launched": "2022-04-25T00:00:00.000Z", "contract_address": [], "self_reported_circulating_supply": 6000000000.0, "self_reported_tags": null, "self_reported_market_cap": 0.0}]