[{"id": 8148, "name": "DigiCol", "symbol": "DGCL", "category": "token", "description": "DigiCol (DGCL) is a cryptocurrency launched in 2020and operates on the Ethereum platform. DigiCol has a current supply of 165,000,000 with 0 in circulation. The last known price of DigiCol is 0.00062556 USD and is up 0.00 over the last 24 hours. More information can be found at https://www.digicol.io/.", "slug": "digicol", "logo": "https://s2.coinmarketcap.com/static/img/coins/64x64/8148.png", "subreddit": "", "notice": "", "tags": ["governance", "exnetwork-capital-portfolio"], "tag-names": ["Governance", "Exnetwork Capital Portfolio"], "tag-groups": ["CATEGORY", "CATEGORY"], "urls": {"website": ["https://www.digicol.io/"], "twitter": ["https://twitter.com/DigiColofficial"], "message_board": ["https://digicol.medium.com/"], "chat": ["https://t.me/digicolofficial"], "facebook": [], "explorer": ["https://etherscan.io/token/0x63B8b7d4A3EFD0735c4BFFBD95B332a55e4eB851", "https://ethplorer.io/address/0x63B8b7d4A3EFD0735c4BFFBD95B332a55e4eB851"], "reddit": [], "technical_doc": [], "source_code": [], "announcement": []}, "platform": {"id": "1027", "name": "Ethereum", "slug": "ethereum", "symbol": "ETH", "token_address": "0x63B8b7d4A3EFD0735c4BFFBD95B332a55e4eB851"}, "date_added": "2020-12-30T00:00:00.000Z", "twitter_username": "DigiColofficial", "is_hidden": 0, "date_launched": "2020-10-04T00:00:00.000Z", "contract_address": [{"contract_address": "0x63B8b7d4A3EFD0735c4BFFBD95B332a55e4eB851", "platform": {"name": "Ethereum", "coin": {"id": "1027", "name": "Ethereum", "symbol": "ETH", "slug": "ethereum"}}}], "self_reported_circulating_supply": 165000000, "self_reported_tags": ["Lending & Borrowing"], "self_reported_market_cap": 103217.7182234587}]