[{"id": 17284, "name": "Dogelana", "symbol": "DGLN", "category": "token", "description": "Dogelana (DGLN) is a cryptocurrency launched in 2021and operates on the Solana platform. Dogelana has a current supply of 13,500,000,000 with 0 in circulation. The last known price of Dogelana is 0.0000045 USD and is up 0.01 over the last 24 hours. It is currently trading on 1 active market(s) with $1.17 traded over the last 24 hours. More information can be found at https://dogelana.com.", "slug": "dogelana-com", "logo": "https://s2.coinmarketcap.com/static/img/coins/64x64/17284.png", "subreddit": "dgln", "notice": "", "tags": ["memes", "doggone-doggerel"], "tag-names": ["Memes", "Doggone Doggerel"], "tag-groups": ["INDUSTRY", "CATEGORY"], "urls": {"website": ["https://dogelana.com"], "twitter": ["https://twitter.com/RealDogelana"], "message_board": ["https://www.dogelana.com/blog"], "chat": ["https://discord.gg/UNjbTguY5x", "https://t.me/realdogelana"], "facebook": [], "explorer": ["https://solscan.io/token/E6UU5M1z4CvSAAF99d9wRoXsasWMEXsvHrz3JQRXtm2X"], "reddit": ["https://reddit.com/r/dgln"], "technical_doc": ["https://dogelana.com/assets/Dogelana%20Whitepaper.pdf"], "source_code": [], "announcement": []}, "platform": {"id": "5426", "name": "Solana", "slug": "solana", "symbol": "SOL", "token_address": "E6UU5M1z4CvSAAF99d9wRoXsasWMEXsvHrz3JQRXtm2X"}, "date_added": "2022-01-14T03:56:19.000Z", "twitter_username": "RealDogelana", "is_hidden": 0, "date_launched": "2021-12-11T00:00:00.000Z", "contract_address": [{"contract_address": "E6UU5M1z4CvSAAF99d9wRoXsasWMEXsvHrz3JQRXtm2X", "platform": {"name": "Solana", "coin": {"id": "5426", "name": "Solana", "symbol": "SOL", "slug": "solana"}}}], "self_reported_circulating_supply": 13500000000, "self_reported_tags": null, "self_reported_market_cap": 60733.39738883691}]