[{"id": 13671, "name": "DogeMan", "symbol": "DGMAN", "category": "token", "description": "DogeMan (DGMAN) is a cryptocurrency and operates on the Ethereum platform. DogeMan has a current supply of 100,000,000,000 with 0 in circulation. The last known price of DogeMan is 0.00000001 USD and is up 0.00 over the last 24 hours. More information can be found at https://dogeman.io/.", "slug": "dogeman", "logo": "https://s2.coinmarketcap.com/static/img/coins/64x64/13671.png", "subreddit": "", "notice": "", "tags": ["memes", "doggone-doggerel"], "tag-names": ["Memes", "Doggone Doggerel"], "tag-groups": ["INDUSTRY", "CATEGORY"], "urls": {"website": ["https://dogeman.io/"], "twitter": ["https://twitter.com/DogeManERC20"], "message_board": [], "chat": ["https://t.me/DogeManOfficial", "https://discord.gg/tNErUDuT"], "facebook": [], "explorer": ["https://etherscan.io/token/0x3cc1020acdcd64b11dd417d2c28388e71605d7c9"], "reddit": [], "technical_doc": [], "source_code": [], "announcement": []}, "platform": {"id": "1027", "name": "Ethereum", "slug": "ethereum", "symbol": "ETH", "token_address": "0x3cc1020acdcd64b11dd417d2c28388e71605d7c9"}, "date_added": "2021-11-01T10:28:09.000Z", "twitter_username": "DogeManERC20", "is_hidden": 0, "date_launched": null, "contract_address": [{"contract_address": "0x3cc1020acdcd64b11dd417d2c28388e71605d7c9", "platform": {"name": "Ethereum", "coin": {"id": "1027", "name": "Ethereum", "symbol": "ETH", "slug": "ethereum"}}}], "self_reported_circulating_supply": null, "self_reported_tags": null, "self_reported_market_cap": null}]