[{"id": 2739, "name": "Digix Gold Token", "symbol": "DGX", "category": "token", "description": "Digix Gold Token (DGX) is a cryptocurrency and operates on the Ethereum platform. Digix Gold Token has a current supply of 58,000 with 54,623.27344499 in circulation. The last known price of Digix Gold Token is 44.30442924 USD and is up 0.71 over the last 24 hours. It is currently trading on 21 active market(s) with $0.96 traded over the last 24 hours. More information can be found at https://digix.global/dgx.", "slug": "digix-gold-token", "logo": "https://s2.coinmarketcap.com/static/img/coins/64x64/2739.png", "subreddit": "digix", "notice": "", "tags": ["store-of-value", "stablecoin", "asset-backed-stablecoin", "dao", "substrate", "polkadot", "tokenized-gold"], "tag-names": ["Store Of Value", "Stablecoin", "Asset-Backed Stablecoin", "DAO", "Substrate", "Polkadot", "Tokenized Gold"], "tag-groups": ["CATEGORY", "CATEGORY", "CATEGORY", "CATEGORY", "CATEGORY", "PLATFORM", "CATEGORY"], "urls": {"website": ["https://digix.global/dgx", "https://digix.global/app/#/provenance/assets-explorer/assets-list"], "twitter": ["https://twitter.com/digixglobal"], "message_board": ["https://medium.com/digix"], "chat": ["https://discord.gg/CCDBJJC"], "facebook": [], "explorer": ["https://etherscan.io/token/0x4f3afec4e5a3f2a6a1a411def7d7dfe50ee057bf", "https://ethplorer.io/address/0x4f3afec4e5a3f2a6a1a411def7d7dfe50ee057bf"], "reddit": ["https://reddit.com/r/digix"], "technical_doc": [], "source_code": ["https://gist.github.com/mrenoon/2582fba7b4d457d80f7d37520aabbc08"], "announcement": []}, "platform": {"id": "1027", "name": "Ethereum", "slug": "ethereum", "symbol": "ETH", "token_address": "0x4f3afec4e5a3f2a6a1a411def7d7dfe50ee057bf"}, "date_added": "2018-05-15T00:00:00.000Z", "twitter_username": "digixglobal", "is_hidden": 0, "date_launched": null, "contract_address": [{"contract_address": "0x4f3afec4e5a3f2a6a1a411def7d7dfe50ee057bf", "platform": {"name": "Ethereum", "coin": {"id": "1027", "name": "Ethereum", "symbol": "ETH", "slug": "ethereum"}}}], "self_reported_circulating_supply": null, "self_reported_tags": null, "self_reported_market_cap": null}]