[{"id": 7094, "name": "dHedge DAO", "symbol": "DHT", "category": "token", "description": "dHedge DAO (DHT) is a cryptocurrency launched in 2020and operates on the Ethereum platform. dHedge DAO has a current supply of 100,000,000 with 36,085,487.1449094 in circulation. The last known price of dHedge DAO is 0.0734245 USD and is down -0.30 over the last 24 hours. It is currently trading on 23 active market(s) with $22,137.86 traded over the last 24 hours. More information can be found at https://www.dhedge.org/.", "slug": "dhedge-dao", "logo": "https://s2.coinmarketcap.com/static/img/coins/64x64/7094.png", "subreddit": "", "notice": "", "tags": ["decentralized-exchange-dex-token", "defi", "dao", "three-arrows-capital-portfolio", "governance", "framework-ventures-portfolio", "alameda-research-portfolio", "arbitrum-ecosytem"], "tag-names": ["Decentralized Exchange (DEX) Token", "DeFi", "DAO", "Three Arrows Capital Portfolio", "Governance", "Framework Ventures Portfolio", "Alameda Research Portfolio", "Arbitrum Ecosystem"], "tag-groups": ["CATEGORY", "CATEGORY", "CATEGORY", "CATEGORY", "CATEGORY", "CATEGORY", "CATEGORY", "PLATFORM"], "urls": {"website": ["https://www.dhedge.org/"], "twitter": ["https://twitter.com/dHedgeOrg"], "message_board": [], "chat": ["https://discord.com/invite/BAWTbRA", "https://t.me/dhedge"], "facebook": [], "explorer": ["https://etherscan.io/token/0xca1207647ff814039530d7d35df0e1dd2e91fa84", "https://ethplorer.io/address/0xca1207647ff814039530d7d35df0e1dd2e91fa84", "https://polygonscan.com/token/0x8c92e38eca8210f4fcbf17f0951b198dd7668292", "https://optimistic.etherscan.io/address/0xAF9fE3B5cCDAe78188B1F8b9a49Da7ae9510F151"], "reddit": [], "technical_doc": ["https://docs.dhedge.org/"], "source_code": [], "announcement": []}, "platform": {"id": "1027", "name": "Ethereum", "slug": "ethereum", "symbol": "ETH", "token_address": "0xca1207647ff814039530d7d35df0e1dd2e91fa84"}, "date_added": "2020-09-17T00:00:00.000Z", "twitter_username": "dHedgeOrg", "is_hidden": 0, "date_launched": "2020-09-17T00:00:00.000Z", "contract_address": [{"contract_address": "0xca1207647ff814039530d7d35df0e1dd2e91fa84", "platform": {"name": "Ethereum", "coin": {"id": "1027", "name": "Ethereum", "symbol": "ETH", "slug": "ethereum"}}}, {"contract_address": "0x8c92e38eca8210f4fcbf17f0951b198dd7668292", "platform": {"name": "Polygon", "coin": {"id": "3890", "name": "Polygon", "symbol": "MATIC", "slug": "polygon"}}}, {"contract_address": "0xAF9fE3B5cCDAe78188B1F8b9a49Da7ae9510F151", "platform": {"name": "Optimism", "coin": {"id": "11840", "name": "Optimism", "symbol": "OP", "slug": "optimism-ethereum"}}}], "self_reported_circulating_supply": null, "self_reported_tags": null, "self_reported_market_cap": null}]