[{"id": 8867, "name": "DeHive", "symbol": "DHV", "category": "token", "description": "DeHive (DHV) is a cryptocurrency launched in 2021and operates on the Ethereum platform. DeHive has a current supply of 5,614,361 with 4,019,375 in circulation. The last known price of DeHive is 0.05912412 USD and is up 1.17 over the last 24 hours. It is currently trading on 15 active market(s) with $15,617.71 traded over the last 24 hours. More information can be found at https://www.dehive.finance.", "slug": "dehive", "logo": "https://s2.coinmarketcap.com/static/img/coins/64x64/8867.png", "subreddit": "", "notice": "", "tags": ["defi", "poolz-finance-portfolio", "exnetwork-capital-portfolio"], "tag-names": ["DeFi", "Poolz Finance Portfolio", "Exnetwork Capital Portfolio"], "tag-groups": ["CATEGORY", "CATEGORY", "CATEGORY"], "urls": {"website": ["https://www.dehive.finance"], "twitter": ["https://twitter.com/dehive_finance"], "message_board": ["https://medium.com/dehive"], "chat": ["https://t.me/DeHive_chat"], "facebook": [], "explorer": ["https://etherscan.io/address/0x62Dc4817588d53a056cBbD18231d91ffCcd34b2A", "https://polygonscan.com/token/0x5fCB9de282Af6122ce3518CDe28B7089c9F97b26", "https://bscscan.com/token/0x58759dd469ae5631c42cf8a473992335575b58d7", "https://blockscout.com/xdai/mainnet/token/0xFbdd194376de19a88118e84E279b977f165d01b8/"], "reddit": [], "technical_doc": [], "source_code": ["https://github.com/DeHive-finance"], "announcement": []}, "platform": {"id": "1027", "name": "Ethereum", "slug": "ethereum", "symbol": "ETH", "token_address": "0x62Dc4817588d53a056cBbD18231d91ffCcd34b2A"}, "date_added": "2021-03-18T00:00:00.000Z", "twitter_username": "dehive_finance", "is_hidden": 0, "date_launched": "2021-02-04T00:00:00.000Z", "contract_address": [{"contract_address": "0x62Dc4817588d53a056cBbD18231d91ffCcd34b2A", "platform": {"name": "Ethereum", "coin": {"id": "1027", "name": "Ethereum", "symbol": "ETH", "slug": "ethereum"}}}, {"contract_address": "0x58759dd469ae5631c42cf8a473992335575b58d7", "platform": {"name": "BNB Smart Chain (BEP20)", "coin": {"id": "1839", "name": "BNB", "symbol": "BNB", "slug": "bnb"}}}, {"contract_address": "0xFbdd194376de19a88118e84E279b977f165d01b8", "platform": {"name": "Gnosis Chain", "coin": {"id": "1659", "name": "Gnosis", "symbol": "GNO", "slug": "gnosis-gno"}}}, {"contract_address": "0x5fcb9de282af6122ce3518cde28b7089c9f97b26", "platform": {"name": "Polygon", "coin": {"id": "3890", "name": "Polygon", "symbol": "MATIC", "slug": "polygon"}}}], "self_reported_circulating_supply": null, "self_reported_tags": ["DeFi"], "self_reported_market_cap": null}]