[{"id": 6138, "name": "DIA", "symbol": "DIA", "category": "token", "description": "DIA (DIA) is a cryptocurrency and operates on the Ethereum platform. DIA has a current supply of 175,583,746.1333865 with 90,613,091 in circulation. The last known price of DIA is 0.26940417 USD and is down -0.55 over the last 24 hours. It is currently trading on 71 active market(s) with $1,514,456.49 traded over the last 24 hours. More information can be found at https://diadata.org/.", "slug": "dia", "logo": "https://s2.coinmarketcap.com/static/img/coins/64x64/6138.png", "subreddit": "DIAdata", "notice": "", "tags": ["platform", "defi", "oracles", "smart-contracts", "ethereum-ecosystem", "substrate", "polkadot-ecosystem", "avalanche-ecosystem", "solana-ecosystem", "exnetwork-capital-portfolio", "polygon-ecosystem", "fantom-ecosystem", "web3", "near-protocol-ecosystem", "injective-ecosystem", "bnb-chain"], "tag-names": ["Platform", "DeFi", "Oracles", "Smart Contracts", "Ethereum Ecosystem", "Substrate", "Polkadot Ecosystem", "Avalanche Ecosystem", "Solana Ecosystem", "Exnetwork Capital Portfolio", "Polygon Ecosystem", "Fantom Ecosystem", "Web3", "Near Protocol Ecosystem", "Injective Ecosystem", "BNB Chain"], "tag-groups": ["CATEGORY", "CATEGORY", "CATEGORY", "CATEGORY", "PLATFORM", "CATEGORY", "PLATFORM", "PLATFORM", "PLATFORM", "CATEGORY", "PLATFORM", "PLATFORM", "INDUSTRY", "CATEGORY", "PLATFORM", "PLATFORM"], "urls": {"website": ["https://diadata.org/"], "twitter": ["https://twitter.com/DIAdata_org"], "message_board": ["https://medium.com/dia-insights"], "chat": ["https://t.me/DIAdata_org", "https://go.diadata.org/CMC"], "facebook": [], "explorer": ["https://etherscan.io/token/0x84ca8bc7997272c7cfb4d0cd3d55cd942b3c9419", "https://ethplorer.io/address/0x84ca8bc7997272c7cfb4d0cd3d55cd942b3c9419"], "reddit": ["https://reddit.com/r/DIAdata"], "technical_doc": ["https://docs.diadata.org"], "source_code": ["https://github.com/diadata-org"], "announcement": ["https://medium.com/dia-insights"]}, "platform": {"id": "1027", "name": "Ethereum", "slug": "ethereum", "symbol": "ETH", "token_address": "0x84ca8bc7997272c7cfb4d0cd3d55cd942b3c9419"}, "date_added": "2020-08-04T00:00:00.000Z", "twitter_username": "DIAdata_org", "is_hidden": 0, "date_launched": null, "contract_address": [{"contract_address": "0x84ca8bc7997272c7cfb4d0cd3d55cd942b3c9419", "platform": {"name": "Ethereum", "coin": {"id": "1027", "name": "Ethereum", "symbol": "ETH", "slug": "ethereum"}}}, {"contract_address": "0x99956d38059cf7beda96ec91aa7bb2477e0901dd", "platform": {"name": "BNB Smart Chain (BEP20)", "coin": {"id": "1839", "name": "BNB", "symbol": "BNB", "slug": "bnb"}}}], "self_reported_circulating_supply": 90613091, "self_reported_tags": ["AI & Big Data", "Collectibles & NFTs", "Crowdsourcing", "BNB Smart Chain", "Polkadot Ecosystem", "Software", "Avalanche Ecosystem", "Solana Ecosystem", "Metaverse", "Polygon Ecosystem", "Fantom Ecosystem", "Web3", "Arbitrum Ecosystem", "Celo Ecosystem"], "self_reported_market_cap": 24409246.295130897}]