[{"id": 10880, "name": "Didcoin", "symbol": "DID", "category": "token", "description": "Didcoin (DID) is a cryptocurrency launched in 2021and operates on the Tron20 platform. Didcoin has a current supply of 75,000,000 with 0 in circulation. The last known price of Didcoin is 0.00910572 USD and is up 6,396.30 over the last 24 hours. More information can be found at https://www.didcoin.com/.", "slug": "didcoin", "logo": "https://s2.coinmarketcap.com/static/img/coins/64x64/10880.png", "subreddit": "", "notice": "", "tags": ["tron-ecosystem"], "tag-names": ["TRON Ecosystem"], "tag-groups": ["PLATFORM"], "urls": {"website": ["https://www.didcoin.com/"], "twitter": ["https://twitter.com/digital_dinar"], "message_board": ["https://didcoin.medium.com/"], "chat": ["https://t.me/digital_dinar"], "facebook": [], "explorer": ["https://tronscan.org/#/token20/TFg5GVwZV8Gs9BMisa5kicE8HWXEoawiZR"], "reddit": [], "technical_doc": ["https://uploads-ssl.webflow.com/604dcede0c81323fee3e96f7/605653ed4e987f06d83c74c3_DIDCOIN%20last.pdf"], "source_code": [], "announcement": []}, "platform": {"id": "1958", "name": "TRON", "slug": "tron", "symbol": "TRX", "token_address": "TFg5GVwZV8Gs9BMisa5kicE8HWXEoawiZR"}, "date_added": "2021-08-10T00:00:00.000Z", "twitter_username": "digital_dinar", "is_hidden": 0, "date_launched": "2021-05-04T00:00:00.000Z", "contract_address": [{"contract_address": "TFg5GVwZV8Gs9BMisa5kicE8HWXEoawiZR", "platform": {"name": "Tron20", "coin": {"id": "1958", "name": "TRON", "symbol": "TRX", "slug": "tron"}}}], "self_reported_circulating_supply": null, "self_reported_tags": null, "self_reported_market_cap": null}]