[{"id": 16862, "name": "DinoEGG", "symbol": "DINOEGG", "category": "token", "description": "DinoEGG (DINOEGG) is a cryptocurrency launched in 2021and operates on the Solana platform. DinoEGG has a current supply of 0. The last known price of DinoEGG is 2.14387488 USD and is down -0.01 over the last 24 hours. It is currently trading on 1 active market(s) with $0.00 traded over the last 24 hours. More information can be found at https://www.solanadino.com.", "slug": "dinoegg", "logo": "https://s2.coinmarketcap.com/static/img/coins/64x64/16862.png", "subreddit": "", "notice": "", "tags": ["solana-ecosystem"], "tag-names": ["Solana Ecosystem"], "tag-groups": ["PLATFORM"], "urls": {"website": ["https://www.solanadino.com"], "twitter": ["https://twitter.com/SolanaDINO"], "message_board": ["https://medium.com/@SolanaDino/incubating-randomness-61b3e4b4b320"], "chat": ["https://discord.gg/BuRMWvRFPm"], "facebook": [], "explorer": ["https://explorer.solana.com/address/2TxM6S3ZozrBHZGHEPh9CtM74a9SVXbr7NQ7UxkRvQij"], "reddit": [], "technical_doc": ["https://www.solanadino.com/wp-content/uploads/2021/10/dino_whitepaper.pdf"], "source_code": [], "announcement": []}, "platform": {"id": "5426", "name": "Solana", "slug": "solana", "symbol": "SOL", "token_address": "2TxM6S3ZozrBHZGHEPh9CtM74a9SVXbr7NQ7UxkRvQij"}, "date_added": "2022-01-05T05:13:13.000Z", "twitter_username": "SolanaDINO", "is_hidden": 0, "date_launched": "2021-05-23T00:00:00.000Z", "contract_address": [{"contract_address": "2TxM6S3ZozrBHZGHEPh9CtM74a9SVXbr7NQ7UxkRvQij", "platform": {"name": "Solana", "coin": {"id": "5426", "name": "Solana", "symbol": "SOL", "slug": "solana"}}}], "self_reported_circulating_supply": null, "self_reported_tags": ["Collectibles & NFTs", "DApp", "Entertainment", "Gaming", "Staking"], "self_reported_market_cap": null}]