[{"id": 10777, "name": "DinoSwap", "symbol": "DINO", "category": "token", "description": "DinoSwap (DINO) is a cryptocurrency and operates on the Polygon platform. DinoSwap has a current supply of 160,454,123.30081597 with 153,601,031.18748146 in circulation. The last known price of DinoSwap is 0.00062916 USD and is up 2.86 over the last 24 hours. It is currently trading on 20 active market(s) with $17,271.21 traded over the last 24 hours. More information can be found at https://dinoswap.exchange/.", "slug": "dinoswap", "logo": "https://s2.coinmarketcap.com/static/img/coins/64x64/10777.png", "subreddit": "DinoSwapOfficial", "notice": "", "tags": ["asset-management", "defi", "yield-farming", "polygon-ecosystem", "vbc-ventures-portfolio", "spartan-group", "okex-blockdream-ventures-portfolio"], "tag-names": ["Asset Management", "DeFi", "Yield Farming", "Polygon Ecosystem", "VBC Ventures Portfolio", "Spartan Group", "OKEx Blockdream Ventures Portfolio"], "tag-groups": ["INDUSTRY", "CATEGORY", "CATEGORY", "PLATFORM", "CATEGORY", "CATEGORY", "CATEGORY"], "urls": {"website": ["https://dinoswap.exchange/"], "twitter": ["https://twitter.com/DinoSwapHQ"], "message_board": ["https://medium.com/dinoswapofficial", "https://medium.com/dinoswapofficial"], "chat": ["https://discord.gg/MMcNJJQy4y"], "facebook": [], "explorer": [], "reddit": ["https://reddit.com/r/DinoSwapOfficial"], "technical_doc": ["https://docs.dinoswap.exchange/"], "source_code": ["https://github.com/dinoswap"], "announcement": []}, "platform": {"id": "3890", "name": "Polygon", "slug": "polygon", "symbol": "MATIC", "token_address": "0xAa9654BECca45B5BDFA5ac646c939C62b527D394"}, "date_added": "2021-07-07T00:00:00.000Z", "twitter_username": "DinoSwapHQ", "is_hidden": 0, "date_launched": null, "contract_address": [{"contract_address": "0xAa9654BECca45B5BDFA5ac646c939C62b527D394", "platform": {"name": "Polygon", "coin": {"id": "3890", "name": "Polygon", "symbol": "MATIC", "slug": "polygon"}}}], "self_reported_circulating_supply": 41600.0, "self_reported_tags": ["DeFi", "Yield Farming", "AMM", "DEX", "Layer 2", "Polygon Ecosystem", "Web3"], "self_reported_market_cap": 26.176021831664432}, {"id": 22680, "name": "DinoLFG", "symbol": "DINO", "category": "token", "description": "DinoLFG (DINO) is a cryptocurrency and operates on the Ethereum platform. DinoLFG has a current supply of 333,333,333 with 0 in circulation. The last known price of DinoLFG is 0.01880798 USD and is down -3.27 over the last 24 hours. It is currently trading on 4 active market(s) with $72,564.26 traded over the last 24 hours. More information can be found at https://dinolfg.com/.", "slug": "dinolfg", "logo": "https://s2.coinmarketcap.com/static/img/coins/64x64/22680.png", "subreddit": "", "notice": "", "tags": null, "tag-names": null, "tag-groups": null, "urls": {"website": ["https://dinolfg.com/"], "twitter": ["https://twitter.com/DinoLFG"], "message_board": [], "chat": ["https://t.me/OfficialDinoLFG"], "facebook": [], "explorer": ["https://etherscan.io/token/0x49642110B712C1FD7261Bc074105E9E44676c68F", "https://ethplorer.io/address/0x49642110b712c1fd7261bc074105e9e44676c68f"], "reddit": [], "technical_doc": [], "source_code": [], "announcement": []}, "platform": {"id": "1027", "name": "Ethereum", "slug": "ethereum", "symbol": "ETH", "token_address": "0x49642110b712c1fd7261bc074105e9e44676c68f"}, "date_added": "2022-11-16T09:46:44.000Z", "twitter_username": "DinoLFG", "is_hidden": 0, "date_launched": null, "contract_address": [{"contract_address": "0x49642110b712c1fd7261bc074105e9e44676c68f", "platform": {"name": "Ethereum", "coin": {"id": "1027", "name": "Ethereum", "symbol": "ETH", "slug": "ethereum"}}}], "self_reported_circulating_supply": NaN, "self_reported_tags": null, "self_reported_market_cap": NaN}, {"id": 12513, "name": "Dino", "symbol": "DINO", "category": "token", "description": "Dino (DINO) is a cryptocurrency launched in 2021and operates on the Solana platform. Dino has a current supply of 500,000,000 with 0 in circulation. The last known price of Dino is 0.00020001 USD and is up 0.00 over the last 24 hours. It is currently trading on 2 active market(s) with $0.00 traded over the last 24 hours. More information can be found at https://www.solanadino.com.", "slug": "dino", "logo": "https://s2.coinmarketcap.com/static/img/coins/64x64/12513.png", "subreddit": "", "notice": "", "tags": ["memes"], "tag-names": ["Memes"], "tag-groups": ["INDUSTRY"], "urls": {"website": ["https://www.solanadino.com"], "twitter": ["https://twitter.com/SolanaDINO"], "message_board": [], "chat": ["https://discord.gg/BuRMWvRFPm"], "facebook": [], "explorer": ["https://explorer.solana.com/address/6Y7LbYB3tfGBG6CSkyssoxdtHb77AEMTRVXe8JUJRwZ7"], "reddit": [], "technical_doc": ["https://www.solanadino.com/wp-content/uploads/2021/10/dino_whitepaper.pdf"], "source_code": [], "announcement": []}, "platform": {"id": "5426", "name": "Solana", "slug": "solana", "symbol": "SOL", "token_address": "6Y7LbYB3tfGBG6CSkyssoxdtHb77AEMTRVXe8JUJRwZ7"}, "date_added": "2021-10-08T09:49:58.000Z", "twitter_username": "SolanaDINO", "is_hidden": 0, "date_launched": "2021-05-23T00:00:00.000Z", "contract_address": [{"contract_address": "6Y7LbYB3tfGBG6CSkyssoxdtHb77AEMTRVXe8JUJRwZ7", "platform": {"name": "Solana", "coin": {"id": "5426", "name": "Solana", "symbol": "SOL", "slug": "solana"}}}], "self_reported_circulating_supply": NaN, "self_reported_tags": ["Collectibles & NFTs", "Gaming", "Entertainment", "Staking", "DEX", "Solana Ecosystem", "Play To Earn"], "self_reported_market_cap": NaN}, {"id": 8809, "name": "Dino Token", "symbol": "DINO", "category": "token", "description": "## What is Dino Token (DINO)?\r\n\r\nDINO Token is a reflective treasury token that is a BEP20 token on the Binance Smart Chain. DINO redistributes 1% of every transaction to its holders and burns another 1% at the same time. \r\n\r\nThe DINO token at this time has two different uses:\r\nDINO is currently used to farm yDINO, a governance token which will be part of a complete ecosystem, by staking DINO and BNB on Tenet.\r\nDINO provides passive income to its users and holders through the 1% redistribution applied from every transaction\r\nNote:\r\nIt will be used in the near future as the central currency used in this ecosystem currently in development, where artists and collectors can buy and sell digital art goods using DINO Token.\r\n\r\nDINO Token itself has a growing community and is active in providing the community with updates and news.The project team is also reactive to the wants and requests of the community and responds to the community by delivering results based on these requests.\r\n\r\n## How Many DINO Coins Are There in Circulation?\r\n\r\nAt DINO Token launched on March 2, 2021 with 10,000,000 DINO tokens hatched at the beginning of the project. Since there is a 1% burn involved on every transaction, at the time of writing there have been 1047979.41126 tokens burned, leaving 8,952,020.588739 tokens which are currently in circulation, either being staked for liquidity, staked for farming or in Pancakeswap.\r\n\r\n### Who Is the Founder of DINO Token?\r\n\r\nDINO Token was an idea originally hatched by Doc Perrys, a web developer with over 20 years of experience in the field. Working on various projects for a variety of clients over the years, he has also worked for institutions and newspapers. The developer had also been involved in the developing cryptocurrency projects starting back to 2014 and is experienced at crafting NFTs as well. Realizing that things needed to be changed with the current state of BSC projects, Doc Perrys brought his previous experiences into the project and developed DINO Token. He wishes to make the token play a crucial role at the centre of a new ecosystem. The developer chose not to hold a dedicated developer wallet and made the token a community project. \r\n\r\n### Related Pages\r\n\r\nAt the time being DINO Token has an active Medium page where the latest news and articles about the token and its ecosystem are released on a regular basis. \r\n\r\n[Medium](https://dino-token.medium.com/) \r\n\r\n### Where Can I Buy DINO Token (DINO)?\r\n\r\nCurrently DINO token  is available on the Pancakeswap Decentralized Exchange, with cryptocurrency and BUSD and USDT pairs currently available.\r\n\r\n[Pancakeswap](https://exchange.pancakeswap.finance/#/swap?outputCurrency=0x3b11D489411BF11e843Cb28f8824dedBfcB75Df3&inputCurrency=BNB) offering pairs with BNB and other cryptocurrencies and stable coins.", "slug": "dino-token", "logo": "https://s2.coinmarketcap.com/static/img/coins/64x64/8809.png", "subreddit": "", "notice": "", "tags": ["bnb-chain"], "tag-names": ["BNB Chain"], "tag-groups": ["PLATFORM"], "urls": {"website": ["http://www.dino.surge.sh"], "twitter": ["https://twitter.com/dino_token"], "message_board": ["https://dino-token.medium.com/"], "chat": ["https://t.me/dinotoken"], "facebook": [], "explorer": ["https://bscscan.com/token/0x3b11d489411bf11e843cb28f8824dedbfcb75df3"], "reddit": [], "technical_doc": [], "source_code": [], "announcement": []}, "platform": {"id": "1839", "name": "BNB", "slug": "bnb", "symbol": "BNB", "token_address": "0x3b11d489411bf11e843cb28f8824dedbfcb75df3"}, "date_added": "2021-03-16T00:00:00.000Z", "twitter_username": "dino_token", "is_hidden": 0, "date_launched": "2021-03-01T00:00:00.000Z", "contract_address": [{"contract_address": "0x3b11d489411bf11e843cb28f8824dedbfcb75df3", "platform": {"name": "BNB Smart Chain (BEP20)", "coin": {"id": "1839", "name": "BNB", "symbol": "BNB", "slug": "bnb"}}}], "self_reported_circulating_supply": NaN, "self_reported_tags": null, "self_reported_market_cap": NaN}, {"id": 9621, "name": "DinoExchange", "symbol": "DINO", "category": "token", "description": "DinoExchange (DINO) is a cryptocurrency launched in 2021and operates on the BNB Smart Chain (BEP20) platform. DinoExchange has a current supply of 200,000,000 with 7,075,146.58814821 in circulation. The last known price of DinoExchange is 0.00842422 USD and is up 0.00 over the last 24 hours. More information can be found at https://app.dino.exchange/.", "slug": "dinoexchange", "logo": "https://s2.coinmarketcap.com/static/img/coins/64x64/9621.png", "subreddit": "", "notice": "", "tags": ["amm", "dex", "bnb-chain"], "tag-names": ["AMM", "DEX", "BNB Chain"], "tag-groups": ["CATEGORY", "CATEGORY", "PLATFORM"], "urls": {"website": ["https://app.dino.exchange/"], "twitter": ["https://twitter.com/dinoexchange"], "message_board": [], "chat": ["https://t.me/dinoexchange"], "facebook": [], "explorer": ["https://bscscan.com/token/0xf317932ee2C30fa5d0E14416775977801734812D"], "reddit": [], "technical_doc": ["https://docs.dino.exchange/dino/"], "source_code": ["https://github.com/dino-exchange"], "announcement": []}, "platform": {"id": "1839", "name": "BNB", "slug": "bnb", "symbol": "BNB", "token_address": "0xf317932ee2C30fa5d0E14416775977801734812D"}, "date_added": "2021-05-06T00:00:00.000Z", "twitter_username": "dinoexchange", "is_hidden": 0, "date_launched": "2021-04-19T00:00:00.000Z", "contract_address": [{"contract_address": "0xf317932ee2C30fa5d0E14416775977801734812D", "platform": {"name": "BNB Smart Chain (BEP20)", "coin": {"id": "1839", "name": "BNB", "symbol": "BNB", "slug": "bnb"}}}], "self_reported_circulating_supply": NaN, "self_reported_tags": ["DeFi", "Staking", "Yield Farming", "AMM", "BNB Smart Chain", "DEX", "Play To Earn"], "self_reported_market_cap": NaN}, {"id": 9784, "name": "DinoToken", "symbol": "DINO", "category": "token", "description": "DINO is an experiment in decentralized building. DINO token is one of first token that allows users to hold Billions or even Trillions of them.  This BEP-20 ONLY token can remain well under a penny and in a small amount of time (relatively speaking).", "slug": "dinotoken", "logo": "https://s2.coinmarketcap.com/static/img/coins/64x64/9784.png", "subreddit": "", "notice": "", "tags": null, "tag-names": null, "tag-groups": null, "urls": {"website": ["https://dinotoken.org/", "https://mobile.dinotoken.org/"], "twitter": ["https://twitter.com/DinoTokens"], "message_board": [], "chat": ["https://t.me/DinoTokenNewsOfficial", "https://t.me/DinoTokenOfficialGroup"], "facebook": [], "explorer": [], "reddit": [], "technical_doc": [], "source_code": [], "announcement": []}, "platform": null, "date_added": "2021-05-13T00:00:00.000Z", "twitter_username": "DinoTokens", "is_hidden": 0, "date_launched": "2021-04-28T00:00:00.000Z", "contract_address": [], "self_reported_circulating_supply": NaN, "self_reported_tags": null, "self_reported_market_cap": NaN}, {"id": 18731, "name": "Jurassic Nodes", "symbol": "DINO", "category": "token", "description": "Jurassic Nodes (DINO) is a cryptocurrency launched in 2022and operates on the Avalanche C-Chain platform. Jurassic Nodes has a current supply of 0. The last known price of Jurassic Nodes is 0.00416152 USD and is up 0.00 over the last 24 hours. More information can be found at https://jurassicnodes.com/.", "slug": "jurassic-nodes", "logo": "https://s2.coinmarketcap.com/static/img/coins/64x64/18731.png", "subreddit": "", "notice": "The smart contract for following token contains variable tax rate function - this open the opportunity for contract owners to modify contract behaviour (ie. change fees, or transfer tokens). Please exercise with extra caution if you are investing in this token.", "tags": ["avalanche-ecosystem"], "tag-names": ["Avalanche Ecosystem"], "tag-groups": ["PLATFORM"], "urls": {"website": ["https://jurassicnodes.com/"], "twitter": ["https://twitter.com/JurassicNodes"], "message_board": [], "chat": ["https://discord.gg/rdjTn3zV"], "facebook": [], "explorer": ["https://snowtrace.io/token/0x8d8Db824baFdb617646E80360509274909c48127"], "reddit": [], "technical_doc": ["https://jurassicnodes.com/JurassicNodes1-WhitePaper.pdf"], "source_code": [], "announcement": []}, "platform": {"id": "5805", "name": "Avalanche", "slug": "avalanche", "symbol": "AVAX", "token_address": "0x8d8Db824baFdb617646E80360509274909c48127"}, "date_added": "2022-03-11T04:56:15.000Z", "twitter_username": "JurassicNodes", "is_hidden": 0, "date_launched": "2022-03-05T00:00:00.000Z", "contract_address": [{"contract_address": "0x8d8Db824baFdb617646E80360509274909c48127", "platform": {"name": "Avalanche C-Chain", "coin": {"id": "5805", "name": "Avalanche", "symbol": "AVAX", "slug": "avalanche"}}}], "self_reported_circulating_supply": 135000.0, "self_reported_tags": null, "self_reported_market_cap": 561.8047735242143}]