[{"id": 10021, "name": "Dogey-Inu", "symbol": "DINU", "category": "token", "description": "Dogey-Inu (DINU) is a cryptocurrency launched in 2021and operates on the Ethereum platform. Dogey-Inu has a current supply of 948,643,262,856,101.5 with 431,852,081,501,930.06 in circulation. The last known price of Dogey-Inu is 0 USD and is down -7.96 over the last 24 hours. More information can be found at https://dogeyinu.com/.", "slug": "dogey-inu", "logo": "https://s2.coinmarketcap.com/static/img/coins/64x64/10021.png", "subreddit": "", "notice": "", "tags": ["memes", "doggone-doggerel"], "tag-names": ["Memes", "Doggone Doggerel"], "tag-groups": ["INDUSTRY", "CATEGORY"], "urls": {"website": ["https://dogeyinu.com/"], "twitter": ["https://twitter.com/dogey_inu"], "message_board": [], "chat": ["https://t.me/dogey_inu", "https://www.instagram.com/dogey_inu/"], "facebook": [], "explorer": ["https://etherscan.io/token/0xbb1ee07d6c7baeb702949904080eb61f5d5e7732"], "reddit": [], "technical_doc": [], "source_code": [], "announcement": []}, "platform": {"id": "1027", "name": "Ethereum", "slug": "ethereum", "symbol": "ETH", "token_address": "0xbb1ee07d6c7baeb702949904080eb61f5d5e7732"}, "date_added": "2021-05-23T00:00:00.000Z", "twitter_username": "dogey_inu", "is_hidden": 0, "date_launched": "2021-04-20T00:00:00.000Z", "contract_address": [{"contract_address": "0xbb1ee07d6c7baeb702949904080eb61f5d5e7732", "platform": {"name": "Ethereum", "coin": {"id": "1027", "name": "Ethereum", "symbol": "ETH", "slug": "ethereum"}}}], "self_reported_circulating_supply": null, "self_reported_tags": null, "self_reported_market_cap": null}, {"id": 21551, "name": "Doge Inu", "symbol": "DINU", "category": "token", "description": "Doge Inu (DINU) is a cryptocurrency and operates on the Dogechain platform. Doge Inu has a current supply of 1,000,000,000,000,000 with 0 in circulation. The last known price of Doge Inu is 0 USD and is up 0.00 over the last 24 hours. More information can be found at https://dogeinu.live.", "slug": "doge-inu", "logo": "https://s2.coinmarketcap.com/static/img/coins/64x64/21551.png", "subreddit": "", "notice": "Smart contract of the following asset can be modified by the contract creator (for example: disable selling, change fees, mint new tokens, or transfer tokens). Please exercise caution before taking any action and [DYOR](https://support.coinmarketcap.com/hc/en-us/articles/360043659351-Listings-Criteria).", "tags": ["doge-chain-ecosystem"], "tag-names": ["Doge Chain Ecosystem"], "tag-groups": ["CATEGORY"], "urls": {"website": ["https://dogeinu.live"], "twitter": ["https://twitter.com/DogeInuDC"], "message_board": [], "chat": [], "facebook": [], "explorer": ["https://explorer.dogechain.dog/token/0x8a764cF73438dE795c98707B07034e577Af54825"], "reddit": [], "technical_doc": [], "source_code": [], "announcement": []}, "platform": {"id": "74", "name": "Dogecoin", "slug": "dogecoin", "symbol": "DOGE", "token_address": "0x8a764cf73438de795c98707b07034e577af54825"}, "date_added": "2022-08-24T16:03:17.000Z", "twitter_username": "DogeInuDC", "is_hidden": 0, "date_launched": null, "contract_address": [{"contract_address": "0x8a764cf73438de795c98707b07034e577af54825", "platform": {"name": "Dogechain", "coin": {"id": "74", "name": "Dogecoin", "symbol": "DOGE", "slug": "dogecoin"}}}], "self_reported_circulating_supply": null, "self_reported_tags": null, "self_reported_market_cap": null}]