[{"id": 3908, "name": "Decimated", "symbol": "DIO", "category": "token", "description": "Decimated (DIO) is a cryptocurrency and operates on the Solana platform. Decimated has a current supply of 1,000,000,000 with 167,025,128 in circulation. The last known price of Decimated is 0.00606361 USD and is down -0.02 over the last 24 hours. It is currently trading on 5 active market(s) with $19,112.92 traded over the last 24 hours. More information can be found at https://www.decimated.net.", "slug": "decimated", "logo": "https://s2.coinmarketcap.com/static/img/coins/64x64/3908.png", "subreddit": "decimated_game", "notice": "", "tags": ["collectibles-nfts", "gaming", "solana-ecosystem", "metaverse", "play-to-earn"], "tag-names": ["Collectibles & NFTs", "Gaming", "Solana Ecosystem", "Metaverse", "Play To Earn"], "tag-groups": ["CATEGORY", "INDUSTRY", "PLATFORM", "CATEGORY", "CATEGORY"], "urls": {"website": ["https://www.decimated.net"], "twitter": ["https://twitter.com/decimated_game"], "message_board": ["https://www.decimated.net/category/updates/", "https://medium.com/@fracturelabs"], "chat": ["https://t.me/decimated_game", "https://discordapp.com/invite/n9NNpHV"], "facebook": [], "explorer": ["https://explorer.solana.com/address/BiDB55p4G3n1fGhwKFpxsokBMqgctL4qnZpDH1bVQxMD"], "reddit": ["https://reddit.com/r/decimated_game"], "technical_doc": ["https://www.decimated.net/whitepaper-browser-version/"], "source_code": [], "announcement": []}, "platform": {"id": "5426", "name": "Solana", "slug": "solana", "symbol": "SOL", "token_address": "BiDB55p4G3n1fGhwKFpxsokBMqgctL4qnZpDH1bVQxMD"}, "date_added": "2019-05-03T00:00:00.000Z", "twitter_username": "decimated_game", "is_hidden": 0, "date_launched": null, "contract_address": [{"contract_address": "BiDB55p4G3n1fGhwKFpxsokBMqgctL4qnZpDH1bVQxMD", "platform": {"name": "Solana", "coin": {"id": "5426", "name": "Solana", "symbol": "SOL", "slug": "solana"}}}], "self_reported_circulating_supply": null, "self_reported_tags": null, "self_reported_market_cap": null}, {"id": 732, "name": "Diode", "symbol": "DIO", "category": "coin", "description": "Diode (DIO) is a cryptocurrency . Diode has a current supply of 4,242,005.31583167. The last known price of Diode is 0.0000271 USD and is down -26.61 over the last 24 hours.", "slug": "diode", "logo": "https://s2.coinmarketcap.com/static/img/coins/64x64/732.png", "subreddit": "", "notice": "", "tags": null, "tag-names": null, "tag-groups": null, "urls": {"website": [], "twitter": ["https://twitter.com/DiodeCoin"], "message_board": [], "chat": [], "facebook": [], "explorer": ["http://128.199.235.85:2750/chain/Diode"], "reddit": [], "technical_doc": [], "source_code": [], "announcement": ["https://bitcointalk.org/index.php?topic=865710.0"]}, "platform": null, "date_added": "2014-11-23T00:00:00.000Z", "twitter_username": "DiodeCoin", "is_hidden": 0, "date_launched": null, "contract_address": [], "self_reported_circulating_supply": null, "self_reported_tags": null, "self_reported_market_cap": null}, {"id": 9791, "name": "Deimos Token", "symbol": "DIO", "category": "token", "description": "Deimos Token (DIO) is a cryptocurrency launched in 2021and operates on the BNB Smart Chain (BEP20) platform. Deimos Token has a current supply of 10,000,000,000 with 0 in circulation. The last known price of Deimos Token is 0.00000001 USD and is up 0.00 over the last 24 hours. More information can be found at https://www.deimostoken.com.", "slug": "deimos-token", "logo": "https://s2.coinmarketcap.com/static/img/coins/64x64/9791.png", "subreddit": "", "notice": "", "tags": ["bnb-chain"], "tag-names": ["BNB Chain"], "tag-groups": ["PLATFORM"], "urls": {"website": ["https://www.deimostoken.com"], "twitter": ["https://twitter.com/DeimosToken"], "message_board": ["https://medium.com/@deimostoken"], "chat": ["https://t.me/DeimosToken"], "facebook": [], "explorer": ["https://bscscan.com/token/0xb80a8edd3730d82a941a1cdd7547e843fd5ca65c"], "reddit": [], "technical_doc": ["https://www.deimostoken.com/Whitepaper_DeimosToken_v.1.pdf"], "source_code": ["https://github.com/DeimosToken"], "announcement": []}, "platform": {"id": "1839", "name": "BNB", "slug": "bnb", "symbol": "BNB", "token_address": "0xb80a8edd3730d82a941a1cdd7547e843fd5ca65c"}, "date_added": "2021-05-13T00:00:00.000Z", "twitter_username": "DeimosToken", "is_hidden": 0, "date_launched": "2021-04-20T00:00:00.000Z", "contract_address": [{"contract_address": "0xb80a8edd3730d82a941a1cdd7547e843fd5ca65c", "platform": {"name": "BNB Smart Chain (BEP20)", "coin": {"id": "1839", "name": "BNB", "symbol": "BNB", "slug": "bnb"}}}], "self_reported_circulating_supply": null, "self_reported_tags": null, "self_reported_market_cap": null}]