[{"id": 6588, "name": "Etherisc DIP Token", "symbol": "DIP", "category": "token", "description": "Etherisc DIP Token (DIP) is a cryptocurrency launched in 2016and operates on the Ethereum platform. Etherisc DIP Token has a current supply of 1,000,000,000 with 239,742,107.60082117 in circulation. The last known price of Etherisc DIP Token is 0.01045649 USD and is down -2.83 over the last 24 hours. It is currently trading on 8 active market(s) with $47,756.34 traded over the last 24 hours. More information can be found at https://etherisc.com/.", "slug": "etherisc", "logo": "https://s2.coinmarketcap.com/static/img/coins/64x64/6588.png", "subreddit": "etherisc", "notice": "", "tags": ["insurance"], "tag-names": ["Insurance"], "tag-groups": ["INDUSTRY"], "urls": {"website": ["https://etherisc.com/"], "twitter": ["https://twitter.com/etherisc"], "message_board": ["https://blog.etherisc.com/"], "chat": ["https://t.me/etherisc_community"], "facebook": [], "explorer": ["https://etherscan.io/token/0xc719d010b63e5bbf2c0551872cd5316ed26acd83", "https://ethplorer.io/address/0xc719d010b63e5bbf2c0551872cd5316ed26acd83"], "reddit": ["https://reddit.com/r/etherisc"], "technical_doc": ["https://etherisc.com/files/etherisc_whitepaper_1.01_en.pdf"], "source_code": ["https://github.com/etherisc"], "announcement": []}, "platform": {"id": "1027", "name": "Ethereum", "slug": "ethereum", "symbol": "ETH", "token_address": "0xc719d010b63e5bbf2c0551872cd5316ed26acd83"}, "date_added": "2020-08-14T00:00:00.000Z", "twitter_username": "etherisc", "is_hidden": 0, "date_launched": "2016-12-06T00:00:00.000Z", "contract_address": [{"contract_address": "0xc719d010b63e5bbf2c0551872cd5316ed26acd83", "platform": {"name": "Ethereum", "coin": {"id": "1027", "name": "Ethereum", "symbol": "ETH", "slug": "ethereum"}}}], "self_reported_circulating_supply": 383445510.0, "self_reported_tags": null, "self_reported_market_cap": 4006451.0346988738}, {"id": 6775, "name": "Dipper Network", "symbol": "DIP", "category": "coin", "description": "Dipper Network (DIP) is a cryptocurrency launched in 2020. Dipper Network has a current supply of 1,000,000,000 with 0 in circulation. The last known price of Dipper Network is 0.0020713 USD and is up -0.00 over the last 24 hours. It is currently trading on 2 active market(s) with $0.00 traded over the last 24 hours. More information can be found at https://dippernetwork.com.", "slug": "dipper-network", "logo": "https://s2.coinmarketcap.com/static/img/coins/64x64/6775.png", "subreddit": "", "notice": "", "tags": null, "tag-names": null, "tag-groups": null, "urls": {"website": ["https://dippernetwork.com"], "twitter": ["https://twitter.com/DipperNetwork"], "message_board": [], "chat": ["https://t.me/DipperNetworkOfficial"], "facebook": [], "explorer": ["https://explorer.dippernetwork.com"], "reddit": [], "technical_doc": ["https://github.com/Dipper-Labs/resources/blob/master/whitepaperEN.pdf"], "source_code": ["https://github.com/Dipper-Labs/Dipper-Protocol"], "announcement": []}, "platform": null, "date_added": "2020-08-31T00:00:00.000Z", "twitter_username": "DipperNetwork", "is_hidden": 0, "date_launched": "2020-08-11T00:00:00.000Z", "contract_address": [], "self_reported_circulating_supply": 110000000.0, "self_reported_tags": null, "self_reported_market_cap": 227846.06213304822}, {"id": 7285, "name": "Deipool", "symbol": "DIP", "category": "token", "description": "Deipool (DIP) is a cryptocurrency launched in 2020and operates on the Ethereum platform. Deipool has a current supply of 0. The last known price of Deipool is 0 USD and is down -100.00 over the last 24 hours. More information can be found at https://www.deipool.io/.", "slug": "deipool", "logo": "https://s2.coinmarketcap.com/static/img/coins/64x64/7285.png", "subreddit": "", "notice": "", "tags": null, "tag-names": null, "tag-groups": null, "urls": {"website": ["https://www.deipool.io/"], "twitter": ["https://twitter.com/deipoolofficial"], "message_board": [], "chat": [], "facebook": [], "explorer": ["https://etherscan.io/token/0xd1517663883e2acc154178fb194e80e8bbc29730", "https://ethplorer.io/address/0xd1517663883e2acc154178fb194e80e8bbc29730"], "reddit": [], "technical_doc": ["https://c3d8e63f-2939-4124-b986-6cf274d4ae5f.filesusr.com/ugd/545f35_b649ec2b14e543f4971cc306f77a2c8e.pdf"], "source_code": ["https://github.com/Deipool"], "announcement": []}, "platform": {"id": "1027", "name": "Ethereum", "slug": "ethereum", "symbol": "ETH", "token_address": "0xd1517663883e2acc154178fb194e80e8bbc29730"}, "date_added": "2020-10-05T00:00:00.000Z", "twitter_username": "deipoolofficial", "is_hidden": 0, "date_launched": "2020-08-12T00:00:00.000Z", "contract_address": [{"contract_address": "0xd1517663883e2acc154178fb194e80e8bbc29730", "platform": {"name": "Ethereum", "coin": {"id": "1027", "name": "Ethereum", "symbol": "ETH", "slug": "ethereum"}}}], "self_reported_circulating_supply": NaN, "self_reported_tags": null, "self_reported_market_cap": NaN}]