[{"id": 8310, "name": "TosDis", "symbol": "DIS", "category": "token", "description": "TosDis (DIS) is a cryptocurrency launched in 2021and operates on the Ethereum platform. TosDis has a current supply of 100,000 with 0 in circulation. The last known price of TosDis is 1.93043827 USD and is down -1.43 over the last 24 hours. It is currently trading on 7 active market(s) with $11,974.27 traded over the last 24 hours. More information can be found at https://www.tosdis.finance/.", "slug": "tosdis", "logo": "https://s2.coinmarketcap.com/static/img/coins/64x64/8310.png", "subreddit": "", "notice": "", "tags": ["staking", "ethereum-ecosystem", "yield-farming", "launchpad", "lending-borowing", "polkastarter", "bnb-chain"], "tag-names": ["Staking", "Ethereum Ecosystem", "Yield Farming", "Launchpad", "Lending & Borrowing", "Polkastarter", "BNB Chain"], "tag-groups": ["CATEGORY", "PLATFORM", "CATEGORY", "CATEGORY", "CATEGORY", "CATEGORY", "PLATFORM"], "urls": {"website": ["https://www.tosdis.finance/"], "twitter": ["https://twitter.com/TosdisFinance"], "message_board": [], "chat": ["https://t.me/Tosdis", "https://tosdis-fi.medium.com/"], "facebook": [], "explorer": ["https://etherscan.io/token/0x220b71671b649c03714da9c621285943f3cbcdc6", "https://ethplorer.io/address/0x220b71671b649c03714da9c621285943f3cbcdc6", "https://blockchain.coinmarketcap.com/address/ethereum/0x220b71671b649c03714da9c621285943f3cbcdc6", "https://bscscan.com/token/0x57efFdE2759b68d86C544e88F7977e3314144859"], "reddit": [], "technical_doc": [], "source_code": [], "announcement": []}, "platform": {"id": "1027", "name": "Ethereum", "slug": "ethereum", "symbol": "ETH", "token_address": "0x220b71671b649c03714da9c621285943f3cbcdc6"}, "date_added": "2021-01-25T00:00:00.000Z", "twitter_username": "TosdisFinance", "is_hidden": 0, "date_launched": "2021-01-23T00:00:00.000Z", "contract_address": [{"contract_address": "0x220b71671b649c03714da9c621285943f3cbcdc6", "platform": {"name": "Ethereum", "coin": {"id": "1027", "name": "Ethereum", "symbol": "ETH", "slug": "ethereum"}}}, {"contract_address": "0x57efFdE2759b68d86C544e88F7977e3314144859", "platform": {"name": "BNB Smart Chain (BEP20)", "coin": {"id": "1839", "name": "BNB", "symbol": "BNB", "slug": "bnb"}}}], "self_reported_circulating_supply": null, "self_reported_tags": null, "self_reported_market_cap": null}, {"id": 354, "name": "Distrocoin", "symbol": "DIS", "category": "coin", "description": "Distrocoin (DIS) is a cryptocurrency . Distrocoin has a current supply of 13,916,834.9223033. The last known price of Distrocoin is 0.00005881 USD and is up 0.00 over the last 24 hours. More information can be found at https://raxe.io/.", "slug": "distrocoin", "logo": "https://s2.coinmarketcap.com/static/img/coins/64x64/354.png", "subreddit": "", "notice": "", "tags": null, "tag-names": null, "tag-groups": null, "urls": {"website": ["https://raxe.io/"], "twitter": [], "message_board": [], "chat": [], "facebook": [], "explorer": ["http://192.95.49.252:8080/chain/DisrtroCoin"], "reddit": [], "technical_doc": [], "source_code": [], "announcement": []}, "platform": null, "date_added": "2014-06-03T00:00:00.000Z", "twitter_username": "", "is_hidden": 0, "date_launched": null, "contract_address": [], "self_reported_circulating_supply": null, "self_reported_tags": null, "self_reported_market_cap": null}]