[{"id": 10532, "name": "Divergence", "symbol": "DIVER", "category": "token", "description": "Divergence (DIVER) is a cryptocurrency launched in 2021and operates on the Ethereum platform. Divergence has a current supply of 1,000,000,000 with 0 in circulation. The last known price of Divergence is 0.00997591 USD and is down -0.97 over the last 24 hours. It is currently trading on 13 active market(s) with $163,415.14 traded over the last 24 hours. More information can be found at https://www.divergence-protocol.com/.", "slug": "divergence", "logo": "https://s2.coinmarketcap.com/static/img/coins/64x64/10532.png", "subreddit": "", "notice": "", "tags": ["arbitrum-ecosytem"], "tag-names": ["Arbitrum Ecosystem"], "tag-groups": ["PLATFORM"], "urls": {"website": ["https://www.divergence-protocol.com/"], "twitter": ["https://twitter.com/divergencedefi"], "message_board": ["https://medium.com/divergence-protocol"], "chat": ["https://t.me/divergenceprotocol"], "facebook": [], "explorer": ["https://etherscan.io/token/0xfb782396c9b20e564a64896181c7ac8d8979d5f4"], "reddit": [], "technical_doc": ["https://docs.divergence-protocol.com/"], "source_code": ["https://github.com/DivergenceProtocol"], "announcement": ["https://t.me/divergenceannouncement"]}, "platform": {"id": "1027", "name": "Ethereum", "slug": "ethereum", "symbol": "ETH", "token_address": "0xfb782396c9b20e564a64896181c7ac8d8979d5f4"}, "date_added": "2021-06-21T00:00:00.000Z", "twitter_username": "divergencedefi", "is_hidden": 0, "date_launched": "2021-09-27T00:00:00.000Z", "contract_address": [{"contract_address": "0xfb782396c9b20e564a64896181c7ac8d8979d5f4", "platform": {"name": "Ethereum", "coin": {"id": "1027", "name": "Ethereum", "symbol": "ETH", "slug": "ethereum"}}}], "self_reported_circulating_supply": 55702602, "self_reported_tags": ["Decentralized Exchange (DEX) Token", "DeFi", "Derivatives", "Ethereum Ecosystem"], "self_reported_market_cap": 555684.434722751}]