[{"id": 13812, "name": "DogeKwon Terra", "symbol": "DKWON", "category": "token", "description": "DogeKwon Terra (DKWON) is a cryptocurrency launched in 2021and operates on the Terra Classic platform. DogeKwon Terra has a current supply of 10,000,000,000 with 0 in circulation. The last known price of DogeKwon Terra is 0.00000006 USD and is up 0.00 over the last 24 hours. More information can be found at https://dogekwon.com.", "slug": "dogekwon-terra", "logo": "https://s2.coinmarketcap.com/static/img/coins/64x64/13812.png", "subreddit": "", "notice": "", "tags": ["memes", "doggone-doggerel"], "tag-names": ["Memes", "Doggone Doggerel"], "tag-groups": ["INDUSTRY", "CATEGORY"], "urls": {"website": ["https://dogekwon.com"], "twitter": ["https://twitter.com/dogekwon"], "message_board": [], "chat": ["https://t.me/dogekwon_official", "https://discord.com/invite/UQWQjeWSd5"], "facebook": [], "explorer": ["https://finder.terra.money/columbus-5/address/terra14f7u8z4eqpxcrp4xr6knhgfp5n4h68nwy3yzg5"], "reddit": [], "technical_doc": [], "source_code": [], "announcement": []}, "platform": {"id": "4172", "name": "Terra Classic", "slug": "terra-luna", "symbol": "LUNC", "token_address": "terra14f7u8z4eqpxcrp4xr6knhgfp5n4h68nwy3yzg5"}, "date_added": "2021-11-03T02:17:21.000Z", "twitter_username": "dogekwon", "is_hidden": 0, "date_launched": "2021-10-25T00:00:00.000Z", "contract_address": [{"contract_address": "terra14f7u8z4eqpxcrp4xr6knhgfp5n4h68nwy3yzg5", "platform": {"name": "Terra Classic", "coin": {"id": "4172", "name": "Terra Classic", "symbol": "LUNC", "slug": "terra-luna"}}}], "self_reported_circulating_supply": 8500000000, "self_reported_tags": null, "self_reported_market_cap": 485.7063305665123}]