[{"id": 17831, "name": "Deliq Finance", "symbol": "DLQ", "category": "token", "description": "Deliq Finance (DLQ) is a cryptocurrency launched in 2022and operates on the Avalanche C-Chain platform. Deliq Finance has a current supply of 0. The last known price of Deliq Finance is 0.00102995 USD and is down -4.65 over the last 24 hours. It is currently trading on 2 active market(s) with $0.22 traded over the last 24 hours. More information can be found at https://deliqfinance.com.", "slug": "deliq-finance", "logo": "https://s2.coinmarketcap.com/static/img/coins/64x64/17831.png", "subreddit": "", "notice": "", "tags": ["avalanche-ecosystem"], "tag-names": ["Avalanche Ecosystem"], "tag-groups": ["PLATFORM"], "urls": {"website": ["https://deliqfinance.com"], "twitter": ["https://twitter.com/deliqfinance"], "message_board": ["https://deliqfinance.medium.com/"], "chat": ["https://t.me/DeliqFinance"], "facebook": [], "explorer": ["https://snowtrace.io/token/0x50c72103940D419FB64448F258f7EAbbA784F84B"], "reddit": [], "technical_doc": ["https://deliqfinance.gitbook.io/deliq-finance/"], "source_code": [], "announcement": []}, "platform": {"id": "5805", "name": "Avalanche", "slug": "avalanche", "symbol": "AVAX", "token_address": "0x50c72103940D419FB64448F258f7EAbbA784F84B"}, "date_added": "2022-02-03T20:05:10.000Z", "twitter_username": "deliqfinance", "is_hidden": 0, "date_launched": "2022-02-25T00:00:00.000Z", "contract_address": [{"contract_address": "0x50c72103940D419FB64448F258f7EAbbA784F84B", "platform": {"name": "Avalanche C-Chain", "coin": {"id": "5805", "name": "Avalanche", "symbol": "AVAX", "slug": "avalanche"}}}], "self_reported_circulating_supply": null, "self_reported_tags": null, "self_reported_market_cap": null}]