[{"id": 5234, "name": "Metaverse Dualchain Network Architecture", "symbol": "DNA", "category": "coin", "description": "Metaverse Dualchain Network Architecture (DNA) is a cryptocurrency launched in 2019. Metaverse Dualchain Network Architecture has a current supply of 100,000,000,000 with 20,143,656,744 in circulation. The last known price of Metaverse Dualchain Network Architecture is 0.00003349 USD and is down -7.20 over the last 24 hours. It is currently trading on 11 active market(s) with $19,772.41 traded over the last 24 hours. More information can be found at https://mvsdna.com.", "slug": "metaverse-dualchain-network-architecture", "logo": "https://s2.coinmarketcap.com/static/img/coins/64x64/5234.png", "subreddit": "", "notice": "", "tags": null, "tag-names": null, "tag-groups": null, "urls": {"website": ["https://mvsdna.com"], "twitter": ["https://twitter.com/MVSDNA"], "message_board": ["https://medium.com/metaverse-blockchain"], "chat": ["https://t.me/mvsdna"], "facebook": [], "explorer": ["https://explorer.mvs.org/asset/DNA"], "reddit": [], "technical_doc": ["https://mvsdna.com/MVS%20Dualchain%20White%20Paper.pdf"], "source_code": ["https://github.com/mvs-org"], "announcement": []}, "platform": null, "date_added": "2020-02-15T00:00:00.000Z", "twitter_username": "MVSDNA", "is_hidden": 0, "date_launched": "2019-09-09T00:00:00.000Z", "contract_address": [], "self_reported_circulating_supply": NaN, "self_reported_tags": null, "self_reported_market_cap": NaN}, {"id": 2208, "name": "EncrypGen", "symbol": "DNA", "category": "token", "description": "EncrypGen (DNA) is a cryptocurrency and operates on the Ethereum platform. EncrypGen has a current supply of 70,938,084.47283192 with 0 in circulation. The last known price of EncrypGen is 0.01255 USD and is down -0.75 over the last 24 hours. It is currently trading on 3 active market(s) with $284.12 traded over the last 24 hours. More information can be found at https://www.encrypgen.com/.", "slug": "encrypgen", "logo": "https://s2.coinmarketcap.com/static/img/coins/64x64/2208.png", "subreddit": "encrypgen", "notice": "EncrypGen (DNA) has undergone a token swap, and has a new contract address. More details available here: https://encrypgen.com/the-big-dna-token-swap/", "tags": ["health", "ai-big-data", "research"], "tag-names": ["Health", "AI & Big Data", "Research"], "tag-groups": ["INDUSTRY", "INDUSTRY", "INDUSTRY"], "urls": {"website": ["https://www.encrypgen.com/"], "twitter": ["https://twitter.com/encrypgen"], "message_board": [], "chat": [], "facebook": [], "explorer": ["https://etherscan.io/token/0xef6344de1fcfC5F48c30234C16c1389e8CdC572C"], "reddit": ["https://reddit.com/r/encrypgen"], "technical_doc": ["https://icotimeline.com/wp-content/uploads/2017/07/Gene-Chain-Whitepaper.pdf"], "source_code": [], "announcement": ["https://bitcointalk.org/index.php?topic=1968128.0"]}, "platform": {"id": "1027", "name": "Ethereum", "slug": "ethereum", "symbol": "ETH", "token_address": "0xef6344de1fcfC5F48c30234C16c1389e8CdC572C"}, "date_added": "2017-11-20T00:00:00.000Z", "twitter_username": "encrypgen", "is_hidden": 0, "date_launched": null, "contract_address": [{"contract_address": "0xef6344de1fcfC5F48c30234C16c1389e8CdC572C", "platform": {"name": "Ethereum", "coin": {"id": "1027", "name": "Ethereum", "symbol": "ETH", "slug": "ethereum"}}}], "self_reported_circulating_supply": 70938084.0, "self_reported_tags": ["Health", "Privacy", "Identity", "Marketplace", "AI & Big Data", "Research"], "self_reported_market_cap": 890272.9542000002}, {"id": 19435, "name": "DNA(RXC)", "symbol": "DNA", "category": "token", "description": "DNA(RXC) (DNA) is a cryptocurrency and operates on the BNB Smart Chain (BEP20) platform. DNA(RXC) has a current supply of 500,000 with 0 in circulation. The last known price of DNA(RXC) is 0.03480336 USD and is down -0.13 over the last 24 hours. It is currently trading on 1 active market(s) with $22.36 traded over the last 24 hours. More information can be found at https://rxc.ran.network/.", "slug": "rxc-dna", "logo": "https://s2.coinmarketcap.com/static/img/coins/64x64/19435.png", "subreddit": "", "notice": "", "tags": null, "tag-names": null, "tag-groups": null, "urls": {"website": ["https://rxc.ran.network/"], "twitter": ["https://twitter.com/rxc_world"], "message_board": [], "chat": ["https://www.facebook.com/rxcworld", "https://discord.gg/5aeTG38f"], "facebook": [], "explorer": ["https://bscscan.com/token/0x444ddc9ab6e938511fdd56f89ec334d38cadee0f"], "reddit": [], "technical_doc": [], "source_code": [], "announcement": []}, "platform": {"id": "1839", "name": "BNB", "slug": "bnb", "symbol": "BNB", "token_address": "0x444ddc9ab6e938511fdd56f89ec334d38cadee0f"}, "date_added": "2022-04-10T18:35:20.000Z", "twitter_username": "rxc_world", "is_hidden": 0, "date_launched": null, "contract_address": [{"contract_address": "0x444ddc9ab6e938511fdd56f89ec334d38cadee0f", "platform": {"name": "BNB Smart Chain (BEP20)", "coin": {"id": "1839", "name": "BNB", "symbol": "BNB", "slug": "bnb"}}}], "self_reported_circulating_supply": NaN, "self_reported_tags": null, "self_reported_market_cap": NaN}, {"id": 17251, "name": "DNA Dollar", "symbol": "DNA", "category": "token", "description": "DNA Dollar (DNA) is a cryptocurrency and operates on the Cronos platform. DNA Dollar has a current supply of 696,867 with 0 in circulation. The last known price of DNA Dollar is 0.00390095 USD and is up 0.00 over the last 24 hours. More information can be found at https://dnadollar.com/.", "slug": "dna-dollar", "logo": "https://s2.coinmarketcap.com/static/img/coins/64x64/17251.png", "subreddit": "", "notice": "", "tags": ["cronos-ecosystem"], "tag-names": ["Cronos Ecosystem"], "tag-groups": ["PLATFORM"], "urls": {"website": ["https://dnadollar.com/"], "twitter": ["https://twitter.com/dna_dollar"], "message_board": [], "chat": ["https://t.me/DNADollarlab"], "facebook": [], "explorer": ["https://cronoscan.com/token/0xcc57f84637b441127f2f74905b9d99821b47b20c", "https://cronos-explorer.crypto.org/token/0xcc57f84637b441127f2f74905b9d99821b47b20c"], "reddit": [], "technical_doc": [], "source_code": [], "announcement": ["https://medium.com/@dnadollar"]}, "platform": {"id": "3635", "name": "Cronos", "slug": "cronos", "symbol": "CRO", "token_address": "0xcc57f84637b441127f2f74905b9d99821b47b20c"}, "date_added": "2022-01-13T15:10:09.000Z", "twitter_username": "dna_dollar", "is_hidden": 0, "date_launched": null, "contract_address": [{"contract_address": "0xcc57f84637b441127f2f74905b9d99821b47b20c", "platform": {"name": "Cronos", "coin": {"id": "3635", "name": "Cronos", "symbol": "CRO", "slug": "cronos"}}}], "self_reported_circulating_supply": NaN, "self_reported_tags": null, "self_reported_market_cap": NaN}]