[{"id": 12227, "name": "DareNFT", "symbol": "DNFT", "category": "token", "description": "DareNFT (DNFT) is a cryptocurrency launched in 2021and operates on the BNB Smart Chain (BEP20) platform. DareNFT has a current supply of 2,000,000,000 with 0 in circulation. The last known price of DareNFT is 0.00000585 USD and is down -3.33 over the last 24 hours. It is currently trading on 7 active market(s) with $259.50 traded over the last 24 hours. More information can be found at https://www.darenft.com.", "slug": "darenft", "logo": "https://s2.coinmarketcap.com/static/img/coins/64x64/12227.png", "subreddit": "", "notice": "", "tags": ["polkafoundry-red-kite", "vbc-ventures-portfolio"], "tag-names": ["PolkaFoundry Red Kite", "VBC Ventures Portfolio"], "tag-groups": ["CATEGORY", "CATEGORY"], "urls": {"website": ["https://www.darenft.com"], "twitter": ["https://twitter.com/darenft"], "message_board": ["https://medium.com/darenft", "https://t.me/darenft_official"], "chat": ["https://t.me/darenft_official_group"], "facebook": [], "explorer": ["https://bscscan.com/token/0x162c2332e92be409254ac7c59ad559c16a3f506e"], "reddit": [], "technical_doc": ["https://docsend.com/view/96wqjnvdx4i6vzij"], "source_code": [], "announcement": []}, "platform": {"id": "1839", "name": "BNB", "slug": "bnb", "symbol": "BNB", "token_address": "0x162c2332e92be409254ac7c59ad559c16a3f506e"}, "date_added": "2021-09-30T19:19:27.000Z", "twitter_username": "darenft", "is_hidden": 0, "date_launched": "2021-10-11T00:00:00.000Z", "contract_address": [{"contract_address": "0x162c2332e92be409254ac7c59ad559c16a3f506e", "platform": {"name": "BNB Smart Chain (BEP20)", "coin": {"id": "1839", "name": "BNB", "symbol": "BNB", "slug": "bnb"}}}], "self_reported_circulating_supply": null, "self_reported_tags": null, "self_reported_market_cap": null}]