[{"id": 1856, "name": "district0x", "symbol": "DNT", "category": "token", "description": "district0x (DNT) is a cryptocurrency and operates on the Ethereum platform. district0x has a current supply of 1,000,000,000 with 600,000,000 in circulation. The last known price of district0x is 0.02196519 USD and is up 23.61 over the last 24 hours. It is currently trading on 44 active market(s) with $8,443,404.65 traded over the last 24 hours. More information can be found at https://district0x.io/.", "slug": "district0x", "logo": "https://s2.coinmarketcap.com/static/img/coins/64x64/1856.png", "subreddit": "district0x", "notice": "", "tags": ["platform", "payments", "reputation", "boostvc-portfolio", "web3"], "tag-names": ["Platform", "Payments", "Reputation", "BoostVC Portfolio", "Web3"], "tag-groups": ["CATEGORY", "INDUSTRY", "CATEGORY", "CATEGORY", "INDUSTRY"], "urls": {"website": ["https://district0x.io/"], "twitter": ["https://twitter.com/district0x"], "message_board": [], "chat": ["https://t.me/district0x", "https://discord.com/invite/HVF4bQdU6v'"], "facebook": [], "explorer": ["https://etherscan.io/token/district0x", "http://ethplorer.io/address/0x0abdace70d3790235af448c88547603b945604ea"], "reddit": ["https://reddit.com/r/district0x"], "technical_doc": ["https://district0x.io/docs/district0x-whitepaper.pdf"], "source_code": ["https://github.com/district0x"], "announcement": ["https://gitcoin.co/district0x"]}, "platform": {"id": "1027", "name": "Ethereum", "slug": "ethereum", "symbol": "ETH", "token_address": "0x0abdace70d3790235af448c88547603b945604ea"}, "date_added": "2017-08-03T00:00:00.000Z", "twitter_username": "district0x", "is_hidden": 0, "date_launched": null, "contract_address": [{"contract_address": "0x0abdace70d3790235af448c88547603b945604ea", "platform": {"name": "Ethereum", "coin": {"id": "1027", "name": "Ethereum", "symbol": "ETH", "slug": "ethereum"}}}], "self_reported_circulating_supply": NaN, "self_reported_tags": null, "self_reported_market_cap": NaN}, {"id": 20429, "name": "Definder Network", "symbol": "DNT", "category": "token", "description": "Definder Network (DNT) is a cryptocurrency and operates on the BNB Smart Chain (BEP20) platform. Definder Network has a current supply of 21,548,097 with 0 in circulation. The last known price of Definder Network is 0.05356847 USD and is down -18.56 over the last 24 hours. It is currently trading on 8 active market(s) with $215.74 traded over the last 24 hours. More information can be found at https://definder.global/.", "slug": "smartlands-network-new", "logo": "https://s2.coinmarketcap.com/static/img/coins/64x64/20429.png", "subreddit": "Definder/", "notice": "Please note that [Smartlands Network](https://coinmarketcap.com/currencies/smartlands-network/) has migrated to [new](https://bscscan.com/address/0x2456493e757fdeedf569781f053998a72adfad03) contract address.", "tags": null, "tag-names": null, "tag-groups": null, "urls": {"website": ["https://definder.global/"], "twitter": ["https://twitter.com/Definder_global"], "message_board": ["https://definder.global/category/blog/"], "chat": ["https://t.me/definderchat"], "facebook": ["https://www.facebook.com/Definder.global/"], "explorer": ["https://bscscan.com/address/0x2456493e757fdeedf569781f053998a72adfad03"], "reddit": ["https://reddit.com/r/Definder/"], "technical_doc": ["https://definder.global/white-paper/"], "source_code": ["https://github.com/Dfplatform/DNT"], "announcement": []}, "platform": {"id": "1839", "name": "BNB", "slug": "bnb", "symbol": "BNB", "token_address": "0x2456493e757fdeedf569781f053998a72adfad03"}, "date_added": "2022-06-02T12:25:00.000Z", "twitter_username": "Definder_global", "is_hidden": 0, "date_launched": null, "contract_address": [{"contract_address": "0x2456493e757fdeedf569781f053998a72adfad03", "platform": {"name": "BNB Smart Chain (BEP20)", "coin": {"id": "1839", "name": "BNB", "symbol": "BNB", "slug": "bnb"}}}], "self_reported_circulating_supply": 14365398.0, "self_reported_tags": null, "self_reported_market_cap": 769208.1282705644}]