[{"id": 11066, "name": "DinoX", "symbol": "DNXC", "category": "token", "description": "DinoX (DNXC) is a cryptocurrency and operates on the Ethereum platform. DinoX has a current supply of 160,000,000 with 34,011,080 in circulation. The last known price of DinoX is 0.0111343 USD and is down -0.14 over the last 24 hours. It is currently trading on 12 active market(s) with $7,958.07 traded over the last 24 hours. More information can be found at https://dinox.io/.", "slug": "dinox", "logo": "https://s2.coinmarketcap.com/static/img/coins/64x64/11066.png", "subreddit": "", "notice": "", "tags": ["collectibles-nfts", "gaming", "play-to-earn", "bnb-chain"], "tag-names": ["Collectibles & NFTs", "Gaming", "Play To Earn", "BNB Chain"], "tag-groups": ["CATEGORY", "INDUSTRY", "CATEGORY", "PLATFORM"], "urls": {"website": ["https://dinox.io/"], "twitter": ["https://twitter.com/DinoxWorld"], "message_board": ["https://medium.com/@dinoxproject"], "chat": ["https://t.me/dinoxproject"], "facebook": [], "explorer": ["https://etherscan.io/token/0x20a8cec5fffea65be7122bcab2ffe32ed4ebf03a", "https://bscscan.com/token/0x3c1748d647e6a56b37b66fcd2b5626d0461d3aa0"], "reddit": [], "technical_doc": ["https://dinox.io/whitepaper.pdf"], "source_code": [], "announcement": []}, "platform": {"id": "1027", "name": "Ethereum", "slug": "ethereum", "symbol": "ETH", "token_address": "0x20a8cec5fffea65be7122bcab2ffe32ed4ebf03a"}, "date_added": "2021-07-26T00:00:00.000Z", "twitter_username": "DinoxWorld", "is_hidden": 0, "date_launched": null, "contract_address": [{"contract_address": "0x20a8cec5fffea65be7122bcab2ffe32ed4ebf03a", "platform": {"name": "Ethereum", "coin": {"id": "1027", "name": "Ethereum", "symbol": "ETH", "slug": "ethereum"}}}, {"contract_address": "0x3c1748d647e6a56b37b66fcd2b5626d0461d3aa0", "platform": {"name": "BNB Smart Chain (BEP20)", "coin": {"id": "1839", "name": "BNB", "symbol": "BNB", "slug": "bnb"}}}], "self_reported_circulating_supply": null, "self_reported_tags": null, "self_reported_market_cap": null}]