[{"id": 12859, "name": "DogeBonk", "symbol": "DOBO", "category": "token", "description": "DogeBonk (DOBO) is a cryptocurrency launched in 2021and operates on the BNB Smart Chain (BEP20) platform. DogeBonk has a current supply of 582,959,739,166,037. The last known price of DogeBonk is 0.00000001 USD and is down -0.03 over the last 24 hours. It is currently trading on 5 active market(s) with $2,053.02 traded over the last 24 hours. More information can be found at https://dogebonk.com.", "slug": "dogebonk", "logo": "https://s2.coinmarketcap.com/static/img/coins/64x64/12859.png", "subreddit": "DogeBONK", "notice": "", "tags": ["memes", "analytics", "doggone-doggerel", "bnb-chain"], "tag-names": ["Memes", "Analytics", "Doggone Doggerel", "BNB Chain"], "tag-groups": ["INDUSTRY", "CATEGORY", "CATEGORY", "PLATFORM"], "urls": {"website": ["https://dogebonk.com", "https://memetools.app"], "twitter": ["https://twitter.com/dogebonk_token"], "message_board": ["https://blog.dogebonk.com", "https://dogebonk.medium.com"], "chat": ["https://t.me/dogebonk_community"], "facebook": [], "explorer": ["https://bscscan.com/token/0xae2df9f730c54400934c06a17462c41c08a06ed8"], "reddit": ["https://reddit.com/r/DogeBONK"], "technical_doc": ["https://docs.dogebonk.com"], "source_code": [], "announcement": ["https://t.me/dogebonk_announcements"]}, "platform": {"id": "1839", "name": "BNB", "slug": "bnb", "symbol": "BNB", "token_address": "0xae2df9f730c54400934c06a17462c41c08a06ed8"}, "date_added": "2021-10-19T00:31:36.000Z", "twitter_username": "dogebonk_token", "is_hidden": 0, "date_launched": "2021-05-03T00:00:00.000Z", "contract_address": [{"contract_address": "0xae2df9f730c54400934c06a17462c41c08a06ed8", "platform": {"name": "BNB Smart Chain (BEP20)", "coin": {"id": "1839", "name": "BNB", "symbol": "BNB", "slug": "bnb"}}}], "self_reported_circulating_supply": null, "self_reported_tags": ["Platform", "DeFi", "Entertainment", "Memes", "Research", "DApp", "Binance Coin", "Binance Chain", "BNB Smart Chain", "Software", "Analytics", "Doggone Doggerel", "Web3", "Token"], "self_reported_market_cap": null}]