[{"id": 7224, "name": "DODO", "symbol": "DODO", "category": "token", "description": "DODO (DODO) is a cryptocurrency and operates on the Ethereum platform. DODO has a current supply of 1,000,000,000 with 428,760,958.3399863 in circulation. The last known price of DODO is 0.09220707 USD and is down -4.24 over the last 24 hours. It is currently trading on 115 active market(s) with $4,233,374.35 traded over the last 24 hours. More information can be found at https://dodoex.io/.", "slug": "dodo", "logo": "https://s2.coinmarketcap.com/static/img/coins/64x64/7224.png", "subreddit": "DodoEx", "notice": "", "tags": ["decentralized-exchange-dex-token", "defi", "coinbase-ventures-portfolio", "three-arrows-capital-portfolio", "cms-holdings-portfolio", "defiance-capital-portfolio", "framework-ventures-portfolio", "alameda-research-portfolio", "pantera-capital-portfolio", "exnetwork-capital-portfolio", "arbitrum-ecosytem", "bnb-chain"], "tag-names": ["Decentralized Exchange (DEX) Token", "DeFi", "Coinbase Ventures Portfolio", "Three Arrows Capital Portfolio", "CMS Holdings Portfolio", "DeFiance Capital Portfolio", "Framework Ventures Portfolio", "Alameda Research Portfolio", "Pantera Capital Portfolio", "Exnetwork Capital Portfolio", "Arbitrum Ecosystem", "BNB Chain"], "tag-groups": ["CATEGORY", "CATEGORY", "CATEGORY", "CATEGORY", "CATEGORY", "CATEGORY", "CATEGORY", "CATEGORY", "CATEGORY", "CATEGORY", "PLATFORM", "PLATFORM"], "urls": {"website": ["https://dodoex.io/"], "twitter": ["https://twitter.com/BreederDodo"], "message_board": ["https://medium.com/dodoex"], "chat": ["https://t.me/dodoex_official", "https://discord.com/invite/tyKReUK"], "facebook": [], "explorer": ["https://etherscan.io/token/0x43dfc4159d86f3a37a5a4b3d4580b888ad7d4ddd", "https://arbiscan.io/address/0x69Eb4FA4a2fbd498C257C57Ea8b7655a2559A581", "https://bscscan.com/token/0x67ee3Cb086F8a16f34beE3ca72FAD36F7Db929e2"], "reddit": ["https://reddit.com/r/DodoEx"], "technical_doc": ["https://dodoex.github.io/docs/docs/"], "source_code": [], "announcement": ["https://medium.com/@dodo.in.the.zoo"]}, "platform": {"id": "1027", "name": "Ethereum", "slug": "ethereum", "symbol": "ETH", "token_address": "0x43dfc4159d86f3a37a5a4b3d4580b888ad7d4ddd"}, "date_added": "2020-09-29T00:00:00.000Z", "twitter_username": "BreederDodo", "is_hidden": 0, "date_launched": null, "contract_address": [{"contract_address": "0x43dfc4159d86f3a37a5a4b3d4580b888ad7d4ddd", "platform": {"name": "Ethereum", "coin": {"id": "1027", "name": "Ethereum", "symbol": "ETH", "slug": "ethereum"}}}, {"contract_address": "0x67ee3Cb086F8a16f34beE3ca72FAD36F7Db929e2", "platform": {"name": "BNB Smart Chain (BEP20)", "coin": {"id": "1839", "name": "BNB", "symbol": "BNB", "slug": "bnb"}}}], "self_reported_circulating_supply": null, "self_reported_tags": null, "self_reported_market_cap": null}]