[{"id": 12800, "name": "Dogs Of Elon", "symbol": "DOE", "category": "token", "description": "Dogs Of Elon (DOE) is a cryptocurrency launched in 2021and operates on the Ethereum platform. Dogs Of Elon has a current supply of 940,000,000 with 192,111,677.09 in circulation. The last known price of Dogs Of Elon is 0.00903561 USD and is down -0.90 over the last 24 hours. It is currently trading on 15 active market(s) with $173,737.40 traded over the last 24 hours. More information can be found at https://dogsofelon.io.", "slug": "dogs-of-elon", "logo": "https://s2.coinmarketcap.com/static/img/coins/64x64/12800.png", "subreddit": "", "notice": "", "tags": ["marketplace", "collectibles-nfts", "memes", "doggone-doggerel"], "tag-names": ["Marketplace", "Collectibles & NFTs", "Memes", "Doggone Doggerel"], "tag-groups": ["INDUSTRY", "CATEGORY", "INDUSTRY", "CATEGORY"], "urls": {"website": ["https://dogsofelon.io"], "twitter": ["https://twitter.com/dogsofelon"], "message_board": ["https://medium.com/dogs-of-elon-community"], "chat": ["https://t.me/DOEOfficial", "http://discord.gg/dogsofelon"], "facebook": [], "explorer": ["https://etherscan.io/token/0xf8e9f10c22840b613cda05a0c5fdb59a4d6cd7ef", "https://etherscan.io/token/0xf8e9f10c22840b613cda05a0c5fdb59a4d6cd7ef"], "reddit": [], "technical_doc": ["https://dogsofelon.io"], "source_code": [], "announcement": ["https://t.me/dogsofelonupdates"]}, "platform": {"id": "1027", "name": "Ethereum", "slug": "ethereum", "symbol": "ETH", "token_address": "0xf8e9f10c22840b613cda05a0c5fdb59a4d6cd7ef"}, "date_added": "2021-11-05T14:53:30.000Z", "twitter_username": "dogsofelon", "is_hidden": 0, "date_launched": "2021-10-15T00:00:00.000Z", "contract_address": [{"contract_address": "0xf8e9f10c22840b613cda05a0c5fdb59a4d6cd7ef", "platform": {"name": "Ethereum", "coin": {"id": "1027", "name": "Ethereum", "symbol": "ETH", "slug": "ethereum"}}}], "self_reported_circulating_supply": null, "self_reported_tags": null, "self_reported_market_cap": null}]