[{"id": 13429, "name": "Doge Floki Coin", "symbol": "DOFI", "category": "token", "description": "Doge Floki Coin (DOFI) is a cryptocurrency launched in 2021and operates on the BNB Smart Chain (BEP20) platform. Doge Floki Coin has a current supply of 0. The last known price of Doge Floki Coin is 0 USD and is up 0.28 over the last 24 hours. It is currently trading on 10 active market(s) with $776.47 traded over the last 24 hours. More information can be found at https://dogefloki.site.", "slug": "doge-floki-coin", "logo": "https://s2.coinmarketcap.com/static/img/coins/64x64/13429.png", "subreddit": "dogeflokicoin", "notice": "", "tags": ["memes", "doggone-doggerel"], "tag-names": ["Memes", "Doggone Doggerel"], "tag-groups": ["INDUSTRY", "CATEGORY"], "urls": {"website": ["https://dogefloki.site"], "twitter": ["https://twitter.com/dogeflokiglobal"], "message_board": ["https://dogefloki.medium.com"], "chat": ["https://t.me/dogeflokiglobal", "https://t.me/dogeflokiglobal"], "facebook": [], "explorer": ["https://bscscan.com/token/0xf9d6ddf44016953dbf7ab135a0f64d7a41870ede"], "reddit": ["https://reddit.com/r/dogeflokicoin"], "technical_doc": ["https://dogefloki.site/whitepaper.pdf"], "source_code": ["https://github.com/Dogeflokicoin"], "announcement": []}, "platform": {"id": "1839", "name": "BNB", "slug": "bnb", "symbol": "BNB", "token_address": "0xf9d6ddf44016953dbf7ab135a0f64d7a41870ede"}, "date_added": "2021-10-28T01:21:41.000Z", "twitter_username": "dogeflokiglobal", "is_hidden": 0, "date_launched": "2021-10-27T00:00:00.000Z", "contract_address": [{"contract_address": "0xf9d6ddf44016953dbf7ab135a0f64d7a41870ede", "platform": {"name": "BNB Smart Chain (BEP20)", "coin": {"id": "1839", "name": "BNB", "symbol": "BNB", "slug": "bnb"}}}], "self_reported_circulating_supply": null, "self_reported_tags": null, "self_reported_market_cap": null}]