[{"id": 11557, "name": "The Doge NFT", "symbol": "DOG", "category": "token", "description": "The Doge NFT (DOG) is a cryptocurrency launched in 2021and operates on the Ethereum platform. The Doge NFT has a current supply of 16,969,696,969 with 0 in circulation. The last known price of The Doge NFT is 0.00068412 USD and is down -0.28 over the last 24 hours. It is currently trading on 24 active market(s) with $616,477.57 traded over the last 24 hours. More information can be found at https://ownthedoge.com.", "slug": "the-doge-nft", "logo": "https://s2.coinmarketcap.com/static/img/coins/64x64/11557.png", "subreddit": "ownthedoge", "notice": "", "tags": ["collectibles-nfts", "memes", "doggone-doggerel", "arbitrum-ecosytem"], "tag-names": ["Collectibles & NFTs", "Memes", "Doggone Doggerel", "Arbitrum Ecosystem"], "tag-groups": ["CATEGORY", "INDUSTRY", "CATEGORY", "PLATFORM"], "urls": {"website": ["https://ownthedoge.com", "https://dao.ge"], "twitter": ["https://twitter.com/ownthedoge"], "message_board": ["https://medium.com/the-doge-times"], "chat": ["https://discord.gg/thedogenft"], "facebook": [], "explorer": ["https://etherscan.io/token/0xbaac2b4491727d78d2b78815144570b9f2fe8899", "https://ethplorer.io/address/0xbaac2b4491727d78d2b78815144570b9f2fe8899"], "reddit": ["https://reddit.com/r/ownthedoge"], "technical_doc": [], "source_code": [], "announcement": []}, "platform": {"id": "1027", "name": "Ethereum", "slug": "ethereum", "symbol": "ETH", "token_address": "0xbaac2b4491727d78d2b78815144570b9f2fe8899"}, "date_added": "2021-09-01T20:24:22.000Z", "twitter_username": "ownthedoge", "is_hidden": 0, "date_launched": "2021-09-01T00:00:00.000Z", "contract_address": [{"contract_address": "0xbaac2b4491727d78d2b78815144570b9f2fe8899", "platform": {"name": "Ethereum", "coin": {"id": "1027", "name": "Ethereum", "symbol": "ETH", "slug": "ethereum"}}}, {"contract_address": "0xaa88c603d142c371ea0eac8756123c5805edee03", "platform": {"name": "BNB Smart Chain (BEP20)", "coin": {"id": "1839", "name": "BNB", "symbol": "BNB", "slug": "bnb"}}}, {"contract_address": "0xeEe3371B89FC43Ea970E908536Fcddd975135D8a", "platform": {"name": "Polygon", "coin": {"id": "3890", "name": "Polygon", "symbol": "MATIC", "slug": "polygon"}}}], "self_reported_circulating_supply": 7636363636.0, "self_reported_tags": ["Collectibles & NFTs", "DeFi", "DAO", "Ethereum Ecosystem", "BNB Smart Chain", "Web3", "Arbitrum Ecosystem", "Cross-Chain"], "self_reported_market_cap": 5223837.526515144}, {"id": 12078, "name": "DogeSwap", "symbol": "DOG", "category": "token", "description": "DogeSwap (DOG) is a cryptocurrency launched in 2021and operates on the HECO platform. DogeSwap has a current supply of 0. The last known price of DogeSwap is 0.00112518 USD and is down -13.94 over the last 24 hours. It is currently trading on 7 active market(s) with $282,863.82 traded over the last 24 hours. More information can be found at https://dogeswap.global/.", "slug": "dogeswap-heco", "logo": "https://s2.coinmarketcap.com/static/img/coins/64x64/12078.png", "subreddit": "", "notice": "", "tags": ["memes"], "tag-names": ["Memes"], "tag-groups": ["INDUSTRY"], "urls": {"website": ["https://dogeswap.global/"], "twitter": ["https://twitter.com/DogeSwap_fans"], "message_board": [], "chat": [], "facebook": [], "explorer": [], "reddit": [], "technical_doc": [], "source_code": [], "announcement": []}, "platform": {"id": "2502", "name": "Huobi Token", "slug": "huobi-token", "symbol": "HT", "token_address": "0x099626783842d35C221E5d01694C2B928eB3B0AD"}, "date_added": "2021-09-23T15:11:00.000Z", "twitter_username": "DogeSwap_fans", "is_hidden": 0, "date_launched": "2021-03-02T00:00:00.000Z", "contract_address": [{"contract_address": "0x099626783842d35C221E5d01694C2B928eB3B0AD", "platform": {"name": "HECO", "coin": {"id": "2502", "name": "Huobi Token", "symbol": "HT", "slug": "huobi-token"}}}], "self_reported_circulating_supply": NaN, "self_reported_tags": null, "self_reported_market_cap": NaN}, {"id": 8818, "name": "UnderDog", "symbol": "DOG", "category": "token", "description": "UnderDog (DOG) is a cryptocurrency launched in 2021and operates on the BNB Smart Chain (BEP20) platform. UnderDog has a current supply of 0. The last known price of UnderDog is 0.00002596 USD and is up 0.00 over the last 24 hours. More information can be found at https://www.underdog.finance.", "slug": "underdog", "logo": "https://s2.coinmarketcap.com/static/img/coins/64x64/8818.png", "subreddit": "", "notice": "", "tags": ["bnb-chain"], "tag-names": ["BNB Chain"], "tag-groups": ["PLATFORM"], "urls": {"website": ["https://www.underdog.finance"], "twitter": ["https://twitter.com/underdogdefi"], "message_board": ["https://underdogfinance.medium.com/underdog-finance-dog-b9c0a06c831e"], "chat": ["https://t.me/underdogfinance"], "facebook": [], "explorer": ["https://bscscan.com/token/0xf94ca0b303e52d68b63626bed7f680fa4dc3f779"], "reddit": [], "technical_doc": [], "source_code": ["https://bscscan.com/address/0xf94ca0b303e52d68b63626bed7f680fa4dc3f779#code"], "announcement": []}, "platform": {"id": "1839", "name": "BNB", "slug": "bnb", "symbol": "BNB", "token_address": "0xf94ca0b303e52d68b63626bed7f680fa4dc3f779"}, "date_added": "2021-03-16T00:00:00.000Z", "twitter_username": "underdogdefi", "is_hidden": 0, "date_launched": "2021-02-24T00:00:00.000Z", "contract_address": [{"contract_address": "0xf94ca0b303e52d68b63626bed7f680fa4dc3f779", "platform": {"name": "BNB Smart Chain (BEP20)", "coin": {"id": "1839", "name": "BNB", "symbol": "BNB", "slug": "bnb"}}}], "self_reported_circulating_supply": NaN, "self_reported_tags": null, "self_reported_market_cap": NaN}, {"id": 16629, "name": "DOG", "symbol": "DOG", "category": "token", "description": "DOG (DOG) is a cryptocurrency launched in 2021and operates on the BNB Smart Chain (BEP20) platform. DOG has a current supply of 5,000,000,000 with 0 in circulation. The last known price of DOG is 0.00038889 USD and is up 0.00 over the last 24 hours. More information can be found at https://www.dogcoindogcoin.com.", "slug": "dog", "logo": "https://s2.coinmarketcap.com/static/img/coins/64x64/16629.png", "subreddit": "", "notice": "", "tags": null, "tag-names": null, "tag-groups": null, "urls": {"website": ["https://www.dogcoindogcoin.com"], "twitter": ["https://twitter.com/idogcoin"], "message_board": [], "chat": ["https://t.me/idogcoin"], "facebook": [], "explorer": ["https://bscscan.com/token/0xcc4861adc85d86ae8c9cc9d19f4f109969eb4f7b"], "reddit": [], "technical_doc": [], "source_code": ["https://github.com/idogcoin/DOG"], "announcement": []}, "platform": {"id": "1839", "name": "BNB", "slug": "bnb", "symbol": "BNB", "token_address": "0xCC4861AdC85d86ae8c9cc9D19F4F109969eb4F7B"}, "date_added": "2021-12-29T17:35:27.000Z", "twitter_username": "idogcoin", "is_hidden": 0, "date_launched": "2021-12-23T00:00:00.000Z", "contract_address": [{"contract_address": "0xCC4861AdC85d86ae8c9cc9D19F4F109969eb4F7B", "platform": {"name": "BNB Smart Chain (BEP20)", "coin": {"id": "1839", "name": "BNB", "symbol": "BNB", "slug": "bnb"}}}], "self_reported_circulating_supply": 5000000000.0, "self_reported_tags": ["Art", "Fashion", "Marketing"], "self_reported_market_cap": 1944457.559076418}, {"id": 18643, "name": "Dog Coin[New]", "symbol": "DOG", "category": "token", "description": "Dog Coin[New] (DOG) is a cryptocurrency launched in 2022and operates on the BNB Smart Chain (BEP20) platform. Dog Coin[New] has a current supply of 6,000,000,000 with 0 in circulation. The last known price of Dog Coin[New] is 0.00113984 USD and is up 0.00 over the last 24 hours. More information can be found at http://www.dogcoindogcoin.com.", "slug": "dog-coin-new", "logo": "https://s2.coinmarketcap.com/static/img/coins/64x64/18643.png", "subreddit": "", "notice": "", "tags": null, "tag-names": null, "tag-groups": null, "urls": {"website": ["http://www.dogcoindogcoin.com"], "twitter": ["https://twitter.com/idogcoin"], "message_board": [], "chat": ["https://t.me/idogcoin"], "facebook": [], "explorer": ["https://www.bscscan.com/token/0xCcd8a5f16d5a2477809a9956429fFC7be1BF6222"], "reddit": [], "technical_doc": [], "source_code": ["https://github.com/wowodogdog/tokens"], "announcement": []}, "platform": {"id": "1839", "name": "BNB", "slug": "bnb", "symbol": "BNB", "token_address": "0xCcd8a5f16d5a2477809a9956429fFC7be1BF6222"}, "date_added": "2022-03-08T15:39:53.000Z", "twitter_username": "idogcoin", "is_hidden": 0, "date_launched": "2022-03-26T00:00:00.000Z", "contract_address": [{"contract_address": "0xCcd8a5f16d5a2477809a9956429fFC7be1BF6222", "platform": {"name": "BNB Smart Chain (BEP20)", "coin": {"id": "1839", "name": "BNB", "symbol": "BNB", "slug": "bnb"}}}], "self_reported_circulating_supply": 6000000000.0, "self_reported_tags": null, "self_reported_market_cap": 6839069.205872923}]