[{"id": 14722, "name": "DOGAM\u00cd", "symbol": "DOGA", "category": "token", "description": "DOGAM\u00cd (DOGA) is a cryptocurrency launched in 2021and operates on the Tezos platform. DOGAM\u00cd has a current supply of 1,000,000,000 with 0 in circulation. The last known price of DOGAM\u00cd is 0.01051146 USD and is down -2.26 over the last 24 hours. It is currently trading on 2 active market(s) with $7,893.86 traded over the last 24 hours. More information can be found at https://dogami.com/.", "slug": "dogami", "logo": "https://s2.coinmarketcap.com/static/img/coins/64x64/14722.png", "subreddit": "", "notice": "", "tags": ["gaming", "play-to-earn", "animoca-brands-portfolio"], "tag-names": ["Gaming", "Play To Earn", "Animoca Brands Portfolio"], "tag-groups": ["INDUSTRY", "CATEGORY", "CATEGORY"], "urls": {"website": ["https://dogami.com/"], "twitter": ["https://twitter.com/Dogami"], "message_board": [], "chat": ["https://t.me/joinchat/nV62WBsKLC1hN2Nk", "https://discord.gg/dogami"], "facebook": [], "explorer": [], "reddit": [], "technical_doc": [], "source_code": [], "announcement": []}, "platform": {"id": "2011", "name": "Tezos", "slug": "tezos", "symbol": "XTZ", "token_address": "KT1Ha4yFVeyzw6KRAdkzq6TxDHB97KG4pZe8"}, "date_added": "2021-11-17T16:30:19.000Z", "twitter_username": "Dogami", "is_hidden": 0, "date_launched": "2021-03-22T00:00:00.000Z", "contract_address": [{"contract_address": "KT1Ha4yFVeyzw6KRAdkzq6TxDHB97KG4pZe8", "platform": {"name": "Tezos", "coin": {"id": "2011", "name": "Tezos", "symbol": "XTZ", "slug": "tezos"}}}], "self_reported_circulating_supply": null, "self_reported_tags": ["VR/AR", "Collectibles & NFTs", "DeFi", "Web3", "Move To Earn"], "self_reported_market_cap": null}]