[{"id": 6623, "name": "DOGEFI", "symbol": "DOGEFI", "category": "token", "description": "DOGEFI (DOGEFI) is a cryptocurrency launched in 2020and operates on the Ethereum platform. DOGEFI has a current supply of 1,000,000. The last known price of DOGEFI is 0.28012952 USD and is up 0.00 over the last 24 hours. More information can be found at https://www.dogefi.club/.", "slug": "dogefi", "logo": "https://s2.coinmarketcap.com/static/img/coins/64x64/6623.png", "subreddit": "", "notice": "", "tags": ["memes", "doggone-doggerel"], "tag-names": ["Memes", "Doggone Doggerel"], "tag-groups": ["INDUSTRY", "CATEGORY"], "urls": {"website": ["https://www.dogefi.club/"], "twitter": ["https://twitter.com/DOGEFI_Army"], "message_board": ["https://medium.com/@DOGEFI"], "chat": ["https://t.me/DOGEFI_army"], "facebook": [], "explorer": ["https://etherscan.io/token/0x9b9087756eca997c5d595c840263001c9a26646d"], "reddit": [], "technical_doc": [], "source_code": [], "announcement": []}, "platform": {"id": "1027", "name": "Ethereum", "slug": "ethereum", "symbol": "ETH", "token_address": "0x9b9087756eca997c5d595c840263001c9a26646d"}, "date_added": "2020-08-17T00:00:00.000Z", "twitter_username": "DOGEFI_Army", "is_hidden": 0, "date_launched": "2020-08-07T00:00:00.000Z", "contract_address": [{"contract_address": "0x9b9087756eca997c5d595c840263001c9a26646d", "platform": {"name": "Ethereum", "coin": {"id": "1027", "name": "Ethereum", "symbol": "ETH", "slug": "ethereum"}}}], "self_reported_circulating_supply": null, "self_reported_tags": null, "self_reported_market_cap": null}]