[{"id": 9804, "name": "DogeDao Finance", "symbol": "DOGEDAO", "category": "token", "description": "DogeDao Finance (DOGEDAO) is a cryptocurrency launched in 2021and operates on the BNB Smart Chain (BEP20) platform. DogeDao Finance has a current supply of 7,500,000,000 with 0 in circulation. The last known price of DogeDao Finance is 0.00002649 USD and is down -0.02 over the last 24 hours. More information can be found at https://dogedaofinance.com.", "slug": "dogedao-finance", "logo": "https://s2.coinmarketcap.com/static/img/coins/64x64/9804.png", "subreddit": "", "notice": "DogeDao contract address has changed from 0xc0cfb69cf3470382e89c145b608626c42132c545 to 0xd54c26d2778d381a5e504931f782b6bcf16e68b1. Announcement Link: https://twitter.com/DogeDaoFinance/status/1416074114993950724?s=20", "tags": ["memes", "doggone-doggerel", "bnb-chain"], "tag-names": ["Memes", "Doggone Doggerel", "BNB Chain"], "tag-groups": ["INDUSTRY", "CATEGORY", "PLATFORM"], "urls": {"website": ["https://dogedaofinance.com"], "twitter": ["https://twitter.com/DogeDaoFinance"], "message_board": [], "chat": ["https://t.me/dogedaofi"], "facebook": [], "explorer": ["https://bscscan.com/token/0xd54c26d2778d381a5e504931f782b6bcf16e68b1"], "reddit": [], "technical_doc": [], "source_code": [], "announcement": []}, "platform": {"id": "1839", "name": "BNB", "slug": "bnb", "symbol": "BNB", "token_address": "0xd54c26d2778d381a5e504931f782b6bcf16e68b1"}, "date_added": "2021-05-14T00:00:00.000Z", "twitter_username": "DogeDaoFinance", "is_hidden": 0, "date_launched": "2021-05-10T00:00:00.000Z", "contract_address": [{"contract_address": "0xd54c26d2778d381a5e504931f782b6bcf16e68b1", "platform": {"name": "BNB Smart Chain (BEP20)", "coin": {"id": "1839", "name": "BNB", "symbol": "BNB", "slug": "bnb"}}}], "self_reported_circulating_supply": 4559212831.8, "self_reported_tags": null, "self_reported_market_cap": 120758.31462687626}]