[{"id": 3672, "name": "DogeCash", "symbol": "DOGEC", "category": "coin", "description": "DogeCash (DOGEC) is a cryptocurrency launched in 2018. DogeCash has a current supply of 19,015,632.1614421 with 20,309,015.72125922 in circulation. The last known price of DogeCash is 0.01123325 USD and is down -0.46 over the last 24 hours. It is currently trading on 2 active market(s) with $2.51 traded over the last 24 hours. More information can be found at https://dogecash.net.", "slug": "dogecash", "logo": "https://s2.coinmarketcap.com/static/img/coins/64x64/3672.png", "subreddit": "DogeCash", "notice": "", "tags": ["masternodes", "memes", "doggone-doggerel"], "tag-names": ["Masternodes", "Memes", "Doggone Doggerel"], "tag-groups": ["CATEGORY", "INDUSTRY", "CATEGORY"], "urls": {"website": ["https://dogecash.net", "https://dogecash.org"], "twitter": ["https://twitter.com/dogecashcoin"], "message_board": ["https://support.dogecash.org/"], "chat": ["https://t.me/dogecashcoin", "https://discord.dogec.io"], "facebook": [], "explorer": ["https://explorer.dogecash.org/"], "reddit": ["https://reddit.com/r/DogeCash"], "technical_doc": [], "source_code": ["https://github.com/dogecash"], "announcement": ["https://bitcointalk.org/index.php?topic=5039914"]}, "platform": null, "date_added": "2019-01-07T00:00:00.000Z", "twitter_username": "dogecashcoin", "is_hidden": 0, "date_launched": "2018-10-10T00:00:00.000Z", "contract_address": [], "self_reported_circulating_supply": null, "self_reported_tags": ["Store Of Value", "Masternodes", "Staking", "DAO", "Wallet"], "self_reported_market_cap": null}]