[{"id": 74, "name": "Dogecoin", "symbol": "DOGE", "category": "coin", "description": "Dogecoin (DOGE) is a cryptocurrency . Users are able to generate DOGE through the process of mining. Dogecoin has a current supply of 132,670,764,299.89409. The last known price of Dogecoin is 0.06818108 USD and is down -3.65 over the last 24 hours. It is currently trading on 629 active market(s) with $366,786,470.87 traded over the last 24 hours. More information can be found at http://dogecoin.com/.", "slug": "dogecoin", "logo": "https://s2.coinmarketcap.com/static/img/coins/64x64/74.png", "subreddit": "dogecoin", "notice": "", "tags": ["mineable", "pow", "scrypt", "medium-of-exchange", "memes", "payments", "doggone-doggerel", "bnb-chain"], "tag-names": ["Mineable", "PoW", "Scrypt", "Medium of Exchange", "Memes", "Payments", "Doggone Doggerel", "BNB Chain"], "tag-groups": ["OTHERS", "ALGORITHM", "ALGORITHM", "INDUSTRY", "INDUSTRY", "INDUSTRY", "CATEGORY", "PLATFORM"], "urls": {"website": ["http://dogecoin.com/"], "twitter": ["https://twitter.com/dogecoin"], "message_board": [], "chat": ["http://webchat.freenode.net/?nick=Shibe..&channels=%23dogecoin&prompt=1"], "facebook": [], "explorer": ["https://blockchair.com/dogecoin", "http://dogechain.info/chain/Dogecoin", "https://explorer.viabtc.com/doge", "https://bscscan.com/token/0xba2ae424d960c26247dd6c32edc70b295c744c43"], "reddit": ["https://reddit.com/r/dogecoin"], "technical_doc": ["https://github.com/dogecoin/dogecoin/blob/master/README.md"], "source_code": ["https://github.com/dogecoin/dogecoin"], "announcement": ["https://bitcointalk.org/index.php?topic=361813.0"]}, "platform": null, "date_added": "2013-12-15T00:00:00.000Z", "twitter_username": "dogecoin", "is_hidden": 0, "date_launched": null, "contract_address": [{"contract_address": "0xba2ae424d960c26247dd6c32edc70b295c744c43", "platform": {"name": "BNB Smart Chain (BEP20)", "coin": {"id": "1839", "name": "BNB", "symbol": "BNB", "slug": "bnb"}}}], "self_reported_circulating_supply": null, "self_reported_tags": null, "self_reported_market_cap": null}]