[{"id": 11380, "name": "Dogecoin 2.0", "symbol": "DOGE2", "category": "token", "description": "Dogecoin 2.0 (DOGE2) is a cryptocurrency launched in 2021and operates on the BNB Smart Chain (BEP20) platform. Dogecoin 2.0 has a current supply of 0. The last known price of Dogecoin 2.0 is 0.00279422 USD and is down -10.09 over the last 24 hours. It is currently trading on 10 active market(s) with $878.71 traded over the last 24 hours. More information can be found at https://www.dogecoin2.org.", "slug": "dogecoin-2", "logo": "https://s2.coinmarketcap.com/static/img/coins/64x64/11380.png", "subreddit": "Dogecoin2_point_0", "notice": "", "tags": ["memes", "doggone-doggerel"], "tag-names": ["Memes", "Doggone Doggerel"], "tag-groups": ["INDUSTRY", "CATEGORY"], "urls": {"website": ["https://www.dogecoin2.org"], "twitter": ["https://twitter.com/Doge2_Official"], "message_board": [], "chat": ["https://t.me/joinchat/pbZ1dx14bCAyMzY0", "https://discord.com/invite/doge2"], "facebook": [], "explorer": ["https://bscscan.com/token/0x3780E00D4c60887AF38345cCd44f7617dBFB10A0"], "reddit": ["https://reddit.com/r/Dogecoin2_point_0"], "technical_doc": ["https://www.dogecoin2.org/whitepaper/"], "source_code": [], "announcement": []}, "platform": {"id": "1839", "name": "BNB", "slug": "bnb", "symbol": "BNB", "token_address": "0x3780E00D4c60887AF38345cCd44f7617dBFB10A0"}, "date_added": "2021-08-24T00:00:00.000Z", "twitter_username": "Doge2_Official", "is_hidden": 0, "date_launched": "2021-04-30T00:00:00.000Z", "contract_address": [{"contract_address": "0x3780E00D4c60887AF38345cCd44f7617dBFB10A0", "platform": {"name": "BNB Smart Chain (BEP20)", "coin": {"id": "1839", "name": "BNB", "symbol": "BNB", "slug": "bnb"}}}], "self_reported_circulating_supply": null, "self_reported_tags": null, "self_reported_market_cap": null}]