[{"id": 21633, "name": "DogeApe", "symbol": "DOGEAPE", "category": "token", "description": "DogeApe (DOGEAPE) is a cryptocurrency launched in 2022and operates on the Dogechain platform. DogeApe has a current supply of 1,000,000,000 with 0 in circulation. The last known price of DogeApe is 0.0000046 USD and is up 2.22 over the last 24 hours. It is currently trading on 2 active market(s) with $0.00 traded over the last 24 hours. More information can be found at https://dogeape.io/.", "slug": "dogeape", "logo": "https://s2.coinmarketcap.com/static/img/coins/64x64/21633.png", "subreddit": "", "notice": "", "tags": ["doge-chain-ecosystem"], "tag-names": ["Doge Chain Ecosystem"], "tag-groups": ["CATEGORY"], "urls": {"website": ["https://dogeape.io/"], "twitter": ["https://twitter.com/OfficialDogeape"], "message_board": [], "chat": ["https://t.me/DogeApe_portal"], "facebook": [], "explorer": ["https://explorer.dogechain.dog/token/0xF931ec496a062Ab17077deF06074B7488CcCE08e/token-transfers"], "reddit": [], "technical_doc": ["https://dogeape.gitbook.io"], "source_code": [], "announcement": []}, "platform": {"id": "74", "name": "Dogecoin", "slug": "dogecoin", "symbol": "DOGE", "token_address": "0xF931ec496a062Ab17077deF06074B7488CcCE08e"}, "date_added": "2022-08-30T14:28:55.000Z", "twitter_username": "OfficialDogeape", "is_hidden": 0, "date_launched": "2022-07-26T00:00:00.000Z", "contract_address": [{"contract_address": "0xF931ec496a062Ab17077deF06074B7488CcCE08e", "platform": {"name": "Dogechain", "coin": {"id": "74", "name": "Dogecoin", "symbol": "DOGE", "slug": "dogecoin"}}}], "self_reported_circulating_supply": 1000000000, "self_reported_tags": null, "self_reported_market_cap": 4598.692676476066}]