[{"id": 11001, "name": "DogeBTC", "symbol": "DOGEBTC", "category": "token", "description": "DogeBTC (DOGEBTC) is a cryptocurrency launched in 2021and operates on the BNB Smart Chain (BEP20) platform. DogeBTC has a current supply of 0. The last known price of DogeBTC is 0 USD and is up 0.00 over the last 24 hours. More information can be found at https://dogebtc.finance.", "slug": "dogebtc", "logo": "https://s2.coinmarketcap.com/static/img/coins/64x64/11001.png", "subreddit": "TheRealDogeBTC", "notice": "", "tags": ["memes", "doggone-doggerel", "bnb-chain"], "tag-names": ["Memes", "Doggone Doggerel", "BNB Chain"], "tag-groups": ["INDUSTRY", "CATEGORY", "PLATFORM"], "urls": {"website": ["https://dogebtc.finance"], "twitter": ["https://twitter.com/TheRealDogeBTC"], "message_board": [], "chat": ["https://t.me/TheRealDogeBTC"], "facebook": [], "explorer": ["https://bscscan.com/token/0xb3fa62eD37e885e3F6b98F1Bf9EAa724BB9afF39"], "reddit": ["https://reddit.com/r/TheRealDogeBTC"], "technical_doc": [], "source_code": [], "announcement": []}, "platform": {"id": "1839", "name": "BNB", "slug": "bnb", "symbol": "BNB", "token_address": "0xb3fa62eD37e885e3F6b98F1Bf9EAa724BB9afF39"}, "date_added": "2021-07-21T00:00:00.000Z", "twitter_username": "TheRealDogeBTC", "is_hidden": 0, "date_launched": "2021-07-17T00:00:00.000Z", "contract_address": [{"contract_address": "0xb3fa62eD37e885e3F6b98F1Bf9EAa724BB9afF39", "platform": {"name": "BNB Smart Chain (BEP20)", "coin": {"id": "1839", "name": "BNB", "symbol": "BNB", "slug": "bnb"}}}], "self_reported_circulating_supply": null, "self_reported_tags": null, "self_reported_market_cap": null}]