[{"id": 7377, "name": "Dogeswap", "symbol": "DOGES", "category": "token", "description": "Dogeswap (DOGES) is a cryptocurrency and operates on the Ethereum platform. Dogeswap has a current supply of 20,000. The last known price of Dogeswap is 2.31206816 USD and is down -0.48 over the last 24 hours. It is currently trading on 4 active market(s) with $0.00 traded over the last 24 hours. More information can be found at https://doge-finance.com/.", "slug": "dogeswap", "logo": "https://s2.coinmarketcap.com/static/img/coins/64x64/7377.png", "subreddit": "", "notice": "", "tags": ["memes", "staking", "yield-farming", "heco-ecosystem", "doggone-doggerel"], "tag-names": ["Memes", "Staking", "Yield Farming", "HECO Ecosystem", "Doggone Doggerel"], "tag-groups": ["INDUSTRY", "CATEGORY", "CATEGORY", "PLATFORM", "CATEGORY"], "urls": {"website": ["https://doge-finance.com/"], "twitter": ["https://twitter.com/dogeswap_"], "message_board": [], "chat": ["https://t.me/dogeswap"], "facebook": [], "explorer": ["https://etherscan.io/token/0xb4FBed161bEbcb37afB1Cb4a6F7cA18b977cCB25", "https://ethplorer.io/address/0xb4FBed161bEbcb37afB1Cb4a6F7cA18b977cCB25"], "reddit": [], "technical_doc": [], "source_code": [], "announcement": ["https://medium.com/@dogeswap"]}, "platform": {"id": "1027", "name": "Ethereum", "slug": "ethereum", "symbol": "ETH", "token_address": "0xb4fbed161bebcb37afb1cb4a6f7ca18b977ccb25"}, "date_added": "2020-10-12T00:00:00.000Z", "twitter_username": "dogeswap_", "is_hidden": 0, "date_launched": null, "contract_address": [{"contract_address": "0xb4fbed161bebcb37afb1cb4a6f7ca18b977ccb25", "platform": {"name": "Ethereum", "coin": {"id": "1027", "name": "Ethereum", "symbol": "ETH", "slug": "ethereum"}}}], "self_reported_circulating_supply": null, "self_reported_tags": null, "self_reported_market_cap": null}]