[{"id": 10941, "name": "DOGEY STYLE", "symbol": "DOGEY", "category": "token", "description": "DOGEY STYLE (DOGEY) is a cryptocurrency launched in 2021and operates on the BNB Smart Chain (BEP20) platform. DOGEY STYLE has a current supply of 420,420,420,420 with 0 in circulation. The last known price of DOGEY STYLE is 0.00000009 USD and is down -0.02 over the last 24 hours. More information can be found at https://dogeystyletoken.com/.", "slug": "dogey-style", "logo": "https://s2.coinmarketcap.com/static/img/coins/64x64/10941.png", "subreddit": "", "notice": "", "tags": ["memes", "doggone-doggerel", "bnb-chain"], "tag-names": ["Memes", "Doggone Doggerel", "BNB Chain"], "tag-groups": ["INDUSTRY", "CATEGORY", "PLATFORM"], "urls": {"website": ["https://dogeystyletoken.com/"], "twitter": ["https://twitter.com/dogeystyletoken"], "message_board": [], "chat": ["https://t.me/DogeyToken"], "facebook": [], "explorer": ["https://bscscan.com/token/0xc02c048a0bd36e196bb568b8164809df5ed047ac"], "reddit": [], "technical_doc": [], "source_code": ["https://github.com/DogeyStyle-Org/DogeyStyle-Contract"], "announcement": []}, "platform": {"id": "1839", "name": "BNB", "slug": "bnb", "symbol": "BNB", "token_address": "0xc02c048a0bd36e196bb568b8164809df5ed047ac"}, "date_added": "2021-07-17T00:00:00.000Z", "twitter_username": "dogeystyletoken", "is_hidden": 0, "date_launched": "2021-04-30T00:00:00.000Z", "contract_address": [{"contract_address": "0xc02c048a0bd36e196bb568b8164809df5ed047ac", "platform": {"name": "BNB Smart Chain (BEP20)", "coin": {"id": "1839", "name": "BNB", "symbol": "BNB", "slug": "bnb"}}}], "self_reported_circulating_supply": 420420420420.0, "self_reported_tags": null, "self_reported_market_cap": 39557.74414410459}, {"id": 14038, "name": "Doge Yellow Coin", "symbol": "DOGEY", "category": "token", "description": "Doge Yellow Coin (DOGEY) is a cryptocurrency and operates on the BNB Smart Chain (BEP20) platform. Doge Yellow Coin has a current supply of 0. The last known price of Doge Yellow Coin is 0.00000149 USD and is up 3.00 over the last 24 hours. More information can be found at https://dogeyellow.com/.", "slug": "doge-yellow-coin", "logo": "https://s2.coinmarketcap.com/static/img/coins/64x64/14038.png", "subreddit": "www.reddit.com", "notice": "", "tags": null, "tag-names": null, "tag-groups": null, "urls": {"website": ["https://dogeyellow.com/"], "twitter": ["https://twitter.com/DogeYellowCoin1"], "message_board": [], "chat": ["https://t.me/dogeyellowcoin"], "facebook": [], "explorer": ["https://bscscan.com/token/0x6f373cd69c329b1da2e00b861ad950e59454aa18"], "reddit": ["https://reddit.com/r/www.reddit.com"], "technical_doc": [], "source_code": [], "announcement": []}, "platform": {"id": "1839", "name": "BNB", "slug": "bnb", "symbol": "BNB", "token_address": "0x6f373cd69c329b1da2e00b861ad950e59454aa18"}, "date_added": "2021-11-08T04:10:54.000Z", "twitter_username": "DogeYellowCoin1", "is_hidden": 0, "date_launched": null, "contract_address": [{"contract_address": "0x6f373cd69c329b1da2e00b861ad950e59454aa18", "platform": {"name": "BNB Smart Chain (BEP20)", "coin": {"id": "1839", "name": "BNB", "symbol": "BNB", "slug": "bnb"}}}], "self_reported_circulating_supply": NaN, "self_reported_tags": null, "self_reported_market_cap": NaN}]