[{"id": 21454, "name": "DogeShrek", "symbol": "DOGESHREK", "category": "token", "description": "DogeShrek (DOGESHREK) is a cryptocurrency and operates on the Dogechain platform. DogeShrek has a current supply of 250,000,000 with 0 in circulation. The last known price of DogeShrek is 0.00125925 USD and is up 0.00 over the last 24 hours. More information can be found at https://dogeshrek.com/.", "slug": "dogeshrek", "logo": "https://s2.coinmarketcap.com/static/img/coins/64x64/21454.png", "subreddit": "", "notice": "", "tags": ["doge-chain-ecosystem"], "tag-names": ["Doge Chain Ecosystem"], "tag-groups": ["CATEGORY"], "urls": {"website": ["https://dogeshrek.com/"], "twitter": ["https://twitter.com/dogeshrek"], "message_board": [], "chat": ["https://t.me/dogeshrek"], "facebook": [], "explorer": ["https://explorer.dogechain.dog/token/0x2BE0096B24343549E34224aa9aa297E99961023D/token-transfers", "https://explorer.dogechain.dog/token/0x2BE0096B24343549E34224aa9aa297E99961023D"], "reddit": [], "technical_doc": [], "source_code": [], "announcement": []}, "platform": {"id": "74", "name": "Dogecoin", "slug": "dogecoin", "symbol": "DOGE", "token_address": "0x2be0096b24343549e34224aa9aa297e99961023d"}, "date_added": "2022-08-18T15:55:54.000Z", "twitter_username": "dogeshrek", "is_hidden": 0, "date_launched": null, "contract_address": [{"contract_address": "0x2be0096b24343549e34224aa9aa297e99961023d", "platform": {"name": "Dogechain", "coin": {"id": "74", "name": "Dogecoin", "symbol": "DOGE", "slug": "dogecoin"}}}], "self_reported_circulating_supply": null, "self_reported_tags": null, "self_reported_market_cap": null}]