[{"id": 11733, "name": "Project DogeX(OLD)", "symbol": "DOGEX", "category": "token", "description": "Project DogeX(OLD) (DOGEX) is a cryptocurrency and operates on the BNB Smart Chain (BEP20) platform. Project DogeX(OLD) has a current supply of 1,000,000,000,000,000 with 0 in circulation. The last known price of Project DogeX(OLD) is 0.00000002 USD and is up 0.26 over the last 24 hours. More information can be found at https://projectdogex.com/.", "slug": "project-dogex", "logo": "https://s2.coinmarketcap.com/static/img/coins/64x64/11733.png", "subreddit": "", "notice": "$DOGEX now migrate to V2 https://migrate.projectdogex.com/", "tags": ["memes", "doggone-doggerel"], "tag-names": ["Memes", "Doggone Doggerel"], "tag-groups": ["INDUSTRY", "CATEGORY"], "urls": {"website": ["https://projectdogex.com/"], "twitter": ["https://twitter.com/dogexofficial"], "message_board": [], "chat": ["https://t.me/projectdogex", "https://www.facebook.com/ProjectDogeX"], "facebook": [], "explorer": ["https://bscscan.com/token/0x1F6819D87bD6e10cae34883175232EE9774e00b2"], "reddit": [], "technical_doc": [], "source_code": ["https://github.com/rockstardotb/DogeX"], "announcement": []}, "platform": {"id": "1839", "name": "BNB", "slug": "bnb", "symbol": "BNB", "token_address": "0x1F6819D87bD6e10cae34883175232EE9774e00b2"}, "date_added": "2021-09-07T15:32:48.000Z", "twitter_username": "dogexofficial", "is_hidden": 0, "date_launched": null, "contract_address": [{"contract_address": "0x1F6819D87bD6e10cae34883175232EE9774e00b2", "platform": {"name": "BNB Smart Chain (BEP20)", "coin": {"id": "1839", "name": "BNB", "symbol": "BNB", "slug": "bnb"}}}], "self_reported_circulating_supply": NaN, "self_reported_tags": null, "self_reported_market_cap": NaN}, {"id": 12185, "name": "DogeHouse Capital", "symbol": "DOGEX", "category": "token", "description": "DogeHouse Capital (DOGEX) is a cryptocurrency and operates on the BNB Smart Chain (BEP20) platform. DogeHouse Capital has a current supply of 80,000,000 with 0 in circulation. The last known price of DogeHouse Capital is 0.00446942 USD and is down -5.86 over the last 24 hours. More information can be found at https://www.dogehousecapital.com/home.", "slug": "dogehouse-capital", "logo": "https://s2.coinmarketcap.com/static/img/coins/64x64/12185.png", "subreddit": "", "notice": "", "tags": ["memes", "doggone-doggerel"], "tag-names": ["Memes", "Doggone Doggerel"], "tag-groups": ["INDUSTRY", "CATEGORY"], "urls": {"website": ["https://www.dogehousecapital.com/home"], "twitter": ["https://twitter.com/DogeHouseCap"], "message_board": [], "chat": [], "facebook": [], "explorer": ["https://bscscan.com/token/0x69315c56b987dd9f0234ba0c70b1c7770f8f1852"], "reddit": [], "technical_doc": [], "source_code": ["https://github.com/richievangogh/dogehousecapital"], "announcement": ["https://medium.com/@dogehousecapital"]}, "platform": {"id": "1839", "name": "BNB", "slug": "bnb", "symbol": "BNB", "token_address": "0x69315c56b987dd9f0234ba0c70b1c7770f8f1852"}, "date_added": "2021-09-28T17:21:53.000Z", "twitter_username": "DogeHouseCap", "is_hidden": 0, "date_launched": null, "contract_address": [{"contract_address": "0x69315c56b987dd9f0234ba0c70b1c7770f8f1852", "platform": {"name": "BNB Smart Chain (BEP20)", "coin": {"id": "1839", "name": "BNB", "symbol": "BNB", "slug": "bnb"}}}], "self_reported_circulating_supply": NaN, "self_reported_tags": null, "self_reported_market_cap": NaN}, {"id": 18432, "name": "Doge X", "symbol": "DOGEX", "category": "token", "description": "Doge X (DOGEX) is a cryptocurrency launched in 2022and operates on the BNB Smart Chain (BEP20) platform. Doge X has a current supply of 100,000,000 with 0 in circulation. The last known price of Doge X is 0.0002092 USD and is up 0.00 over the last 24 hours. More information can be found at https://dogexmetaverse.com/.", "slug": "doge-x", "logo": "https://s2.coinmarketcap.com/static/img/coins/64x64/18432.png", "subreddit": "DodgeX_Defi", "notice": "The smart contract for the following token contains variable tax rate function - this open the opportunity for contract owners to modify the contract behaviour (ie. change fees, or transfer tokens). Please exercise with extra caution if you are investing in this token.", "tags": ["doggone-doggerel"], "tag-names": ["Doggone Doggerel"], "tag-groups": ["CATEGORY"], "urls": {"website": ["https://dogexmetaverse.com/"], "twitter": ["https://twitter.com/dogex_defi"], "message_board": [], "chat": ["https://t.me/dogeXworldwide"], "facebook": [], "explorer": ["https://bscscan.com/token/0x4ddBa7c715072D797e28f79fd8Afc0942498E9A3"], "reddit": ["https://reddit.com/r/DodgeX_Defi"], "technical_doc": ["https://drive.google.com/file/d/1yjVXq2DT15klTCISe2SZZpq3CDRDa625/view"], "source_code": [], "announcement": []}, "platform": {"id": "1839", "name": "BNB", "slug": "bnb", "symbol": "BNB", "token_address": "0x4ddBa7c715072D797e28f79fd8Afc0942498E9A3"}, "date_added": "2022-02-28T10:10:41.000Z", "twitter_username": "dogex_defi", "is_hidden": 0, "date_launched": "2022-01-20T00:00:00.000Z", "contract_address": [{"contract_address": "0x4ddBa7c715072D797e28f79fd8Afc0942498E9A3", "platform": {"name": "BNB Smart Chain (BEP20)", "coin": {"id": "1839", "name": "BNB", "symbol": "BNB", "slug": "bnb"}}}], "self_reported_circulating_supply": 90000000.0, "self_reported_tags": null, "self_reported_market_cap": 18828.272433879298}]