[{"id": 12727, "name": "Doge Dash", "symbol": "DOGEDASH", "category": "token", "description": "Doge Dash (DOGEDASH) is a cryptocurrency launched in 2021and operates on the BNB Smart Chain (BEP20) platform. Doge Dash has a current supply of 90,286,721,009.31483 with 54,046,882,509.60472 in circulation. The last known price of Doge Dash is 0.00013097 USD and is up 1.24 over the last 24 hours. More information can be found at https://dogedash.com/.", "slug": "doge-dash", "logo": "https://s2.coinmarketcap.com/static/img/coins/64x64/12727.png", "subreddit": "", "notice": "Doge Dash will be rebranding into HELLO One, click [here to check their page](https://coinmarketcap.com/currencies/hello-labs/).", "tags": ["collectibles-nfts", "gaming", "memes", "doggone-doggerel", "play-to-earn", "bnb-chain"], "tag-names": ["Collectibles & NFTs", "Gaming", "Memes", "Doggone Doggerel", "Play To Earn", "BNB Chain"], "tag-groups": ["CATEGORY", "INDUSTRY", "INDUSTRY", "CATEGORY", "CATEGORY", "PLATFORM"], "urls": {"website": ["https://dogedash.com/"], "twitter": ["https://twitter.com/thehellolabs"], "message_board": ["https://coinmarketcap.com/community/profile/HELLO?type=Articles"], "chat": ["https://t.me/hellolabs", "https://discord.gg/hellolabs"], "facebook": ["https://www.facebook.com/thehellolabs"], "explorer": ["https://bscscan.com/token/0x7ae5709c585ccfb3e61ff312ec632c21a5f03f70"], "reddit": [], "technical_doc": ["https://dogedash.com/DogeDashWhitepaper2022.pdf"], "source_code": [], "announcement": []}, "platform": {"id": "1839", "name": "BNB", "slug": "bnb", "symbol": "BNB", "token_address": "0x7ae5709c585ccfb3e61ff312ec632c21a5f03f70"}, "date_added": "2021-10-14T09:21:15.000Z", "twitter_username": "thehellolabs", "is_hidden": 0, "date_launched": "2021-10-07T00:00:00.000Z", "contract_address": [{"contract_address": "0x7ae5709c585ccfb3e61ff312ec632c21a5f03f70", "platform": {"name": "BNB Smart Chain (BEP20)", "coin": {"id": "1839", "name": "BNB", "symbol": "BNB", "slug": "bnb"}}}], "self_reported_circulating_supply": null, "self_reported_tags": ["Collectibles & NFTs", "Play To Earn"], "self_reported_market_cap": null}]