[{"id": 9693, "name": "DOGGY", "symbol": "DOGGY", "category": "token", "description": "DOGGY (DOGGY) is a cryptocurrency launched in 2021and operates on the BNB Smart Chain (BEP20) platform. DOGGY has a current supply of 4,037,650,703.0075. The last known price of DOGGY is 0.00030531 USD and is down -0.60 over the last 24 hours. It is currently trading on 22 active market(s) with $53,677.56 traded over the last 24 hours. More information can be found at https://cryptodoggies.io/.", "slug": "doggy", "logo": "https://s2.coinmarketcap.com/static/img/coins/64x64/9693.png", "subreddit": "", "notice": "", "tags": ["collectibles-nfts", "memes", "doggone-doggerel", "bnb-chain"], "tag-names": ["Collectibles & NFTs", "Memes", "Doggone Doggerel", "BNB Chain"], "tag-groups": ["CATEGORY", "INDUSTRY", "CATEGORY", "PLATFORM"], "urls": {"website": ["https://cryptodoggies.io/"], "twitter": ["https://twitter.com/TheDoggyCoin"], "message_board": [], "chat": ["https://t.me/Crypto_Doggies"], "facebook": [], "explorer": ["https://bscscan.com/token/0x74926b3d118a63f6958922d3dc05eb9c6e6e00c6"], "reddit": [], "technical_doc": [], "source_code": [], "announcement": []}, "platform": {"id": "1839", "name": "BNB", "slug": "bnb", "symbol": "BNB", "token_address": "0x74926b3d118a63f6958922d3dc05eb9c6e6e00c6"}, "date_added": "2021-05-11T00:00:00.000Z", "twitter_username": "TheDoggyCoin", "is_hidden": 0, "date_launched": "2021-05-10T00:00:00.000Z", "contract_address": [{"contract_address": "0x74926b3d118a63f6958922d3dc05eb9c6e6e00c6", "platform": {"name": "BNB Smart Chain (BEP20)", "coin": {"id": "1839", "name": "BNB", "symbol": "BNB", "slug": "bnb"}}}], "self_reported_circulating_supply": null, "self_reported_tags": null, "self_reported_market_cap": null}]