[{"id": 21521, "name": "Dogcoin", "symbol": "DOGS", "category": "token", "description": "Dogcoin (DOGS) is a cryptocurrency launched in 2021and operates on the BNB Smart Chain (BEP20) platform. Dogcoin has a current supply of 1,000,000,000,000,000 with 0 in circulation. The last known price of Dogcoin is 0 USD and is down -0.79 over the last 24 hours. It is currently trading on 2 active market(s) with $5,000.72 traded over the last 24 hours. More information can be found at https://dogcoin.network.", "slug": "dogcoin", "logo": "https://s2.coinmarketcap.com/static/img/coins/64x64/21521.png", "subreddit": "", "notice": "", "tags": ["collectibles-nfts", "memes", "web3"], "tag-names": ["Collectibles & NFTs", "Memes", "Web3"], "tag-groups": ["CATEGORY", "INDUSTRY", "INDUSTRY"], "urls": {"website": ["https://dogcoin.network"], "twitter": ["https://twitter.com/dogcoinme"], "message_board": [], "chat": ["https://t.me/dogcoinme"], "facebook": [], "explorer": ["https://bscscan.com/token/0xBcCD27062ae1A2BeA5731c904b96EDfb163Aba21"], "reddit": [], "technical_doc": [], "source_code": [], "announcement": []}, "platform": {"id": "1839", "name": "BNB", "slug": "bnb", "symbol": "BNB", "token_address": "0xBcCD27062ae1A2BeA5731c904b96EDfb163Aba21"}, "date_added": "2021-07-24T00:00:00.000Z", "twitter_username": "dogcoinme", "is_hidden": 0, "date_launched": "2021-07-03T00:00:00.000Z", "contract_address": [{"contract_address": "0xBcCD27062ae1A2BeA5731c904b96EDfb163Aba21", "platform": {"name": "BNB Smart Chain (BEP20)", "coin": {"id": "1839", "name": "BNB", "symbol": "BNB", "slug": "bnb"}}}], "self_reported_circulating_supply": NaN, "self_reported_tags": ["Marketplace", "Collectibles & NFTs", "Memes", "Web3"], "self_reported_market_cap": NaN}, {"id": 10489, "name": "Doggy Swap", "symbol": "DOGS", "category": "token", "description": "Doggy Swap (DOGS) is a cryptocurrency launched in 2021and operates on the BNB Smart Chain (BEP20) platform. Doggy Swap has a current supply of 0. The last known price of Doggy Swap is 0.00000044 USD and is down -0.68 over the last 24 hours. More information can be found at https://doggyswap.io.", "slug": "doggy-swap", "logo": "https://s2.coinmarketcap.com/static/img/coins/64x64/10489.png", "subreddit": "Doggyswap", "notice": "", "tags": ["memes", "doggone-doggerel", "bnb-chain"], "tag-names": ["Memes", "Doggone Doggerel", "BNB Chain"], "tag-groups": ["INDUSTRY", "CATEGORY", "PLATFORM"], "urls": {"website": ["https://doggyswap.io"], "twitter": ["https://twitter.com/doggyswapBSC"], "message_board": ["https://doggyswaps.medium.com/"], "chat": ["https://t.me/doggyswap", "https://t.me/doggyswapnews"], "facebook": [], "explorer": ["https://bscscan.com/token/0x8869eac0d82245a2df50a0fad770d72ce63649d1"], "reddit": ["https://reddit.com/r/Doggyswap"], "technical_doc": [], "source_code": ["https://github.com/Doggyswapio"], "announcement": []}, "platform": {"id": "1839", "name": "BNB", "slug": "bnb", "symbol": "BNB", "token_address": "0x8869eac0d82245a2df50a0fad770d72ce63649d1"}, "date_added": "2021-06-17T00:00:00.000Z", "twitter_username": "doggyswapBSC", "is_hidden": 0, "date_launched": "2021-05-14T00:00:00.000Z", "contract_address": [{"contract_address": "0x8869eac0d82245a2df50a0fad770d72ce63649d1", "platform": {"name": "BNB Smart Chain (BEP20)", "coin": {"id": "1839", "name": "BNB", "symbol": "BNB", "slug": "bnb"}}}], "self_reported_circulating_supply": NaN, "self_reported_tags": null, "self_reported_market_cap": NaN}, {"id": 17965, "name": "Dogs Token", "symbol": "DOGS", "category": "token", "description": "Dogs Token (DOGS) is a cryptocurrency and operates on the BNB Smart Chain (BEP20) platform. Dogs Token has a current supply of 0. The last known price of Dogs Token is 0.44175744 USD and is up 0.00 over the last 24 hours. More information can be found at https://theanimal.farm/.", "slug": "dogs-token", "logo": "https://s2.coinmarketcap.com/static/img/coins/64x64/17965.png", "subreddit": "", "notice": "", "tags": null, "tag-names": null, "tag-groups": null, "urls": {"website": ["https://theanimal.farm/"], "twitter": [], "message_board": [], "chat": ["https://t.me/The_Animal_Farm"], "facebook": [], "explorer": ["https://bscscan.com/token/0xdbdc73b95cc0d5e7e99dc95523045fc8d075fb9e"], "reddit": [], "technical_doc": ["https://theanimal.farm/docs/The_Manor_Farm_and_The_Animal_Farm_Pre_Sale,_Farm_Mechanics_&_LP.pdf"], "source_code": [], "announcement": []}, "platform": {"id": "1839", "name": "BNB", "slug": "bnb", "symbol": "BNB", "token_address": "0xdbdc73b95cc0d5e7e99dc95523045fc8d075fb9e"}, "date_added": "2022-02-09T05:51:20.000Z", "twitter_username": "", "is_hidden": 0, "date_launched": null, "contract_address": [{"contract_address": "0xdbdc73b95cc0d5e7e99dc95523045fc8d075fb9e", "platform": {"name": "BNB Smart Chain (BEP20)", "coin": {"id": "1839", "name": "BNB", "symbol": "BNB", "slug": "bnb"}}}], "self_reported_circulating_supply": 672608.833212, "self_reported_tags": null, "self_reported_market_cap": 297129.95595581917}]