[{"id": 19191, "name": "DOLA", "symbol": "DOLA", "category": "token", "description": "DOLA (DOLA) is a cryptocurrency launched in 2020and operates on the Ethereum platform. DOLA has a current supply of 55,701,609.749204 with 0 in circulation. The last known price of DOLA is 0.99797415 USD and is up 0.96 over the last 24 hours. It is currently trading on 22 active market(s) with $97,882.80 traded over the last 24 hours. More information can be found at https://www.inverse.finance/.", "slug": "inverse-finance-dola-stablecoin", "logo": "https://s2.coinmarketcap.com/static/img/coins/64x64/19191.png", "subreddit": "", "notice": "", "tags": ["stablecoin", "asset-backed-stablecoin", "usd-stablecoin"], "tag-names": ["Stablecoin", "Asset-Backed Stablecoin", "USD Stablecoin"], "tag-groups": ["CATEGORY", "CATEGORY", "CATEGORY"], "urls": {"website": ["https://www.inverse.finance/"], "twitter": ["https://twitter.com/InverseFinance"], "message_board": ["https://inversestarship.medium.com/"], "chat": ["https://discord.com/invite/YpYJC7R5nv", "https://t.co/YdbNna0aHW, https://t.me/InverseFinance"], "facebook": [], "explorer": ["https://etherscan.io/token/0x865377367054516e17014ccded1e7d814edc9ce4", "https://ftmscan.com/token/0x3129662808bec728a27ab6a6b9afd3cbaca8a43c"], "reddit": [], "technical_doc": ["https://docs.inverse.finance/inverse-finance/about-inverse"], "source_code": ["https://github.com/InverseFinance"], "announcement": []}, "platform": {"id": "1027", "name": "Ethereum", "slug": "ethereum", "symbol": "ETH", "token_address": "0x865377367054516e17014CcdED1e7d814EDC9ce4"}, "date_added": "2022-03-30T07:05:07.000Z", "twitter_username": "InverseFinance", "is_hidden": 0, "date_launched": "2020-12-14T00:00:00.000Z", "contract_address": [{"contract_address": "0x865377367054516e17014CcdED1e7d814EDC9ce4", "platform": {"name": "Ethereum", "coin": {"id": "1027", "name": "Ethereum", "symbol": "ETH", "slug": "ethereum"}}}, {"contract_address": "0x3129662808bec728a27ab6a6b9afd3cbaca8a43c", "platform": {"name": "Fantom", "coin": {"id": "3513", "name": "Fantom", "symbol": "FTM", "slug": "fantom"}}}], "self_reported_circulating_supply": 26942075.38970151, "self_reported_tags": null, "self_reported_market_cap": 27011701.602552682}]