[{"id": 18263, "name": "DollarDoge", "symbol": "DOLLARDOGE", "category": "token", "description": "DollarDoge (DOLLARDOGE) is a cryptocurrency and operates on the BNB Smart Chain (BEP20) platform. DollarDoge has a current supply of 100,000,000,000 with 0 in circulation. The last known price of DollarDoge is 0.00000158 USD and is up 0.00 over the last 24 hours. More information can be found at https://www.usdtdoge.finance/#/home.", "slug": "dollardoge", "logo": "https://s2.coinmarketcap.com/static/img/coins/64x64/18263.png", "subreddit": "", "notice": "The smart contract for the following token contains variable tax rate function - this open the opportunity for contract owners to modify the contract behaviour (ie. change fees, or transfer tokens). Please exercise with extra caution if you are investing in this token.", "tags": ["doggone-doggerel", "bnb-chain"], "tag-names": ["Doggone Doggerel", "BNB Chain"], "tag-groups": ["CATEGORY", "PLATFORM"], "urls": {"website": ["https://www.usdtdoge.finance/#/home"], "twitter": ["https://twitter.com/dollardogebsc"], "message_board": ["https://medium.com/@dollardogebsc"], "chat": ["https://t.me/dollardogecommunity", "https://www.facebook.com/DollarDoge-105983265323915"], "facebook": [], "explorer": ["https://bscscan.com/token/0x454876d97098528d83e661eD3ddf19b10e397352"], "reddit": [], "technical_doc": [], "source_code": ["https://github.com/DollarDogeToken"], "announcement": ["https://bitcointalk.org/index.php?topic=5386589"]}, "platform": {"id": "1839", "name": "BNB", "slug": "bnb", "symbol": "BNB", "token_address": "0x454876d97098528d83e661eD3ddf19b10e397352"}, "date_added": "2022-02-22T09:44:20.000Z", "twitter_username": "dollardogebsc", "is_hidden": 0, "date_launched": null, "contract_address": [{"contract_address": "0x454876d97098528d83e661eD3ddf19b10e397352", "platform": {"name": "BNB Smart Chain (BEP20)", "coin": {"id": "1839", "name": "BNB", "symbol": "BNB", "slug": "bnb"}}}], "self_reported_circulating_supply": null, "self_reported_tags": null, "self_reported_market_cap": null}]