[{"id": 9643, "name": "Don-key", "symbol": "DON", "category": "token", "description": "Don-key (DON) is a cryptocurrency launched in 2021and operates on the Ethereum platform. Don-key has a current supply of 100,000,000 with 81,352,862.71 in circulation. The last known price of Don-key is 0.00989382 USD and is down -6.50 over the last 24 hours. It is currently trading on 17 active market(s) with $65,294.48 traded over the last 24 hours. More information can be found at https://don-key.finance/.", "slug": "don-key", "logo": "https://s2.coinmarketcap.com/static/img/coins/64x64/9643.png", "subreddit": "", "notice": "", "tags": ["ethereum-ecosystem", "superstarter", "vbc-ventures-portfolio", "bnb-chain"], "tag-names": ["Ethereum Ecosystem", "Superstarter", "VBC Ventures Portfolio", "BNB Chain"], "tag-groups": ["PLATFORM", "CATEGORY", "CATEGORY", "PLATFORM"], "urls": {"website": ["https://don-key.finance/"], "twitter": ["https://twitter.com/Don_key_finance"], "message_board": ["https://don-key-finance.medium.com/"], "chat": ["https://t.me/don_key_finance"], "facebook": [], "explorer": ["https://etherscan.io/token/0x217ddead61a42369a266f1fb754eb5d3ebadc88a", "https://bscscan.com/token/0x86B3F23B6e90F5bbfac59b5b2661134Ef8Ffd255"], "reddit": [], "technical_doc": ["https://don-key.finance/litepaper.pdf"], "source_code": [], "announcement": []}, "platform": {"id": "1027", "name": "Ethereum", "slug": "ethereum", "symbol": "ETH", "token_address": "0x217ddead61a42369a266f1fb754eb5d3ebadc88a"}, "date_added": "2021-05-08T00:00:00.000Z", "twitter_username": "Don_key_finance", "is_hidden": 0, "date_launched": "2021-05-13T00:00:00.000Z", "contract_address": [{"contract_address": "0x217ddead61a42369a266f1fb754eb5d3ebadc88a", "platform": {"name": "Ethereum", "coin": {"id": "1027", "name": "Ethereum", "symbol": "ETH", "slug": "ethereum"}}}, {"contract_address": "0x86B3F23B6e90F5bbfac59b5b2661134Ef8Ffd255", "platform": {"name": "BNB Smart Chain (BEP20)", "coin": {"id": "1839", "name": "BNB", "symbol": "BNB", "slug": "bnb"}}}], "self_reported_circulating_supply": NaN, "self_reported_tags": null, "self_reported_market_cap": NaN}, {"id": 8814, "name": "Donnie Finance", "symbol": "DON", "category": "token", "description": "Donnie Finance (DON) is a cryptocurrency launched in 2020and operates on the IOST platform. Donnie Finance has a current supply of 0. The last known price of Donnie Finance is 0.27767993 USD and is down -46.76 over the last 24 hours. It is currently trading on 3 active market(s) with $97,274.29 traded over the last 24 hours. More information can be found at https://donnie.finance/.", "slug": "donnie-finance", "logo": "https://s2.coinmarketcap.com/static/img/coins/64x64/8814.png", "subreddit": "", "notice": "", "tags": null, "tag-names": null, "tag-groups": null, "urls": {"website": ["https://donnie.finance/"], "twitter": ["https://twitter.com/DonnieFinance"], "message_board": ["https://donnie-finance.medium.com/"], "chat": ["https://t.me/donniefinance"], "facebook": [], "explorer": ["https://www.iostabc.com/contract/Contract5ndTHiqRRPWnT5wBFhQ9bthhueT9LVFnuGgGEVfmVRb8"], "reddit": [], "technical_doc": ["https://drive.google.com/file/d/1Wgu773VlOyiAcpD1X8m6YYdQIu4y13PE/view?usp=sharing"], "source_code": ["https://github.com/donnieFinance/donnie-finance"], "announcement": []}, "platform": {"id": "2405", "name": "IOST", "slug": "iostoken", "symbol": "IOST", "token_address": "Contract5ndTHiqRRPWnT5wBFhQ9bthhueT9LVFnuGgGEVfmVRb8"}, "date_added": "2021-03-16T00:00:00.000Z", "twitter_username": "DonnieFinance", "is_hidden": 0, "date_launched": "2020-10-06T00:00:00.000Z", "contract_address": [{"contract_address": "Contract5ndTHiqRRPWnT5wBFhQ9bthhueT9LVFnuGgGEVfmVRb8", "platform": {"name": "IOST", "coin": {"id": "2405", "name": "IOST", "symbol": "IOST", "slug": "iostoken"}}}], "self_reported_circulating_supply": NaN, "self_reported_tags": null, "self_reported_market_cap": NaN}, {"id": 6732, "name": "Deonex Token", "symbol": "DON", "category": "token", "description": "Deonex Token (DON) is a cryptocurrency launched in 2020and operates on the Tron20 platform. Deonex Token has a current supply of 1,000,000,000 with 0 in circulation. The last known price of Deonex Token is 0.00579823 USD and is up -0.00 over the last 24 hours. It is currently trading on 2 active market(s) with $0.00 traded over the last 24 hours. More information can be found at https://www.deonexcoin.net.", "slug": "deonex-token", "logo": "https://s2.coinmarketcap.com/static/img/coins/64x64/6732.png", "subreddit": "", "notice": "", "tags": null, "tag-names": null, "tag-groups": null, "urls": {"website": ["https://www.deonexcoin.net"], "twitter": ["https://twitter.com/deonexcoin"], "message_board": [], "chat": [], "facebook": [], "explorer": ["https://tronscan.org/#/token20/TUDjTAwaq4nj2HJANwqc7mF4mQ3Hhqs3VX", "https://etherscan.io/token/0x50Ae0bc7E167C96B46f58063B2a7a27a26ad63BC"], "reddit": [], "technical_doc": [], "source_code": ["https://github.com/DEONEXCOIN"], "announcement": []}, "platform": {"id": "1958", "name": "TRON", "slug": "tron", "symbol": "TRX", "token_address": "TUDjTAwaq4nj2HJANwqc7mF4mQ3Hhqs3VX"}, "date_added": "2020-08-28T00:00:00.000Z", "twitter_username": "deonexcoin", "is_hidden": 0, "date_launched": "2020-02-28T00:00:00.000Z", "contract_address": [{"contract_address": "TUDjTAwaq4nj2HJANwqc7mF4mQ3Hhqs3VX", "platform": {"name": "Tron20", "coin": {"id": "1958", "name": "TRON", "symbol": "TRX", "slug": "tron"}}}, {"contract_address": "0x50Ae0bc7E167C96B46f58063B2a7a27a26ad63BC", "platform": {"name": "Ethereum", "coin": {"id": "1027", "name": "Ethereum", "symbol": "ETH", "slug": "ethereum"}}}], "self_reported_circulating_supply": 5000000.0, "self_reported_tags": null, "self_reported_market_cap": 28990.297109781233}, {"id": 16750, "name": "Dogeon", "symbol": "DON", "category": "token", "description": "Dogeon (DON) is a cryptocurrency and operates on the Avalanche C-Chain platform. Dogeon has a current supply of 0. The last known price of Dogeon is 0.00020831 USD and is down -3.99 over the last 24 hours. It is currently trading on 2 active market(s) with $0.00 traded over the last 24 hours. More information can be found at https://www.dogeon.io/.", "slug": "dogeon", "logo": "https://s2.coinmarketcap.com/static/img/coins/64x64/16750.png", "subreddit": "", "notice": "", "tags": ["collectibles-nfts", "gaming", "avalanche-ecosystem"], "tag-names": ["Collectibles & NFTs", "Gaming", "Avalanche Ecosystem"], "tag-groups": ["CATEGORY", "INDUSTRY", "PLATFORM"], "urls": {"website": ["https://www.dogeon.io/"], "twitter": ["https://twitter.com/Dogeon_Official"], "message_board": ["https://medium.com/@DOGEON_OFFICIAL"], "chat": ["https://t.me/DogeonAnn", "https://t.me/Dogeon_chat"], "facebook": [], "explorer": ["https://snowtrace.io/token/0x1db749847c4abb991d8b6032102383e6bfd9b1c7", "https://avascan.info/blockchain/c/address/0x1db749847c4abb991d8b6032102383e6bfd9b1c7"], "reddit": [], "technical_doc": ["https://docs.dogeon.io/d/"], "source_code": ["https://github.com/dogeonio"], "announcement": []}, "platform": {"id": "5805", "name": "Avalanche", "slug": "avalanche", "symbol": "AVAX", "token_address": "0x1db749847c4abb991d8b6032102383e6bfd9b1c7"}, "date_added": "2022-01-03T04:22:16.000Z", "twitter_username": "Dogeon_Official", "is_hidden": 0, "date_launched": null, "contract_address": [{"contract_address": "0x1db749847c4abb991d8b6032102383e6bfd9b1c7", "platform": {"name": "Avalanche C-Chain", "coin": {"id": "5805", "name": "Avalanche", "symbol": "AVAX", "slug": "avalanche"}}}], "self_reported_circulating_supply": NaN, "self_reported_tags": null, "self_reported_market_cap": NaN}, {"id": 385, "name": "Donationcoin", "symbol": "DON", "category": "coin", "description": "Donationcoin (DON) is a cryptocurrency . Users are able to generate DON through the process of mining. Donationcoin has a current supply of 0. The last known price of Donationcoin is 0.00026182 USD and is up 0.00 over the last 24 hours. More information can be found at http://donationcoin.org/.", "slug": "donationcoin", "logo": "https://s2.coinmarketcap.com/static/img/coins/64x64/385.png", "subreddit": "Donationcoin", "notice": "", "tags": ["mineable", "pow", "scrypt"], "tag-names": ["Mineable", "PoW", "Scrypt"], "tag-groups": ["OTHERS", "ALGORITHM", "ALGORITHM"], "urls": {"website": ["http://donationcoin.org/"], "twitter": ["https://twitter.com/Donationcoin"], "message_board": [], "chat": [], "facebook": [], "explorer": [], "reddit": ["https://reddit.com/r/Donationcoin"], "technical_doc": ["https://github.com/donationcoin-project/donationcoin/blob/master/README.md"], "source_code": ["https://github.com/donationcoin-project/donationcoin"], "announcement": []}, "platform": null, "date_added": "2014-06-15T00:00:00.000Z", "twitter_username": "Donationcoin", "is_hidden": 0, "date_launched": null, "contract_address": [], "self_reported_circulating_supply": NaN, "self_reported_tags": null, "self_reported_market_cap": NaN}]