[{"id": 9675, "name": "Drops Ownership Power", "symbol": "DOP", "category": "token", "description": "Drops Ownership Power (DOP) is a cryptocurrency launched in 2021and operates on the Ethereum platform. Drops Ownership Power has a current supply of 15,000,000 with 1,176,034.23125549 in circulation. The last known price of Drops Ownership Power is 0.21392735 USD and is up 1.95 over the last 24 hours. It is currently trading on 10 active market(s) with $68,520.32 traded over the last 24 hours. More information can be found at https://drops.co/.", "slug": "drops", "logo": "https://s2.coinmarketcap.com/static/img/coins/64x64/9675.png", "subreddit": "", "notice": "", "tags": ["collectibles-nfts", "defi", "polkastarter"], "tag-names": ["Collectibles & NFTs", "DeFi", "Polkastarter"], "tag-groups": ["CATEGORY", "CATEGORY", "CATEGORY"], "urls": {"website": ["https://drops.co/"], "twitter": ["https://twitter.com/dropsnft"], "message_board": ["https://dropsnft.medium.com/"], "chat": ["https://t.me/drops_nft", "https://discord.gg/zGHS5AHxfF"], "facebook": [], "explorer": ["https://etherscan.io/token/0x6bb61215298f296c55b19ad842d3df69021da2ef", "https://ethplorer.io/address/0x6bb61215298f296c55b19ad842d3df69021da2ef"], "reddit": [], "technical_doc": ["https://docsend.com/view/e9nq2waxia63hrq7"], "source_code": [], "announcement": []}, "platform": {"id": "1027", "name": "Ethereum", "slug": "ethereum", "symbol": "ETH", "token_address": "0x6bb61215298f296c55b19ad842d3df69021da2ef"}, "date_added": "2021-05-10T00:00:00.000Z", "twitter_username": "dropsnft", "is_hidden": 0, "date_launched": "2021-05-20T00:00:00.000Z", "contract_address": [{"contract_address": "0x6bb61215298f296c55b19ad842d3df69021da2ef", "platform": {"name": "Ethereum", "coin": {"id": "1027", "name": "Ethereum", "symbol": "ETH", "slug": "ethereum"}}}], "self_reported_circulating_supply": 1176033.5642780405, "self_reported_tags": null, "self_reported_market_cap": 251634.19172170415}, {"id": 21157, "name": "D-Drops", "symbol": "DOP", "category": "token", "description": "D-Drops (DOP) is a cryptocurrency launched in 2022and operates on the BNB Smart Chain (BEP20) platform. D-Drops has a current supply of 335,698,407 with 0 in circulation. The last known price of D-Drops is 0.003576 USD and is down -0.98 over the last 24 hours. It is currently trading on 1 active market(s) with $236.20 traded over the last 24 hours. More information can be found at https://www.ddrops.world.", "slug": "d-drops", "logo": "https://s2.coinmarketcap.com/static/img/coins/64x64/21157.png", "subreddit": "", "notice": "", "tags": null, "tag-names": null, "tag-groups": null, "urls": {"website": ["https://www.ddrops.world"], "twitter": ["https://twitter.com/ddropsworld"], "message_board": [], "chat": ["https://discord.com/invite/hwnGaXjrxK", "https://t.me/ddropsworld"], "facebook": [], "explorer": ["https://bscscan.com/address/0x1316f8e84c03e236355639f4d18018c55d3e23f9"], "reddit": [], "technical_doc": ["https://ddrops.world/wp-content/uploads/2022/05/D-Drops-Whitepaper-v1.0.pdf"], "source_code": [], "announcement": []}, "platform": {"id": "1839", "name": "BNB", "slug": "bnb", "symbol": "BNB", "token_address": "0x1316f8e84c03e236355639f4d18018c55d3e23f9"}, "date_added": "2022-07-28T14:56:43.000Z", "twitter_username": "ddropsworld", "is_hidden": 0, "date_launched": "2022-07-12T00:00:00.000Z", "contract_address": [{"contract_address": "0x1316f8e84c03e236355639f4d18018c55d3e23f9", "platform": {"name": "BNB Smart Chain (BEP20)", "coin": {"id": "1839", "name": "BNB", "symbol": "BNB", "slug": "bnb"}}}], "self_reported_circulating_supply": 153552627.0, "self_reported_tags": null, "self_reported_market_cap": 547622.6375783294}, {"id": 9489, "name": "Dopple Finance", "symbol": "DOP", "category": "token", "description": "Dopple Finance (DOP) is a cryptocurrency launched in 2021and operates on the BNB Smart Chain (BEP20) platform. Dopple Finance has a current supply of 37,516,506.043088 with 0 in circulation. The last known price of Dopple Finance is 0.02551099 USD and is up 0.98 over the last 24 hours. More information can be found at https://dopple.finance/.", "slug": "dopple-finance", "logo": "https://s2.coinmarketcap.com/static/img/coins/64x64/9489.png", "subreddit": "", "notice": "Dopple Finance (DOP) Migrated to [Dopple Finance (DOPX)]  (https://coinmarketcap.com/currencies/dopple-finance-/) for more information please go through the links: \nThe swap/convert link:https://legacy.dopple.finance/Convert, https://v1.twindex.com/#/convert\n\nThe documentation for the swap from old tokens to new tokens: https://docs.dopple.finance/dopple/migration, https://docs.dopple.finance/twindex/twindex-migration-plan", "tags": ["bnb-chain"], "tag-names": ["BNB Chain"], "tag-groups": ["PLATFORM"], "urls": {"website": ["https://dopple.finance/"], "twitter": ["https://twitter.com/dopplefi"], "message_board": [], "chat": ["https://t.me/dopplefi"], "facebook": [], "explorer": ["https://bscscan.com/token/0x844fa82f1e54824655470970f7004dd90546bb28"], "reddit": [], "technical_doc": [], "source_code": ["https://github.com/DoppleFinance/dopple-contract"], "announcement": []}, "platform": {"id": "1839", "name": "BNB", "slug": "bnb", "symbol": "BNB", "token_address": "0x844fa82f1e54824655470970f7004dd90546bb28"}, "date_added": "2021-04-29T00:00:00.000Z", "twitter_username": "dopplefi", "is_hidden": 0, "date_launched": "2021-03-25T00:00:00.000Z", "contract_address": [{"contract_address": "0x844fa82f1e54824655470970f7004dd90546bb28", "platform": {"name": "BNB Smart Chain (BEP20)", "coin": {"id": "1839", "name": "BNB", "symbol": "BNB", "slug": "bnb"}}}], "self_reported_circulating_supply": 54689840.16501317, "self_reported_tags": ["Finance / Banking", "Stablecoin", "Asset-Backed Stablecoin", "BNB Smart Chain", "DEX", "AMM", "Yield Farming", "Staking", "DApp", "Hedera Hashgraph Ecosystem", "LP Tokens", "DeFi", "Decentralized Exchange (DEX) Token"], "self_reported_market_cap": 1395191.8500366274}]