[{"id": 8800, "name": "Dora Factory", "symbol": "DORA", "category": "token", "description": "Dora Factory (DORA) is a cryptocurrency and operates on the Ethereum platform. Dora Factory has a current supply of 10,000,000 with 4,827,043.98359176 in circulation. The last known price of Dora Factory is 3.07789846 USD and is down -2.45 over the last 24 hours. It is currently trading on 32 active market(s) with $1,060,803.18 traded over the last 24 hours. More information can be found at https://dorafactory.org/.", "slug": "dora-factory", "logo": "https://s2.coinmarketcap.com/static/img/coins/64x64/8800.png", "subreddit": "", "notice": "", "tags": ["dao", "substrate", "duckstarter", "bounce-launchpad", "okex-blockdream-ventures-portfolio"], "tag-names": ["DAO", "Substrate", "DuckSTARTER", "Bounce Launchpad", "OKEx Blockdream Ventures Portfolio"], "tag-groups": ["CATEGORY", "CATEGORY", "CATEGORY", "CATEGORY", "CATEGORY"], "urls": {"website": ["https://dorafactory.org/"], "twitter": ["https://twitter.com/DoraFactory"], "message_board": ["https://dorafactory.medium.com/"], "chat": ["https://t.me/dorafactory"], "facebook": [], "explorer": ["https://etherscan.io/token/0xbc4171f45EF0EF66E76F979dF021a34B46DCc81d"], "reddit": [], "technical_doc": [], "source_code": [], "announcement": []}, "platform": {"id": "1027", "name": "Ethereum", "slug": "ethereum", "symbol": "ETH", "token_address": "0xbc4171f45EF0EF66E76F979dF021a34B46DCc81d"}, "date_added": "2021-03-15T00:00:00.000Z", "twitter_username": "DoraFactory", "is_hidden": 0, "date_launched": null, "contract_address": [{"contract_address": "0xbc4171f45EF0EF66E76F979dF021a34B46DCc81d", "platform": {"name": "Ethereum", "coin": {"id": "1027", "name": "Ethereum", "symbol": "ETH", "slug": "ethereum"}}}], "self_reported_circulating_supply": null, "self_reported_tags": null, "self_reported_market_cap": null}, {"id": 10192, "name": "Doraemoon", "symbol": "DORA", "category": "token", "description": "Doraemoon (DORA) is a cryptocurrency launched in 2021and operates on the BNB Smart Chain (BEP20) platform. Doraemoon has a current supply of 0. The last known price of Doraemoon is 0.00033819 USD and is up 6.67 over the last 24 hours. More information can be found at https://doraemoon.io/.", "slug": "doraemoon", "logo": "https://s2.coinmarketcap.com/static/img/coins/64x64/10192.png", "subreddit": "", "notice": "", "tags": ["bnb-chain"], "tag-names": ["BNB Chain"], "tag-groups": ["PLATFORM"], "urls": {"website": ["https://doraemoon.io/"], "twitter": ["https://twitter.com/Doraemoon_io"], "message_board": [], "chat": ["https://t.me/doraemoon_chat"], "facebook": [], "explorer": ["https://www.bscscan.com/address/0xadaf3be815cd4345229324e02e839de85ce95dc2"], "reddit": [], "technical_doc": ["https://doraemoon.io/assets/whitepaper.pdf"], "source_code": ["https://github.com/doraemoondefi"], "announcement": ["https://bitcointalk.org/index.php?topic=5340800.msg57115649#msg57115649"]}, "platform": {"id": "1839", "name": "BNB", "slug": "bnb", "symbol": "BNB", "token_address": "0xadaf3be815cd4345229324e02e839de85ce95dc2"}, "date_added": "2021-06-01T00:00:00.000Z", "twitter_username": "Doraemoon_io", "is_hidden": 0, "date_launched": "2021-05-20T00:00:00.000Z", "contract_address": [{"contract_address": "0xadaf3be815cd4345229324e02e839de85ce95dc2", "platform": {"name": "BNB Smart Chain (BEP20)", "coin": {"id": "1839", "name": "BNB", "symbol": "BNB", "slug": "bnb"}}}], "self_reported_circulating_supply": null, "self_reported_tags": null, "self_reported_market_cap": null}]