[{"id": 12315, "name": "DOSE", "symbol": "DOSE", "category": "token", "description": "DOSE (DOSE) is a cryptocurrency launched in 2021and operates on the Ethereum platform. DOSE has a current supply of 5,000,000,000 with 51,903,165.00727367 in circulation. The last known price of DOSE is 0.00618263 USD and is down -0.72 over the last 24 hours. It is currently trading on 37 active market(s) with $1,297,463.08 traded over the last 24 hours. More information can be found at https://dosetoken.com/.", "slug": "dose", "logo": "https://s2.coinmarketcap.com/static/img/coins/64x64/12315.png", "subreddit": "", "notice": "", "tags": ["health", "collectibles-nfts", "animoca-brands-portfolio", "skyvision-capital-portfolio", "move-to-earn"], "tag-names": ["Health", "Collectibles & NFTs", "Animoca Brands Portfolio", "SkyVision Capital Portfolio", "Move To Earn"], "tag-groups": ["INDUSTRY", "CATEGORY", "CATEGORY", "CATEGORY", "CATEGORY"], "urls": {"website": ["https://dosetoken.com/"], "twitter": ["https://twitter.com/DOSEToken"], "message_board": ["https://medium.com/@DOSEToken"], "chat": ["https://t.me/dose_news, https://t.me/dose_community"], "facebook": [], "explorer": ["https://etherscan.io/address/0xb31ef9e52d94d4120eb44fe1ddfde5b4654a6515", "https://bscscan.com/token/0x7837fd820ba38f95c54d6dac4ca3751b81511357", "https://polygonscan.com/token/0x81382e9693de2afc33f69b70a6c12ca9b3a73f47"], "reddit": [], "technical_doc": ["https://www.dosetoken.com/whitepaper.pdf"], "source_code": ["https://github.com/olivexbvi/dose-ethereum-contracts"], "announcement": []}, "platform": {"id": "1027", "name": "Ethereum", "slug": "ethereum", "symbol": "ETH", "token_address": "0xb31ef9e52d94d4120eb44fe1ddfde5b4654a6515"}, "date_added": "2021-10-05T02:31:00.000Z", "twitter_username": "DOSEToken", "is_hidden": 0, "date_launched": "2021-10-18T00:00:00.000Z", "contract_address": [{"contract_address": "0xb31ef9e52d94d4120eb44fe1ddfde5b4654a6515", "platform": {"name": "Ethereum", "coin": {"id": "1027", "name": "Ethereum", "symbol": "ETH", "slug": "ethereum"}}}, {"contract_address": "0x7837fd820ba38f95c54d6dac4ca3751b81511357", "platform": {"name": "BNB Smart Chain (BEP20)", "coin": {"id": "1839", "name": "BNB", "symbol": "BNB", "slug": "bnb"}}}, {"contract_address": "0x81382e9693de2afc33f69b70a6c12ca9b3a73f47", "platform": {"name": "Polygon", "coin": {"id": "3890", "name": "Polygon", "symbol": "MATIC", "slug": "polygon"}}}], "self_reported_circulating_supply": null, "self_reported_tags": null, "self_reported_market_cap": null}]