[{"id": 6636, "name": "Polkadot", "symbol": "DOT", "category": "coin", "description": "Polkadot (DOT) is a cryptocurrency . Polkadot has a current supply of 1,267,555,701.1174753 with 1,151,332,030.8122954 in circulation. The last known price of Polkadot is 4.26994414 USD and is down -1.40 over the last 24 hours. It is currently trading on 453 active market(s) with $103,668,414.30 traded over the last 24 hours. More information can be found at https://polkadot.network/.", "slug": "polkadot-new", "logo": "https://s2.coinmarketcap.com/static/img/coins/64x64/6636.png", "subreddit": "dot", "notice": "Kindly note that the BSC and HECO contract addresses are for pegged versions of DOT.", "tags": ["substrate", "polkadot", "binance-chain", "polkadot-ecosystem", "three-arrows-capital-portfolio", "polychain-capital-portfolio", "arrington-xrp-capital-portfolio", "blockchain-capital-portfolio", "boostvc-portfolio", "cms-holdings-portfolio", "coinfund-portfolio", "fabric-ventures-portfolio", "fenbushi-capital-portfolio", "hashkey-capital-portfolio", "kenetic-capital-portfolio", "1confirmation-portfolio", "placeholder-ventures-portfolio", "pantera-capital-portfolio", "exnetwork-capital-portfolio", "web3", "spartan-group", "injective-ecosystem", "bnb-chain"], "tag-names": ["Substrate", "Polkadot", "Binance Chain", "Polkadot Ecosystem", "Three Arrows Capital Portfolio", "Polychain Capital Portfolio", "Arrington XRP Capital Portfolio", "Blockchain Capital Portfolio", "BoostVC Portfolio", "CMS Holdings Portfolio", "Coinfund Portfolio", "Fabric Ventures Portfolio", "Fenbushi Capital Portfolio", "Hashkey Capital Portfolio", "Kenetic Capital Portfolio", "1Confirmation Portfolio", "Placeholder Ventures Portfolio", "Pantera Capital Portfolio", "Exnetwork Capital Portfolio", "Web3", "Spartan Group", "Injective Ecosystem", "BNB Chain"], "tag-groups": ["CATEGORY", "PLATFORM", "PLATFORM", "PLATFORM", "CATEGORY", "CATEGORY", "CATEGORY", "CATEGORY", "CATEGORY", "CATEGORY", "CATEGORY", "CATEGORY", "CATEGORY", "CATEGORY", "CATEGORY", "CATEGORY", "CATEGORY", "CATEGORY", "CATEGORY", "INDUSTRY", "CATEGORY", "PLATFORM", "PLATFORM"], "urls": {"website": ["https://polkadot.network/"], "twitter": ["https://twitter.com/Polkadot"], "message_board": ["https://medium.com/polkadot-network"], "chat": ["https://t.me/PolkadotOfficial"], "facebook": [], "explorer": ["http://polkascan.io/", "https://polkadot-cc1.subscan.io/", "https://polkastats.io", "https://hubble.figment.io/polkadot/chains/polkadot", "https://bscscan.com/token/0x7083609fce4d1d8dc0c979aab8c869ea2c873402"], "reddit": ["https://reddit.com/r/dot"], "technical_doc": ["https://polkadot.network/PolkaDotPaper.pdf"], "source_code": ["https://github.com/paritytech/polkadot"], "announcement": []}, "platform": {"id": "2502", "name": "Huobi Token", "slug": "huobi-token", "symbol": "HT", "token_address": "0xa2c49cee16a5e5bdefde931107dc1fae9f7773e3"}, "date_added": "2020-08-19T00:00:00.000Z", "twitter_username": "Polkadot", "is_hidden": 0, "date_launched": null, "contract_address": [{"contract_address": "0xa2c49cee16a5e5bdefde931107dc1fae9f7773e3", "platform": {"name": "HECO", "coin": {"id": "2502", "name": "Huobi Token", "symbol": "HT", "slug": "huobi-token"}}}, {"contract_address": "0x7083609fce4d1d8dc0c979aab8c869ea2c873402", "platform": {"name": "BNB Smart Chain (BEP20)", "coin": {"id": "1839", "name": "BNB", "symbol": "BNB", "slug": "bnb"}}}], "self_reported_circulating_supply": 904869778, "self_reported_tags": null, "self_reported_market_cap": 3871523003.476177}]