[{"id": 8643, "name": "Shadows", "symbol": "DOWS", "category": "token", "description": "Shadows (DOWS) is a cryptocurrency launched in 2021and operates on the Ethereum platform. Shadows has a current supply of 39,500,000 with 26,500,000 in circulation. The last known price of Shadows is 0.01130897 USD and is down -1.83 over the last 24 hours. It is currently trading on 10 active market(s) with $8,051.61 traded over the last 24 hours. More information can be found at https://shadows.link/.", "slug": "shadows", "logo": "https://s2.coinmarketcap.com/static/img/coins/64x64/8643.png", "subreddit": "", "notice": "", "tags": ["defi", "derivatives", "substrate", "polkadot", "polkadot-ecosystem", "duckstarter", "bnb-chain"], "tag-names": ["DeFi", "Derivatives", "Substrate", "Polkadot", "Polkadot Ecosystem", "DuckSTARTER", "BNB Chain"], "tag-groups": ["CATEGORY", "CATEGORY", "CATEGORY", "PLATFORM", "PLATFORM", "CATEGORY", "PLATFORM"], "urls": {"website": ["https://shadows.link/"], "twitter": ["https://twitter.com/shadows_defi"], "message_board": ["https://shadowsnetwork.medium.com/"], "chat": ["https://t.me/Shadows_defi"], "facebook": [], "explorer": ["https://etherscan.io/token/0x661ab0ed68000491d98c796146bcf28c20d7c559", "https://ethplorer.io/address/0x661ab0ed68000491d98c796146bcf28c20d7c559"], "reddit": [], "technical_doc": ["https://github.com/ShadowsNetwork/whitepaper/blob/main/ShadowsNetworkWhitePaper_EN.pdf"], "source_code": ["https://github.com/ShadowsNetwork"], "announcement": []}, "platform": {"id": "1027", "name": "Ethereum", "slug": "ethereum", "symbol": "ETH", "token_address": "0x661ab0ed68000491d98c796146bcf28c20d7c559"}, "date_added": "2021-03-03T00:00:00.000Z", "twitter_username": "shadows_defi", "is_hidden": 0, "date_launched": "2021-03-03T00:00:00.000Z", "contract_address": [{"contract_address": "0x661ab0ed68000491d98c796146bcf28c20d7c559", "platform": {"name": "Ethereum", "coin": {"id": "1027", "name": "Ethereum", "symbol": "ETH", "slug": "ethereum"}}}, {"contract_address": "0xfb7400707df3d76084fbeae0109f41b178f71c02", "platform": {"name": "BNB Smart Chain (BEP20)", "coin": {"id": "1839", "name": "BNB", "symbol": "BNB", "slug": "bnb"}}}], "self_reported_circulating_supply": null, "self_reported_tags": null, "self_reported_market_cap": null}]