[{"id": 654, "name": "DigitalPrice", "symbol": "DP", "category": "coin", "description": null, "slug": "digitalprice", "logo": "https://s2.coinmarketcap.com/static/img/coins/64x64/654.png", "subreddit": "DigitalPriceOrg", "notice": "", "tags": ["pow", "x11"], "tag-names": ["PoW", "X11"], "tag-groups": ["ALGORITHM", "ALGORITHM"], "urls": {"website": ["http://digitalprice.org/", "https://scrypto.io/"], "twitter": ["https://twitter.com/DigitalPriceOrg"], "message_board": [], "chat": ["https://t.me/joinchat/Ica4lBMNyvB21GlxJcA7Dg?=telegram", "https://discord.gg/cZznuMG"], "facebook": [], "explorer": ["http://54.37.205.212:3001/"], "reddit": ["https://reddit.com/r/DigitalPriceOrg"], "technical_doc": ["https://scrypto.io/ScryptoDPwp.pdf"], "source_code": ["https://github.com/DigitalPrice"], "announcement": ["https://bitcointalk.org/index.php?topic=2120481.0"]}, "platform": null, "date_added": "2014-10-04T00:00:00.000Z", "twitter_username": "DigitalPriceOrg", "is_hidden": 0, "date_launched": null, "contract_address": [], "self_reported_circulating_supply": null, "self_reported_tags": null, "self_reported_market_cap": null}, {"id": 14473, "name": "Dragon Pool", "symbol": "DP", "category": "token", "description": "Dragon Pool (DP) is a cryptocurrency launched in 2021and operates on the BNB Smart Chain (BEP20) platform. Dragon Pool has a current supply of 100,000,000,000 with 0 in circulation. The last known price of Dragon Pool is 0.00000113 USD and is up 0.00 over the last 24 hours. More information can be found at http://www.dragonpool.co.", "slug": "dragon-pool", "logo": "https://s2.coinmarketcap.com/static/img/coins/64x64/14473.png", "subreddit": "dragonpool_game", "notice": "", "tags": null, "tag-names": null, "tag-groups": null, "urls": {"website": ["http://www.dragonpool.co", "https://airdrop.dragonpool.co/"], "twitter": ["https://twitter.com/2ZPhRCh"], "message_board": ["https://medium.com/@dragon_pool"], "chat": ["https://t.me/dragonpool_ann", "https://t.me/dragonpool_chat"], "facebook": [], "explorer": ["https://bscscan.com/token/0xc31c29d89e1c351d0a41b938dc8aa0b9f07b4a29"], "reddit": ["https://reddit.com/r/dragonpool_game"], "technical_doc": ["https://dragonpool.co/whitepaper.pdf"], "source_code": [], "announcement": []}, "platform": {"id": "1839", "name": "BNB", "slug": "bnb", "symbol": "BNB", "token_address": "0xc31c29d89e1c351d0a41b938dc8aa0b9f07b4a29"}, "date_added": "2021-11-15T02:44:29.000Z", "twitter_username": "2ZPhRCh", "is_hidden": 0, "date_launched": "2021-09-30T00:00:00.000Z", "contract_address": [{"contract_address": "0xc31c29d89e1c351d0a41b938dc8aa0b9f07b4a29", "platform": {"name": "BNB Smart Chain (BEP20)", "coin": {"id": "1839", "name": "BNB", "symbol": "BNB", "slug": "bnb"}}}], "self_reported_circulating_supply": null, "self_reported_tags": null, "self_reported_market_cap": null}, {"id": 17214, "name": "Dark Planet", "symbol": "DP", "category": "token", "description": "Dark Planet (DP) is a cryptocurrency and operates on the Fantom platform. Dark Planet has a current supply of 1,000,000 with 0 in circulation. The last known price of Dark Planet is 0.00592339 USD and is up 0.00 over the last 24 hours. More information can be found at https://darkplanet.vercel.app/.", "slug": "dark-planet", "logo": "https://s2.coinmarketcap.com/static/img/coins/64x64/17214.png", "subreddit": "", "notice": "", "tags": ["fantom-ecosystem"], "tag-names": ["Fantom Ecosystem"], "tag-groups": ["PLATFORM"], "urls": {"website": ["https://darkplanet.vercel.app/"], "twitter": ["https://twitter.com/darkplanet_x_y"], "message_board": [], "chat": ["https://discord.com/invite/QUe9AdXmTy"], "facebook": [], "explorer": ["https://ftmscan.com/token/0x08b1c9a96c663ee1e0cd7029f13aced7dcf5e373"], "reddit": [], "technical_doc": [], "source_code": ["https://github.com/DarkPlanets/Dark-Planet-Token"], "announcement": ["https://medium.com/@geekery_eth"]}, "platform": {"id": "3513", "name": "Fantom", "slug": "fantom", "symbol": "FTM", "token_address": "0x08b1c9a96c663ee1e0cd7029f13aced7dcf5e373"}, "date_added": "2022-01-13T03:26:31.000Z", "twitter_username": "darkplanet_x_y", "is_hidden": 0, "date_launched": null, "contract_address": [{"contract_address": "0x08b1c9a96c663ee1e0cd7029f13aced7dcf5e373", "platform": {"name": "Fantom", "coin": {"id": "3513", "name": "Fantom", "symbol": "FTM", "slug": "fantom"}}}], "self_reported_circulating_supply": null, "self_reported_tags": null, "self_reported_market_cap": null}]