[{"id": 9665, "name": "My DeFi Pet", "symbol": "DPET", "category": "token", "description": "My DeFi Pet (DPET) is a cryptocurrency and operates on the BNB Smart Chain (BEP20) platform. My DeFi Pet has a current supply of 100,000,000 with 16,166,785.69717916 in circulation. The last known price of My DeFi Pet is 0.05100373 USD and is up 16.81 over the last 24 hours. It is currently trading on 22 active market(s) with $904,146.12 traded over the last 24 hours. More information can be found at https://mydefipet.com/.", "slug": "my-defi-pet", "logo": "https://s2.coinmarketcap.com/static/img/coins/64x64/9665.png", "subreddit": "", "notice": "", "tags": ["collectibles-nfts", "gaming", "animoca-brands-portfolio", "okex-blockdream-ventures-portfolio", "bnb-chain"], "tag-names": ["Collectibles & NFTs", "Gaming", "Animoca Brands Portfolio", "OKEx Blockdream Ventures Portfolio", "BNB Chain"], "tag-groups": ["CATEGORY", "INDUSTRY", "CATEGORY", "CATEGORY", "PLATFORM"], "urls": {"website": ["https://mydefipet.com/"], "twitter": ["https://twitter.com/MyDeFiPet"], "message_board": ["https://mydefipet.medium.com/"], "chat": ["https://t.me/mydefipet"], "facebook": [], "explorer": ["https://bscscan.com/token/0xfb62ae373aca027177d1c18ee0862817f9080d08", "https://explorer.kardiachain.io/token/0xfb62AE373acA027177D1c18Ee0862817f9080d08"], "reddit": [], "technical_doc": [], "source_code": [], "announcement": []}, "platform": {"id": "1839", "name": "BNB", "slug": "bnb", "symbol": "BNB", "token_address": "0xfb62ae373aca027177d1c18ee0862817f9080d08"}, "date_added": "2021-05-10T00:00:00.000Z", "twitter_username": "MyDeFiPet", "is_hidden": 0, "date_launched": null, "contract_address": [{"contract_address": "0xfb62ae373aca027177d1c18ee0862817f9080d08", "platform": {"name": "BNB Smart Chain (BEP20)", "coin": {"id": "1839", "name": "BNB", "symbol": "BNB", "slug": "bnb"}}}], "self_reported_circulating_supply": null, "self_reported_tags": null, "self_reported_market_cap": null}]