[{"id": 16448, "name": "Digipharm", "symbol": "DPH", "category": "token", "description": "Digipharm (DPH) is a cryptocurrency launched in 2019and operates on the Terra Classic platform. Digipharm has a current supply of 100,000,000 with 0 in circulation. The last known price of Digipharm is 0.02615021 USD and is up 0.00 over the last 24 hours. More information can be found at https://www.digipharm.io.", "slug": "digipharm", "logo": "https://s2.coinmarketcap.com/static/img/coins/64x64/16448.png", "subreddit": "", "notice": "", "tags": ["terra-ecosystem"], "tag-names": ["Terra Ecosystem"], "tag-groups": ["CATEGORY"], "urls": {"website": ["https://www.digipharm.io"], "twitter": ["https://twitter.com/DigipharmTeam"], "message_board": ["https://medium.com/@digipharm"], "chat": ["https://t.me/digipharm"], "facebook": [], "explorer": ["https://finder.extraterrestrial.money/mainnet/address/terra17jnhankdfl8vyzj6vejt7ag8uz0cjc9crkl2h7"], "reddit": [], "technical_doc": ["https://drive.google.com/file/d/1YkZSU30IGH7Tm905uuPewDMJNNbUwiyi/view?usp=sharing"], "source_code": [], "announcement": ["https://digipharm.io/2021/11/04/collaborative-project-with-nhs-wales-and-roche/"]}, "platform": {"id": "4172", "name": "Terra Classic", "slug": "terra-luna", "symbol": "LUNC", "token_address": "terra17jnhankdfl8vyzj6vejt7ag8uz0cjc9crkl2h7"}, "date_added": "2021-12-24T04:28:30.000Z", "twitter_username": "DigipharmTeam", "is_hidden": 0, "date_launched": "2019-06-30T00:00:00.000Z", "contract_address": [{"contract_address": "terra17jnhankdfl8vyzj6vejt7ag8uz0cjc9crkl2h7", "platform": {"name": "Terra Classic", "coin": {"id": "4172", "name": "Terra Classic", "symbol": "LUNC", "slug": "terra-luna"}}}], "self_reported_circulating_supply": 80000000, "self_reported_tags": null, "self_reported_market_cap": 2092016.537955591}]