[{"id": 7055, "name": "DeFi Pulse Index", "symbol": "DPI", "category": "token", "description": "DeFi Pulse Index (DPI) is a cryptocurrency launched in 2020and operates on the Ethereum platform. DeFi Pulse Index has a current supply of 558,983.42579149. The last known price of DeFi Pulse Index is 56.96663076 USD and is down -0.84 over the last 24 hours. It is currently trading on 33 active market(s) with $120,387.58 traded over the last 24 hours. More information can be found at https://www.indexcoop.com/dpi.", "slug": "defi-pulse-index", "logo": "https://s2.coinmarketcap.com/static/img/coins/64x64/7055.png", "subreddit": "", "notice": "", "tags": ["defi", "defi-index"], "tag-names": ["DeFi", "DeFi Index"], "tag-groups": ["CATEGORY", "CATEGORY"], "urls": {"website": ["https://www.indexcoop.com/dpi"], "twitter": ["https://twitter.com/DocumentingDPI"], "message_board": [], "chat": [], "facebook": [], "explorer": ["https://etherscan.io/token/0x1494ca1f11d487c2bbe4543e90080aeba4ba3c2b", "https://ethplorer.io/address/0x1494ca1f11d487c2bbe4543e90080aeba4ba3c2b"], "reddit": [], "technical_doc": [], "source_code": ["https://github.com/SetProtocol/set-v2"], "announcement": []}, "platform": {"id": "1027", "name": "Ethereum", "slug": "ethereum", "symbol": "ETH", "token_address": "0x1494ca1f11d487c2bbe4543e90080aeba4ba3c2b"}, "date_added": "2020-09-15T00:00:00.000Z", "twitter_username": "DocumentingDPI", "is_hidden": 0, "date_launched": "2020-09-14T00:00:00.000Z", "contract_address": [{"contract_address": "0x1494ca1f11d487c2bbe4543e90080aeba4ba3c2b", "platform": {"name": "Ethereum", "coin": {"id": "1027", "name": "Ethereum", "symbol": "ETH", "slug": "ethereum"}}}], "self_reported_circulating_supply": 571994.9636, "self_reported_tags": null, "self_reported_market_cap": 32594041.240876947}]