[{"id": 11437, "name": "DEEPSPACE", "symbol": "DPS", "category": "token", "description": "DEEPSPACE (DPS) is a cryptocurrency launched in 2021and operates on the BNB Smart Chain (BEP20) platform. DEEPSPACE has a current supply of 89,598,881.46356252 with 52,893,497.79007897 in circulation. The last known price of DEEPSPACE is 0.01988692 USD and is down -1.94 over the last 24 hours. It is currently trading on 5 active market(s) with $4,296.40 traded over the last 24 hours. More information can be found at https://deepspace.game/.", "slug": "deepspace", "logo": "https://s2.coinmarketcap.com/static/img/coins/64x64/11437.png", "subreddit": "DeepSpaceGame", "notice": "", "tags": ["collectibles-nfts", "gaming", "dapp", "metaverse", "play-to-earn"], "tag-names": ["Collectibles & NFTs", "Gaming", "DApp", "Metaverse", "Play To Earn"], "tag-groups": ["CATEGORY", "INDUSTRY", "CATEGORY", "CATEGORY", "CATEGORY"], "urls": {"website": ["https://deepspace.game/"], "twitter": ["https://twitter.com/DeepSpaceBSC"], "message_board": ["https://dps.fyi/blog"], "chat": ["https://dps.fyi/tg", "https://dps.fyi/discord"], "facebook": [], "explorer": ["https://bscscan.com/token/0xf275e1ac303a4c9d987a2c48b8e555a77fec3f1c"], "reddit": ["https://reddit.com/r/DeepSpaceGame"], "technical_doc": ["https://dps.fyi/whitepaper"], "source_code": ["https://dps.fyi/gh"], "announcement": []}, "platform": {"id": "1839", "name": "BNB", "slug": "bnb", "symbol": "BNB", "token_address": "0xf275e1ac303a4c9d987a2c48b8e555a77fec3f1c"}, "date_added": "2021-08-27T07:45:24.000Z", "twitter_username": "DeepSpaceBSC", "is_hidden": 0, "date_launched": "2021-08-23T00:00:00.000Z", "contract_address": [{"contract_address": "0xf275e1ac303a4c9d987a2c48b8e555a77fec3f1c", "platform": {"name": "BNB Smart Chain (BEP20)", "coin": {"id": "1839", "name": "BNB", "symbol": "BNB", "slug": "bnb"}}}], "self_reported_circulating_supply": 60797170.82743304, "self_reported_tags": ["Gambling", "Store Of Value", "VR/AR", "Crowdfunding", "Crowdsourcing", "DeFi", "Reputation", "Scaling", "Smart Contracts", "Staking", "Yield Farming", "BNB Smart Chain", "Social Token", "DEX", "Fan Token", "Yield Aggregator", "Social Money", "Governance", "Lending & Borrowing", "Analytics", "Token", "MVB"], "self_reported_market_cap": 1209749.4829134815}]