[{"id": 11188, "name": "Dopex", "symbol": "DPX", "category": "token", "description": "Dopex (DPX) is a cryptocurrency launched in 2021and operates on the Ethereum platform. Dopex has a current supply of 500,000 with 0 in circulation. The last known price of Dopex is 232.65973923 USD and is down -2.03 over the last 24 hours. It is currently trading on 39 active market(s) with $424,353.16 traded over the last 24 hours. More information can be found at https://www.dopex.io/.", "slug": "dopex", "logo": "https://s2.coinmarketcap.com/static/img/coins/64x64/11188.png", "subreddit": "", "notice": "", "tags": ["derivatives", "options", "arbitrum-ecosytem"], "tag-names": ["Derivatives", "Options", "Arbitrum Ecosystem"], "tag-groups": ["CATEGORY", "CATEGORY", "PLATFORM"], "urls": {"website": ["https://www.dopex.io/", "https://app.dopex.io/"], "twitter": ["https://twitter.com/dopex_io"], "message_board": ["https://blog.dopex.io/"], "chat": ["https://discord.gg/dopex", "Telegram - https://t.me/dopexofficial"], "facebook": [], "explorer": ["https://etherscan.io/token/0xeec2be5c91ae7f8a338e1e5f3b5de49d07afdc81"], "reddit": [], "technical_doc": ["https://docs.dopex.io/"], "source_code": [], "announcement": ["https://cointelegraph.com/press-releases/dopex-announces-public-token-sale-commencing-on-june-21"]}, "platform": {"id": "1027", "name": "Ethereum", "slug": "ethereum", "symbol": "ETH", "token_address": "0xeec2be5c91ae7f8a338e1e5f3b5de49d07afdc81"}, "date_added": "2021-08-09T00:00:00.000Z", "twitter_username": "dopex_io", "is_hidden": 0, "date_launched": "2021-06-20T00:00:00.000Z", "contract_address": [{"contract_address": "0xeec2be5c91ae7f8a338e1e5f3b5de49d07afdc81", "platform": {"name": "Ethereum", "coin": {"id": "1027", "name": "Ethereum", "symbol": "ETH", "slug": "ethereum"}}}], "self_reported_circulating_supply": 115000, "self_reported_tags": null, "self_reported_market_cap": 26758976.75162666}]