[{"id": 11682, "name": "DeathRoad", "symbol": "DRACE", "category": "token", "description": "DeathRoad (DRACE) is a cryptocurrency launched in 2021and operates on the BNB Smart Chain (BEP20) platform. DeathRoad has a current supply of 0. The last known price of DeathRoad is 0.0018374 USD and is up 0.03 over the last 24 hours. It is currently trading on 7 active market(s) with $3.67 traded over the last 24 hours. More information can be found at https://deathroad.io/.", "slug": "deathroad", "logo": "https://s2.coinmarketcap.com/static/img/coins/64x64/11682.png", "subreddit": "", "notice": "", "tags": ["polkafoundry-red-kite"], "tag-names": ["PolkaFoundry Red Kite"], "tag-groups": ["CATEGORY"], "urls": {"website": ["https://deathroad.io/"], "twitter": ["https://twitter.com/DeathRoad_io"], "message_board": ["https://medium.com/@deathracedotio"], "chat": ["https://t.me/deathroadrace", "https://discord.gg/BxcwfgrrpD\r\n\r\nhttps://t.me/deathroadVNgroup"], "facebook": [], "explorer": ["https://bscscan.com/token/0xa6c897caaca3db7fd6e2d2ce1a00744f40ab87bb"], "reddit": [], "technical_doc": ["https://drive.google.com/file/d/1a10SczegcvtO_IyHTtvqPTOMA8PVBkmn/view?usp=sharing"], "source_code": [], "announcement": []}, "platform": {"id": "1839", "name": "BNB", "slug": "bnb", "symbol": "BNB", "token_address": "0xa6c897caaca3db7fd6e2d2ce1a00744f40ab87bb"}, "date_added": "2021-09-06T16:47:51.000Z", "twitter_username": "DeathRoad_io", "is_hidden": 0, "date_launched": "2021-08-04T00:00:00.000Z", "contract_address": [{"contract_address": "0xa6c897caaca3db7fd6e2d2ce1a00744f40ab87bb", "platform": {"name": "BNB Smart Chain (BEP20)", "coin": {"id": "1839", "name": "BNB", "symbol": "BNB", "slug": "bnb"}}}], "self_reported_circulating_supply": NaN, "self_reported_tags": null, "self_reported_market_cap": NaN}, {"id": 17443, "name": "MetaDrace", "symbol": "DRACE", "category": "token", "description": "MetaDrace (DRACE) is a cryptocurrency launched in 2022and operates on the BNB Smart Chain (BEP20) platform. MetaDrace has a current supply of 0. The last known price of MetaDrace is 0.00073072 USD and is up 0.00 over the last 24 hours. More information can be found at https://metadrace.io.", "slug": "metadrace", "logo": "https://s2.coinmarketcap.com/static/img/coins/64x64/17443.png", "subreddit": "", "notice": "", "tags": null, "tag-names": null, "tag-groups": null, "urls": {"website": ["https://metadrace.io"], "twitter": ["https://twitter.com/MetaDrace"], "message_board": [], "chat": ["https://t.me/MetaDrace", "https://discord.gg/metadrace"], "facebook": [], "explorer": ["https://bscscan.com/token/0x72a8e7520296623f2e8C7668d01EB3fa30D9B106"], "reddit": [], "technical_doc": [], "source_code": ["https://github.com/solidproof/smart-contract-audits/blob/main/SmartContract_Audit_Solidproof_MetaDrace.pdf"], "announcement": ["https://t.me/MetaDraceNews"]}, "platform": {"id": "1839", "name": "BNB", "slug": "bnb", "symbol": "BNB", "token_address": "0x72a8e7520296623f2e8C7668d01EB3fa30D9B106"}, "date_added": "2022-01-18T11:10:18.000Z", "twitter_username": "MetaDrace", "is_hidden": 0, "date_launched": "2022-01-19T00:00:00.000Z", "contract_address": [{"contract_address": "0x72a8e7520296623f2e8C7668d01EB3fa30D9B106", "platform": {"name": "BNB Smart Chain (BEP20)", "coin": {"id": "1839", "name": "BNB", "symbol": "BNB", "slug": "bnb"}}}], "self_reported_circulating_supply": 100000000.0, "self_reported_tags": null, "self_reported_market_cap": 73071.53870873245}]