[{"id": 17477, "name": "Dragon War", "symbol": "DRAW", "category": "token", "description": "Dragon War (DRAW) is a cryptocurrency launched in 2022and operates on the Solana platform. Dragon War has a current supply of 1,500,000,000 with 0 in circulation. The last known price of Dragon War is 0.00067348 USD and is up 0.74 over the last 24 hours. It is currently trading on 3 active market(s) with $15,762.61 traded over the last 24 hours. More information can be found at https://dragonwar.io/.", "slug": "dragon-war", "logo": "https://s2.coinmarketcap.com/static/img/coins/64x64/17477.png", "subreddit": "", "notice": "", "tags": ["collectibles-nfts", "gaming", "icetea-labs", "bnb-chain"], "tag-names": ["Collectibles & NFTs", "Gaming", "Icetea Labs", "BNB Chain"], "tag-groups": ["CATEGORY", "INDUSTRY", "CATEGORY", "PLATFORM"], "urls": {"website": ["https://dragonwar.io/"], "twitter": ["https://twitter.com/io_dragonwar"], "message_board": ["https://medium.com/@dragonwar"], "chat": ["https://t.me/dragonwarglobal", "https://discord.com/invite/kFUmzU6nCH"], "facebook": ["https://www.facebook.com/dragonwar.io"], "explorer": ["https://solscan.io/token/48AEwauAHsJibyt3WqjQ6EoHnFBcnyHASfo7vB2eCXPS"], "reddit": [], "technical_doc": ["https://doc.dragonwar.io/whitepaper"], "source_code": ["https://app.gitbook.com/o/LISSkdZxUnQ0F0sZuDFb/home"], "announcement": ["https://t.me/dragonwarann"]}, "platform": {"id": "5426", "name": "Solana", "slug": "solana", "symbol": "SOL", "token_address": "48AEwauAHsJibyt3WqjQ6EoHnFBcnyHASfo7vB2eCXPS"}, "date_added": "2022-03-24T11:15:43.000Z", "twitter_username": "io_dragonwar", "is_hidden": 0, "date_launched": "2022-03-23T00:00:00.000Z", "contract_address": [{"contract_address": "48AEwauAHsJibyt3WqjQ6EoHnFBcnyHASfo7vB2eCXPS", "platform": {"name": "Solana", "coin": {"id": "5426", "name": "Solana", "symbol": "SOL", "slug": "solana"}}}], "self_reported_circulating_supply": null, "self_reported_tags": ["PoS", "Collectibles & NFTs", "DeFi", "Gaming", "Mobile", "Solana Ecosystem", "Metaverse", "Play To Earn", "Web3", "Cross-Chain"], "self_reported_market_cap": null}]