[{"id": 7420, "name": "Digital Reserve Currency", "symbol": "DRC", "category": "token", "description": "Digital Reserve Currency (DRC) is a cryptocurrency and operates on the Ethereum platform. Digital Reserve Currency has a current supply of 1,000,000,000. The last known price of Digital Reserve Currency is 0.00022705 USD and is down -1.48 over the last 24 hours. It is currently trading on 10 active market(s) with $292.39 traded over the last 24 hours. More information can be found at https://drcglobal.org/.", "slug": "digital-reserve-currency", "logo": "https://s2.coinmarketcap.com/static/img/coins/64x64/7420.png", "subreddit": "DRCToken", "notice": "", "tags": null, "tag-names": null, "tag-groups": null, "urls": {"website": ["https://drcglobal.org/"], "twitter": ["https://twitter.com/DRCToken"], "message_board": ["https://drcglobal.org/resources/"], "chat": ["https://t.me/DigitalReserveCurrency", "https://discord.gg/qDwAauW"], "facebook": [], "explorer": ["https://etherscan.io/token/0xa150Db9b1Fa65b44799d4dD949D922c0a33Ee606", "https://ethplorer.io/address/0xa150Db9b1Fa65b44799d4dD949D922c0a33Ee606", "https://polygonscan.com/token/0xFeD16c746CB5BFeD009730f9E3e6A673006105c7"], "reddit": ["https://reddit.com/r/DRCToken"], "technical_doc": ["https://drcglobal.org/white-paper-1/"], "source_code": ["https://github.com/digitalreserve"], "announcement": ["https://t.me/DRC_Announcements"]}, "platform": {"id": "1027", "name": "Ethereum", "slug": "ethereum", "symbol": "ETH", "token_address": "0xa150db9b1fa65b44799d4dd949d922c0a33ee606"}, "date_added": "2020-10-15T00:00:00.000Z", "twitter_username": "DRCToken", "is_hidden": 0, "date_launched": null, "contract_address": [{"contract_address": "0xa150db9b1fa65b44799d4dd949d922c0a33ee606", "platform": {"name": "Ethereum", "coin": {"id": "1027", "name": "Ethereum", "symbol": "ETH", "slug": "ethereum"}}}, {"contract_address": "0xfed16c746cb5bfed009730f9e3e6a673006105c7", "platform": {"name": "Polygon", "coin": {"id": "3890", "name": "Polygon", "symbol": "MATIC", "slug": "polygon"}}}], "self_reported_circulating_supply": null, "self_reported_tags": null, "self_reported_market_cap": null}, {"id": 7380, "name": "Dracula Token", "symbol": "DRC", "category": "token", "description": "Dracula Token (DRC) is a cryptocurrency and operates on the Ethereum platform. Dracula Token has a current supply of 14,759,827.73503062 with 14,523,862.73663949 in circulation. The last known price of Dracula Token is 0.00684544 USD and is up 0.00 over the last 24 hours. It is currently trading on 4 active market(s) with $0.00 traded over the last 24 hours. More information can be found at https://dracula.sucks/.", "slug": "dracula-token", "logo": "https://s2.coinmarketcap.com/static/img/coins/64x64/7380.png", "subreddit": "", "notice": "", "tags": ["collectibles-nfts", "gaming", "metaverse", "play-to-earn"], "tag-names": ["Collectibles & NFTs", "Gaming", "Metaverse", "Play To Earn"], "tag-groups": ["CATEGORY", "INDUSTRY", "CATEGORY", "CATEGORY"], "urls": {"website": ["https://dracula.sucks/", "https://dracula-metaverse.com/"], "twitter": ["https://twitter.com/DRC_Metaverse"], "message_board": [], "chat": ["https://t.me/DraculaProtocol", "https://discord.com/invite/Cy3qrP7erQ"], "facebook": [], "explorer": ["https://etherscan.io/token/0xb78B3320493a4EFaa1028130C5Ba26f0B6085Ef8", "https://ethplorer.io/address/0xb78B3320493a4EFaa1028130C5Ba26f0B6085Ef8"], "reddit": [], "technical_doc": [], "source_code": ["https://dracula-metaverse.gitbook.io/https://dracula-metaverse.gitbook.io/"], "announcement": ["https://medium.com/@DraculaProtocol"]}, "platform": {"id": "1027", "name": "Ethereum", "slug": "ethereum", "symbol": "ETH", "token_address": "0xb78b3320493a4efaa1028130c5ba26f0b6085ef8"}, "date_added": "2020-10-12T00:00:00.000Z", "twitter_username": "DRC_Metaverse", "is_hidden": 0, "date_launched": null, "contract_address": [{"contract_address": "0xb78b3320493a4efaa1028130c5ba26f0b6085ef8", "platform": {"name": "Ethereum", "coin": {"id": "1027", "name": "Ethereum", "symbol": "ETH", "slug": "ethereum"}}}], "self_reported_circulating_supply": null, "self_reported_tags": null, "self_reported_market_cap": null}, {"id": 8124, "name": "DRC Mobility", "symbol": "DRC", "category": "token", "description": "DRC Mobility (DRC) is a cryptocurrency launched in 2020and operates on the Ethereum platform. DRC Mobility has a current supply of 0. The last known price of DRC Mobility is 0.00262767 USD and is up 5.16 over the last 24 hours. It is currently trading on 3 active market(s) with $695,511.24 traded over the last 24 hours. More information can be found at https://drc.asia.", "slug": "drc-mobility", "logo": "https://s2.coinmarketcap.com/static/img/coins/64x64/8124.png", "subreddit": "", "notice": "", "tags": null, "tag-names": null, "tag-groups": null, "urls": {"website": ["https://drc.asia"], "twitter": ["https://twitter.com/drc_asia"], "message_board": [], "chat": ["https://t.me/DRC_Official"], "facebook": [], "explorer": ["https://etherscan.io/token/0xd7f5CABdF696D7d1bf384D7688926A4bdB092c67", "https://ethplorer.io/address/0xd7f5CABdF696D7d1bf384D7688926A4bdB092c67"], "reddit": [], "technical_doc": ["https://drc.asia/download/DRC_Whitepaper_en.pdf"], "source_code": ["https://github.com/DRC-asia/DRC-mobility-contracts"], "announcement": []}, "platform": {"id": "1027", "name": "Ethereum", "slug": "ethereum", "symbol": "ETH", "token_address": "0xd7f5CABdF696D7d1bf384D7688926A4bdB092c67"}, "date_added": "2020-12-28T00:00:00.000Z", "twitter_username": "drc_asia", "is_hidden": 0, "date_launched": "2020-09-26T00:00:00.000Z", "contract_address": [{"contract_address": "0xd7f5CABdF696D7d1bf384D7688926A4bdB092c67", "platform": {"name": "Ethereum", "coin": {"id": "1027", "name": "Ethereum", "symbol": "ETH", "slug": "ethereum"}}}], "self_reported_circulating_supply": null, "self_reported_tags": null, "self_reported_market_cap": null}]