[{"id": 11779, "name": "Dreams Quest", "symbol": "DREAMS", "category": "token", "description": "Dreams Quest (DREAMS) is a cryptocurrency launched in 2021and operates on the BNB Smart Chain (BEP20) platform. Dreams Quest has a current supply of 4,000,000,000 with 0 in circulation. The last known price of Dreams Quest is 0.00162404 USD and is down -3.88 over the last 24 hours. It is currently trading on 6 active market(s) with $25,898.98 traded over the last 24 hours. More information can be found at https://dreams.quest.", "slug": "dreams-quest", "logo": "https://s2.coinmarketcap.com/static/img/coins/64x64/11779.png", "subreddit": "dreamsquestnft", "notice": "", "tags": ["collectibles-nfts", "gaming", "entertainment", "mobile", "polkafoundry-red-kite"], "tag-names": ["Collectibles & NFTs", "Gaming", "Entertainment", "Mobile", "PolkaFoundry Red Kite"], "tag-groups": ["CATEGORY", "INDUSTRY", "INDUSTRY", "INDUSTRY", "CATEGORY"], "urls": {"website": ["https://dreams.quest"], "twitter": ["https://twitter.com/DreamsQuestNFT"], "message_board": ["https://dreamsquestnft.medium.com/"], "chat": ["https://discord.gg/dreamsquest", "https://t.me/dreamsquesttavern"], "facebook": [], "explorer": ["https://bscscan.com/token/0x54523d5fb56803bac758e8b10b321748a77ae9e9"], "reddit": ["https://reddit.com/r/dreamsquestnft"], "technical_doc": ["https://dreamsquest.fandom.com"], "source_code": [], "announcement": ["https://t.me/dreamsquestnftann"]}, "platform": {"id": "1839", "name": "BNB", "slug": "bnb", "symbol": "BNB", "token_address": "0x54523d5fb56803bac758e8b10b321748a77ae9e9"}, "date_added": "2021-09-09T01:39:30.000Z", "twitter_username": "DreamsQuestNFT", "is_hidden": 0, "date_launched": "2021-10-15T00:00:00.000Z", "contract_address": [{"contract_address": "0x54523d5fb56803bac758e8b10b321748a77ae9e9", "platform": {"name": "BNB Smart Chain (BEP20)", "coin": {"id": "1839", "name": "BNB", "symbol": "BNB", "slug": "bnb"}}}], "self_reported_circulating_supply": 703659609.3631123, "self_reported_tags": ["Marketplace", "Platform", "Collectibles & NFTs", "Gaming", "Entertainment", "Mobile", "Ethereum Ecosystem", "Layer 2", "PolkaFoundry Red Kite"], "self_reported_market_cap": 1141011.5783032211}, {"id": 5682, "name": "DreamsCoin", "symbol": "DREAMS", "category": "token", "description": null, "slug": "dreamscoin", "logo": "https://s2.coinmarketcap.com/static/img/coins/64x64/5682.png", "subreddit": "", "notice": "", "tags": null, "tag-names": null, "tag-groups": null, "urls": {"website": ["https://dreamscoin.info"], "twitter": ["https://twitter.com/DreamsCoin"], "message_board": [], "chat": ["https://t.me/dreamscoin"], "facebook": [], "explorer": ["https://dev.pywaves.org/assets/5mRPwq5SPEVUpAgDwkKNiNkNgwJvDp7DqSo3KTEoeMsW"], "reddit": [], "technical_doc": [], "source_code": ["https://github.com/Our-Dreams/Dreams"], "announcement": []}, "platform": null, "date_added": "2020-06-10T00:00:00.000Z", "twitter_username": "DreamsCoin", "is_hidden": 0, "date_launched": "2019-12-28T00:00:00.000Z", "contract_address": [], "self_reported_circulating_supply": NaN, "self_reported_tags": null, "self_reported_market_cap": NaN}]