[{"id": 10889, "name": "DRIFE", "symbol": "DRF", "category": "token", "description": "DRIFE (DRF) is a cryptocurrency launched in 2021and operates on the BNB Smart Chain (BEP20) platform. DRIFE has a current supply of 1,538,400,000 with 876,520,680.9655551 in circulation. The last known price of DRIFE is 0.00101317 USD and is down -4.57 over the last 24 hours. It is currently trading on 5 active market(s) with $1,012.81 traded over the last 24 hours. More information can be found at https://www.drife.io.", "slug": "drife", "logo": "https://s2.coinmarketcap.com/static/img/coins/64x64/10889.png", "subreddit": "", "notice": "", "tags": ["vbc-ventures-portfolio", "bnb-chain"], "tag-names": ["VBC Ventures Portfolio", "BNB Chain"], "tag-groups": ["CATEGORY", "PLATFORM"], "urls": {"website": ["https://www.drife.io"], "twitter": ["https://twitter.com/Drife_official"], "message_board": ["https://blog.drife.io/"], "chat": ["https://t.me/Drife_officialchat"], "facebook": [], "explorer": ["https://bscscan.com/token/0x9400aa8eb5126d20cde45c7822836bfb70f19878"], "reddit": [], "technical_doc": ["https://1fd43b25-d251-4d48-b369-e3495c2fbbec.filesusr.com/ugd/3af3d0_520f3fc4b70542f796266058d5c8372a.pdf"], "source_code": ["https://github.com/DrifeTechnologies"], "announcement": ["https://t.me/drife_official"]}, "platform": {"id": "1839", "name": "BNB", "slug": "bnb", "symbol": "BNB", "token_address": "0x9400aa8eb5126d20cde45c7822836bfb70f19878"}, "date_added": "2021-07-14T00:00:00.000Z", "twitter_username": "Drife_official", "is_hidden": 0, "date_launched": "2021-07-28T00:00:00.000Z", "contract_address": [{"contract_address": "0x9400aa8eb5126d20cde45c7822836bfb70f19878", "platform": {"name": "BNB Smart Chain (BEP20)", "coin": {"id": "1839", "name": "BNB", "symbol": "BNB", "slug": "bnb"}}}], "self_reported_circulating_supply": 409150887.89203167, "self_reported_tags": ["Platform", "Collectibles & NFTs", "DApp"], "self_reported_market_cap": 414042.3218906038}, {"id": 19025, "name": "Derify Protocol", "symbol": "DRF", "category": "token", "description": "Derify Protocol (DRF) is a cryptocurrency launched in 2021and operates on the BNB Smart Chain (BEP20) platform. Derify Protocol has a current supply of 100,000,000 with 0 in circulation. The last known price of Derify Protocol is 0.02063014 USD and is down -6.26 over the last 24 hours. It is currently trading on 2 active market(s) with $1,659.40 traded over the last 24 hours. More information can be found at https://derify.finance/.", "slug": "derify-protocol", "logo": "https://s2.coinmarketcap.com/static/img/coins/64x64/19025.png", "subreddit": "", "notice": "", "tags": null, "tag-names": null, "tag-groups": null, "urls": {"website": ["https://derify.finance/", "https://derify.exchange/"], "twitter": ["https://twitter.com/DerifyProtocol"], "message_board": ["https://derify.medium.com/"], "chat": ["https://t.me/DerifyProtocol_Official", "https://discord.gg/vEg4qkGxNB"], "facebook": [], "explorer": ["https://bscscan.com/token/0x89c1af791d7b4cf046dca8fa10a41dd2298a6a3f"], "reddit": [], "technical_doc": ["https://docs.derify.finance/"], "source_code": ["https://github.com/derivationlab"], "announcement": []}, "platform": {"id": "1839", "name": "BNB", "slug": "bnb", "symbol": "BNB", "token_address": "0x89c1af791d7b4cf046dca8fa10a41dd2298a6a3f"}, "date_added": "2022-03-24T06:51:40.000Z", "twitter_username": "DerifyProtocol", "is_hidden": 0, "date_launched": "2021-01-04T00:00:00.000Z", "contract_address": [{"contract_address": "0x89c1af791d7b4cf046dca8fa10a41dd2298a6a3f", "platform": {"name": "BNB Smart Chain (BEP20)", "coin": {"id": "1839", "name": "BNB", "symbol": "BNB", "slug": "bnb"}}}], "self_reported_circulating_supply": 900000.0, "self_reported_tags": null, "self_reported_market_cap": 18587.333870451264}]