[{"id": 5837, "name": "DoDreamChain", "symbol": "DRM", "category": "token", "description": "DoDreamChain (DRM) is a cryptocurrency launched in 2020and operates on the Ethereum platform. DoDreamChain has a current supply of 250,000,000 with 186,875,000 in circulation. The last known price of DoDreamChain is 0.00511959 USD and is down -3.15 over the last 24 hours. It is currently trading on 4 active market(s) with $10,038.77 traded over the last 24 hours. More information can be found at http://ir.dodream.io/.", "slug": "dodreamchain", "logo": "https://s2.coinmarketcap.com/static/img/coins/64x64/5837.png", "subreddit": "", "notice": "", "tags": ["ethereum-ecosystem"], "tag-names": ["Ethereum Ecosystem"], "tag-groups": ["PLATFORM"], "urls": {"website": ["http://ir.dodream.io/"], "twitter": ["https://twitter.com/DoDreamKOR"], "message_board": [], "chat": ["https://t.me/dodreamchainofficialGroup", "https://t.me/dodreamchainofficial"], "facebook": [], "explorer": ["https://etherscan.io/token/0x89551b940e2a8ed8eccf509935bac9213fe30584", "https://ethplorer.io/address/0x89551b940e2a8ed8eccf509935bac9213fe30584"], "reddit": [], "technical_doc": ["https://drive.google.com/open?id=1IgE4mH1vki66kYvDVxpqQLGCQ295azKu"], "source_code": ["https://github.com/DoDreamChain/token"], "announcement": []}, "platform": {"id": "1027", "name": "Ethereum", "slug": "ethereum", "symbol": "ETH", "token_address": "0x89551b940e2a8ed8eccf509935bac9213fe30584"}, "date_added": "2020-07-14T00:00:00.000Z", "twitter_username": "DoDreamKOR", "is_hidden": 0, "date_launched": "2020-01-10T00:00:00.000Z", "contract_address": [{"contract_address": "0x89551b940e2a8ed8eccf509935bac9213fe30584", "platform": {"name": "Ethereum", "coin": {"id": "1027", "name": "Ethereum", "symbol": "ETH", "slug": "ethereum"}}}], "self_reported_circulating_supply": 186875000.0, "self_reported_tags": null, "self_reported_market_cap": 956723.2058456044}, {"id": 316, "name": "Dreamcoin", "symbol": "DRM", "category": "coin", "description": "Dreamcoin (DRM) is a cryptocurrency . Dreamcoin has a current supply of 2,724,392.76080036. The last known price of Dreamcoin is 0.00297352 USD and is down -0.45 over the last 24 hours. It is currently trading on 2 active market(s) with $0.00 traded over the last 24 hours. More information can be found at http://dreamcoin.fi/.", "slug": "dreamcoin", "logo": "https://s2.coinmarketcap.com/static/img/coins/64x64/316.png", "subreddit": "", "notice": "", "tags": null, "tag-names": null, "tag-groups": null, "urls": {"website": ["http://dreamcoin.fi/"], "twitter": ["https://twitter.com/DoDreamKOR"], "message_board": [], "chat": ["https://t.me/dodreamchainofficial", "https://t.me/dodreamchainofficialGroup"], "facebook": [], "explorer": ["http://188.166.38.209/"], "reddit": [], "technical_doc": ["http://dreamcoin.fi/whitepaperb.pdf"], "source_code": [], "announcement": ["https://bitcointalk.org/index.php?topic=620418.420"]}, "platform": null, "date_added": "2014-05-13T00:00:00.000Z", "twitter_username": "DoDreamKOR", "is_hidden": 0, "date_launched": null, "contract_address": [], "self_reported_circulating_supply": NaN, "self_reported_tags": null, "self_reported_market_cap": NaN}]