[{"id": 16768, "name": "Dibs Share", "symbol": "DSHARE", "category": "token", "description": "Dibs Share (DSHARE) is a cryptocurrency launched in 2022and operates on the BNB Smart Chain (BEP20) platform. Dibs Share has a current supply of 61,403 with 0 in circulation. The last known price of Dibs Share is 0.93183773 USD and is down -17.39 over the last 24 hours. It is currently trading on 4 active market(s) with $4,884.16 traded over the last 24 hours. More information can be found at https://dibs.money.", "slug": "dibs-share", "logo": "https://s2.coinmarketcap.com/static/img/coins/64x64/16768.png", "subreddit": "", "notice": "", "tags": null, "tag-names": null, "tag-groups": null, "urls": {"website": ["https://dibs.money"], "twitter": ["https://twitter.com/DibsMoney"], "message_board": [], "chat": ["https://t.me/dibsmoney", "https://discord.gg/f55JMnRgSF"], "facebook": [], "explorer": ["https://bscscan.com/token/0x26d3163b165BE95137CEe97241E716b2791a7572"], "reddit": [], "technical_doc": [], "source_code": ["https://github.com/dibs-money/dibs-contracts"], "announcement": []}, "platform": {"id": "1839", "name": "BNB", "slug": "bnb", "symbol": "BNB", "token_address": "0x26d3163b165BE95137CEe97241E716b2791a7572"}, "date_added": "2022-01-03T07:59:06.000Z", "twitter_username": "DibsMoney", "is_hidden": 0, "date_launched": "2022-01-01T00:00:00.000Z", "contract_address": [{"contract_address": "0x26d3163b165BE95137CEe97241E716b2791a7572", "platform": {"name": "BNB Smart Chain (BEP20)", "coin": {"id": "1839", "name": "BNB", "symbol": "BNB", "slug": "bnb"}}}], "self_reported_circulating_supply": 29516.0, "self_reported_tags": null, "self_reported_market_cap": 27550.914497258887}, {"id": 17305, "name": "DNA Share", "symbol": "DSHARE", "category": "token", "description": "DNA Share (DSHARE) is a cryptocurrency and operates on the Cronos platform. DNA Share has a current supply of 64,081.937975 with 0 in circulation. The last known price of DNA Share is 0.04712562 USD and is up 0.00 over the last 24 hours. More information can be found at https://dnadollar.com/.", "slug": "dna-share", "logo": "https://s2.coinmarketcap.com/static/img/coins/64x64/17305.png", "subreddit": "", "notice": "", "tags": ["cronos-ecosystem"], "tag-names": ["Cronos Ecosystem"], "tag-groups": ["PLATFORM"], "urls": {"website": ["https://dnadollar.com/"], "twitter": ["https://twitter.com/dna_dollar"], "message_board": [], "chat": ["https://t.me/DNADollarlab"], "facebook": [], "explorer": ["https://cronoscan.com/token/0x0e98dc462ff438b802fad0d68ff7f111a0674bb5", "https://cronos-explorer.crypto.org/token/0x0e98dc462ff438b802fad0d68ff7f111a0674bb5"], "reddit": [], "technical_doc": [], "source_code": [], "announcement": []}, "platform": {"id": "3635", "name": "Cronos", "slug": "cronos", "symbol": "CRO", "token_address": "0x0e98dc462ff438b802fad0d68ff7f111a0674bb5"}, "date_added": "2022-01-14T10:05:19.000Z", "twitter_username": "dna_dollar", "is_hidden": 0, "date_launched": null, "contract_address": [{"contract_address": "0x0e98dc462ff438b802fad0d68ff7f111a0674bb5", "platform": {"name": "Cronos", "coin": {"id": "3635", "name": "Cronos", "symbol": "CRO", "slug": "cronos"}}}], "self_reported_circulating_supply": NaN, "self_reported_tags": null, "self_reported_market_cap": NaN}, {"id": 18582, "name": "DShares", "symbol": "DSHARE", "category": "token", "description": "DShares (DSHARE) is a cryptocurrency and operates on the Fantom platform. DShares has a current supply of 81,396 with 0 in circulation. The last known price of DShares is 1.33091745 USD and is up 0.00 over the last 24 hours. More information can be found at https://degen-finance.com/.", "slug": "dshares", "logo": "https://s2.coinmarketcap.com/static/img/coins/64x64/18582.png", "subreddit": "", "notice": "", "tags": ["fantom-ecosystem"], "tag-names": ["Fantom Ecosystem"], "tag-groups": ["PLATFORM"], "urls": {"website": ["https://degen-finance.com/"], "twitter": ["https://twitter.com/Degenfinancee"], "message_board": [], "chat": ["https://discord.gg/degenfinance"], "facebook": [], "explorer": ["https://ftmscan.com/token/0x6E209329A33a63C463dbb65AE2d6655Fe5C98411"], "reddit": [], "technical_doc": [], "source_code": [], "announcement": []}, "platform": {"id": "3513", "name": "Fantom", "slug": "fantom", "symbol": "FTM", "token_address": "0x6E209329A33a63C463dbb65AE2d6655Fe5C98411"}, "date_added": "2022-03-06T12:34:06.000Z", "twitter_username": "Degenfinancee", "is_hidden": 0, "date_launched": null, "contract_address": [{"contract_address": "0x6E209329A33a63C463dbb65AE2d6655Fe5C98411", "platform": {"name": "Fantom", "coin": {"id": "3513", "name": "Fantom", "symbol": "FTM", "slug": "fantom"}}}], "self_reported_circulating_supply": NaN, "self_reported_tags": null, "self_reported_market_cap": NaN}]