[{"id": 5423, "name": "DSLA Protocol", "symbol": "DSLA", "category": "token", "description": "DSLA Protocol (DSLA) is a cryptocurrency launched in 2017and operates on the Ethereum platform. DSLA Protocol has a current supply of 5,709,763,023 with 5,491,802,965.786027 in circulation. The last known price of DSLA Protocol is 0.0004273 USD and is down -9.84 over the last 24 hours. It is currently trading on 36 active market(s) with $176,518.39 traded over the last 24 hours. More information can be found at https://stacktical.com.", "slug": "dsla-protocol", "logo": "https://s2.coinmarketcap.com/static/img/coins/64x64/5423.png", "subreddit": "Stacktical", "notice": "", "tags": ["harmony-ecosystem"], "tag-names": ["Harmony Ecosystem"], "tag-groups": ["CATEGORY"], "urls": {"website": ["https://stacktical.com", "https://dsla.network"], "twitter": ["https://twitter.com/Stacktical"], "message_board": ["https://blog.stacktical.com"], "chat": ["https://t.me/stacktical"], "facebook": [], "explorer": ["https://etherscan.io/token/0x3affcca64c2a6f4e3b6bd9c64cd2c969efd1ecbe", "https://cchain.explorer.avax.network/tokens/0xD7c295E399CA928A3a14b01D760E794f1AdF8990/token-transfers", "https://polygonscan.com/token/0xa0e390e9cea0d0e8cd40048ced9fa9ea10d71639", "https://bscscan.com/token/0x1861c9058577c3b48e73d91d6f25c18b17fbffe0", "https://explorer.harmony.one/address/0x34704c70e9ec9fb9a921da6daad7d3e19f43c734"], "reddit": ["https://reddit.com/r/Stacktical"], "technical_doc": ["https://storage.googleapis.com/stacktical-public/STACKTICAL_DSLA-WHITE-PAPER.pdf"], "source_code": ["https://github.com/Stacktical"], "announcement": ["https://bitcointalk.org/index.php?topic=4662565"]}, "platform": {"id": "1027", "name": "Ethereum", "slug": "ethereum", "symbol": "ETH", "token_address": "0x3affcca64c2a6f4e3b6bd9c64cd2c969efd1ecbe"}, "date_added": "2020-04-09T00:00:00.000Z", "twitter_username": "Stacktical", "is_hidden": 0, "date_launched": "2017-05-16T00:00:00.000Z", "contract_address": [{"contract_address": "0x3affcca64c2a6f4e3b6bd9c64cd2c969efd1ecbe", "platform": {"name": "Ethereum", "coin": {"id": "1027", "name": "Ethereum", "symbol": "ETH", "slug": "ethereum"}}}, {"contract_address": "0x1861c9058577c3b48e73d91d6f25c18b17fbffe0", "platform": {"name": "BNB Smart Chain (BEP20)", "coin": {"id": "1839", "name": "BNB", "symbol": "BNB", "slug": "bnb"}}}, {"contract_address": "0xD7c295E399CA928A3a14b01D760E794f1AdF8990", "platform": {"name": "Avalanche C-Chain", "coin": {"id": "5805", "name": "Avalanche", "symbol": "AVAX", "slug": "avalanche"}}}, {"contract_address": "0xa0e390e9cea0d0e8cd40048ced9fa9ea10d71639", "platform": {"name": "Polygon", "coin": {"id": "3890", "name": "Polygon", "symbol": "MATIC", "slug": "polygon"}}}, {"contract_address": "0x34704c70e9ec9fb9a921da6daad7d3e19f43c734", "platform": {"name": "Harmony", "coin": {"id": "3945", "name": "Harmony", "symbol": "ONE", "slug": "harmony"}}}, {"contract_address": "0x25a528af62e56512a19ce8c3cab427807c28cc19", "platform": {"name": "Fantom", "coin": {"id": "3513", "name": "Fantom", "symbol": "FTM", "slug": "fantom"}}}], "self_reported_circulating_supply": null, "self_reported_tags": ["Platform", "Enterprise Solutions", "Loyalty", "Insurance"], "self_reported_market_cap": null}]