[{"id": 2446, "name": "DATA", "symbol": "DTA", "category": "token", "description": "DATA (DTA) is a cryptocurrency and operates on the Ethereum platform. DATA has a current supply of 11,499,999,989. The last known price of DATA is 0.00002024 USD and is down -5.68 over the last 24 hours. It is currently trading on 6 active market(s) with $204,288.06 traded over the last 24 hours. More information can be found at http://data.eco/.", "slug": "data", "logo": "https://s2.coinmarketcap.com/static/img/coins/64x64/2446.png", "subreddit": "", "notice": "", "tags": ["marketing", "cosmos-ecosystem", "ai-big-data", "injective-ecosystem"], "tag-names": ["Marketing", "Cosmos Ecosystem", "AI & Big Data", "Injective Ecosystem"], "tag-groups": ["INDUSTRY", "INDUSTRY", "INDUSTRY", "PLATFORM"], "urls": {"website": ["http://data.eco/"], "twitter": ["https://twitter.com/Blockchain_Data"], "message_board": ["https://medium.com/@Blockchain_Data"], "chat": ["https://t.me/blockchainDATA"], "facebook": [], "explorer": ["https://etherscan.io/token/0x69b148395ce0015c13e36bffbad63f49ef874e03", "https://ethplorer.io/address/0x69b148395ce0015c13e36bffbad63f49ef874e03"], "reddit": [], "technical_doc": [], "source_code": ["https://github.com/BlockchainDATA"], "announcement": []}, "platform": {"id": "1027", "name": "Ethereum", "slug": "ethereum", "symbol": "ETH", "token_address": "0x69b148395ce0015c13e36bffbad63f49ef874e03"}, "date_added": "2018-01-22T00:00:00.000Z", "twitter_username": "Blockchain_Data", "is_hidden": 0, "date_launched": null, "contract_address": [{"contract_address": "0x69b148395ce0015c13e36bffbad63f49ef874e03", "platform": {"name": "Ethereum", "coin": {"id": "1027", "name": "Ethereum", "symbol": "ETH", "slug": "ethereum"}}}], "self_reported_circulating_supply": null, "self_reported_tags": null, "self_reported_market_cap": null}]