[{"id": 21450, "name": "DogeTools", "symbol": "DTOOLS", "category": "token", "description": "DogeTools (DTOOLS) is a cryptocurrency and operates on the Dogechain platform. DogeTools has a current supply of 10,000,000 with 0 in circulation. The last known price of DogeTools is 0.01048646 USD and is up 0.00 over the last 24 hours. More information can be found at https://www.dogechain.tools/.", "slug": "dogetools", "logo": "https://s2.coinmarketcap.com/static/img/coins/64x64/21450.png", "subreddit": "", "notice": "", "tags": ["doge-chain-ecosystem"], "tag-names": ["Doge Chain Ecosystem"], "tag-groups": ["CATEGORY"], "urls": {"website": ["https://www.dogechain.tools/"], "twitter": ["https://twitter.com/DogeToolsDC"], "message_board": [], "chat": ["https://t.me/DogeToolsDC"], "facebook": [], "explorer": ["https://explorer.dogechain.dog/token/0x1df5c9B7789BD1416d005C15A42762481C95eDC2/token-transfers", "https://explorer.dogechain.dog/token/0x1df5c9B7789BD1416d005C15A42762481C95eDC2"], "reddit": [], "technical_doc": [], "source_code": [], "announcement": []}, "platform": {"id": "74", "name": "Dogecoin", "slug": "dogecoin", "symbol": "DOGE", "token_address": "0x1df5c9b7789bd1416d005c15a42762481c95edc2"}, "date_added": "2022-08-18T15:42:24.000Z", "twitter_username": "DogeToolsDC", "is_hidden": 0, "date_launched": null, "contract_address": [{"contract_address": "0x1df5c9b7789bd1416d005c15a42762481c95edc2", "platform": {"name": "Dogechain", "coin": {"id": "74", "name": "Dogecoin", "symbol": "DOGE", "slug": "dogecoin"}}}], "self_reported_circulating_supply": null, "self_reported_tags": null, "self_reported_market_cap": null}]