[{"id": 7679, "name": "Dtube Coin", "symbol": "DTUBE", "category": "token", "description": "Dtube Coin (DTUBE) is a cryptocurrency and operates on the BNB Smart Chain (BEP20) platform. Dtube Coin has a current supply of 0. The last known price of Dtube Coin is 0.07814279 USD and is up 0.00 over the last 24 hours. More information can be found at https://d.tube/.", "slug": "dtube-coin", "logo": "https://s2.coinmarketcap.com/static/img/coins/64x64/7679.png", "subreddit": "", "notice": "", "tags": ["communications-social-media", "video", "ethereum-ecosystem", "bnb-chain"], "tag-names": ["Communications & Social Media", "Video", "Ethereum Ecosystem", "BNB Chain"], "tag-groups": ["INDUSTRY", "INDUSTRY", "PLATFORM", "PLATFORM"], "urls": {"website": ["https://d.tube/"], "twitter": ["https://twitter.com/DTube_Official"], "message_board": [], "chat": ["https://t.me/dtube_official", "https://discord.gg/Dtube"], "facebook": [], "explorer": ["https://etherscan.io/token/0xd2be3722B17b616c51ed9B8944A227D1ce579C24", "https://bscscan.com/token/0xd3cceb42b544e91eee02eb585cc9a7b47247bfde"], "reddit": [], "technical_doc": [], "source_code": ["https://github.com/dtube"], "announcement": ["https://medium.com/@dtube"]}, "platform": {"id": "1839", "name": "BNB", "slug": "bnb", "symbol": "BNB", "token_address": "0xd3cceb42b544e91eee02eb585cc9a7b47247bfde"}, "date_added": "2020-11-16T00:00:00.000Z", "twitter_username": "DTube_Official", "is_hidden": 0, "date_launched": null, "contract_address": [{"contract_address": "0xd3cceb42b544e91eee02eb585cc9a7b47247bfde", "platform": {"name": "BNB Smart Chain (BEP20)", "coin": {"id": "1839", "name": "BNB", "symbol": "BNB", "slug": "bnb"}}}, {"contract_address": "0xd2be3722B17b616c51ed9B8944A227D1ce579C24", "platform": {"name": "Ethereum", "coin": {"id": "1027", "name": "Ethereum", "symbol": "ETH", "slug": "ethereum"}}}], "self_reported_circulating_supply": null, "self_reported_tags": null, "self_reported_market_cap": null}]