[{"id": 10892, "name": "DUMP DOGE", "symbol": "DUMPDOGE", "category": "token", "description": "DUMP DOGE (DUMPDOGE) is a cryptocurrency launched in 2021and operates on the BNB Smart Chain (BEP20) platform. DUMP DOGE has a current supply of 1,000,000,000,000 with 0 in circulation. The last known price of DUMP DOGE is 0.00000008 USD and is down -0.02 over the last 24 hours. More information can be found at https://dumpdoge.finance/.", "slug": "dump-doge", "logo": "https://s2.coinmarketcap.com/static/img/coins/64x64/10892.png", "subreddit": "dumpdoge_1st_of_its_kind_tokenomics_that_will", "notice": "", "tags": ["memes", "doggone-doggerel", "bnb-chain"], "tag-names": ["Memes", "Doggone Doggerel", "BNB Chain"], "tag-groups": ["INDUSTRY", "CATEGORY", "PLATFORM"], "urls": {"website": ["https://dumpdoge.finance/"], "twitter": ["https://twitter.com/DumpDogecoin"], "message_board": [], "chat": ["https://t.me/DumpDogecoin"], "facebook": [], "explorer": ["https://bscscan.com/token/0x8C041732d9518B40d43e213bF20d08C6643ea09b"], "reddit": ["https://reddit.com/r/dumpdoge_1st_of_its_kind_tokenomics_that_will"], "technical_doc": [], "source_code": ["https://github.com/DumpDOGE-Org/DumpDOGE-Contract"], "announcement": []}, "platform": {"id": "1839", "name": "BNB", "slug": "bnb", "symbol": "BNB", "token_address": "0x8C041732d9518B40d43e213bF20d08C6643ea09b"}, "date_added": "2021-07-14T00:00:00.000Z", "twitter_username": "DumpDogecoin", "is_hidden": 0, "date_launched": "2021-06-20T00:00:00.000Z", "contract_address": [{"contract_address": "0x8C041732d9518B40d43e213bF20d08C6643ea09b", "platform": {"name": "BNB Smart Chain (BEP20)", "coin": {"id": "1839", "name": "BNB", "symbol": "BNB", "slug": "bnb"}}}], "self_reported_circulating_supply": 1000000000000, "self_reported_tags": null, "self_reported_market_cap": 75780.09}]