[{"id": 6881, "name": "DefiDollar", "symbol": "DUSD", "category": "token", "description": "DefiDollar (DUSD) is a cryptocurrency and operates on the Ethereum platform. DefiDollar has a current supply of 16,697,847 with 0 in circulation. The last known price of DefiDollar is 1.1213004 USD and is down -2.92 over the last 24 hours. It is currently trading on 33 active market(s) with $643,805.02 traded over the last 24 hours. More information can be found at https://app.dusd.finance/.", "slug": "defidollar", "logo": "https://s2.coinmarketcap.com/static/img/coins/64x64/6881.png", "subreddit": "", "notice": "", "tags": ["defi", "stablecoin", "algorithmic-stablecoin", "usd-stablecoin"], "tag-names": ["DeFi", "Stablecoin", "Algorithmic Stablecoin", "USD Stablecoin"], "tag-groups": ["CATEGORY", "CATEGORY", "CATEGORY", "CATEGORY"], "urls": {"website": ["https://app.dusd.finance/"], "twitter": ["https://twitter.com/defidollar"], "message_board": ["https://medium.com/defidollar"], "chat": ["https://discord.com/invite/2MknmW"], "facebook": [], "explorer": ["https://etherscan.io/token/0x5bc25f649fc4e26069ddf4cf4010f9f706c23831", "https://ethplorer.io/address/0x5bc25f649fc4e26069ddf4cf4010f9f706c23831"], "reddit": [], "technical_doc": [], "source_code": [], "announcement": []}, "platform": {"id": "1027", "name": "Ethereum", "slug": "ethereum", "symbol": "ETH", "token_address": "0x5bc25f649fc4e26069ddf4cf4010f9f706c23831"}, "date_added": "2020-09-04T00:00:00.000Z", "twitter_username": "defidollar", "is_hidden": 0, "date_launched": null, "contract_address": [{"contract_address": "0x5bc25f649fc4e26069ddf4cf4010f9f706c23831", "platform": {"name": "Ethereum", "coin": {"id": "1027", "name": "Ethereum", "symbol": "ETH", "slug": "ethereum"}}}], "self_reported_circulating_supply": NaN, "self_reported_tags": null, "self_reported_market_cap": NaN}, {"id": 18861, "name": "Decentralized USD(Defichain)", "symbol": "DUSD", "category": "token", "description": "Decentralized USD(Defichain) (DUSD) is a cryptocurrency . Decentralized USD(Defichain) has a current supply of 0. The last known price of Decentralized USD(Defichain) is 0.62926757 USD and is up 0.29 over the last 24 hours. It is currently trading on 28 active market(s) with $414,663.84 traded over the last 24 hours. More information can be found at https://defichain.com/.", "slug": "decentralized-usd", "logo": "https://s2.coinmarketcap.com/static/img/coins/64x64/18861.png", "subreddit": "", "notice": "", "tags": ["stablecoin", "usd-stablecoin"], "tag-names": ["Stablecoin", "USD Stablecoin"], "tag-groups": ["CATEGORY", "CATEGORY"], "urls": {"website": ["https://defichain.com/"], "twitter": ["https://twitter.com/defichain"], "message_board": [], "chat": [], "facebook": [], "explorer": ["https://defiscan.live/tokens/15"], "reddit": [], "technical_doc": [], "source_code": [], "announcement": []}, "platform": null, "date_added": "2022-03-16T11:34:42.000Z", "twitter_username": "defichain", "is_hidden": 0, "date_launched": null, "contract_address": [], "self_reported_circulating_supply": NaN, "self_reported_tags": null, "self_reported_market_cap": NaN}, {"id": 18829, "name": "Darkness Dollar", "symbol": "DUSD", "category": "token", "description": "Darkness Dollar (DUSD) is a cryptocurrency and operates on the Cronos platform. Darkness Dollar has a current supply of 400,000 with 0 in circulation. The last known price of Darkness Dollar is 0.78165921 USD and is down -1.12 over the last 24 hours. It is currently trading on 8 active market(s) with $154,457.26 traded over the last 24 hours. More information can be found at https://www.darkness.finance/.", "slug": "darkness-dollar", "logo": "https://s2.coinmarketcap.com/static/img/coins/64x64/18829.png", "subreddit": "", "notice": "", "tags": ["cronos-ecosystem"], "tag-names": ["Cronos Ecosystem"], "tag-groups": ["PLATFORM"], "urls": {"website": ["https://www.darkness.finance/"], "twitter": ["https://twitter.com/DarkCryptoFi"], "message_board": ["https://medium.com/@darkcryptofi"], "chat": ["https://t.me/darkcryptofi", "https://discord.com/invite/qXNzYhhzFU"], "facebook": [], "explorer": ["https://cronoscan.com/token/0x6582C738660bf0701f05b04DcE3c4E5Fcfcda47a", "https://cronos-explorer.crypto.org/token/0x6582C738660bf0701f05b04DcE3c4E5Fcfcda47a"], "reddit": [], "technical_doc": [], "source_code": ["https://github.com/darkcryptofinance"], "announcement": []}, "platform": {"id": "3635", "name": "Cronos", "slug": "cronos", "symbol": "CRO", "token_address": "0x6582C738660bf0701f05b04DcE3c4E5Fcfcda47a"}, "date_added": "2022-03-15T15:58:23.000Z", "twitter_username": "DarkCryptoFi", "is_hidden": 0, "date_launched": null, "contract_address": [{"contract_address": "0x6582C738660bf0701f05b04DcE3c4E5Fcfcda47a", "platform": {"name": "Cronos", "coin": {"id": "3635", "name": "Cronos", "symbol": "CRO", "slug": "cronos"}}}], "self_reported_circulating_supply": NaN, "self_reported_tags": null, "self_reported_market_cap": NaN}, {"id": 12366, "name": "Demeter", "symbol": "DUSD", "category": "token", "description": "Demeter (DUSD) is a cryptocurrency launched in 2021and operates on the HECO platform. Demeter has a current supply of 0. The last known price of Demeter is 0.05979206 USD and is down -2.12 over the last 24 hours. It is currently trading on 10 active market(s) with $125.38 traded over the last 24 hours. More information can be found at https://demeter.xyz/.", "slug": "demeter-usd", "logo": "https://s2.coinmarketcap.com/static/img/coins/64x64/12366.png", "subreddit": "", "notice": "", "tags": null, "tag-names": null, "tag-groups": null, "urls": {"website": ["https://demeter.xyz/", "https://demeter.vip/"], "twitter": ["https://twitter.com/Demetervip"], "message_board": [], "chat": ["https://t.me/DemeterEN"], "facebook": [], "explorer": ["https://hecoinfo.com/token/0x9F5c80dc840f9cc60670a20c1e5d0fbD3E13B015"], "reddit": [], "technical_doc": [], "source_code": [], "announcement": []}, "platform": {"id": "2502", "name": "Huobi Token", "slug": "huobi-token", "symbol": "HT", "token_address": "0x9F5c80dc840f9cc60670a20c1e5d0fbD3E13B015"}, "date_added": "2021-10-06T01:18:57.000Z", "twitter_username": "Demetervip", "is_hidden": 0, "date_launched": "2021-09-17T00:00:00.000Z", "contract_address": [{"contract_address": "0x9F5c80dc840f9cc60670a20c1e5d0fbD3E13B015", "platform": {"name": "HECO", "coin": {"id": "2502", "name": "Huobi Token", "symbol": "HT", "slug": "huobi-token"}}}], "self_reported_circulating_supply": NaN, "self_reported_tags": null, "self_reported_market_cap": NaN}, {"id": 16151, "name": "DUSD Network", "symbol": "DUSD", "category": "token", "description": "DUSD Network (DUSD) is a cryptocurrency launched in 2021and operates on the BNB Smart Chain (BEP20) platform. DUSD Network has a current supply of 0. The last known price of DUSD Network is 0.00000891 USD and is down -1.14 over the last 24 hours. It is currently trading on 7 active market(s) with $0.05 traded over the last 24 hours. More information can be found at https://dusd.network/.", "slug": "dusd-network", "logo": "https://s2.coinmarketcap.com/static/img/coins/64x64/16151.png", "subreddit": "DUSDNetwork", "notice": "", "tags": null, "tag-names": null, "tag-groups": null, "urls": {"website": ["https://dusd.network/"], "twitter": ["https://twitter.com/DusdNetwork"], "message_board": ["https://medium.com/@dusd.network"], "chat": ["https://t.me/dusd_network", "https://discord.gg/uEZ7f6Qm"], "facebook": [], "explorer": ["https://bscscan.com/token/0x5eba288f8833071ba7cd5c2b356754811c0ce8fb"], "reddit": ["https://reddit.com/r/DUSDNetwork"], "technical_doc": ["https://dusd.network/Whitepaper.pdf"], "source_code": [], "announcement": ["https://www.youtube.com/channel/UC1JabBbL3Vp8Ohbcr9qTXHw/featured"]}, "platform": {"id": "1839", "name": "BNB", "slug": "bnb", "symbol": "BNB", "token_address": "0x5eba288f8833071ba7cd5c2b356754811c0ce8fb"}, "date_added": "2021-12-16T09:34:55.000Z", "twitter_username": "DusdNetwork", "is_hidden": 0, "date_launched": "2021-07-06T00:00:00.000Z", "contract_address": [{"contract_address": "0x5eba288f8833071ba7cd5c2b356754811c0ce8fb", "platform": {"name": "BNB Smart Chain (BEP20)", "coin": {"id": "1839", "name": "BNB", "symbol": "BNB", "slug": "bnb"}}}], "self_reported_circulating_supply": 600000000.0, "self_reported_tags": null, "self_reported_market_cap": 5605.203196218281}, {"id": 19933, "name": "DigitalDollar", "symbol": "DUSD", "category": "token", "description": "DigitalDollar (DUSD) is a cryptocurrency launched in 2021and operates on the Arbitrum platform. DigitalDollar has a current supply of 2,018,232 with 0 in circulation. The last known price of DigitalDollar is 0.98066212 USD and is up 0.96 over the last 24 hours. It is currently trading on 6 active market(s) with $0.00 traded over the last 24 hours. More information can be found at https://fluid.ch/.", "slug": "digitaldollar", "logo": "https://s2.coinmarketcap.com/static/img/coins/64x64/19933.png", "subreddit": "", "notice": "", "tags": ["arbitrum-ecosytem"], "tag-names": ["Arbitrum Ecosystem"], "tag-groups": ["PLATFORM"], "urls": {"website": ["https://fluid.ch/", "https://fluid.ch/introducing-digitaldollar/"], "twitter": ["https://twitter.com/fluid_fi"], "message_board": [], "chat": ["https://t.me/fluid_fi"], "facebook": [], "explorer": ["https://arbiscan.io/token/0xf0b5ceefc89684889e5f7e0a7775bd100fcd3709"], "reddit": [], "technical_doc": [], "source_code": [], "announcement": []}, "platform": null, "date_added": "2022-05-04T09:55:16.000Z", "twitter_username": "fluid_fi", "is_hidden": 0, "date_launched": "2021-09-23T00:00:00.000Z", "contract_address": [], "self_reported_circulating_supply": 2018232.0, "self_reported_tags": null, "self_reported_market_cap": 1979030.6051461385}, {"id": 5308, "name": "digitalUSD", "symbol": "DUSD", "category": "token", "description": "Registered in Delaware as DigitalUSD LLC, DUSD is a dollar-pegged stablecoin and plans to serve a worldwide client base. Launched on 08/11/2018 by a team based in the US, Singapore, and China, DUSD aims to become a regulated stable coin with the oversight of U.S. regulators.", "slug": "digitalusd", "logo": "https://s2.coinmarketcap.com/static/img/coins/64x64/5308.png", "subreddit": "DUSDNY", "notice": "", "tags": null, "tag-names": null, "tag-groups": null, "urls": {"website": ["https://www.dusd.com/"], "twitter": ["https://twitter.com/DigitalUsd"], "message_board": [], "chat": ["https://t.me/DUSDG"], "facebook": [], "explorer": ["https://etherscan.io/token/0x556eA1fE7Cb0964e7De8Dfe6CdE63F1E40908541", "https://ethplorer.io/address/0x556eA1fE7Cb0964e7De8Dfe6CdE63F1E40908541"], "reddit": ["https://reddit.com/r/DUSDNY"], "technical_doc": [], "source_code": [], "announcement": []}, "platform": {"id": "1027", "name": "Ethereum", "slug": "ethereum", "symbol": "ETH", "token_address": "0x556eA1fE7Cb0964e7De8Dfe6CdE63F1E40908541"}, "date_added": "2020-03-12T00:00:00.000Z", "twitter_username": "DigitalUsd", "is_hidden": 0, "date_launched": "2018-11-08T00:00:00.000Z", "contract_address": [{"contract_address": "0x556eA1fE7Cb0964e7De8Dfe6CdE63F1E40908541", "platform": {"name": "Ethereum", "coin": {"id": "1027", "name": "Ethereum", "symbol": "ETH", "slug": "ethereum"}}}], "self_reported_circulating_supply": NaN, "self_reported_tags": null, "self_reported_market_cap": NaN}, {"id": 15061, "name": "dHEDGE Stablecoin Yield", "symbol": "DUSD", "category": "token", "description": "dHEDGE Polygon Stablecoin Yield (dUSD) is a token which algorithmically farms the supported stable pool on Polygon, to get the best reputable stablecoin yields on Polygon.\n\n", "slug": "dhedge-stablecoin-yield", "logo": "https://s2.coinmarketcap.com/static/img/coins/64x64/15061.png", "subreddit": "", "notice": "", "tags": ["stablecoin", "polygon-ecosystem"], "tag-names": ["Stablecoin", "Polygon Ecosystem"], "tag-groups": ["CATEGORY", "PLATFORM"], "urls": {"website": ["https://app.dhedge.org/dusd"], "twitter": ["https://twitter.com/dHedgeOrg"], "message_board": ["https://medium.com/dhedge-org"], "chat": ["https://t.me/dhedge", "https://discord.gg/BAWTbRA"], "facebook": [], "explorer": ["https://polygonscan.com/token/0xbae28251b2a4e621aa7e20538c06dee010bc06de"], "reddit": [], "technical_doc": [], "source_code": ["https://github.com/dhedge/V2-Public"], "announcement": []}, "platform": {"id": "3890", "name": "Polygon", "slug": "polygon", "symbol": "MATIC", "token_address": "0xbae28251b2a4e621aa7e20538c06dee010bc06de"}, "date_added": "2021-11-23T09:00:12.000Z", "twitter_username": "dHedgeOrg", "is_hidden": 0, "date_launched": null, "contract_address": [{"contract_address": "0xbae28251b2a4e621aa7e20538c06dee010bc06de", "platform": {"name": "Polygon", "coin": {"id": "3890", "name": "Polygon", "symbol": "MATIC", "slug": "polygon"}}}], "self_reported_circulating_supply": NaN, "self_reported_tags": null, "self_reported_market_cap": NaN}]