[{"id": 8478, "name": "DAOventures", "symbol": "DVD", "category": "token", "description": "DAOventures (DVD) is a cryptocurrency and operates on the Ethereum platform. DAOventures has a current supply of 15,070,000 with 9,200,045.56880563 in circulation. The last known price of DAOventures is 0.01029653 USD and is down -0.96 over the last 24 hours. It is currently trading on 3 active market(s) with $40.71 traded over the last 24 hours. More information can be found at https://www.daoventures.co.", "slug": "daoventures", "logo": "https://s2.coinmarketcap.com/static/img/coins/64x64/8478.png", "subreddit": "", "notice": "", "tags": ["asset-management", "defi", "polkastarter", "bnb-chain"], "tag-names": ["Asset Management", "DeFi", "Polkastarter", "BNB Chain"], "tag-groups": ["INDUSTRY", "CATEGORY", "CATEGORY", "PLATFORM"], "urls": {"website": ["https://www.daoventures.co"], "twitter": ["https://twitter.com/VenturesDao"], "message_board": ["https://daoventuresco.medium.com/"], "chat": ["https://t.me/DAOventures", "https://discord.com/invite/UJaCPMkb6q"], "facebook": [], "explorer": ["https://etherscan.io/token/0x77dcE26c03a9B833fc2D7C31C22Da4f42e9d9582", "https://ethplorer.io/address/0x77dcE26c03a9B833fc2D7C31C22Da4f42e9d9582"], "reddit": [], "technical_doc": ["https://daoventures.gitbook.io/daoventures/"], "source_code": ["https://github.com/daoventures"], "announcement": []}, "platform": {"id": "1027", "name": "Ethereum", "slug": "ethereum", "symbol": "ETH", "token_address": "0x77dcE26c03a9B833fc2D7C31C22Da4f42e9d9582"}, "date_added": "2021-02-15T00:00:00.000Z", "twitter_username": "VenturesDao", "is_hidden": 0, "date_launched": null, "contract_address": [{"contract_address": "0x77dcE26c03a9B833fc2D7C31C22Da4f42e9d9582", "platform": {"name": "Ethereum", "coin": {"id": "1027", "name": "Ethereum", "symbol": "ETH", "slug": "ethereum"}}}, {"contract_address": "0x51e00a95748dbd2a3f47bc5c3b3e7b3f0fea666c", "platform": {"name": "BNB Smart Chain (BEP20)", "coin": {"id": "1839", "name": "BNB", "symbol": "BNB", "slug": "bnb"}}}, {"contract_address": "0xaa5eD3C460C38eB71fba089B853d0a91C0e71DD5", "platform": {"name": "Polygon", "coin": {"id": "3890", "name": "Polygon", "symbol": "MATIC", "slug": "polygon"}}}], "self_reported_circulating_supply": 8973518.763, "self_reported_tags": null, "self_reported_market_cap": 92395.08702717503}]