[{"id": 10759, "name": "rhino.fi", "symbol": "DVF", "category": "token", "description": "rhino.fi (DVF) is a cryptocurrency launched in 2021and operates on the Ethereum platform. rhino.fi has a current supply of 100,000,000 with 24,147,147.6952941 in circulation. The last known price of rhino.fi is 0.62528497 USD and is up 0.54 over the last 24 hours. It is currently trading on 14 active market(s) with $126,458.38 traded over the last 24 hours. More information can be found at https://www.rhino.fi.", "slug": "deversifi", "logo": "https://s2.coinmarketcap.com/static/img/coins/64x64/10759.png", "subreddit": "rhinofi", "notice": "DeversiFi has rebranded to rhino.fi. For more details, kindly check the official announcement [here](https://rhino.fi/blog/introducing-rhino-fi-the-first-frictionless-gateway-to-multi-chain-defi/).", "tags": ["defi", "arbitrum-ecosytem", "spartan-group", "okex-blockdream-ventures-portfolio"], "tag-names": ["DeFi", "Arbitrum Ecosystem", "Spartan Group", "OKEx Blockdream Ventures Portfolio"], "tag-groups": ["CATEGORY", "PLATFORM", "CATEGORY", "CATEGORY"], "urls": {"website": ["https://www.rhino.fi"], "twitter": ["https://twitter.com/rhinofi"], "message_board": ["https://rhino.fi/blog", "https://discord.gg/ZJKqUpr"], "chat": ["https://discord.gg/26sXx2KAhy"], "facebook": [], "explorer": ["https://etherscan.io/address/0xdddddd4301a082e62e84e43f474f044423921918"], "reddit": ["https://reddit.com/r/rhinofi"], "technical_doc": [], "source_code": [], "announcement": ["https://rhino.fi/blog"]}, "platform": {"id": "1027", "name": "Ethereum", "slug": "ethereum", "symbol": "ETH", "token_address": "0xdddddd4301a082e62e84e43f474f044423921918"}, "date_added": "2021-07-05T00:00:00.000Z", "twitter_username": "rhinofi", "is_hidden": 0, "date_launched": "2021-07-07T00:00:00.000Z", "contract_address": [{"contract_address": "0xdddddd4301a082e62e84e43f474f044423921918", "platform": {"name": "Ethereum", "coin": {"id": "1027", "name": "Ethereum", "symbol": "ETH", "slug": "ethereum"}}}], "self_reported_circulating_supply": 12085721, "self_reported_tags": ["Platform", "Decentralized Exchange (DEX) Token", "DeFi", "Privacy", "Mixer & Coinjoin", "Zero Knowledge Proofs", "Yield Farming", "DEX", "Layer 2", "Rollups", "ParaFi Capital", "DeFi 2.0", "Cross-Chain"], "self_reported_market_cap": 7560941.476968136}]