[{"id": 7590, "name": "Dvision Network", "symbol": "DVI", "category": "token", "description": "Dvision Network (DVI) is a cryptocurrency and operates on the Ethereum platform. Dvision Network has a current supply of 1,000,000,000 with 534,296,290 in circulation. The last known price of Dvision Network is 0.01240263 USD and is up 1.18 over the last 24 hours. It is currently trading on 21 active market(s) with $343,175.62 traded over the last 24 hours. More information can be found at https://dvision.network/.", "slug": "dvision-network", "logo": "https://s2.coinmarketcap.com/static/img/coins/64x64/7590.png", "subreddit": "", "notice": "", "tags": ["collectibles-nfts", "gaming", "ethereum-ecosystem", "metaverse", "mvb", "injective-ecosystem", "bnb-chain"], "tag-names": ["Collectibles & NFTs", "Gaming", "Ethereum Ecosystem", "Metaverse", "MVB", "Injective Ecosystem", "BNB Chain"], "tag-groups": ["CATEGORY", "INDUSTRY", "PLATFORM", "CATEGORY", "CATEGORY", "PLATFORM", "PLATFORM"], "urls": {"website": ["https://dvision.network/"], "twitter": ["https://twitter.com/Dvision_network"], "message_board": ["https://www.facebook.com/profile.php?id=Network"], "chat": ["https://t.me/dvisionnetworkglobal", "https://t.me/dvision_network"], "facebook": [], "explorer": ["https://etherscan.io/token/0x10633216e7e8281e33c86f02bf8e565a635d9770", "https://ethplorer.io/address/0x10633216e7e8281e33c86f02bf8e565a635d9770", "https://bscscan.com/token/0x758fb037a375f17c7e195cc634d77da4f554255b"], "reddit": [], "technical_doc": [], "source_code": ["https://github.com/Dvision-Network"], "announcement": ["https://medium.com/dvisionnetwork"]}, "platform": {"id": "1027", "name": "Ethereum", "slug": "ethereum", "symbol": "ETH", "token_address": "0x10633216e7e8281e33c86f02bf8e565a635d9770"}, "date_added": "2020-11-04T00:00:00.000Z", "twitter_username": "Dvision_network", "is_hidden": 0, "date_launched": null, "contract_address": [{"contract_address": "0x10633216e7e8281e33c86f02bf8e565a635d9770", "platform": {"name": "Ethereum", "coin": {"id": "1027", "name": "Ethereum", "symbol": "ETH", "slug": "ethereum"}}}, {"contract_address": "0x758fb037a375f17c7e195cc634d77da4f554255b", "platform": {"name": "BNB Smart Chain (BEP20)", "coin": {"id": "1839", "name": "BNB", "symbol": "BNB", "slug": "bnb"}}}], "self_reported_circulating_supply": 186724316, "self_reported_tags": null, "self_reported_market_cap": 2309038.5937567297}]