[{"id": 2643, "name": "Sentinel", "symbol": "DVPN", "category": "token", "description": "Sentinel (DVPN) is a cryptocurrency and operates on the Cosmos platform. Sentinel has a current supply of 19,783,933,603 with 13,925,314,484 in circulation. The last known price of Sentinel is 0.00022154 USD and is up 0.69 over the last 24 hours. It is currently trading on 10 active market(s) with $43,461.16 traded over the last 24 hours. More information can be found at https://sentinel.co/.", "slug": "sentinel", "logo": "https://s2.coinmarketcap.com/static/img/coins/64x64/2643.png", "subreddit": "SENT", "notice": "Notice: Rebranding from $SENT to $DVPN. Read more at https://medium.com/sentinel/sentinel-a-rebrand-on-c%C3%B8smos-fe996a330668", "tags": ["cosmos-ecosystem", "injective-ecosystem"], "tag-names": ["Cosmos Ecosystem", "Injective Ecosystem"], "tag-groups": ["INDUSTRY", "PLATFORM"], "urls": {"website": ["https://sentinel.co/", "https://medium.com/sentinel"], "twitter": ["https://twitter.com/Sentinel_co"], "message_board": ["https://t.me/Sentinel_Announcements"], "chat": ["https://t.me/sentinel_co", "https://discord.gg/mmAA8qF"], "facebook": [], "explorer": ["https://www.mintscan.io/sentinel", "https://etherscan.io/token/0xc81978862b6cE566400579a5F8975732D42BD410", "https://polygonscan.com/token/0x973B5bd321aD6044ebc4e40e1C9AF163d17170Ca"], "reddit": ["https://reddit.com/r/SENT"], "technical_doc": ["https://github.com/sentinel-official/sentinel/blob/master/README.md"], "source_code": ["https://github.com/sentinel-official"], "announcement": []}, "platform": {"id": "3794", "name": "Cosmos", "slug": "cosmos", "symbol": "ATOM", "token_address": "IBC/9712DBB13B9631EDFA9BF61B55F1B2D290B2ADB67E3A4EB3A875F3B6081B3B84"}, "date_added": "2018-04-17T00:00:00.000Z", "twitter_username": "Sentinel_co", "is_hidden": 0, "date_launched": null, "contract_address": [{"contract_address": "IBC/9712DBB13B9631EDFA9BF61B55F1B2D290B2ADB67E3A4EB3A875F3B6081B3B84", "platform": {"name": "Cosmos", "coin": {"id": "3794", "name": "Cosmos", "symbol": "ATOM", "slug": "cosmos"}}}, {"contract_address": "0xc81978862b6cE566400579a5F8975732D42BD410", "platform": {"name": "Ethereum", "coin": {"id": "1027", "name": "Ethereum", "symbol": "ETH", "slug": "ethereum"}}}, {"contract_address": "0x973B5bd321aD6044ebc4e40e1C9AF163d17170Ca", "platform": {"name": "Polygon", "coin": {"id": "3890", "name": "Polygon", "symbol": "MATIC", "slug": "polygon"}}}], "self_reported_circulating_supply": null, "self_reported_tags": null, "self_reported_market_cap": null}]