[{"id": 8641, "name": "DeFi Wizard", "symbol": "DWZ", "category": "token", "description": "DeFi Wizard (DWZ) is a cryptocurrency and operates on the Ethereum platform. DeFi Wizard has a current supply of 0. The last known price of DeFi Wizard is 0.39788368 USD and is up 0.00 over the last 24 hours. More information can be found at https://defiwizard.xyz/.", "slug": "defi-wizard", "logo": "https://s2.coinmarketcap.com/static/img/coins/64x64/8641.png", "subreddit": "", "notice": "", "tags": ["exnetwork-capital-portfolio", "bounce-launchpad"], "tag-names": ["Exnetwork Capital Portfolio", "Bounce Launchpad"], "tag-groups": ["CATEGORY", "CATEGORY"], "urls": {"website": ["https://defiwizard.xyz/"], "twitter": ["https://twitter.com/defi_wizard"], "message_board": ["https://defi-wizard.medium.com/"], "chat": ["https://t.me/defi_wizard"], "facebook": [], "explorer": ["https://etherscan.io/token/0x7dee45dff03ec7137979586ca20a2f4917bac9fa"], "reddit": [], "technical_doc": [], "source_code": ["https://github.com/DefiWizard"], "announcement": []}, "platform": {"id": "1027", "name": "Ethereum", "slug": "ethereum", "symbol": "ETH", "token_address": "0x7dee45dff03ec7137979586ca20a2f4917bac9fa"}, "date_added": "2021-03-02T00:00:00.000Z", "twitter_username": "defi_wizard", "is_hidden": 0, "date_launched": null, "contract_address": [{"contract_address": "0x7dee45dff03ec7137979586ca20a2f4917bac9fa", "platform": {"name": "Ethereum", "coin": {"id": "1027", "name": "Ethereum", "symbol": "ETH", "slug": "ethereum"}}}], "self_reported_circulating_supply": null, "self_reported_tags": null, "self_reported_market_cap": null}]