[{"id": 5589, "name": "DXdao", "symbol": "DXD", "category": "token", "description": "DXdao (DXD) is a cryptocurrency launched in 2020and operates on the Ethereum platform. DXdao has a current supply of 148,977 with 49,320 in circulation. The last known price of DXdao is 506.03258062 USD and is down -0.37 over the last 24 hours. It is currently trading on 15 active market(s) with $5,375.13 traded over the last 24 hours. More information can be found at https://dxdao.eth.link.", "slug": "dxdao", "logo": "https://s2.coinmarketcap.com/static/img/coins/64x64/5589.png", "subreddit": "dxdao", "notice": "", "tags": ["defi", "dao", "governance", "polygon-ecosystem", "arbitrum-ecosytem"], "tag-names": ["DeFi", "DAO", "Governance", "Polygon Ecosystem", "Arbitrum Ecosystem"], "tag-groups": ["CATEGORY", "CATEGORY", "CATEGORY", "PLATFORM", "PLATFORM"], "urls": {"website": ["https://dxdao.eth.link"], "twitter": ["https://twitter.com/Dxdao_"], "message_board": ["https://daotalk.org/c/daos/dx-dao/15"], "chat": ["https://t.me/dxDAO", "https://keybase.io/team/dx_dao"], "facebook": [], "explorer": ["https://etherscan.io/token/0xa1d65e8fb6e87b60feccbc582f7f97804b725521", "https://ethplorer.io/address/0xa1d65e8fb6e87b60feccbc582f7f97804b725521", "https://www.blockchain.com/explorer?view=eth_blocks"], "reddit": ["https://reddit.com/r/dxdao"], "technical_doc": ["https://github.com/gnosis/dx-daostack/blob/master/dxdao_whitepaper_v1.pdf"], "source_code": ["https://github.com/gnosis/dx-daostack"], "announcement": ["https://daotalk.org/t/dxdao-dxtrust-and-dxd/1304"]}, "platform": {"id": "1027", "name": "Ethereum", "slug": "ethereum", "symbol": "ETH", "token_address": "0xa1d65e8fb6e87b60feccbc582f7f97804b725521"}, "date_added": "2020-05-26T00:00:00.000Z", "twitter_username": "Dxdao_", "is_hidden": 0, "date_launched": "2020-05-07T00:00:00.000Z", "contract_address": [{"contract_address": "0xa1d65e8fb6e87b60feccbc582f7f97804b725521", "platform": {"name": "Ethereum", "coin": {"id": "1027", "name": "Ethereum", "symbol": "ETH", "slug": "ethereum"}}}], "self_reported_circulating_supply": null, "self_reported_tags": null, "self_reported_market_cap": null}]