[{"id": 11251, "name": "Dexlab", "symbol": "DXL", "category": "token", "description": "Dexlab (DXL) is a cryptocurrency launched in 2020and operates on the Solana platform. Dexlab has a current supply of 1,000,000,000 with 52,526,785.59 in circulation. The last known price of Dexlab is 0.0028256 USD and is down -1.67 over the last 24 hours. It is currently trading on 6 active market(s) with $1,168.79 traded over the last 24 hours. More information can be found at https://www.dexlab.space/.", "slug": "dexlab", "logo": "https://s2.coinmarketcap.com/static/img/coins/64x64/11251.png", "subreddit": "", "notice": "", "tags": ["solana-ecosystem"], "tag-names": ["Solana Ecosystem"], "tag-groups": ["PLATFORM"], "urls": {"website": ["https://www.dexlab.space/"], "twitter": ["https://twitter.com/Dexlab_official"], "message_board": ["https://medium.com/dexlab-official"], "chat": ["https://t.me/Dexlab_official", "https://discord.gg/GrpJrYeB"], "facebook": [], "explorer": ["https://solscan.io/token/GsNzxJfFn6zQdJGeYsupJWzUAm57Ba7335mfhWvFiE9Z"], "reddit": [], "technical_doc": ["https://drive.google.com/file/d/1bnebiitlVzWki4dXQ1dF72Y3OC2vJNmE/view?usp=sharing"], "source_code": [], "announcement": []}, "platform": {"id": "5426", "name": "Solana", "slug": "solana", "symbol": "SOL", "token_address": "GsNzxJfFn6zQdJGeYsupJWzUAm57Ba7335mfhWvFiE9Z"}, "date_added": "2021-08-13T00:00:00.000Z", "twitter_username": "Dexlab_official", "is_hidden": 0, "date_launched": "2020-08-31T00:00:00.000Z", "contract_address": [{"contract_address": "GsNzxJfFn6zQdJGeYsupJWzUAm57Ba7335mfhWvFiE9Z", "platform": {"name": "Solana", "coin": {"id": "5426", "name": "Solana", "symbol": "SOL", "slug": "solana"}}}], "self_reported_circulating_supply": null, "self_reported_tags": null, "self_reported_market_cap": null}]