[{"id": 11156, "name": "dYdX", "symbol": "DYDX", "category": "token", "description": "dYdX (DYDX) is a cryptocurrency launched in 2021and operates on the Ethereum platform. dYdX has a current supply of 1,000,000,000 with 65,569,295 in circulation. The last known price of dYdX is 1.02673721 USD and is down -3.35 over the last 24 hours. It is currently trading on 201 active market(s) with $40,905,184.41 traded over the last 24 hours. More information can be found at https://dydx.community.", "slug": "dydx", "logo": "https://s2.coinmarketcap.com/static/img/coins/64x64/11156.png", "subreddit": "dydxprotocol", "notice": "", "tags": ["defi", "derivatives", "three-arrows-capital-portfolio", "paradigm-portfolio", "spartan-group"], "tag-names": ["DeFi", "Derivatives", "Three Arrows Capital Portfolio", "Paradigm Portfolio", "Spartan Group"], "tag-groups": ["CATEGORY", "CATEGORY", "CATEGORY", "CATEGORY", "CATEGORY"], "urls": {"website": ["https://dydx.community"], "twitter": ["https://twitter.com/dydx"], "message_board": ["https://forums.dydx.community/"], "chat": ["https://discord.gg/Tuze6tY"], "facebook": [], "explorer": ["https://etherscan.io/token/0x92d6c1e31e14520e676a687f0a93788b716beff5", "https://solscan.io/token/4Hx6Bj56eGyw8EJrrheM6LBQAvVYRikYCWsALeTrwyRU"], "reddit": ["https://reddit.com/r/dydxprotocol"], "technical_doc": ["https://docs.dydx.community"], "source_code": ["https://github.com/dydxfoundation/"], "announcement": ["https://dydx.foundation/blog"]}, "platform": {"id": "1027", "name": "Ethereum", "slug": "ethereum", "symbol": "ETH", "token_address": "0x92d6c1e31e14520e676a687f0a93788b716beff5"}, "date_added": "2021-08-03T00:00:00.000Z", "twitter_username": "dydx", "is_hidden": 0, "date_launched": "2021-08-03T00:00:00.000Z", "contract_address": [{"contract_address": "0x92d6c1e31e14520e676a687f0a93788b716beff5", "platform": {"name": "Ethereum", "coin": {"id": "1027", "name": "Ethereum", "symbol": "ETH", "slug": "ethereum"}}}, {"contract_address": "4Hx6Bj56eGyw8EJrrheM6LBQAvVYRikYCWsALeTrwyRU", "platform": {"name": "Solana", "coin": {"id": "5426", "name": "Solana", "symbol": "SOL", "slug": "solana"}}}], "self_reported_circulating_supply": 55679060, "self_reported_tags": ["DeFi", "Ethereum Ecosystem", "DEX", "Three Arrows Capital Portfolio", "Layer 2", "Governance", "DeFiance Capital Portfolio", "a16z Portfolio", "1Confirmation Portfolio"], "self_reported_market_cap": 57285298.168578476}]