[{"id": 8080, "name": "Dypius", "symbol": "DYP", "category": "token", "description": "Dypius (DYP) is a cryptocurrency launched in 2020and operates on the Ethereum platform. Dypius has a current supply of 30,000,000 with 23,631,124.11750169 in circulation. The last known price of Dypius is 0.16506494 USD and is down -3.98 over the last 24 hours. It is currently trading on 39 active market(s) with $667,600.65 traded over the last 24 hours. More information can be found at https://dypius.com/.", "slug": "defi-yield-protocol", "logo": "https://s2.coinmarketcap.com/static/img/coins/64x64/8080.png", "subreddit": "", "notice": "DeFi Yield Protocol has been rebranded to Dypius. Read for more details [here](https://twitter.com/dypfinance/status/1602309358972719104) and their socials.", "tags": ["collectibles-nfts", "defi", "avalanche-ecosystem", "metaverse", "bnb-chain"], "tag-names": ["Collectibles & NFTs", "DeFi", "Avalanche Ecosystem", "Metaverse", "BNB Chain"], "tag-groups": ["CATEGORY", "CATEGORY", "PLATFORM", "CATEGORY", "PLATFORM"], "urls": {"website": ["https://dypius.com/", "https://dyp.finance/"], "twitter": ["https://twitter.com/dypfinance"], "message_board": ["https://dypfinance.medium.com/"], "chat": ["https://t.me/dypfinance", "https://discord.com/invite/kYDT6pc"], "facebook": [], "explorer": ["https://etherscan.io/token/0x961C8c0B1aaD0c0b10a51FeF6a867E3091BCef17", "https://ethplorer.io/address/0x961C8c0B1aaD0c0b10a51FeF6a867E3091BCef17", "https://bscscan.com/token/0x961C8c0B1aaD0c0b10a51FeF6a867E3091BCef17", "https://avascan.info/blockchain/c/address/0x961C8c0B1aaD0c0b10a51FeF6a867E3091BCef17/token"], "reddit": [], "technical_doc": [], "source_code": ["https://github.com/dypfinance"], "announcement": ["https://t.me/dypannouncements"]}, "platform": {"id": "1027", "name": "Ethereum", "slug": "ethereum", "symbol": "ETH", "token_address": "0x961C8c0B1aaD0c0b10a51FeF6a867E3091BCef17"}, "date_added": "2020-12-23T00:00:00.000Z", "twitter_username": "dypfinance", "is_hidden": 0, "date_launched": "2020-10-24T00:00:00.000Z", "contract_address": [{"contract_address": "0x961C8c0B1aaD0c0b10a51FeF6a867E3091BCef17", "platform": {"name": "Ethereum", "coin": {"id": "1027", "name": "Ethereum", "symbol": "ETH", "slug": "ethereum"}}}, {"contract_address": "0x961C8c0B1aaD0c0b10a51FeF6a867E3091BCef17", "platform": {"name": "BNB Smart Chain (BEP20)", "coin": {"id": "1839", "name": "BNB", "symbol": "BNB", "slug": "bnb"}}}, {"contract_address": "0x961c8c0b1aad0c0b10a51fef6a867e3091bcef17", "platform": {"name": "Avalanche C-Chain", "coin": {"id": "5805", "name": "Avalanche", "symbol": "AVAX", "slug": "avalanche"}}}], "self_reported_circulating_supply": null, "self_reported_tags": ["Collectibles & NFTs", "DeFi", "Smart Contracts", "Staking", "DApp", "Yield Farming", "Yield Aggregator", "Governance", "Launchpad", "Metaverse", "Analytics", "Play To Earn"], "self_reported_market_cap": null}]