[{"id": 5894, "name": "DoYourTip", "symbol": "DYT", "category": "token", "description": "DoYourTip (DYT) is a cryptocurrency launched in 2019and operates on the Ethereum platform. DoYourTip has a current supply of 1,450,470. The last known price of DoYourTip is 0.02981221 USD and is down -0.49 over the last 24 hours. It is currently trading on 4 active market(s) with $0.00 traded over the last 24 hours. More information can be found at https://doyourtip.io/.", "slug": "doyourtip", "logo": "https://s2.coinmarketcap.com/static/img/coins/64x64/5894.png", "subreddit": "", "notice": "", "tags": ["bnb-chain"], "tag-names": ["BNB Chain"], "tag-groups": ["PLATFORM"], "urls": {"website": ["https://doyourtip.io/"], "twitter": ["https://twitter.com/DoYourTip"], "message_board": ["https://medium.com/@DoYourTip"], "chat": ["https://t.me/DoYourTip", "https://discord.com/invite/cAWAtkc"], "facebook": [], "explorer": ["https://etherscan.io/token/0x740623d2c797b7D8D1EcB98e9b4Afcf99Ec31E14", "https://ethplorer.io/address/0x740623d2c797b7D8D1EcB98e9b4Afcf99Ec31E14", "https://bscscan.com/token/0x740623d2c797b7d8d1ecb98e9b4afcf99ec31e14"], "reddit": [], "technical_doc": ["https://doyourtip.io/wp-content/uploads/2020/05/DYT_Lightpaper_v1.pdf"], "source_code": ["https://github.com/doyourtip"], "announcement": []}, "platform": {"id": "1027", "name": "Ethereum", "slug": "ethereum", "symbol": "ETH", "token_address": "0x740623d2c797b7D8D1EcB98e9b4Afcf99Ec31E14"}, "date_added": "2020-07-21T00:00:00.000Z", "twitter_username": "DoYourTip", "is_hidden": 0, "date_launched": "2019-12-16T00:00:00.000Z", "contract_address": [{"contract_address": "0x740623d2c797b7D8D1EcB98e9b4Afcf99Ec31E14", "platform": {"name": "Ethereum", "coin": {"id": "1027", "name": "Ethereum", "symbol": "ETH", "slug": "ethereum"}}}, {"contract_address": "0x740623d2c797b7d8d1ecb98e9b4afcf99ec31e14", "platform": {"name": "BNB Smart Chain (BEP20)", "coin": {"id": "1839", "name": "BNB", "symbol": "BNB", "slug": "bnb"}}}], "self_reported_circulating_supply": null, "self_reported_tags": null, "self_reported_market_cap": null}, {"id": 14357, "name": "The Dynasty", "symbol": "DYT", "category": "token", "description": "The Dynasty (DYT) is a cryptocurrency launched in 2021and operates on the BNB Smart Chain (BEP20) platform. The Dynasty has a current supply of 400,000,000 with 0 in circulation. The last known price of The Dynasty is 0.00035344 USD and is down -0.37 over the last 24 hours. It is currently trading on 5 active market(s) with $0.36 traded over the last 24 hours. More information can be found at https://thedynasty.app/.", "slug": "the-dynasty", "logo": "https://s2.coinmarketcap.com/static/img/coins/64x64/14357.png", "subreddit": "Thedynasty_app", "notice": "", "tags": ["gaming", "exnetwork-capital-portfolio", "play-to-earn", "launchzone"], "tag-names": ["Gaming", "Exnetwork Capital Portfolio", "Play To Earn", "LaunchZone"], "tag-groups": ["INDUSTRY", "CATEGORY", "CATEGORY", "CATEGORY"], "urls": {"website": ["https://thedynasty.app/"], "twitter": ["https://twitter.com/Thedynasty_app"], "message_board": [], "chat": ["https://t.me/thedynastybsc", "https://discord.gg/Se2d7HQpJp"], "facebook": [], "explorer": ["https://bscscan.com/token/0x1802a63EFe3255aBC3004F8e63047dB96300bd1c"], "reddit": ["https://reddit.com/r/Thedynasty_app"], "technical_doc": ["https://the-dynasty.gitbook.io/the-dynasty/"], "source_code": [], "announcement": []}, "platform": {"id": "1839", "name": "BNB", "slug": "bnb", "symbol": "BNB", "token_address": "0x1802a63EFe3255aBC3004F8e63047dB96300bd1c"}, "date_added": "2021-11-11T13:31:00.000Z", "twitter_username": "Thedynasty_app", "is_hidden": 0, "date_launched": "2021-11-11T00:00:00.000Z", "contract_address": [{"contract_address": "0x1802a63EFe3255aBC3004F8e63047dB96300bd1c", "platform": {"name": "BNB Smart Chain (BEP20)", "coin": {"id": "1839", "name": "BNB", "symbol": "BNB", "slug": "bnb"}}}], "self_reported_circulating_supply": null, "self_reported_tags": ["Marketing", "Art", "Marketplace", "Collectibles & NFTs", "Gaming", "Entertainment", "Mobile", "Smart Contracts", "Staking", "Wallet", "BNB Smart Chain", "Launchpad", "Play To Earn", "Token", "LaunchZone"], "self_reported_market_cap": null}]