[{"id": 18400, "name": "Endless Battlefield", "symbol": "EB", "category": "token", "description": "Endless Battlefield (EB) is a cryptocurrency and operates on the BNB Smart Chain (BEP20) platform. Endless Battlefield has a current supply of 849,221,800 with 0 in circulation. The last known price of Endless Battlefield is 0.00001658 USD and is down -1.31 over the last 24 hours. It is currently trading on 6 active market(s) with $34.79 traded over the last 24 hours. More information can be found at https://ebgame.io/.", "slug": "endless-battlefield", "logo": "https://s2.coinmarketcap.com/static/img/coins/64x64/18400.png", "subreddit": "", "notice": "", "tags": ["polygon-ecosystem", "kommunitas-launchpad"], "tag-names": ["Polygon Ecosystem", "Kommunitas Launchpad"], "tag-groups": ["PLATFORM", "CATEGORY"], "urls": {"website": ["https://ebgame.io/"], "twitter": ["https://twitter.com/EBMetaverse"], "message_board": ["https://ebgame.medium.com/"], "chat": ["https://t.me/ebgame_global", "https://discord.com/invite/endlessbattlefield"], "facebook": [], "explorer": ["https://www.oklink.com/en/oec/tokenAddr/ex122lcentk4fw3zueyw59c7yv8ljjw2ve262c607", "https://bscscan.com/token/0xA41eE9a01fd417c372B318746d8891c0C240A73c", "https://polygonscan.com/token/0xa41ee9a01fd417c372b318746d8891c0c240a73c"], "reddit": [], "technical_doc": [], "source_code": ["https://github.com/EndlessBattlefield"], "announcement": []}, "platform": {"id": "1839", "name": "BNB", "slug": "bnb", "symbol": "BNB", "token_address": "0xA41eE9a01fd417c372B318746d8891c0C240A73c"}, "date_added": "2022-02-26T14:47:29.000Z", "twitter_username": "EBMetaverse", "is_hidden": 0, "date_launched": null, "contract_address": [{"contract_address": "0xA41eE9a01fd417c372B318746d8891c0C240A73c", "platform": {"name": "BNB Smart Chain (BEP20)", "coin": {"id": "1839", "name": "BNB", "symbol": "BNB", "slug": "bnb"}}}, {"contract_address": "ex122lcentk4fw3zueyw59c7yv8ljjw2ve262c607", "platform": {"name": "OKExChain", "coin": {"id": "8267", "name": "OKC Token", "symbol": "OKT", "slug": "okt"}}}, {"contract_address": "0xa41ee9a01fd417c372b318746d8891c0c240a73c", "platform": {"name": "Polygon", "coin": {"id": "3890", "name": "Polygon", "symbol": "MATIC", "slug": "polygon"}}}], "self_reported_circulating_supply": null, "self_reported_tags": null, "self_reported_market_cap": null}]