[{"id": 11923, "name": "Elpis Battle", "symbol": "EBA", "category": "token", "description": "Elpis Battle (EBA) is a cryptocurrency launched in 2021and operates on the BNB Smart Chain (BEP20) platform. Elpis Battle has a current supply of 481,363,628.27246803 with 22,172,718.4 in circulation. The last known price of Elpis Battle is 0.00319253 USD and is down -1.15 over the last 24 hours. It is currently trading on 3 active market(s) with $19.52 traded over the last 24 hours. More information can be found at https://elpis.game/.", "slug": "elpis-battle", "logo": "https://s2.coinmarketcap.com/static/img/coins/64x64/11923.png", "subreddit": "elpisbattle/", "notice": "", "tags": ["collectibles-nfts", "gaming", "play-to-earn"], "tag-names": ["Collectibles & NFTs", "Gaming", "Play To Earn"], "tag-groups": ["CATEGORY", "INDUSTRY", "CATEGORY"], "urls": {"website": ["https://elpis.game/"], "twitter": ["https://twitter.com/ElpisBattle"], "message_board": ["https://medium.com/elpis-battle"], "chat": ["https://t.me/elpisbattle_official", "https://discord.com/invite/2qjerxG5uv"], "facebook": ["https://www.facebook.com/ElpisBattle"], "explorer": ["https://bscscan.com/token/0x3944ac66b9b9b40a6474022d6962b6caa001b5e3"], "reddit": ["https://reddit.com/r/elpisbattle/"], "technical_doc": ["https://docs.elpis.game/"], "source_code": ["https://github.com/ElpisGames"], "announcement": ["https://t.me/elpisbattle_ann"]}, "platform": {"id": "1839", "name": "BNB", "slug": "bnb", "symbol": "BNB", "token_address": "0x3944aC66b9b9B40a6474022D6962b6cAA001b5E3"}, "date_added": "2021-11-19T18:07:06.000Z", "twitter_username": "ElpisBattle", "is_hidden": 0, "date_launched": "2021-11-19T00:00:00.000Z", "contract_address": [{"contract_address": "0x3944aC66b9b9B40a6474022D6962b6cAA001b5E3", "platform": {"name": "BNB Smart Chain (BEP20)", "coin": {"id": "1839", "name": "BNB", "symbol": "BNB", "slug": "bnb"}}}], "self_reported_circulating_supply": 76167450.37142672, "self_reported_tags": ["Gaming", "BNB Smart Chain", "Governance", "Play To Earn"], "self_reported_market_cap": 243831.42906965857}]